Handle,Title,Body (HTML),Vendor,Product Category,Type,Tags,Published,Option1 Name,Option1 Value,Option1 Linked To,Option2 Name,Option2 Value,Option2 Linked To,Option3 Name,Option3 Value,Option3 Linked To,Variant SKU,Variant Grams,Variant Inventory Tracker,Variant Inventory Policy,Variant Fulfillment Service,Variant Price,Variant Compare At Price,Variant Requires Shipping,Variant Taxable,Unit Price Total Measure,Unit Price Total Measure Unit,Unit Price Base Measure,Unit Price Base Measure Unit,Variant Barcodes,Image Src,Image Position,Image Alt Text,Gift Card,SEO Title,SEO Description,Google Shopping / Google Product Category,Google Shopping / Gender,Google Shopping / Age Group,Google Shopping / MPN,Google Shopping / Condition,Google Shopping / Custom Product,Google Shopping / Custom Label 0,Google Shopping / Custom Label 1,Google Shopping / Custom Label 2,Google Shopping / Custom Label 3,Google Shopping / Custom Label 4,PRE - ORDER DELIVERY (product.metafields.custom.pre_order_delivery),Pyramid Description (product.metafields.custom.pyramid_description),EComposer product countdown end at (product.metafields.ecomposer.countdown),EComposer product countdown start at (product.metafields.ecomposer.countdown_from),Google: Custom Product (product.metafields.mm-google-shopping.custom_product),Low stock threshold (product.metafields.sam.lowstockthreshold),Color (product.metafields.shopify.color-pattern),Dispenser type (product.metafields.shopify.dispenser-type),Fragrance (product.metafields.shopify.fragrance),Incense type (product.metafields.shopify.incense-type),Material (product.metafields.shopify.material),Occasion (product.metafields.shopify.occasion),Olfactory family (product.metafields.shopify.olfactory-family),Product form (product.metafields.shopify.product-form),Scent (product.metafields.shopify.scent),Season (product.metafields.shopify.season),Target gender (product.metafields.shopify.target-gender),Usage type (product.metafields.shopify.usage-type),EasifyBoxBuilderUrl (product.metafields._easifyboxbuilder.url),Variant Image,Variant Weight Unit,Variant Tax Code,Cost per item,Included / United Arab Emirates,Price / United Arab Emirates,Compare At Price / United Arab Emirates,Included / Bahrain,Price / Bahrain,Compare At Price / Bahrain,Included / KSA,Price / KSA,Compare At Price / KSA,Included / Kuwait,Price / Kuwait,Compare At Price / Kuwait,Included / NORTH AFRICA,Price / NORTH AFRICA,Compare At Price / NORTH AFRICA,Included / Oman,Price / Oman,Compare At Price / Oman,Included / Qatar,Price / Qatar,Compare At Price / Qatar,Status
oud-muattar-khalab-shop-online-best-price-in-dubai-uae,OUD MUATTAR KHALAB 100GM,"<style type=""text/css""><!--
td {border: 1px solid #cccccc;}br {mso-data-placement:same-cell;}
--></style>
<p><span data-sheets-userformat='{""2"":15233,""3"":{""1"":0},""10"":0,""11"":4,""12"":0,""14"":{""1"":2,""2"":0},""15"":""Calibri"",""16"":11}' data-sheets-value='{""1"":2,""2"":""Elevate the ambiance of your home with the captivating Oud Moattar Khallab. This exquisite home fragrance is meticulously crafted to create a luxurious and inviting atmosphere that lingers in the air.\n\nAt the top, the delicate and enchanting notes of rose and gardenia gracefully unfold, filling your space with a romantic and floral allure. The sweet and intoxicating aroma of rose intertwines with the creamy and velvety scent of gardenia, creating a captivating and elegant opening.\n\nAs the fragrance develops, the middle note of musk takes center stage, adding a touch of sensuality and warmth to the composition. The musk note brings a subtle yet seductive element, infusing your space with a cozy and inviting aura.\n\nIn the base, the timeless and woody notes of sandalwood and cedarwood anchor the fragrance with their rich and earthy tones. The creamy and warm sandalwood blends harmoniously with the aromatic and comforting essence of cedarwood, creating a solid foundation that exudes sophistication and tranquility.\n\nOud Moattar Khallab is the perfect choice for creating a captivating and luxurious ambience in your home. Allow the enchanting blend of rose, gardenia, musk, sandalwood, and cedarwood to envelop your space, transforming it into a haven of elegance and tranquility. Experience the captivating power of Oud Moattar Khallab and let your home be a reflection of refined luxury and timeless beauty. Directions for use: Place a coal on a bukhoor burner and ensure to use a foil underneath to prevent overheating. Place the Bukhoor tablet on the coal to release the captivating fragrance. Keep the burner on elevated surfaces, away from flames, direct heat, and sunlight. Remember to store it out of reach of children for safety.""}'>Elevate the ambiance of your home with the captivating Oud Moattar Khallab. This exquisite home fragrance is meticulously crafted to create a luxurious and inviting atmosphere that lingers in the air.<br><br>At the top, the delicate and enchanting notes of rose and gardenia gracefully unfold, filling your space with a romantic and floral allure. The sweet and intoxicating aroma of rose intertwines with the creamy and velvety scent of gardenia, creating a captivating and elegant opening.<br><br>As the fragrance develops, the middle note of musk takes center stage, adding a touch of sensuality and warmth to the composition. The musk note brings a subtle yet seductive element, infusing your space with a cozy and inviting aura.<br><br>In the base, the timeless and woody notes of sandalwood and cedarwood anchor the fragrance with their rich and earthy tones. The creamy and warm sandalwood blends harmoniously with the aromatic and comforting essence of cedarwood, creating a solid foundation that exudes sophistication and tranquility.<br><br>Oud Moattar Khallab is the perfect choice for creating a captivating and luxurious ambience in your home. Allow the enchanting blend of rose, gardenia, musk, sandalwood, and cedarwood to envelop your space, transforming it into a haven of elegance and tranquility. Experience the captivating power of Oud Moattar Khallab and let your home be a reflection of refined luxury and timeless beauty. Directions for use: Place a coal on a bukhoor burner and ensure to use a foil underneath to prevent overheating. Place the Bukhoor tablet on the coal to release the captivating fragrance. Keep the burner on elevated surfaces, away from flames, direct heat, and sunlight. Remember to store it out of reach of children for safety.</span><br></p>",Khadlaj-perfumes,Health & Beauty > Personal Care > Cosmetics > Perfumes & Colognes,OUD MUATTAR,"OUD MUATTAR, UNISEX",true,Size,100 g,,,,,,,,'6297000742922,500.0,shopify,deny,manual,60.00,,true,true,,,,,'6297000742922,https://cdn.shopify.com/s/files/1/0626/6119/8023/files/OUD_MUATTAR_KHALAB_100GM_-_Khadlaj_Perfumes-1965643.jpg?v=1722411545,1,OUD MUATTAR KHALAB 100GM - Khadlaj Perfumes,false,Woody Oud Fragrance | Premium Luxury Home Scent Online Shop,"Shop Khadlaj Oud Muattar Khalab 100g — luxurious oud perfume, bakhoor perfume, and perfume and fragrance. Best bakhoor in UAE for home ambiance.",,,,,,,,,,,,,"<div class=""pyramid-section_lists""><h6 style=""font-weight:600;"">Top Notes</h6>
<p>Rose, Gardenia</p>
</div>
<div class=""pyramid-section_lists""><h6 style=""font-weight:600;"">Middle Notes</h6>
<p>Musk</p>
</div>
<div class=""pyramid-section_lists""><h6 style=""font-weight:600;"">Base Notes</h6>
<p>Sandalwood, Cedarwood</p>
</div>",,,,,,,,,,,,,,,,,,https://cdn.shopify.com/s/files/1/0626/6119/8023/files/OUD_MUATTAR_KHALAB_100GM_-_Khadlaj_Perfumes-1965643.jpg?v=1722411545,g,,,true,,,true,,,true,,,true,,,true,,,true,,,true,,,active
oud-muattar-khalab-shop-online-best-price-in-dubai-uae,,,,,,,,,,,,,,,,,,,,,,,,,,,,,,,https://cdn.shopify.com/s/files/1/0626/6119/8023/files/OUD_MUATTAR_KHALAB_100GM_-_Khadlaj_Perfumes-1965646.jpg?v=1722411552,2,OUD MUATTAR KHALAB 100GM - Khadlaj Perfumes,,,,,,,,,,,,,,,,,,,,,,,,,,,,,,,,,,,,,,,,,,,,,,,,,,,,,,,,,,,
bakhoor-maha-100-gms-shop-online-best-price-in-dubai-uae,BAKHOOR MAHA 100 GMS,"<style type=""text/css""><!--
td {border: 1px solid #cccccc;}br {mso-data-placement:same-cell;}
--></style>
<p><span data-sheets-value='{""1"":2,""2"":""Introduce an enchanting and inviting atmosphere to your home with Bukhoor Maha. This exquisite home fragrance is carefully crafted to infuse your space with a sense of elegance and serenity.\n\nAt the top, the refreshing and zesty notes of lemon, crisp apple, and juicy peach create a vibrant and invigorating opening. These lively top notes instantly uplift the ambiance and bring a touch of freshness to your surroundings.\n\nAs the fragrance develops, the middle notes of soothing lavender and delicate rose take center stage. The calming and aromatic lavender adds a tranquil element, promoting relaxation and a sense of well-being. The timeless and romantic essence of rose enhances the overall harmony of the fragrance, filling your space with a subtle floral elegance.\n\nIn the base, the warm and earthy notes of patchouli blend seamlessly with the woody nuances of oakmoss and the comforting aroma of tonka bean. The rich and intoxicating patchouli creates a captivating foundation, adding depth and character to the fragrance. The earthy and mossy undertones of oakmoss bring a sense of natural tranquility, while the sweet and warm tonka bean adds a touch of coziness and sophistication.\n\nBukhoor Maha is the perfect choice for transforming your home into a haven of tranquility and sophistication. Let the harmonious blend of lemon, apple, peach, lavender, rose, patchouli, oakmoss, and tonka bean create a captivating and inviting atmosphere that lingers in the air. Immerse yourself in the captivating scents of Bukhoor Maha and experience the transformative power of fragrance in your home. Directions for use: Place a coal on a bukhoor burner and ensure to use a foil underneath to prevent overheating. Place the Bukhoor tablet on the coal to release the captivating fragrance. Keep the burner on elevated surfaces, away from flames, direct heat, and sunlight. Remember to store it out of reach of children for safety.""}' data-sheets-userformat='{""2"":15233,""3"":{""1"":0},""10"":0,""11"":4,""12"":0,""14"":{""1"":2,""2"":0},""15"":""Calibri"",""16"":11}'>Introduce an enchanting and inviting atmosphere to your home with Bukhoor Maha. This exquisite home fragrance is carefully crafted to infuse your space with a sense of elegance and serenity.<br><br>At the top, the refreshing and zesty notes of lemon, crisp apple, and juicy peach create a vibrant and invigorating opening. These lively top notes instantly uplift the ambiance and bring a touch of freshness to your surroundings.<br><br>As the fragrance develops, the middle notes of soothing lavender and delicate rose take center stage. The calming and aromatic lavender adds a tranquil element, promoting relaxation and a sense of well-being. The timeless and romantic essence of rose enhances the overall harmony of the fragrance, filling your space with a subtle floral elegance.<br><br>In the base, the warm and earthy notes of patchouli blend seamlessly with the woody nuances of oakmoss and the comforting aroma of tonka bean. The rich and intoxicating patchouli creates a captivating foundation, adding depth and character to the fragrance. The earthy and mossy undertones of oakmoss bring a sense of natural tranquility, while the sweet and warm tonka bean adds a touch of coziness and sophistication.<br><br>Bukhoor Maha is the perfect choice for transforming your home into a haven of tranquility and sophistication. Let the harmonious blend of lemon, apple, peach, lavender, rose, patchouli, oakmoss, and tonka bean create a captivating and inviting atmosphere that lingers in the air. Immerse yourself in the captivating scents of Bukhoor Maha and experience the transformative power of fragrance in your home. Directions for use: Place a coal on a bukhoor burner and ensure to use a foil underneath to prevent overheating. Place the Bukhoor tablet on the coal to release the captivating fragrance. Keep the burner on elevated surfaces, away from flames, direct heat, and sunlight. Remember to store it out of reach of children for safety.</span><br></p>",Khadlaj-perfumes,Home & Garden > Decor > Home Fragrances > Incense,BAKHOOR,"Bakhoor, Unisex",true,Size,100 g,,,,,,,,'6291107974651,500.0,shopify,deny,manual,53.00,,true,true,,,,,'6291107974651,https://cdn.shopify.com/s/files/1/0626/6119/8023/files/BAKHOOR_MAHA_100_GMS_-_Khadlaj_Perfumes-1964119.jpg?v=1722408877,1,BAKHOOR MAHA 100 GMS - Khadlaj Perfumes,false,Bakhoor Rose & Musk Fragrance - Luxury Home Scent,Rose and musk bakhoor fragrance for a luxurious home aroma. Long-lasting and perfect for elegant living spaces.,3686,,,,,,,,,,,,"<div class=""pyramid-section_lists""><h6 style=""font-weight:600;"">Top Notes</h6>
<p>Lemon, Apple, Peach</p>
</div>
<div class=""pyramid-section_lists""><h6 style=""font-weight:600;"">Middle Notes</h6>
<p>Lavender, Rose</p>
</div>
<div class=""pyramid-section_lists""><h6 style=""font-weight:600;"">Base Notes</h6>
<p>Patchouli, Oakmoss, Tonka Bean</p>
</div>",,,,,,,,,,,,,,,,,,,g,,,true,,,true,,,true,,,true,,,true,,,true,,,true,,,active
bakhoor-maha-100-gms-shop-online-best-price-in-dubai-uae,,,,,,,,,,,,,,,,,,,,,,,,,,,,,,,https://cdn.shopify.com/s/files/1/0626/6119/8023/files/BAKHOOR_MAHA_100_GMS_-_Khadlaj_Perfumes-1964122.jpg?v=1722408881,2,BAKHOOR MAHA 100 GMS - Khadlaj Perfumes,,,,,,,,,,,,,,,,,,,,,,,,,,,,,,,,,,,,,,,,,,,,,,,,,,,,,,,,,,,
bakhoor-haneen-100-gms-shop-online-best-price-in-dubai-uae,BAKHOOR HANEEN 100 GMS,"<style type=""text/css""><!--
td {border: 1px solid #cccccc;}br {mso-data-placement:same-cell;}
--></style>
<p><span data-sheets-value='{""1"":2,""2"":""Elevate your home with the captivating and enchanting fragrance of Bukhoor Haneen. This luxurious home fragrance is meticulously crafted to create a warm and inviting ambiance that evokes a sense of tranquility and sophistication.\n\nAt the top, the refreshing and citrusy notes of bergamot mingle with the exotic and aromatic saffron, creating a captivating introduction to the fragrance. These vibrant top notes set the stage for the olfactory journey that unfolds throughout your space.\n\nAs the fragrance develops, the heart notes of rose, violet, and ylang-ylang take center stage. The delicate and romantic essence of rose blends harmoniously with the powdery and floral notes of violet, creating a captivating bouquet that fills the air with beauty and elegance. The sweet and intoxicating ylang-ylang adds a touch of sensuality and warmth, enhancing the overall allure of the fragrance.\n\nIn the base, the rich and earthy notes of oud, the woody nuances of sandalwood, and the warm and inviting aroma of amber create a luxurious foundation for the fragrance. The precious oud exudes a sense of depth and mystery, while the comforting and grounding sandalwood adds a touch of serenity. The amber brings a warm and inviting element, enveloping your space in a cozy and comforting embrace.\n\nBukhoor Haneen is the perfect choice for creating a sophisticated and inviting ambiance in your home. Let the harmonious blend of bergamot, saffron, rose, violet, ylang-ylang, oud, sandalwood, and amber transport you to a realm of luxury and tranquility. Immerse yourself in the captivating scents of Bukhoor Haneen and experience the transformative power of fragrance in your home. Directions for use: Place a coal on a bukhoor burner and ensure to use a foil underneath to prevent overheating. Place the Bukhoor tablet on the coal to release the captivating fragrance. Keep the burner on elevated surfaces, away from flames, direct heat, and sunlight. Remember to store it out of reach of children for safety.""}' data-sheets-userformat='{""2"":15233,""3"":{""1"":0},""10"":0,""11"":4,""12"":0,""14"":{""1"":2,""2"":0},""15"":""Calibri"",""16"":11}'>Elevate your home with the captivating and enchanting fragrance of Bukhoor Haneen. This luxurious home fragrance is meticulously crafted to create a warm and inviting ambiance that evokes a sense of tranquility and sophistication.<br><br>At the top, the refreshing and citrusy notes of bergamot mingle with the exotic and aromatic saffron, creating a captivating introduction to the fragrance. These vibrant top notes set the stage for the olfactory journey that unfolds throughout your space.<br><br>As the fragrance develops, the heart notes of rose, violet, and ylang-ylang take center stage. The delicate and romantic essence of rose blends harmoniously with the powdery and floral notes of violet, creating a captivating bouquet that fills the air with beauty and elegance. The sweet and intoxicating ylang-ylang adds a touch of sensuality and warmth, enhancing the overall allure of the fragrance.<br><br>In the base, the rich and earthy notes of oud, the woody nuances of sandalwood, and the warm and inviting aroma of amber create a luxurious foundation for the fragrance. The precious oud exudes a sense of depth and mystery, while the comforting and grounding sandalwood adds a touch of serenity. The amber brings a warm and inviting element, enveloping your space in a cozy and comforting embrace.<br><br>Bukhoor Haneen is the perfect choice for creating a sophisticated and inviting ambiance in your home. Let the harmonious blend of bergamot, saffron, rose, violet, ylang-ylang, oud, sandalwood, and amber transport you to a realm of luxury and tranquility. Immerse yourself in the captivating scents of Bukhoor Haneen and experience the transformative power of fragrance in your home. Directions for use: Place a coal on a bukhoor burner and ensure to use a foil underneath to prevent overheating. Place the Bukhoor tablet on the coal to release the captivating fragrance. Keep the burner on elevated surfaces, away from flames, direct heat, and sunlight. Remember to store it out of reach of children for safety.</span><br></p>",Khadlaj-perfumes,Home & Garden > Decor > Home Fragrances > Incense,BAKHOOR,"Bakhoor, Unisex",true,Size,100 g,,,,,,,,'6291107974644,500.0,shopify,deny,manual,53.00,,true,true,,,,,'6291107974644,https://cdn.shopify.com/s/files/1/0626/6119/8023/files/BAKHOOR_HANEEN_100_GMS_-_Khadlaj_Perfumes-1964075.jpg?v=1722408809,1,BAKHOOR HANEEN 100 GMS - Khadlaj Perfumes,false,Bakhoor Sweet & Floral Fragrance - Premium Home Aroma,Sweet and floral bakhoor fragrance for a premium home ambiance. Elegant scent to enhance any living space.,3686,,,,,,,,,,,,"<div class=""pyramid-section_lists""><h6 style=""font-weight:600;"">Top Notes</h6>
<p>Bergamot, Saffron</p>
</div>
<div class=""pyramid-section_lists""><h6 style=""font-weight:600;"">Middle Notes</h6>
<p>Rose, Violet, Ylang Ylang</p>
</div>
<div class=""pyramid-section_lists""><h6 style=""font-weight:600;"">Base Notes</h6>
<p>Oud, Sandalwood, Amber</p>
</div>",,,,,,,,,,,,,,,,,,,g,,,true,,,true,,,true,,,true,,,true,,,true,,,true,,,active
bakhoor-haneen-100-gms-shop-online-best-price-in-dubai-uae,,,,,,,,,,,,,,,,,,,,,,,,,,,,,,,https://cdn.shopify.com/s/files/1/0626/6119/8023/files/BAKHOOR_HANEEN_100_GMS_-_Khadlaj_Perfumes-1964078.jpg?v=1722408815,2,BAKHOOR HANEEN 100 GMS - Khadlaj Perfumes,,,,,,,,,,,,,,,,,,,,,,,,,,,,,,,,,,,,,,,,,,,,,,,,,,,,,,,,,,,
frash-mukhallat-shuyookhi-air-freshener-shop-online-best-price-in-dubai-uae,FRASH MUKHALLAT SHUYOOKHI AIR FRESHENER 320 ML,"<style type=""text/css""><!--
td {border: 1px solid #cccccc;}br {mso-data-placement:same-cell;}
--></style>
<p><span data-sheets-value='{""1"":2,""2"":"" Mukhallat Shyookhi Air Freshener, a captivating fragrance spray that brings a touch of elegance and freshness to your surroundings. This exquisite blend of notes is carefully crafted to create an enchanting and inviting ambiance. With its non-alcoholic formula and versatile application, it can be used on various surfaces including clothes, curtains, sofas, and even in your car.\n\nTo experience the captivating scent of Mukhallat Shyookhi Air Freshener, simply hold the bottle upright and spray a fine mist into the air. Allow the fragrance to disperse naturally or direct the spray towards the desired area to enjoy its amazing aroma.\n\nThe fragrance composition of Mukhallat Shyookhi Air Freshener features the following notes:\n\nTop Notes: Mandarin, Lavender, Pistachio, Basil: The vibrant and zesty notes of mandarin blend harmoniously with the soothing and aromatic scent of lavender. The delicate nuttiness of pistachio and the herbal freshness of basil add a unique twist to the top notes, creating a refreshing and invigorating opening.\n\nMiddle Notes: Ginger, Cardamom, Musk, Patchouli: The warm and spicy notes of ginger and cardamom create a captivating and sensual aura. The soft and inviting musk adds a touch of sensuality, while the earthy and woody aroma of patchouli brings depth and richness to the composition.\n\nBase Notes: Vetiver, Patchouli, Sandalwood: The earthy and smoky notes of vetiver blend with the lingering presence of patchouli, creating a strong and aromatic base. The creamy and woody scent of sandalwood adds a touch of elegance and sophistication, completing the fragrance with a warm and comforting finish.\n\nTo enhance the ambiance and add a touch of luxury to your surroundings, simply spray Mukhallat Shyookhi Air Freshener. Its non-alcoholic formula ensures a safe and enjoyable experience, while its versatile application allows you to infuse your clothes, ironing, curtains, sofas, powder rooms, and car with its captivating aroma. Immerse yourself in the exquisite blend of mandarin, lavender, pistachio, basil, ginger, cardamom, musk, patchouli, vetiver, and sandalwood, and let the fragrance transport you to a world of luxury and tranquility.""}' data-sheets-userformat='{""2"":15233,""3"":{""1"":0},""10"":0,""11"":4,""12"":0,""14"":{""1"":2,""2"":0},""15"":""Calibri"",""16"":11}'> Mukhallat Shyookhi Air Freshener, a captivating fragrance spray that brings a touch of elegance and freshness to your surroundings. This exquisite blend of notes is carefully crafted to create an enchanting and inviting ambiance. With its non-alcoholic formula and versatile application, it can be used on various surfaces including clothes, curtains, sofas, and even in your car.<br><br>To experience the captivating scent of Mukhallat Shyookhi Air Freshener, simply hold the bottle upright and spray a fine mist into the air. Allow the fragrance to disperse naturally or direct the spray towards the desired area to enjoy its amazing aroma.<br><br>The fragrance composition of Mukhallat Shyookhi Air Freshener features the following notes:<br><br>Top Notes: Mandarin, Lavender, Pistachio, Basil: The vibrant and zesty notes of mandarin blend harmoniously with the soothing and aromatic scent of lavender. The delicate nuttiness of pistachio and the herbal freshness of basil add a unique twist to the top notes, creating a refreshing and invigorating opening.<br><br>Middle Notes: Ginger, Cardamom, Musk, Patchouli: The warm and spicy notes of ginger and cardamom create a captivating and sensual aura. The soft and inviting musk adds a touch of sensuality, while the earthy and woody aroma of patchouli brings depth and richness to the composition.<br><br>Base Notes: Vetiver, Patchouli, Sandalwood: The earthy and smoky notes of vetiver blend with the lingering presence of patchouli, creating a strong and aromatic base. The creamy and woody scent of sandalwood adds a touch of elegance and sophistication, completing the fragrance with a warm and comforting finish.<br><br>To enhance the ambiance and add a touch of luxury to your surroundings, simply spray Mukhallat Shyookhi Air Freshener. Its non-alcoholic formula ensures a safe and enjoyable experience, while its versatile application allows you to infuse your clothes, ironing, curtains, sofas, powder rooms, and car with its captivating aroma. Immerse yourself in the exquisite blend of mandarin, lavender, pistachio, basil, ginger, cardamom, musk, patchouli, vetiver, and sandalwood, and let the fragrance transport you to a world of luxury and tranquility.</span><br></p>",Khadlaj-perfumes,Home & Garden > Decor > Home Fragrances > Air Fresheners,AIR FRESHENER,"AIR FRESHNER, Unisex",true,Size,320 ml,,,,,,,,'6291107974491,500.0,shopify,deny,manual,37.00,,true,true,,,,,'6291107974491,https://cdn.shopify.com/s/files/1/0626/6119/8023/files/FRASH_MUKHALLAT_SHUYOOKHI_AIR_FRESHENER_320_ML_-_Khadlaj_Perfumes-1964596.jpg?v=1722409584,1,FRASH MUKHALLAT SHUYOOKHI AIR FRESHENER 320 ML - Khadlaj Perfumes,false,,,3898,,,,,,,,,,,,"<div class=""pyramid-section_lists""><h6 style=""font-weight:600;"">Top Notes</h6>
<p>Mandarin, Lavender, Pistachio, Basil</p>
</div>
<div class=""pyramid-section_lists""><h6 style=""font-weight:600;"">Middle Notes</h6>
<p>Ginger, Cardamom, Musk, Patchouli</p>
</div>
<div class=""pyramid-section_lists""><h6 style=""font-weight:600;"">Base Notes</h6>
<p>Vetiver, Patchouli, Sandalwood</p>
</div>",,,,,,,,,,,,,,,,,,,g,,,true,,,true,,,true,,,true,,,true,,,true,,,true,,,active
frash-mukhallat-shuyookhi-air-freshener-shop-online-best-price-in-dubai-uae,,,,,,,,,,,,,,,,,,,,,,,,,,,,,,,https://cdn.shopify.com/s/files/1/0626/6119/8023/files/FRASH_MUKHALLAT_SHUYOOKHI_AIR_FRESHENER_320_ML_-_Khadlaj_Perfumes-1964599.jpg?v=1722409589,2,FRASH MUKHALLAT SHUYOOKHI AIR FRESHENER 320 ML - Khadlaj Perfumes,,,,,,,,,,,,,,,,,,,,,,,,,,,,,,,,,,,,,,,,,,,,,,,,,,,,,,,,,,,
shamookh-silver-20ml-non-alcoholic-perfume-oil-shop-online-best-price-in-dubai-uae,SHAMOOKH SILVER 20ML,"<style type=""text/css""><!--
td {border: 1px solid #cccccc;}br {mso-data-placement:same-cell;}
--></style>
<p><span data-sheets-value='{""1"":2,""2"":""Indulge in the sophistication and allure of Shamookh Silver concentrated perfume oil. This exquisite fragrance is meticulously crafted to provide a luxurious scent experience while being safe for both your skin and hair.\n\nThe top notes of bergamot and musk create a fresh and invigorating opening. The vibrant bergamot infuses a citrusy zest, while the musk adds a hint of sensuality, setting the stage for the captivating journey to come.\n\nAs the fragrance develops, the middle notes of rose and patchouli take center stage, adding a romantic and earthy dimension. The intoxicating scent of rose brings a floral elegance and grace, perfectly complemented by the deep and rich aroma of patchouli.\n\nThe base notes of oud and amber provide a warm and enchanting foundation. The precious oud brings a woody and smoky allure, while the amber adds a touch of resinous warmth and depth, creating a captivating and long-lasting trail.\n\nShamookh Silver is a non-alcoholic perfume oil, ensuring a gentle and lasting scent experience. You can confidently apply it directly to your skin and hair, immersing yourself in its alluring aroma without any concerns.\n\nElevate your fragrance collection with Shamookh Silver, a concentrated perfume oil that embodies sophistication and luxury. Let the harmonious blend of bergamot, musk, rose, patchouli, oud, and amber transport you to a world of timeless elegance and irresistible charm. Embrace the captivating allure of Shamookh Silver and make a lasting impression wherever you go.""}' data-sheets-userformat='{""2"":15233,""3"":{""1"":0},""10"":0,""11"":4,""12"":0,""14"":{""1"":2,""2"":0},""15"":""Calibri"",""16"":11}'>Indulge in the sophistication and allure of Shamookh Silver concentrated perfume oil. This exquisite fragrance is meticulously crafted to provide a luxurious scent experience while being safe for both your skin and hair.<br><br>The top notes of bergamot and musk create a fresh and invigorating opening. The vibrant bergamot infuses a citrusy zest, while the musk adds a hint of sensuality, setting the stage for the captivating journey to come.<br><br>As the fragrance develops, the middle notes of rose and patchouli take center stage, adding a romantic and earthy dimension. The intoxicating scent of rose brings a floral elegance and grace, perfectly complemented by the deep and rich aroma of patchouli.<br><br>The base notes of oud and amber provide a warm and enchanting foundation. The precious oud brings a woody and smoky allure, while the amber adds a touch of resinous warmth and depth, creating a captivating and long-lasting trail.<br><br>Shamookh Silver is a non-alcoholic perfume oil, ensuring a gentle and lasting scent experience. You can confidently apply it directly to your skin and hair, immersing yourself in its alluring aroma without any concerns.<br><br>Elevate your fragrance collection with Shamookh Silver, a concentrated perfume oil that embodies sophistication and luxury. Let the harmonious blend of bergamot, musk, rose, patchouli, oud, and amber transport you to a world of timeless elegance and irresistible charm. Embrace the captivating allure of Shamookh Silver and make a lasting impression wherever you go.</span><br></p>",Khadlaj-perfumes,Health & Beauty > Personal Care > Cosmetics > Perfumes & Colognes,CPO,"CPO, Unisex",true,Size,20 ml,,,,,,,,'6291107973876,500.0,shopify,deny,manual,50.00,,true,true,,,,,'6291107973876,https://cdn.shopify.com/s/files/1/0626/6119/8023/files/SHAMOOKH_SILVER_20ML_-_Khadlaj_Perfumes-1965933.jpg?v=1722412126,1,SHAMOOKH SILVER 20ML - Khadlaj Perfumes,false,"Floral, Musk Fragrance | Non-Alcoholic Perfume Oil","A floral and musk fragrance crafted in a concentrated, alcohol-free perfume oil. Enjoy a refined scent for men and women.",,,,,,,,,,,,,"<div class=""pyramid-section_lists""><h6 style=""font-weight:600;"">Top Notes</h6>
<p>Bergamot, Musk </p>
</div>
<div class=""pyramid-section_lists""><h6 style=""font-weight:600;"">Middle Notes</h6>
<p>Rose, Patchouli</p>
</div>
<div class=""pyramid-section_lists""><h6 style=""font-weight:600;"">Base Notes</h6>
<p>Oud, Amber</p>
</div>",,,,,,,,,,,,,,,,,,https://cdn.shopify.com/s/files/1/0626/6119/8023/files/SHAMOOKH_SILVER_20ML_-_Khadlaj_Perfumes-1965933.jpg?v=1722412126,g,,,true,,,true,,,true,,,true,,,true,,,true,,,true,,,active
shamookh-silver-20ml-non-alcoholic-perfume-oil-shop-online-best-price-in-dubai-uae,,,,,,,,,,,,,,,,,,,,,,,,,,,,,,,https://cdn.shopify.com/s/files/1/0626/6119/8023/files/SHAMOOKH_SILVER_20ML_-_Khadlaj_Perfumes-1965936.jpg?v=1722412131,2,SHAMOOKH SILVER 20ML - Khadlaj Perfumes,,,,,,,,,,,,,,,,,,,,,,,,,,,,,,,,,,,,,,,,,,,,,,,,,,,,,,,,,,,
uno-intimo-edp-spray-shop-online-best-price-in-dubai-uae,UNO INTIMO EDP SPRAY 100 ML,"<style type=""text/css""><!--
td {border: 1px solid #cccccc;}br {mso-data-placement:same-cell;}
--></style>
<p><span data-sheets-userformat='{""2"":15233,""3"":{""1"":0},""10"":0,""11"":4,""12"":0,""14"":{""1"":2,""2"":0},""15"":""Calibri"",""16"":11}' data-sheets-value='{""1"":2,""2"":""Introducing La Fede Uno Intimo, an eau de parfum that embodies sensuality, allure, and a touch of mystery. This captivating fragrance is a harmonious blend of fresh and earthy notes, creating an intimate and unforgettable olfactory experience.\n\nAt the top, the fragrance opens with a burst of freshness and vibrancy. The combination of bergamot, juniper berry, and apple creates a tantalizing blend of citrusy, fruity, and aromatic accords. The zesty brightness of bergamot, the herbal and slightly resinous quality of juniper berry, and the crisp sweetness of apple come together to form an intriguing and inviting introduction.\n\nAs the fragrance evolves, the heart notes of patchouli and cardamom emerge, adding depth and complexity to the composition. Patchouli, known for its earthy and woody character, brings a sense of warmth and richness to the fragrance. Cardamom, with its spicy and aromatic facets, adds a touch of intrigue and allure, enhancing the overall sensuality of the scent.\n\nIn the base, the fragrance reveals a captivating blend of violet, vetiver, and amber. Violet contributes a delicate floral note that brings a soft and elegant quality to the composition. Vetiver, with its smoky and earthy aroma, adds depth and sophistication. The warm and inviting presence of amber creates a comforting and sensual foundation, leaving a lasting impression.\n\nLa Fede Uno Intimo is a fragrance that celebrates intimacy and allure. Its unique blend of fresh, earthy, and spicy notes creates a captivating and memorable scent that is perfect for special moments and intimate encounters. Experience the power of seduction with La Fede Uno Intimo and let its enchanting aroma captivate your senses.""}'>Introducing La Fede Uno Intimo, an eau de parfum that embodies sensuality, allure, and a touch of mystery. This captivating fragrance is a harmonious blend of fresh and earthy notes, creating an intimate and unforgettable olfactory experience.<br><br>At the top, the fragrance opens with a burst of freshness and vibrancy. The combination of bergamot, juniper berry, and apple creates a tantalizing blend of citrusy, fruity, and aromatic accords. The zesty brightness of bergamot, the herbal and slightly resinous quality of juniper berry, and the crisp sweetness of apple come together to form an intriguing and inviting introduction.<br><br>As the fragrance evolves, the heart notes of patchouli and cardamom emerge, adding depth and complexity to the composition. Patchouli, known for its earthy and woody character, brings a sense of warmth and richness to the fragrance. Cardamom, with its spicy and aromatic facets, adds a touch of intrigue and allure, enhancing the overall sensuality of the scent.<br><br>In the base, the fragrance reveals a captivating blend of violet, vetiver, and amber. Violet contributes a delicate floral note that brings a soft and elegant quality to the composition. Vetiver, with its smoky and earthy aroma, adds depth and sophistication. The warm and inviting presence of amber creates a comforting and sensual foundation, leaving a lasting impression.<br><br>La Fede Uno Intimo is a fragrance that celebrates intimacy and allure. Its unique blend of fresh, earthy, and spicy notes creates a captivating and memorable scent that is perfect for special moments and intimate encounters. Experience the power of seduction with La Fede Uno Intimo and let its enchanting aroma captivate your senses.</span><br></p>",Khadlaj-perfumes,Health & Beauty > Personal Care > Cosmetics > Perfumes & Colognes,PERFUME SPRAY,"Perfume Spray, women",true,Size,100 ml,,,,,,,,'6291107971506,500.0,shopify,deny,manual,45.00,,true,true,,,,,'6291107971506,https://cdn.shopify.com/s/files/1/0626/6119/8023/files/UNO_INTIMO_EDP_SPRAY_100_ML_-_Khadlaj_Perfumes-1966033.jpg?v=1722412326,1,UNO INTIMO EDP SPRAY 100 ML - Khadlaj Perfumes,false,,,,,,,,,,,,,,,"<div class=""pyramid-section_lists""><h6 style=""font-weight:600;"">Top Notes</h6>
<p>Bergamot, Juniper, Berry, Apple</p>
</div>
<div class=""pyramid-section_lists""><h6 style=""font-weight:600;"">Middle Notes</h6>
<p>Patchouli, Cardomom</p>
</div>
<div class=""pyramid-section_lists""><h6 style=""font-weight:600;"">Base Notes</h6>
<p>Violet, Vetiver, Amber</p>
</div>",,,,,,,,,,,,,,,,,,https://cdn.shopify.com/s/files/1/0626/6119/8023/files/UNO_INTIMO_EDP_SPRAY_100_ML_-_Khadlaj_Perfumes-1966033.jpg?v=1722412326,g,,,true,,,true,,,true,,,true,,,true,,,true,,,true,,,active
uno-intimo-edp-spray-shop-online-best-price-in-dubai-uae,,,,,,,,,,,,,,,,,,,,,,,,,,,,,,,https://cdn.shopify.com/s/files/1/0626/6119/8023/files/UNO_INTIMO_EDP_SPRAY_100_ML_-_Khadlaj_Perfumes-1966036.jpg?v=1722412332,2,UNO INTIMO EDP SPRAY 100 ML - Khadlaj Perfumes,,,,,,,,,,,,,,,,,,,,,,,,,,,,,,,,,,,,,,,,,,,,,,,,,,,,,,,,,,,
uno-intimo-edp-spray-shop-online-best-price-in-dubai-uae,,,,,,,,,,,,,,,,,,,,,,,,,,,,,,,https://cdn.shopify.com/s/files/1/0626/6119/8023/files/UNO_INTIMO_EDP_SPRAY_100_ML_-_Khadlaj_Perfumes-1966039.jpg?v=1722412337,3,UNO INTIMO EDP SPRAY 100 ML - Khadlaj Perfumes,,,,,,,,,,,,,,,,,,,,,,,,,,,,,,,,,,,,,,,,,,,,,,,,,,,,,,,,,,,
sensous-night-edp-spray-shop-online-best-price-in-dubai-uae,SENSUOS NIGHT EDP SPRAY 100 ML,"<style type=""text/css""><!--
td {border: 1px solid #cccccc;}br {mso-data-placement:same-cell;}
--></style>
<p><span data-sheets-value='{""1"":2,""2"":""Sensuous Night, an eau de parfum that transports you to a captivating evening filled with intrigue and sensuality. This intoxicating fragrance is a symphony of fruity, floral, and woody notes, creating a mesmerizing and unforgettable olfactory experience.\n\nAt the top, the fragrance opens with a burst of citrusy freshness. The zesty notes of lemon intertwine with the sweet and tropical nuances of pineapple and green apple, creating an invigorating and vibrant opening. This sparkling combination sets the stage for the seductive journey that awaits.\n\nAs the fragrance unfolds, the heart notes reveal a lush bouquet of blackcurrant, rose, jasmine, and violet. The rich and juicy blackcurrant adds a fruity allure, while the delicate and romantic essence of rose and jasmine adds an enchanting floral touch. The soft and powdery notes of violet bring a sense of elegance and sophistication to the composition, making it even more alluring.\n\nIn the base, Sensuous Night leaves a lasting impression with its warm and sensual blend of cedarwood, patchouli, amber, and vanilla. The woody and aromatic notes of cedarwood and patchouli create a strong and confident foundation, while the smooth and creamy nuances of amber and vanilla add a touch of warmth and sensuality. The result is a captivating and seductive trail that lingers on the skin long into the night.\n\nSensuous Night is the perfect fragrance for those special occasions and intimate moments. Its intoxicating blend of fruity, floral, and woody notes creates an aura of allure and sensuality, making it the ideal companion for a night of romance and seduction. Experience the enchantment of Sensuous Night and let its captivating aroma awaken your senses.""}' data-sheets-userformat='{""2"":15233,""3"":{""1"":0},""10"":0,""11"":4,""12"":0,""14"":{""1"":2,""2"":0},""15"":""Calibri"",""16"":11}'>Sensuous Night, an eau de parfum that transports you to a captivating evening filled with intrigue and sensuality. This intoxicating fragrance is a symphony of fruity, floral, and woody notes, creating a mesmerizing and unforgettable olfactory experience.<br><br>At the top, the fragrance opens with a burst of citrusy freshness. The zesty notes of lemon intertwine with the sweet and tropical nuances of pineapple and green apple, creating an invigorating and vibrant opening. This sparkling combination sets the stage for the seductive journey that awaits.<br><br>As the fragrance unfolds, the heart notes reveal a lush bouquet of blackcurrant, rose, jasmine, and violet. The rich and juicy blackcurrant adds a fruity allure, while the delicate and romantic essence of rose and jasmine adds an enchanting floral touch. The soft and powdery notes of violet bring a sense of elegance and sophistication to the composition, making it even more alluring.<br><br>In the base, Sensuous Night leaves a lasting impression with its warm and sensual blend of cedarwood, patchouli, amber, and vanilla. The woody and aromatic notes of cedarwood and patchouli create a strong and confident foundation, while the smooth and creamy nuances of amber and vanilla add a touch of warmth and sensuality. The result is a captivating and seductive trail that lingers on the skin long into the night.<br><br>Sensuous Night is the perfect fragrance for those special occasions and intimate moments. Its intoxicating blend of fruity, floral, and woody notes creates an aura of allure and sensuality, making it the ideal companion for a night of romance and seduction. Experience the enchantment of Sensuous Night and let its captivating aroma awaken your senses.</span><br></p>",Khadlaj-perfumes,Health & Beauty > Personal Care > Cosmetics > Perfumes & Colognes,PERFUME SPRAY,"Deals, Perfume Spray, women",true,Size,100 ML,,,,,,,,,0.0,shopify,deny,manual,50.00,118.00,true,true,,,,,,https://cdn.shopify.com/s/files/1/0626/6119/8023/files/SENSUOS_NIGHT_EDP_SPRAY_100_ML_-_Khadlaj_Perfumes-1965914.jpg?v=1784368457,1,SENSUOS NIGHT EDP SPRAY 100 ML - Khadlaj Perfumes,false,"Sensous Night Spicy, Amber | Premium Perfume Online UAE","Sensous Night combines spicy and amber tones, creating a bold and luxurious fragrance for men and women online in UAE.",,,,,,,,,,,,,"<div class=""pyramid-section_lists""><h6 style=""font-weight:600;"">Top Notes</h6>
<p>Lemon, Pineapple, Green Apple </p>
</div>
<div class=""pyramid-section_lists""><h6 style=""font-weight:600;"">Middle Notes</h6>
<p>Blackcurrant, Rose, Jasmine, Violet</p>
</div>
<div class=""pyramid-section_lists""><h6 style=""font-weight:600;"">Base Notes</h6>
<p>Cedarwood, Patchouli, Amber, Vanilla.</p>
</div>",,,,,,,,,,,,,,,,,,,g,,,true,,,true,,,true,,,true,,,true,,,true,,,true,,,active
sensous-night-edp-spray-shop-online-best-price-in-dubai-uae,,,,,,,,,,,,,,,,,,,,,,,,,,,,,,,https://cdn.shopify.com/s/files/1/0626/6119/8023/files/SENSUOS_NIGHT_EDP_SPRAY_100_ML_-_Khadlaj_Perfumes-1965911.jpg?v=1722412079,2,SENSUOS NIGHT EDP SPRAY 100 ML - Khadlaj Perfumes,,,,,,,,,,,,,,,,,,,,,,,,,,,,,,,,,,,,,,,,,,,,,,,,,,,,,,,,,,,
sensous-night-edp-spray-shop-online-best-price-in-dubai-uae,,,,,,,,,,,,,,,,,,,,,,,,,,,,,,,https://cdn.shopify.com/s/files/1/0626/6119/8023/files/SENSUOS_NIGHT_EDP_SPRAY_100_ML_-_Khadlaj_Perfumes-1965917.jpg?v=1722412090,3,SENSUOS NIGHT EDP SPRAY 100 ML - Khadlaj Perfumes,,,,,,,,,,,,,,,,,,,,,,,,,,,,,,,,,,,,,,,,,,,,,,,,,,,,,,,,,,,
sensous-night-edp-spray-shop-online-best-price-in-dubai-uae,,,,,,,,,,,,,,,,,,,,,,,,,,,,,,,https://cdn.shopify.com/s/files/1/0626/6119/8023/files/SENSUOS_NIGHT_EDP_SPRAY_100_ML_-_Khadlaj_Perfumes-1965920.jpg?v=1722412096,4,SENSUOS NIGHT EDP SPRAY 100 ML - Khadlaj Perfumes,,,,,,,,,,,,,,,,,,,,,,,,,,,,,,,,,,,,,,,,,,,,,,,,,,,,,,,,,,,
musk-wa-ward-spray-shop-online-best-price-in-dubai-uae,MUSK WA WARD EDP SPRAY 100 ML,"<style type=""text/css""><!--
td {border: 1px solid #cccccc;}br {mso-data-placement:same-cell;}
--></style>
<p><span data-sheets-userformat='{""2"":15233,""3"":{""1"":0},""10"":0,""11"":4,""12"":0,""14"":{""1"":2,""2"":0},""15"":""Calibri"",""16"":11}' data-sheets-value='{""1"":2,""2"":""Introducing Musk Wa Ward, an eau de parfum that captures the essence of timeless elegance and sophistication. This exquisite fragrance is a harmonious blend of citrusy, floral, and musky notes, creating a captivating and alluring scent that leaves a lasting impression.\n\nAt the top, the fragrance opens with a burst of citrus freshness. The vibrant notes of lemon and grapefruit create a zesty and invigorating opening, awakening the senses and setting the stage for the enchanting journey that lies ahead.\n\nAs the fragrance develops, the heart notes reveal a delicate and graceful floral bouquet. The tender and ethereal essence of lily of the valley intertwines with the romantic and captivating aroma of rose, creating a harmonious blend of floral beauty. These notes bring a sense of femininity and elegance to the composition, evoking a feeling of timeless charm.\n\nIn the base, Musk Wa Ward leaves a trail of sensuality and warmth with its captivating blend of musk and amber. The smooth and velvety musk adds a seductive allure, while the rich and golden notes of amber provide a luxurious and enveloping embrace. Together, they create a sensual and lasting impression that lingers on the skin, leaving a trail of irresistible magnetism.\n\nMusk Wa Ward is a fragrance that exudes confidence, sophistication, and allure. Its blend of citrusy freshness, delicate florals, and seductive musk creates an irresistible aura that captivates the senses. Whether worn during the day or for an evening occasion, Musk Wa Ward is the perfect fragrance for those who appreciate timeless elegance and seek to make a lasting impression.\n\nIndulge in the captivating allure of Musk Wa Ward and let its enchanting aroma transport you to a world of sophistication and sensuality. Experience the timeless beauty and magnetic charm that this exquisite fragrance offers.""}'>Introducing Musk Wa Ward, an eau de parfum that captures the essence of timeless elegance and sophistication. This exquisite fragrance is a harmonious blend of citrusy, floral, and musky notes, creating a captivating and alluring scent that leaves a lasting impression.<br><br>At the top, the fragrance opens with a burst of citrus freshness. The vibrant notes of lemon and grapefruit create a zesty and invigorating opening, awakening the senses and setting the stage for the enchanting journey that lies ahead.<br><br>As the fragrance develops, the heart notes reveal a delicate and graceful floral bouquet. The tender and ethereal essence of lily of the valley intertwines with the romantic and captivating aroma of rose, creating a harmonious blend of floral beauty. These notes bring a sense of femininity and elegance to the composition, evoking a feeling of timeless charm.<br><br>In the base, Musk Wa Ward leaves a trail of sensuality and warmth with its captivating blend of musk and amber. The smooth and velvety musk adds a seductive allure, while the rich and golden notes of amber provide a luxurious and enveloping embrace. Together, they create a sensual and lasting impression that lingers on the skin, leaving a trail of irresistible magnetism.<br><br>Musk Wa Ward is a fragrance that exudes confidence, sophistication, and allure. Its blend of citrusy freshness, delicate florals, and seductive musk creates an irresistible aura that captivates the senses. Whether worn during the day or for an evening occasion, Musk Wa Ward is the perfect fragrance for those who appreciate timeless elegance and seek to make a lasting impression.<br><br>Indulge in the captivating allure of Musk Wa Ward and let its enchanting aroma transport you to a world of sophistication and sensuality. Experience the timeless beauty and magnetic charm that this exquisite fragrance offers.</span><br></p>",Khadlaj-perfumes,Health & Beauty > Personal Care > Cosmetics > Perfumes & Colognes,PERFUME SPRAY,"Perfume Spray, Women",true,Size,100 ml,,,,,,,,'6291107974194,500.0,shopify,deny,manual,50.00,,true,true,,,,,'6291107974194,https://cdn.shopify.com/s/files/1/0626/6119/8023/files/MUSK_WA_WARD_EDP_SPRAY_100_ML_-_Khadlaj_Perfumes-1965487.jpg?v=1722411251,1,MUSK WA WARD EDP SPRAY 100 ML - Khadlaj Perfumes,false,,,,,,,,,,,,,,,"<div class=""pyramid-section_lists""><h6 style=""font-weight:600;"">Top Notes</h6>
<p>Lemon, Grapefruit </p>
</div>
<div class=""pyramid-section_lists""><h6 style=""font-weight:600;"">Middle Notes</h6>
<p>Lily of the valley, Rose</p>
</div>
<div class=""pyramid-section_lists""><h6 style=""font-weight:600;"">Base Notes</h6>
<p>Musk, Amber</p>
</div>",,,,,,,,,,,,,,,,,,https://cdn.shopify.com/s/files/1/0626/6119/8023/files/MUSK_WA_WARD_EDP_SPRAY_100_ML_-_Khadlaj_Perfumes-1965487.jpg?v=1722411251,g,,,true,,,true,,,true,,,true,,,true,,,true,,,true,,,active
musk-wa-ward-spray-shop-online-best-price-in-dubai-uae,,,,,,,,,,,,,,,,,,,,,,,,,,,,,,,https://cdn.shopify.com/s/files/1/0626/6119/8023/files/MUSK_WA_WARD_EDP_SPRAY_100_ML_-_Khadlaj_Perfumes-1965490.jpg?v=1722411258,2,MUSK WA WARD EDP SPRAY 100 ML - Khadlaj Perfumes,,,,,,,,,,,,,,,,,,,,,,,,,,,,,,,,,,,,,,,,,,,,,,,,,,,,,,,,,,,
musk-wa-ward-spray-shop-online-best-price-in-dubai-uae,,,,,,,,,,,,,,,,,,,,,,,,,,,,,,,https://cdn.shopify.com/s/files/1/0626/6119/8023/files/MUSK_WA_WARD_EDP_SPRAY_100_ML_-_Khadlaj_Perfumes-1965493.jpg?v=1722411263,3,MUSK WA WARD EDP SPRAY 100 ML - Khadlaj Perfumes,,,,,,,,,,,,,,,,,,,,,,,,,,,,,,,,,,,,,,,,,,,,,,,,,,,,,,,,,,,
musk-wa-ward-spray-shop-online-best-price-in-dubai-uae,,,,,,,,,,,,,,,,,,,,,,,,,,,,,,,https://cdn.shopify.com/s/files/1/0626/6119/8023/files/MUSK_WA_WARD_EDP_SPRAY_100_ML_-_Khadlaj_Perfumes-1965495.jpg?v=1722411268,4,MUSK WA WARD EDP SPRAY 100 ML - Khadlaj Perfumes,,,,,,,,,,,,,,,,,,,,,,,,,,,,,,,,,,,,,,,,,,,,,,,,,,,,,,,,,,,
musk-wa-oud-spray-shop-online-best-price-in-dubai-uae,MUSK WA OUD EDP SPRAY 100 ML,"<style type=""text/css""><!--
td {border: 1px solid #cccccc;}br {mso-data-placement:same-cell;}
--></style>
<p><span data-sheets-userformat='{""2"":15233,""3"":{""1"":0},""10"":0,""11"":4,""12"":0,""14"":{""1"":2,""2"":0},""15"":""Calibri"",""16"":11}' data-sheets-value='{""1"":2,""2"":""Introducing Musk Wa Oud, an eau de parfum that combines the richness of oud with the freshness of citrus and the elegance of floral notes. This captivating fragrance evokes a sense of mystery and sophistication, enveloping you in its alluring aura.\n\nAt the top, the fragrance opens with a vibrant burst of citrusy goodness. The zesty notes of mandarin, grapefruit, lemon, orange, and green apple create a refreshing and invigorating sensation, setting the stage for the journey that awaits.\n\nAs the fragrance develops, the heart notes reveal a delicate and enchanting floral bouquet. The gentle essence of freesia and lily of the valley dances with the intoxicating aroma of jasmine and plum, adding a touch of femininity and elegance to the composition. These floral notes bring a sense of allure and charm to Musk Wa Oud, creating a captivating experience.\n\nIn the base, the fragrance settles into a warm and sensual embrace. The woody notes of cedarwood and sandalwood provide a solid foundation, while the aromatic touch of cyproil adds depth and complexity. The sweet and creamy notes of vanilla add a hint of indulgence, creating a balanced and harmonious blend.\n\nMusk Wa Oud is a fragrance that exudes confidence, allure, and sophistication. Its unique combination of oud, citrus, and floral notes creates a captivating and memorable scent that lingers in the air, leaving a lasting impression. Whether worn for special occasions or everyday moments, Musk Wa Oud is the perfect fragrance for those who appreciate the beauty of contrasts and seek to make a statement.\n\nIndulge in the captivating allure of Musk Wa Oud and let its mesmerizing aroma transport you to a world of elegance and mystery. Experience the richness of oud, the freshness of citrus, and the beauty of floral notes in this exquisite fragrance. Embrace your inner magnetism and let Musk Wa Oud be your signature scent.""}'>Introducing Musk Wa Oud, an eau de parfum that combines the richness of oud with the freshness of citrus and the elegance of floral notes. This captivating fragrance evokes a sense of mystery and sophistication, enveloping you in its alluring aura.<br><br>At the top, the fragrance opens with a vibrant burst of citrusy goodness. The zesty notes of mandarin, grapefruit, lemon, orange, and green apple create a refreshing and invigorating sensation, setting the stage for the journey that awaits.<br><br>As the fragrance develops, the heart notes reveal a delicate and enchanting floral bouquet. The gentle essence of freesia and lily of the valley dances with the intoxicating aroma of jasmine and plum, adding a touch of femininity and elegance to the composition. These floral notes bring a sense of allure and charm to Musk Wa Oud, creating a captivating experience.<br><br>In the base, the fragrance settles into a warm and sensual embrace. The woody notes of cedarwood and sandalwood provide a solid foundation, while the aromatic touch of cyproil adds depth and complexity. The sweet and creamy notes of vanilla add a hint of indulgence, creating a balanced and harmonious blend.<br><br>Musk Wa Oud is a fragrance that exudes confidence, allure, and sophistication. Its unique combination of oud, citrus, and floral notes creates a captivating and memorable scent that lingers in the air, leaving a lasting impression. Whether worn for special occasions or everyday moments, Musk Wa Oud is the perfect fragrance for those who appreciate the beauty of contrasts and seek to make a statement.<br><br>Indulge in the captivating allure of Musk Wa Oud and let its mesmerizing aroma transport you to a world of elegance and mystery. Experience the richness of oud, the freshness of citrus, and the beauty of floral notes in this exquisite fragrance. Embrace your inner magnetism and let Musk Wa Oud be your signature scent.</span><br></p>",Khadlaj-perfumes,Health & Beauty > Personal Care > Cosmetics > Perfumes & Colognes,PERFUME SPRAY,"Perfume Spray, unisex",true,Size,100 ml,,,,,,,,'6291107974224,500.0,shopify,deny,manual,50.00,,true,true,,,,,'6291107974224,https://cdn.shopify.com/s/files/1/0626/6119/8023/files/MUSK_WA_OUD_EDP_SPRAY_100_ML_-_Khadlaj_Perfumes-1965483.jpg?v=1771046715,1,MUSK WA OUD EDP SPRAY 100 ML - Khadlaj Perfumes,false,,,,,,,,,,,,,,,"<div class=""pyramid-section_lists""><h6 style=""font-weight:600;"">Top Notes</h6>
<p>Mandarin, Grapefruit, Lemon, Orange, Lavender, green apple</p>
</div>
<div class=""pyramid-section_lists""><h6 style=""font-weight:600;"">Middle Notes</h6>
<p> Freesia, Lily of the valley, Jasmine, plum</p>
</div>
<div class=""pyramid-section_lists""><h6 style=""font-weight:600;"">Base Notes</h6>
<p>Cedarwood, Sandalwood, cyproil, Vanilla</p>
</div>",,,,,,,,,,,,,,,,,,https://cdn.shopify.com/s/files/1/0626/6119/8023/files/MUSK_WA_OUD_EDP_SPRAY_100_ML_-_Khadlaj_Perfumes-1965480.jpg?v=1771046715,g,,,true,,,true,,,true,,,true,,,true,,,true,,,true,,,active
musk-wa-oud-spray-shop-online-best-price-in-dubai-uae,,,,,,,,,,,,,,,,,,,,,,,,,,,,,,,https://cdn.shopify.com/s/files/1/0626/6119/8023/files/MUSK_WA_OUD_EDP_SPRAY_100_ML_-_Khadlaj_Perfumes-1965486.jpg?v=1771046715,2,MUSK WA OUD EDP SPRAY 100 ML - Khadlaj Perfumes,,,,,,,,,,,,,,,,,,,,,,,,,,,,,,,,,,,,,,,,,,,,,,,,,,,,,,,,,,,
musk-wa-oud-spray-shop-online-best-price-in-dubai-uae,,,,,,,,,,,,,,,,,,,,,,,,,,,,,,,https://cdn.shopify.com/s/files/1/0626/6119/8023/files/MUSK_WA_OUD_EDP_SPRAY_100_ML_-_Khadlaj_Perfumes-1965480.jpg?v=1771046715,3,MUSK WA OUD EDP SPRAY 100 ML - Khadlaj Perfumes,,,,,,,,,,,,,,,,,,,,,,,,,,,,,,,,,,,,,,,,,,,,,,,,,,,,,,,,,,,
musk-rasaas-edp-spray-shop-online-best-price-in-dubai-uae,MUSK RASAAS EDP SPRAY 100 ML,"<style type=""text/css""><!--
td {border: 1px solid #cccccc;}br {mso-data-placement:same-cell;}
--></style>
<p><span data-sheets-userformat='{""2"":15233,""3"":{""1"":0},""10"":0,""11"":4,""12"":0,""14"":{""1"":2,""2"":0},""15"":""Calibri"",""16"":11}' data-sheets-value='{""1"":2,""2"":""Introducing Musk Rasaas, an eau de parfum that exudes elegance and sensuality. This captivating fragrance is a harmonious blend of fruity and floral notes, enhanced by a warm and inviting base, creating a truly mesmerizing olfactory experience.\n\nAt the top, Musk Rasaas opens with a burst of freshness and vibrancy. The zesty notes of bergamot and lime intertwine with the succulent aroma of plum, creating a sparkling and invigorating introduction to the fragrance. These top notes instantly uplift your spirits and leave a trail of delightful citrusy sweetness in the air.\n\nAs the fragrance develops, the heart notes unfold, revealing a captivating floral bouquet. The delicate and enchanting scents of jasmine, rose, and cyclamen take center stage, enveloping you in a soft and romantic aura. These floral notes add depth and femininity to the composition, evoking a sense of elegance and allure.\n\nIn the base, Musk Rasaas settles into a warm and inviting embrace. The woody notes of cedarwood and sandalwood provide a solid foundation, while the white musks add a touch of softness and sensuality. The rich and comforting notes of amber linger on the skin, leaving a trail of warmth and sophistication.\n\nMusk Rasaas is a fragrance that embodies grace, charm, and allure. Its unique blend of fruity and floral notes, balanced with a warm and inviting base, creates a scent that is both captivating and memorable. Whether worn for special occasions or as an everyday indulgence, Musk Rasaas is sure to leave a lasting impression.\n\nImmerse yourself in the enchanting allure of Musk Rasaas and experience the beauty of its captivating fragrance. Let its exquisite blend of bergamot, lime, plum, jasmine, rose, cedarwood, sandalwood, white musks, and amber transport you to a world of elegance and sophistication. Embrace the sensuality within and let Musk Rasaas be your signature scent.""}'>Introducing Musk Rasaas, an eau de parfum that exudes elegance and sensuality. This captivating fragrance is a harmonious blend of fruity and floral notes, enhanced by a warm and inviting base, creating a truly mesmerizing olfactory experience.<br><br>At the top, Musk Rasaas opens with a burst of freshness and vibrancy. The zesty notes of bergamot and lime intertwine with the succulent aroma of plum, creating a sparkling and invigorating introduction to the fragrance. These top notes instantly uplift your spirits and leave a trail of delightful citrusy sweetness in the air.<br><br>As the fragrance develops, the heart notes unfold, revealing a captivating floral bouquet. The delicate and enchanting scents of jasmine, rose, and cyclamen take center stage, enveloping you in a soft and romantic aura. These floral notes add depth and femininity to the composition, evoking a sense of elegance and allure.<br><br>In the base, Musk Rasaas settles into a warm and inviting embrace. The woody notes of cedarwood and sandalwood provide a solid foundation, while the white musks add a touch of softness and sensuality. The rich and comforting notes of amber linger on the skin, leaving a trail of warmth and sophistication.<br><br>Musk Rasaas is a fragrance that embodies grace, charm, and allure. Its unique blend of fruity and floral notes, balanced with a warm and inviting base, creates a scent that is both captivating and memorable. Whether worn for special occasions or as an everyday indulgence, Musk Rasaas is sure to leave a lasting impression.<br><br>Immerse yourself in the enchanting allure of Musk Rasaas and experience the beauty of its captivating fragrance. Let its exquisite blend of bergamot, lime, plum, jasmine, rose, cedarwood, sandalwood, white musks, and amber transport you to a world of elegance and sophistication. Embrace the sensuality within and let Musk Rasaas be your signature scent.</span><br></p>",Khadlaj-perfumes,Health & Beauty > Personal Care > Cosmetics > Perfumes & Colognes,PERFUME SPRAY,"Perfume Spray, unisex",true,Size,100 ml,,,,,,,,'6291107974200,500.0,shopify,deny,manual,50.00,,true,true,,,,,'6291107974200,https://cdn.shopify.com/s/files/1/0626/6119/8023/files/MUSK_RASAAS_EDP_SPRAY_100_ML_-_Khadlaj_Perfumes-1965459.jpg?v=1722411198,1,MUSK RASAAS EDP SPRAY 100 ML - Khadlaj Perfumes,false,,,,,,,,,,,,,,,"<div class=""pyramid-section_lists""><h6 style=""font-weight:600;"">Top Notes</h6>
<p>Bergamot, Lime, Plum </p>
</div>
<div class=""pyramid-section_lists""><h6 style=""font-weight:600;"">Middle Notes</h6>
<p>Jasmine, Rose, Cyclamen</p>
</div>
<div class=""pyramid-section_lists""><h6 style=""font-weight:600;"">Base Notes</h6>
<p>Cedarwood, Sandlwood, White musks, Amber</p>
</div>",,,,,,,,,,,,,,,,,,https://cdn.shopify.com/s/files/1/0626/6119/8023/files/MUSK_RASAAS_EDP_SPRAY_100_ML_-_Khadlaj_Perfumes-1965459.jpg?v=1722411198,g,,,true,,,true,,,true,,,true,,,true,,,true,,,true,,,active
musk-rasaas-edp-spray-shop-online-best-price-in-dubai-uae,,,,,,,,,,,,,,,,,,,,,,,,,,,,,,,https://cdn.shopify.com/s/files/1/0626/6119/8023/files/MUSK_RASAAS_EDP_SPRAY_100_ML_-_Khadlaj_Perfumes-1965461.jpg?v=1722411203,2,MUSK RASAAS EDP SPRAY 100 ML - Khadlaj Perfumes,,,,,,,,,,,,,,,,,,,,,,,,,,,,,,,,,,,,,,,,,,,,,,,,,,,,,,,,,,,
musk-rasaas-edp-spray-shop-online-best-price-in-dubai-uae,,,,,,,,,,,,,,,,,,,,,,,,,,,,,,,https://cdn.shopify.com/s/files/1/0626/6119/8023/files/MUSK_RASAAS_EDP_SPRAY_100_ML_-_Khadlaj_Perfumes-1965464.jpg?v=1722411209,3,MUSK RASAAS EDP SPRAY 100 ML - Khadlaj Perfumes,,,,,,,,,,,,,,,,,,,,,,,,,,,,,,,,,,,,,,,,,,,,,,,,,,,,,,,,,,,
musk-rasaas-edp-spray-shop-online-best-price-in-dubai-uae,,,,,,,,,,,,,,,,,,,,,,,,,,,,,,,https://cdn.shopify.com/s/files/1/0626/6119/8023/files/MUSK_RASAAS_EDP_SPRAY_100_ML_-_Khadlaj_Perfumes-1965466.jpg?v=1722411213,4,MUSK RASAAS EDP SPRAY 100 ML - Khadlaj Perfumes,,,,,,,,,,,,,,,,,,,,,,,,,,,,,,,,,,,,,,,,,,,,,,,,,,,,,,,,,,,
oud-muattar-samou-al-oud-shop-online-best-price-in-dubai-uae,OUD MUATTAR SAMOU AL OUD 40GM,"<style type=""text/css""><!--
td {border: 1px solid #cccccc;}br {mso-data-placement:same-cell;}
--></style>
<p><span data-sheets-userformat='{""2"":15233,""3"":{""1"":0},""10"":0,""11"":4,""12"":0,""14"":{""1"":2,""2"":0},""15"":""Calibri"",""16"":11}' data-sheets-value='{""1"":2,""2"":"" Create a captivating and luxurious ambiance in your home with Oud Moattar Samou Al Oud. This exquisite home fragrance combines the finest ingredients to envelop your space in a rich and alluring aroma.\n\nAt the top, the invigorating notes of zesty lime and vibrant bergamot blend harmoniously with the warm and exotic saffron, creating a captivating opening. Delicate hints of lavender and sweet honey add a touch of softness and sophistication, evoking a sense of tranquility.\n\nAs the fragrance develops, the heart notes of geranium, rose, and jasmine come to life, infusing your surroundings with a floral bouquet. These middle notes bring an air of elegance and romance, creating a soothing and inviting ambiance.\n\nAt the base, the rich and woody scents of sandalwood, agarwood, cedarwood, and patchouli provide a solid foundation. These base notes add depth and complexity to the fragrance, creating a sense of warmth and comfort. The subtle touch of white musk adds a touch of sensuality, leaving a lasting impression.\n\nOud Moattar Samou Al Oud is designed to elevate your home ambiance, making it perfect for living spaces, bedrooms, or any area where you desire a captivating and luxurious scent. Whether you use it as a room spray or with a diffuser, this home fragrance will fill your space with its enchanting aroma, creating an inviting and serene environment.\n\nCrafted with the highest quality ingredients, Oud Moattar Samou Al Oud is safe to use around your family and pets. It is designed to provide a long-lasting and enjoyable fragrance experience while ensuring the utmost safety for your skin and hair.\n\nIndulge in the opulence of Oud Moattar Samou Al Oud and let its exquisite blend of scents transport you to a world of luxury and tranquility within the comforts of your own home. Immerse yourself in its captivating aroma and create a space where every moment is filled with elegance and serenity.Directions for use: Place a coal on a bukhoor burner and ensure to use a foil underneath to prevent overheating. Place the Bukhoor tablet on the coal to release the captivating fragrance. Keep the burner on elevated surfaces, away from flames, direct heat, and sunlight. Remember to store it out of reach of children for safety.""}'> Create a captivating and luxurious ambiance in your home with Oud Moattar Samou Al Oud. This exquisite home fragrance combines the finest ingredients to envelop your space in a rich and alluring aroma.<br><br>At the top, the invigorating notes of zesty lime and vibrant bergamot blend harmoniously with the warm and exotic saffron, creating a captivating opening. Delicate hints of lavender and sweet honey add a touch of softness and sophistication, evoking a sense of tranquility.<br><br>As the fragrance develops, the heart notes of geranium, rose, and jasmine come to life, infusing your surroundings with a floral bouquet. These middle notes bring an air of elegance and romance, creating a soothing and inviting ambiance.<br><br>At the base, the rich and woody scents of sandalwood, agarwood, cedarwood, and patchouli provide a solid foundation. These base notes add depth and complexity to the fragrance, creating a sense of warmth and comfort. The subtle touch of white musk adds a touch of sensuality, leaving a lasting impression.<br><br>Oud Moattar Samou Al Oud is designed to elevate your home ambiance, making it perfect for living spaces, bedrooms, or any area where you desire a captivating and luxurious scent. Whether you use it as a room spray or with a diffuser, this home fragrance will fill your space with its enchanting aroma, creating an inviting and serene environment.<br><br>Crafted with the highest quality ingredients, Oud Moattar Samou Al Oud is safe to use around your family and pets. It is designed to provide a long-lasting and enjoyable fragrance experience while ensuring the utmost safety for your skin and hair.<br><br>Indulge in the opulence of Oud Moattar Samou Al Oud and let its exquisite blend of scents transport you to a world of luxury and tranquility within the comforts of your own home. Immerse yourself in its captivating aroma and create a space where every moment is filled with elegance and serenity.Directions for use: Place a coal on a bukhoor burner and ensure to use a foil underneath to prevent overheating. Place the Bukhoor tablet on the coal to release the captivating fragrance. Keep the burner on elevated surfaces, away from flames, direct heat, and sunlight. Remember to store it out of reach of children for safety.</span><br></p>",Khadlaj-perfumes,Home & Garden > Decor > Home Fragrances,OUD MUATTAR,"OUD MUATTAR, UNISEX",true,Size,40 g,,,,,,,,'6291107974415,500.0,shopify,deny,manual,35.00,,true,true,,,,,'6291107974415,https://cdn.shopify.com/s/files/1/0626/6119/8023/files/OUD_MUATTAR_SAMOU_AL_OUD_40GM_-_Khadlaj_Perfumes-1965730.jpg?v=1722411716,1,OUD MUATTAR SAMOU AL OUD 40GM - Khadlaj Perfumes,false,Deep Oud Fragrance | Premium Luxury Home Ambiance Online,"Shop Khadlaj Oud Muattar Samou Al Oud 40g — luxurious oud bakhoor, bakhoor perfume, and perfume and fragrance. Best bakhoor in UAE for home ambiance.",592,,,,,,,,,,,,"<div class=""pyramid-section_lists""><h6 style=""font-weight:600;"">Top Notes</h6>
<p>Lime, Bergamot, Saffron,  Lavender,  Honey</p>
</div>
<div class=""pyramid-section_lists""><h6 style=""font-weight:600;"">Middle Notes</h6>
<p>Geranium, Rose, Jasmin</p>
</div>
<div class=""pyramid-section_lists""><h6 style=""font-weight:600;"">Base Notes</h6>
<p>Sandalwood, Agarwood, Cederwood, Patchouly, White musk</p>
</div>",,,,,,,,,,,,,,,,,,,g,,,true,,,true,,,true,,,true,,,true,,,true,,,true,,,active
oud-muattar-samou-al-oud-shop-online-best-price-in-dubai-uae,,,,,,,,,,,,,,,,,,,,,,,,,,,,,,,https://cdn.shopify.com/s/files/1/0626/6119/8023/files/OUD_MUATTAR_SAMOU_AL_OUD_40GM_-_Khadlaj_Perfumes-1965734.jpg?v=1722411724,2,OUD MUATTAR SAMOU AL OUD 40GM - Khadlaj Perfumes,,,,,,,,,,,,,,,,,,,,,,,,,,,,,,,,,,,,,,,,,,,,,,,,,,,,,,,,,,,
oud-muattar-rimaal-shop-online-best-price-in-dubai-uae,OUD MUATTAR RIMAAL 40GM,"<style type=""text/css"" data-mce-fragment=""1""><!--
td {border: 1px solid #cccccc;}br {mso-data-placement:same-cell;}
--></style>
<span data-sheets-value='{""1"":2,""2"":"" Create an enchanting ambiance in your home with Oud Moattar Rimaal, a captivating home fragrance that combines the finest notes to evoke a sense of tranquility and luxury. This exquisite blend of scents is carefully crafted to infuse your surroundings with a warm and inviting atmosphere.\n\nThe top notes of zesty orange, vibrant bergamot, and succulent apricot instantly awaken your senses, creating a refreshing and uplifting aura. As the fragrance develops, the heart notes of delicate rose and intoxicating jasmine emerge, adding a touch of floral elegance to the air. These middle notes create a soothing and calming environment, perfect for relaxation and unwinding.\n\nAs the scent settles, the base notes of earthy patchouli and grounding vetiver come to life, bringing depth and warmth to the fragrance. The combination of these base notes creates a comforting and cozy ambiance, enveloping your space in a captivating embrace.\n\nOud Moattar Rimaal is designed to be used in your living spaces, bedrooms, or any area where you desire a luxurious and inviting atmosphere. With its long-lasting formula, a few spritzes or the use of a diffuser will suffuse your surroundings with its enchanting fragrance, allowing you to indulge in a sensory journey every time you step into your home.\n\nThis home fragrance is carefully crafted with high-quality ingredients, ensuring a safe and enjoyable experience. It is formulated to be gentle on your skin and safe to use around your family and pets. Let Oud Moattar Rimaal transform your home into a haven of tranquility and sophistication, where every breath is filled with the essence of luxury.\n\nElevate your home ambiance with Oud Moattar Rimaal and let its exquisite blend of scents create a captivating and inviting atmosphere. Immerse yourself in the comforting embrace of this home fragrance and enjoy moments of serenity and indulgence in the sanctuary of your own space. Directions for use: Place a coal on a bukhoor burner and ensure to use a foil underneath to prevent overheating. Place the Bukhoor tablet on the coal to release the captivating fragrance. Keep the burner on elevated surfaces, away from flames, direct heat, and sunlight. Remember to store it out of reach of children for safety.""}' data-sheets-userformat='{""2"":15233,""3"":{""1"":0},""10"":0,""11"":4,""12"":0,""14"":{""1"":2,""2"":0},""15"":""Calibri"",""16"":11}' data-mce-fragment=""1""> Create an enchanting ambiance in your home with Oud Moattar Rimaal, a captivating home fragrance that combines the finest notes to evoke a sense of tranquility and luxury. This exquisite blend of scents is carefully crafted to infuse your surroundings with a warm and inviting atmosphere.<br data-mce-fragment=""1""><br data-mce-fragment=""1"">The top notes of zesty orange, vibrant bergamot, and succulent apricot instantly awaken your senses, creating a refreshing and uplifting aura. As the fragrance develops, the heart notes of delicate rose and intoxicating jasmine emerge, adding a touch of floral elegance to the air. These middle notes create a soothing and calming environment, perfect for relaxation and unwinding.<br data-mce-fragment=""1""><br data-mce-fragment=""1"">As the scent settles, the base notes of earthy patchouli and grounding vetiver come to life, bringing depth and warmth to the fragrance. The combination of these base notes creates a comforting and cozy ambiance, enveloping your space in a captivating embrace.<br data-mce-fragment=""1""><br data-mce-fragment=""1"">Oud Moattar Rimaal is designed to be used in your living spaces, bedrooms, or any area where you desire a luxurious and inviting atmosphere. With its long-lasting formula, a few spritzes or the use of a diffuser will suffuse your surroundings with its enchanting fragrance, allowing you to indulge in a sensory journey every time you step into your home.<br data-mce-fragment=""1""><br data-mce-fragment=""1"">This home fragrance is carefully crafted with high-quality ingredients, ensuring a safe and enjoyable experience. It is formulated to be gentle on your skin and safe to use around your family and pets. Let Oud Moattar Rimaal transform your home into a haven of tranquility and sophistication, where every breath is filled with the essence of luxury.<br data-mce-fragment=""1""><br data-mce-fragment=""1"">Elevate your home ambiance with Oud Moattar Rimaal and let its exquisite blend of scents create a captivating and inviting atmosphere. Immerse yourself in the comforting embrace of this home fragrance and enjoy moments of serenity and indulgence in the sanctuary of your own space. Directions for use: Place a coal on a bukhoor burner and ensure to use a foil underneath to prevent overheating. Place the Bukhoor tablet on the coal to release the captivating fragrance. Keep the burner on elevated surfaces, away from flames, direct heat, and sunlight. Remember to store it out of reach of children for safety.</span>",Khadlaj-perfumes,Home & Garden > Decor > Home Fragrances,OUD MUATTAR,"OUD MUATTAR, UNISEX",true,Size,40 g,,,,,,,,'6291107974408,500.0,shopify,deny,manual,37.00,,true,true,,,,,'6291107974408,https://cdn.shopify.com/s/files/1/0626/6119/8023/files/OUD_MUATTAR_RIMAAL_40GM_-_Khadlaj_Perfumes-1965721.jpg?v=1722411702,1,OUD MUATTAR RIMAAL 40GM - Khadlaj Perfumes,false,"Musk, Oud Fragrance | Luxury Home Perfume Available Online","Shop Khadlaj Oud Muattar Rimaal 40g — luxurious oud perfume, oud bakhoor, and perfume and fragrance. Best bakhoor in UAE for home ambiance.",592,,,,,,,,,,,,"<div class=""pyramid-section_lists""><h6 style=""font-weight:600;"">Top Notes</h6>
<p>Orange, Bergamot, Apricot</p>
</div>
<div class=""pyramid-section_lists""><h6 style=""font-weight:600;"">Middle Notes</h6>
<p>Rose, Jasmine</p>
</div>
<div class=""pyramid-section_lists""><h6 style=""font-weight:600;"">Base Notes</h6>
<p>Patchouli, Vetiver</p>
</div>",,,,,,,,,,,,,,,,,,,g,,,true,,,true,,,true,,,true,,,true,,,true,,,true,,,active
oud-muattar-rimaal-shop-online-best-price-in-dubai-uae,,,,,,,,,,,,,,,,,,,,,,,,,,,,,,,https://cdn.shopify.com/s/files/1/0626/6119/8023/files/OUD_MUATTAR_RIMAAL_40GM_-_Khadlaj_Perfumes-1965726.jpg?v=1722411709,2,OUD MUATTAR RIMAAL 40GM - Khadlaj Perfumes,,,,,,,,,,,,,,,,,,,,,,,,,,,,,,,,,,,,,,,,,,,,,,,,,,,,,,,,,,,
opulence-ameera-3-pcs-giftset-for-women,OPULENCE AMEERA 3 PCS GIFT SET FOR WOMEN,"The newly launched OPULENCE AMEERA 3 PCS GIFT FOR WOMEN includes<br data-mce-fragment=""1""><br data-mce-fragment=""1"">
<ul>
<li>Crystal Musk Eau De Perfume Spray 100 ml</li>
<li>Saba Wardat Hand and Body Lotion 30 ml</li>
<li>Mazoon Rose Gold Non-Alcoholic Perfume Oil 18 ml</li>
</ul>
<script type="""" application>
{
  """"@context"""": """"https://schema.org"""",
  """"@type"""": """"Product"""",
  """"name"""": """"Opulence Ameera Gift Set | Perfume Gift Set | Khadlaj Perfumes"""",
  """"url"""": """"https://khadlaj-perfumes.com/collections/gift-sets-perfect-for-loved-ones-best-for-any-occassion/products/opulence-ameera-3-pcs-giftset-for-women"""",
  """"description"""": """"Looking for a luxurious perfume gift set? Khadlaj Perfumes offers the Opulence Ameera 3-piece set—perfect for gifting or treating yourself. Shop today!"""",
  """"brand"""": {
    """"@type"""": """"Brand"""",
    """"name"""": """"Khadlaj Perfumes""""
  },
  """"offers"""": {
    """"@type"""": """"Offer"""",
    """"url"""": """"https://khadlaj-perfumes.com/collections/gift-sets-perfect-for-loved-ones-best-for-any-occassion/products/opulence-ameera-3-pcs-giftset-for-women"""",
    """"availability"""": """"https://schema.org/InStock""""
  }
}
</script>",khadlaj-perfumes,Health & Beauty > Personal Care > Cosmetics > Perfumes & Colognes,Gift Sets,Deals,true,Size,Gift Set,,,,,,,,'6291107974934,2000.0,shopify,deny,manual,75.00,150.00,true,true,,,,,'6291107974934,https://cdn.shopify.com/s/files/1/0626/6119/8023/files/OPULENCE_AMEERA_3_PCS_GIFT_SET_FOR_WOMEN_-_Khadlaj_Perfumes-1965543.jpg?v=1722411365,1,OPULENCE AMEERA 3 PCS GIFT SET FOR WOMEN - Khadlaj Perfumes,false,Opulence Ameera Gift Set | Perfume Gift Set | Khadlaj Perfumes,Looking for a luxurious perfume gift set? Khadlaj Perfumes offers the Opulence Ameera 3-piece set—perfect for gifting or treating yourself. Shop today!,Health & Beauty > Personal Care > Cosmetics > Bath & Body Gift Sets,female,,,new,FALSE,Valentine Special,,,,,,,,,FALSE,,,,,,,,,,,,,,,,g,,,true,,,true,,,true,,,true,,,true,,,true,,,true,,,active
opulence-ameera-3-pcs-giftset-for-women,,,,,,,,,,,,,,,,,,,,,,,,,,,,,,,https://cdn.shopify.com/s/files/1/0626/6119/8023/files/OPULENCE_AMEERA_3_PCS_GIFT_SET_FOR_WOMEN_-_Khadlaj_Perfumes-1965545.jpg?v=1722411371,2,OPULENCE AMEERA 3 PCS GIFT SET FOR WOMEN - Khadlaj Perfumes,,,,,,,,,,,,,,,,,,,,,,,,,,,,,,,,,,,,,,,,,,,,,,,,,,,,,,,,,,,
opulence-ameera-3-pcs-giftset-for-women,,,,,,,,,,,,,,,,,,,,,,,,,,,,,,,https://cdn.shopify.com/s/files/1/0626/6119/8023/files/OPULENCE_AMEERA_3_PCS_GIFT_SET_FOR_WOMEN_-_Khadlaj_Perfumes-1965549.jpg?v=1722411375,3,OPULENCE AMEERA 3 PCS GIFT SET FOR WOMEN - Khadlaj Perfumes,,,,,,,,,,,,,,,,,,,,,,,,,,,,,,,,,,,,,,,,,,,,,,,,,,,,,,,,,,,
opulence-shaikh-3pcs-gift-set-for-men,OPULENCE SHAIKH 3 PCS GIFT SET FOR MEN,"The OPULENCE SHAIKH 3PCS GIFT SET FOR MEN<br data-mce-fragment=""1""><br data-mce-fragment=""1"">The luxurious gift tailored for the elegant and classy men, this gift set includes -
<ul>
<li>Atrub Eau De Parfum Spray 50ml</li>
<li>Opulence Sheikh Eau De Parfum Spray 100 ml</li>
<li>Oud Muattar 48g</li>
</ul>
<script type="""" application>
{
  """"@context"""": """"https://schema.org"""",
  """"@type"""": """"Product"""",
  """"name"""": """"Opulence Shaikh Gift Set | Men's Perfume Gift | Khadlaj Perfumes"""",
  """"url"""": """"https://khadlaj-perfumes.com/collections/gift-sets-perfect-for-loved-ones-best-for-any-occassion/products/opulence-shaikh-3pcs-gift-set-for-men"""",
  """"description"""": """"Searching for a men's perfume gift? Khadlaj Perfumes presents the Opulence Shaikh 3-piece gift set—elegant, bold fragrances perfect for gifting. Shop now!"""",
  """"brand"""": {
    """"@type"""": """"Brand"""",
    """"name"""": """"Khadlaj Perfumes""""
  },
  """"offers"""": {
    """"@type"""": """"Offer"""",
    """"url"""": """"https://khadlaj-perfumes.com/collections/gift-sets-perfect-for-loved-ones-best-for-any-occassion/products/opulence-shaikh-3pcs-gift-set-for-men"""",
    """"availability"""": """"https://schema.org/InStock""""
  }
}
</script>",Khadlaj-perfumes,Health & Beauty > Personal Care > Cosmetics > Perfumes & Colognes,Gift Sets,Deals,true,Size,Gift Set,,,,,,,,'6291107974941,2000.0,shopify,deny,manual,75.00,150.00,true,true,,,,,'6291107974941,https://cdn.shopify.com/s/files/1/0626/6119/8023/files/OPULENCE_SHAIKH_3_PCS_GIFT_SET_FOR_MEN_-_Khadlaj_Perfumes-1965577.jpg?v=1722411426,1,OPULENCE SHAIKH 3 PCS GIFT SET FOR MEN - Khadlaj Perfumes,false,Opulence Shaikh Gift Set | Men's Perfume Gift | Khadlaj Perfumes,"Searching for a men's perfume gift? Khadlaj Perfumes presents the Opulence Shaikh 3-piece gift set—elegant, bold fragrances perfect for gifting. Shop now!",,,,,,,,,,,,,,,,,,,,,,,,,,,,,,,,g,,,true,,,true,,,true,,,true,,,true,,,true,,,true,,,active
opulence-shaikh-3pcs-gift-set-for-men,,,,,,,,,,,,,,,,,,,,,,,,,,,,,,,https://cdn.shopify.com/s/files/1/0626/6119/8023/files/OPULENCE_SHAIKH_3_PCS_GIFT_SET_FOR_MEN_-_Khadlaj_Perfumes-1965579.jpg?v=1722411430,2,OPULENCE SHAIKH 3 PCS GIFT SET FOR MEN - Khadlaj Perfumes,,,,,,,,,,,,,,,,,,,,,,,,,,,,,,,,,,,,,,,,,,,,,,,,,,,,,,,,,,,
opulence-shaikh-3pcs-gift-set-for-men,,,,,,,,,,,,,,,,,,,,,,,,,,,,,,,https://cdn.shopify.com/s/files/1/0626/6119/8023/files/OPULENCE_SHAIKH_3_PCS_GIFT_SET_FOR_MEN_-_Khadlaj_Perfumes-1965581.jpg?v=1722411434,3,OPULENCE SHAIKH 3 PCS GIFT SET FOR MEN - Khadlaj Perfumes,,,,,,,,,,,,,,,,,,,,,,,,,,,,,,,,,,,,,,,,,,,,,,,,,,,,,,,,,,,
frash-zahret-al-air-freshener-shop-online-best-price-in-dubai-uae,FRASH ZAHRET AL LAILAK AIR FRESHENER 320ML,"<style type=""text/css"" data-mce-fragment=""1""><!--
td {border: 1px solid #cccccc;}br {mso-data-placement:same-cell;}
--></style>
<span data-sheets-value='{""1"":2,""2"":""Zahret Al Lailak Air Freshener, a captivating fragrance spray that fills your surroundings with a sense of enchantment. With its exquisite blend of notes, this air freshener creates a delightful and inviting ambiance. Its non-alcoholic formula ensures a safe and pleasant experience, making it suitable for use on clothes, curtains, sofas, powder rooms, and even in your car.\n\nTo experience the alluring scent of Zahret Al Lailak Air Freshener, simply hold the bottle upright and spray a fine mist into the air. Watch as the fragrance spreads, infusing the space with its mesmerizing aroma. You can also spray it directly on clothes while ironing, curtains, sofas, or in your car to imbue them with a refreshing and long-lasting fragrance.\n\nThe fragrance composition of Zahret Al Lailak Air Freshener is as follows:\n\nTop Notes: Bergamot, Frangipani: The uplifting citrus notes of bergamot blend harmoniously with the tropical and floral scent of frangipani. This combination creates a refreshing and invigorating opening that sets the stage for the fragrance.\n\nMiddle Notes: Jasmine Sambac, Musk: The intoxicating floral notes of jasmine sambac are enhanced by the soft and sensual musk. Together, they create a captivating and harmonious bouquet that adds depth and allure to the fragrance.\n\nBase Notes: Sandalwood, Vetiver: The warm and woody notes of sandalwood blend with the earthy and aromatic accords of vetiver. These base notes provide a solid foundation, infusing the air with a sense of tranquility and sophistication.\n\nSpray Zahret Al Lailak Air Freshener to create an atmosphere of enchantment and serenity. Its non-alcoholic formulation ensures a safe and enjoyable experience, making it suitable for various applications. Enhance the freshness of your clothes, curtains, sofas, powder rooms, and cars with the captivating blend of bergamot, frangipani, jasmine sambac, musk, sandalwood, and vetiver. Let Zahret Al Lailak Air Freshener transport you to a realm of blissful tranquility with its irresistible fragrance.""}' data-sheets-userformat='{""2"":15233,""3"":{""1"":0},""10"":0,""11"":4,""12"":0,""14"":{""1"":2,""2"":0},""15"":""Calibri"",""16"":11}' data-mce-fragment=""1"">Zahret Al Lailak Air Freshener, a captivating fragrance spray that fills your surroundings with a sense of enchantment. With its exquisite blend of notes, this air freshener creates a delightful and inviting ambiance. Its non-alcoholic formula ensures a safe and pleasant experience, making it suitable for use on clothes, curtains, sofas, powder rooms, and even in your car.<br data-mce-fragment=""1""><br data-mce-fragment=""1"">To experience the alluring scent of Zahret Al Lailak Air Freshener, simply hold the bottle upright and spray a fine mist into the air. Watch as the fragrance spreads, infusing the space with its mesmerizing aroma. You can also spray it directly on clothes while ironing, curtains, sofas, or in your car to imbue them with a refreshing and long-lasting fragrance.<br data-mce-fragment=""1""><br data-mce-fragment=""1"">The fragrance composition of Zahret Al Lailak Air Freshener is as follows:<br data-mce-fragment=""1""><br data-mce-fragment=""1"">Top Notes: Bergamot, Frangipani: The uplifting citrus notes of bergamot blend harmoniously with the tropical and floral scent of frangipani. This combination creates a refreshing and invigorating opening that sets the stage for the fragrance.<br data-mce-fragment=""1""><br data-mce-fragment=""1"">Middle Notes: Jasmine Sambac, Musk: The intoxicating floral notes of jasmine sambac are enhanced by the soft and sensual musk. Together, they create a captivating and harmonious bouquet that adds depth and allure to the fragrance.<br data-mce-fragment=""1""><br data-mce-fragment=""1"">Base Notes: Sandalwood, Vetiver: The warm and woody notes of sandalwood blend with the earthy and aromatic accords of vetiver. These base notes provide a solid foundation, infusing the air with a sense of tranquility and sophistication.<br data-mce-fragment=""1""><br data-mce-fragment=""1"">Spray Zahret Al Lailak Air Freshener to create an atmosphere of enchantment and serenity. Its non-alcoholic formulation ensures a safe and enjoyable experience, making it suitable for various applications. Enhance the freshness of your clothes, curtains, sofas, powder rooms, and cars with the captivating blend of bergamot, frangipani, jasmine sambac, musk, sandalwood, and vetiver. Let Zahret Al Lailak Air Freshener transport you to a realm of blissful tranquility with its irresistible fragrance.</span>",Khadlaj-perfumes,Home & Garden > Decor > Home Fragrances > Air Fresheners,AIR FRESHENER,"AIR FRESHNER, Unisex",true,Size,320 ml,,,,,,,,'6291107971179,500.0,shopify,deny,manual,37.00,,true,true,,,,,'6291107971179,https://cdn.shopify.com/s/files/1/0626/6119/8023/files/FRASH_ZAHRET_AL_LAILAK_AIR_FRESHENER_320ML_-_Khadlaj_Perfumes-1964660.jpg?v=1722409681,1,FRASH ZAHRET AL LAILAK AIR FRESHENER 320ML - Khadlaj Perfumes,false,,,3898,,,,,,,,,,,,"<div class=""pyramid-section_lists""><h6 style=""font-weight:600;"">Top Notes</h6>
<p>Bergamot, Frangipani</p>
</div>
<div class=""pyramid-section_lists""><h6 style=""font-weight:600;"">Middle Notes</h6>
<p>Jasmine Sambac, Musk</p>
</div>
<div class=""pyramid-section_lists""><h6 style=""font-weight:600;"">Base Notes</h6>
<p>Sandalwood, Vetiver</p>
</div>",,,,,,,,,,,,,,,,,,https://cdn.shopify.com/s/files/1/0626/6119/8023/files/FRASH_ZAHRET_AL_LAILAK_AIR_FRESHENER_320ML_-_Khadlaj_Perfumes-1964660.jpg?v=1722409681,g,,,true,,,true,,,true,,,true,,,true,,,true,,,true,,,active
frash-zahret-al-air-freshener-shop-online-best-price-in-dubai-uae,,,,,,,,,,,,,,,,,,,,,,,,,,,,,,,https://cdn.shopify.com/s/files/1/0626/6119/8023/files/FRASH_ZAHRET_AL_LAILAK_AIR_FRESHENER_320ML_-_Khadlaj_Perfumes-1964664.jpg?v=1722409686,2,FRASH ZAHRET AL LAILAK AIR FRESHENER 320ML - Khadlaj Perfumes,,,,,,,,,,,,,,,,,,,,,,,,,,,,,,,,,,,,,,,,,,,,,,,,,,,,,,,,,,,
frash-mahasin-silver-air-freshener-shop-online-best-price-in-dubai-uae,FRASH MAHASIN SILVER AIR FRESHENER 320ML,"<style type=""text/css""><!--
td {border: 1px solid #cccccc;}br {mso-data-placement:same-cell;}
--></style>
<span data-sheets-userformat='{""2"":15233,""3"":{""1"":0},""10"":0,""11"":4,""12"":0,""14"":{""1"":2,""2"":0},""15"":""Calibri"",""16"":11}' data-sheets-value='{""1"":2,""2"":""Mahasin Silver Air Freshener, a delightful fragrance spray that brings a touch of elegance to your surroundings. With its exquisite blend of notes, this air freshener creates a captivating and inviting ambiance. Its non-alcoholic formula ensures a safe and pleasant experience, making it suitable for use on clothes, curtains, sofas, powder rooms, and even in your car.\n\nTo experience the enchanting scent of Mahasin Silver Air Freshener, simply hold the bottle upright and spray a fine mist into the air. Watch as the fragrance disperses, enveloping the space with its alluring aroma. You can also spray it directly on clothes while ironing, curtains, sofas, or in your car to infuse them with a refreshing and long-lasting fragrance.\n\nThe fragrance composition of Mahasin Silver Air Freshener is as follows:\n\nTop Notes: Bergamot, Rose: The invigorating citrus notes of bergamot blend harmoniously with the delicate and romantic scent of rose. This combination creates a fresh and uplifting opening that sets the stage for the fragrance.\n\nMiddle Notes: Jasmine, Musk: The intoxicating floral notes of jasmine are enhanced by the soft and sensual musk. Together, they create a captivating and harmonious bouquet that adds depth and allure to the fragrance.\n\nBase Notes: Amber, Cedarwood: The warm and resinous notes of amber blend with the woody and aromatic accords of cedarwood. These base notes provide a solid foundation, infusing the air with a sense of sophistication and warmth.\n\nSpray Mahasin Silver Air Freshener to create an atmosphere of elegance and serenity. Its non-alcoholic formulation ensures a safe and enjoyable experience, making it suitable for various applications. Enhance the freshness of your clothes, curtains, sofas, powder rooms, and cars with the captivating blend of bergamot, rose, jasmine, musk, amber, and cedarwood. Let Mahasin Silver Air Freshener transform your space into a haven of refined luxury with its irresistible fragrance.""}'>Mahasin Silver Air Freshener, a delightful fragrance spray that brings a touch of elegance to your surroundings. With its exquisite blend of notes, this air freshener creates a captivating and inviting ambiance. Its non-alcoholic formula ensures a safe and pleasant experience, making it suitable for use on clothes, curtains, sofas, powder rooms, and even in your car.<br><br>To experience the enchanting scent of Mahasin Silver Air Freshener, simply hold the bottle upright and spray a fine mist into the air. Watch as the fragrance disperses, enveloping the space with its alluring aroma. You can also spray it directly on clothes while ironing, curtains, sofas, or in your car to infuse them with a refreshing and long-lasting fragrance.<br><br>The fragrance composition of Mahasin Silver Air Freshener is as follows:<br><br>Top Notes: Bergamot, Rose: The invigorating citrus notes of bergamot blend harmoniously with the delicate and romantic scent of rose. This combination creates a fresh and uplifting opening that sets the stage for the fragrance.<br><br>Middle Notes: Jasmine, Musk: The intoxicating floral notes of jasmine are enhanced by the soft and sensual musk. Together, they create a captivating and harmonious bouquet that adds depth and allure to the fragrance.<br><br>Base Notes: Amber, Cedarwood: The warm and resinous notes of amber blend with the woody and aromatic accords of cedarwood. These base notes provide a solid foundation, infusing the air with a sense of sophistication and warmth.<br><br>Spray Mahasin Silver Air Freshener to create an atmosphere of elegance and serenity. Its non-alcoholic formulation ensures a safe and enjoyable experience, making it suitable for various applications. Enhance the freshness of your clothes, curtains, sofas, powder rooms, and cars with the captivating blend of bergamot, rose, jasmine, musk, amber, and cedarwood. Let Mahasin Silver Air Freshener transform your space into a haven of refined luxury with its irresistible fragrance.</span>",Khadlaj-perfumes,Home & Garden > Decor > Home Fragrances > Air Fresheners,AIR FRESHENER,"AIR FRESHNER, Unisex",true,Size,320 ml,,,,,,,,'6291107970479,500.0,shopify,deny,manual,37.00,,true,true,,,,,'6291107970479,https://cdn.shopify.com/s/files/1/0626/6119/8023/files/FRASH_MAHASIN_SILVER_AIR_FRESHENER_320ML_-_Khadlaj_Perfumes-1964579.jpg?v=1722409561,1,FRASH MAHASIN SILVER AIR FRESHENER 320ML - Khadlaj Perfumes,false,,,3898,,,,,,,,,,,,"<div class=""pyramid-section_lists""><h6 style=""font-weight:600;"">Top Notes</h6>
<p>Bergamot, Rose</p>
</div>
<div class=""pyramid-section_lists""><h6 style=""font-weight:600;"">Middle Notes</h6>
<p>Jasmine, Musk</p>
</div>
<div class=""pyramid-section_lists""><h6 style=""font-weight:600;"">Base Notes</h6>
<p>Amber, Cedarwood</p>
</div>",,,,,,,,,,,,,,,,,,,g,,,true,,,true,,,true,,,true,,,true,,,true,,,true,,,active
frash-mahasin-silver-air-freshener-shop-online-best-price-in-dubai-uae,,,,,,,,,,,,,,,,,,,,,,,,,,,,,,,https://cdn.shopify.com/s/files/1/0626/6119/8023/files/FRASH_MAHASIN_SILVER_AIR_FRESHENER_320ML_-_Khadlaj_Perfumes-1964583.jpg?v=1722409570,2,FRASH MAHASIN SILVER AIR FRESHENER 320ML - Khadlaj Perfumes,,,,,,,,,,,,,,,,,,,,,,,,,,,,,,,,,,,,,,,,,,,,,,,,,,,,,,,,,,,
frash-mahasin-oud-air-freshener-shop-online-best-price-in-dubai-uae,FRASH MAHASIN OUD AL AHBAB AIR FRESHENER 320ML,"<style data-mce-fragment=""1"" type=""text/css""><!--
td {border: 1px solid #cccccc;}br {mso-data-placement:same-cell;}
--></style>
<span data-mce-fragment=""1"" data-sheets-userformat='{""2"":15233,""3"":{""1"":0},""10"":0,""11"":4,""12"":0,""14"":{""1"":2,""2"":0},""15"":""Calibri"",""16"":11}' data-sheets-value='{""1"":2,""2"":""Mahasin Oud Al Ahbab Air Freshener, a captivating fragrance spray designed to fill your surroundings with an enchanting aroma. With its exquisite blend of notes, this air freshener creates a luxurious and inviting ambiance. Its non-alcoholic formula ensures a safe and pleasant experience, making it suitable for use on clothes, curtains, sofas, powder rooms, and even in your car.\n\nTo enjoy the captivating scent of Mahasin Oud Al Ahbab Air Freshener, simply hold the bottle upright and spray a fine mist into the air. Allow the fragrance to disperse, enveloping the space with its alluring aroma. You can also spray it directly on clothes while ironing, curtains, sofas, or in your car to infuse them with a refreshing and long-lasting fragrance.\n\nThe fragrance composition of Mahasin Oud Al Ahbab Air Freshener is as follows:\n\nTop Notes: Bergamot, Orange Blossom: The zesty and refreshing notes of bergamot blend harmoniously with the delicate and floral aroma of orange blossom. This combination creates a bright and invigorating opening that sets the stage for the fragrance.\n\nMiddle Notes: Amber, White Musk: The warm and resinous notes of amber intertwine with the soft and velvety accords of white musk. Together, they create a comforting and sensual blend that adds depth and allure to the fragrance.\n\nBase Notes: Vetiver, Agarwood: The earthy and woody scent of vetiver is complemented by the rich and exotic aroma of agarwood. These base notes provide a solid foundation, infusing the air with a sense of sophistication and elegance.\n\nSpray Mahasin Oud Al Ahbab Air Freshener to create an atmosphere of luxury and serenity. Its non-alcoholic formulation ensures a safe and enjoyable experience, making it suitable for various applications. Enhance the freshness of your clothes, curtains, sofas, powder rooms, and cars with the captivating blend of bergamot, orange blossom, amber, white musk, vetiver, and agarwood. Let Mahasin Oud Al Ahbab Air Freshener transport you to a world of indulgence and refinement with its irresistible fragrance.""}'>Mahasin Oud Al Ahbab Air Freshener, a captivating fragrance spray designed to fill your surroundings with an enchanting aroma. With its exquisite blend of notes, this air freshener creates a luxurious and inviting ambiance. Its non-alcoholic formula ensures a safe and pleasant experience, making it suitable for use on clothes, curtains, sofas, powder rooms, and even in your car.<br data-mce-fragment=""1""><br data-mce-fragment=""1"">To enjoy the captivating scent of Mahasin Oud Al Ahbab Air Freshener, simply hold the bottle upright and spray a fine mist into the air. Allow the fragrance to disperse, enveloping the space with its alluring aroma. You can also spray it directly on clothes while ironing, curtains, sofas, or in your car to infuse them with a refreshing and long-lasting fragrance.<br data-mce-fragment=""1""><br data-mce-fragment=""1"">The fragrance composition of Mahasin Oud Al Ahbab Air Freshener is as follows:<br data-mce-fragment=""1""><br data-mce-fragment=""1"">Top Notes: Bergamot, Orange Blossom: The zesty and refreshing notes of bergamot blend harmoniously with the delicate and floral aroma of orange blossom. This combination creates a bright and invigorating opening that sets the stage for the fragrance.<br data-mce-fragment=""1""><br data-mce-fragment=""1"">Middle Notes: Amber, White Musk: The warm and resinous notes of amber intertwine with the soft and velvety accords of white musk. Together, they create a comforting and sensual blend that adds depth and allure to the fragrance.<br data-mce-fragment=""1""><br data-mce-fragment=""1"">Base Notes: Vetiver, Agarwood: The earthy and woody scent of vetiver is complemented by the rich and exotic aroma of agarwood. These base notes provide a solid foundation, infusing the air with a sense of sophistication and elegance.<br data-mce-fragment=""1""><br data-mce-fragment=""1"">Spray Mahasin Oud Al Ahbab Air Freshener to create an atmosphere of luxury and serenity. Its non-alcoholic formulation ensures a safe and enjoyable experience, making it suitable for various applications. Enhance the freshness of your clothes, curtains, sofas, powder rooms, and cars with the captivating blend of bergamot, orange blossom, amber, white musk, vetiver, and agarwood. Let Mahasin Oud Al Ahbab Air Freshener transport you to a world of indulgence and refinement with its irresistible fragrance.</span>",Khadlaj-perfumes,Home & Garden > Decor > Home Fragrances > Air Fresheners,AIR FRESHENER,"AIR FRESHNER, Unisex",true,Size,320 ml,,,,,,,,'6291107972428,500.0,shopify,deny,manual,37.00,,true,true,,,,,'6291107972428,https://cdn.shopify.com/s/files/1/0626/6119/8023/files/FRASH_MAHASIN_OUD_AL_AHBAB_AIR_FRESHENER_320ML_-_Khadlaj_Perfumes-1964571.jpg?v=1722409552,1,FRASH MAHASIN OUD AL AHBAB AIR FRESHENER 320ML - Khadlaj Perfumes,false,,,3898,,,,,,,,,,,,"<div class=""pyramid-section_lists""><h6 style=""font-weight:600;"">Top Notes</h6>
<p>Bergamot, Orange Blossom</p>
</div>
<div class=""pyramid-section_lists""><h6 style=""font-weight:600;"">Middle Notes</h6>
<p>Amber, White Musk</p>
</div>
<div class=""pyramid-section_lists""><h6 style=""font-weight:600;"">Base Notes</h6>
<p>Vetiver, Agarwood</p>
</div>",,,,,,,,,,,,,,,,,,,g,,,true,,,true,,,true,,,true,,,true,,,true,,,true,,,active
frash-mahasin-oud-air-freshener-shop-online-best-price-in-dubai-uae,,,,,,,,,,,,,,,,,,,,,,,,,,,,,,,https://cdn.shopify.com/s/files/1/0626/6119/8023/files/FRASH_MAHASIN_OUD_AL_AHBAB_AIR_FRESHENER_320ML_-_Khadlaj_Perfumes-1964575.jpg?v=1722409556,2,FRASH MAHASIN OUD AL AHBAB AIR FRESHENER 320ML - Khadlaj Perfumes,,,,,,,,,,,,,,,,,,,,,,,,,,,,,,,,,,,,,,,,,,,,,,,,,,,,,,,,,,,
frash-mahasin-khawater-air-freshener-shop-online-best-price-in-dubai-uae,FRASH MAHASIN KHAWATER AIR FRESHENER 320ML,"<style type=""text/css"" data-mce-fragment=""1""><!--
td {border: 1px solid #cccccc;}br {mso-data-placement:same-cell;}
--></style>
<span data-sheets-value='{""1"":2,""2"":""Mahasin Khawater Air Freshener, a captivating fragrance spray that will transform your surroundings into a haven of tranquility and serenity. With its delightful blend of notes, this air freshener creates an enchanting and refreshing ambiance. Its non-alcoholic formula ensures a safe and pleasant experience, making it suitable for use on clothes, curtains, sofas, powder rooms, and even in your car.\n\nTo experience the captivating aroma of Mahasin Khawater Air Freshener, simply hold the bottle upright and spray a fine mist into the air. Allow the fragrance to disperse, filling the surroundings with its beautiful scent. You can also spray it directly on clothes while ironing, curtains, sofas, or in your car to infuse them with a refreshing and uplifting fragrance.\n\nThe fragrance composition of Mahasin Khawater Air Freshener is as follows:\n\nTop Notes: Rose, Chamomile, Apple: The gentle and romantic scent of rose combines with the soothing and calming aroma of chamomile, while the crisp and fruity notes of apple add a touch of freshness. This combination creates a harmonious and inviting opening that sets the tone for the fragrance.\n\nMiddle Notes: Lychee, Plum, Coriander: The sweet and juicy notes of lychee and plum intertwine with the aromatic and slightly spicy notes of coriander. Together, they create a delightful and vibrant blend that adds depth and complexity to the fragrance.\n\nBase Notes: Sandalwood, Amber: The warm and woody scent of sandalwood is enhanced by the rich and sensual notes of amber. These base notes provide a solid foundation, adding a sense of comfort and elegance to the fragrance.\n\nSpray Mahasin Khawater Air Freshener to immerse your surroundings in its amazing aroma and create a serene and inviting atmosphere. Its non-alcoholic formulation ensures a safe and pleasant experience, making it suitable for a variety of applications. Enhance the freshness of your clothes, curtains, sofas, powder rooms, and cars with the captivating blend of rose, chamomile, apple, lychee, plum, coriander, sandalwood, and amber. Let Mahasin Khawater Air Freshener transport you to a world of tranquility and bliss with its delightful fragrance.""}' data-sheets-userformat='{""2"":15233,""3"":{""1"":0},""10"":0,""11"":4,""12"":0,""14"":{""1"":2,""2"":0},""15"":""Calibri"",""16"":11}' data-mce-fragment=""1"">Mahasin Khawater Air Freshener, a captivating fragrance spray that will transform your surroundings into a haven of tranquility and serenity. With its delightful blend of notes, this air freshener creates an enchanting and refreshing ambiance. Its non-alcoholic formula ensures a safe and pleasant experience, making it suitable for use on clothes, curtains, sofas, powder rooms, and even in your car.<br data-mce-fragment=""1""><br data-mce-fragment=""1"">To experience the captivating aroma of Mahasin Khawater Air Freshener, simply hold the bottle upright and spray a fine mist into the air. Allow the fragrance to disperse, filling the surroundings with its beautiful scent. You can also spray it directly on clothes while ironing, curtains, sofas, or in your car to infuse them with a refreshing and uplifting fragrance.<br data-mce-fragment=""1""><br data-mce-fragment=""1"">The fragrance composition of Mahasin Khawater Air Freshener is as follows:<br data-mce-fragment=""1""><br data-mce-fragment=""1"">Top Notes: Rose, Chamomile, Apple: The gentle and romantic scent of rose combines with the soothing and calming aroma of chamomile, while the crisp and fruity notes of apple add a touch of freshness. This combination creates a harmonious and inviting opening that sets the tone for the fragrance.<br data-mce-fragment=""1""><br data-mce-fragment=""1"">Middle Notes: Lychee, Plum, Coriander: The sweet and juicy notes of lychee and plum intertwine with the aromatic and slightly spicy notes of coriander. Together, they create a delightful and vibrant blend that adds depth and complexity to the fragrance.<br data-mce-fragment=""1""><br data-mce-fragment=""1"">Base Notes: Sandalwood, Amber: The warm and woody scent of sandalwood is enhanced by the rich and sensual notes of amber. These base notes provide a solid foundation, adding a sense of comfort and elegance to the fragrance.<br data-mce-fragment=""1""><br data-mce-fragment=""1"">Spray Mahasin Khawater Air Freshener to immerse your surroundings in its amazing aroma and create a serene and inviting atmosphere. Its non-alcoholic formulation ensures a safe and pleasant experience, making it suitable for a variety of applications. Enhance the freshness of your clothes, curtains, sofas, powder rooms, and cars with the captivating blend of rose, chamomile, apple, lychee, plum, coriander, sandalwood, and amber. Let Mahasin Khawater Air Freshener transport you to a world of tranquility and bliss with its delightful fragrance.</span>",Khadlaj-perfumes,Home & Garden > Decor > Home Fragrances > Air Fresheners,AIR FRESHENER,"AIR FRESHNER, Unisex",true,Size,320 ml,,,,,,,,'6291107972435,500.0,shopify,deny,manual,37.00,,true,true,,,,,'6291107972435,https://cdn.shopify.com/s/files/1/0626/6119/8023/files/FRASH_MAHASIN_KHAWATER_AIR_FRESHENER_320ML_-_Khadlaj_Perfumes-1964565.jpg?v=1722409542,1,FRASH MAHASIN KHAWATER AIR FRESHENER 320ML - Khadlaj Perfumes,false,,,3898,,,,,,,,,,,,"<div class=""pyramid-section_lists""><h6 style=""font-weight:600;"">Top Notes</h6>
<p>Rose, Chamomile, Apple</p>
</div>
<div class=""pyramid-section_lists""><h6 style=""font-weight:600;"">Middle Notes</h6>
<p>Lychee, Plum, Coriander</p>
</div>
<div class=""pyramid-section_lists""><h6 style=""font-weight:600;"">Base Notes</h6>
<p>Sandalwood, Amber</p>
</div>",,,,,,,,,,,,,,,,,,,g,,,true,,,true,,,true,,,true,,,true,,,true,,,true,,,active
frash-mahasin-khawater-air-freshener-shop-online-best-price-in-dubai-uae,,,,,,,,,,,,,,,,,,,,,,,,,,,,,,,https://cdn.shopify.com/s/files/1/0626/6119/8023/files/FRASH_MAHASIN_KHAWATER_AIR_FRESHENER_320ML_-_Khadlaj_Perfumes-1964568.jpg?v=1722409547,2,FRASH MAHASIN KHAWATER AIR FRESHENER 320ML - Khadlaj Perfumes,,,,,,,,,,,,,,,,,,,,,,,,,,,,,,,,,,,,,,,,,,,,,,,,,,,,,,,,,,,
frash-mahasin-gold-air-freshener-shop-online-best-price-in-dubai-uae,FRASH MAHASIN GOLD AIR FRESHENER 320ML,"<style type=""text/css""><!--
td {border: 1px solid #cccccc;}br {mso-data-placement:same-cell;}
--></style>
<span data-sheets-userformat='{""2"":15233,""3"":{""1"":0},""10"":0,""11"":4,""12"":0,""14"":{""1"":2,""2"":0},""15"":""Calibri"",""16"":11}' data-sheets-value='{""1"":2,""2"":""Mahasin Gold Air Freshener, a luxurious fragrance spray designed to elevate your surroundings with its captivating scent. With a harmonious blend of notes, this air freshener creates a delightful and inviting ambiance. Its non-alcoholic formula ensures a safe and pleasant experience, making it suitable for use on clothes, curtains, sofas, powder rooms, and even in your car.\n\nTo experience the enchanting aroma of Mahasin Gold Air Freshener, simply hold the bottle upright and spray a fine mist into the air. Allow the fragrance to disperse, filling the surroundings with its captivating scent. You can also spray it directly on clothes while ironing, curtains, sofas, or in your car to infuse them with a luxurious and alluring fragrance.\n\nThe fragrance composition of Mahasin Gold Air Freshener is as follows:\n\nTop Notes: Bergamot, Frangipani: The refreshing and citrusy notes of bergamot combine with the exotic and tropical scent of frangipani. This combination creates an invigorating and uplifting opening that sets the stage for the fragrance.\n\nMiddle Notes: Jasmine Sambac, Musk: The intoxicating and floral aroma of jasmine sambac is enhanced by the sensual and soft notes of musk. Together, they create a captivating and harmonious blend that adds depth and allure to the fragrance.\n\nBase Notes: Sandalwood, Vetiver: The warm and woody scent of sandalwood is complemented by the earthy and smoky notes of vetiver. These base notes provide a solid foundation, evoking a sense of luxury and sophistication.\n\nSpray Mahasin Gold Air Freshener to immerse your surroundings in its amazing aroma and create a captivating and inviting atmosphere. Its non-alcoholic formulation ensures a safe and pleasant experience, making it suitable for a variety of applications. Enhance the freshness of your clothes, curtains, sofas, powder rooms, and cars with the captivating blend of bergamot, frangipani, jasmine sambac, musk, sandalwood, and vetiver. Let Mahasin Gold Air Freshener envelop you in its luxurious fragrance and transport you to a world of elegance and allure.""}'>Mahasin Gold Air Freshener, a luxurious fragrance spray designed to elevate your surroundings with its captivating scent. With a harmonious blend of notes, this air freshener creates a delightful and inviting ambiance. Its non-alcoholic formula ensures a safe and pleasant experience, making it suitable for use on clothes, curtains, sofas, powder rooms, and even in your car.<br><br>To experience the enchanting aroma of Mahasin Gold Air Freshener, simply hold the bottle upright and spray a fine mist into the air. Allow the fragrance to disperse, filling the surroundings with its captivating scent. You can also spray it directly on clothes while ironing, curtains, sofas, or in your car to infuse them with a luxurious and alluring fragrance.<br><br>The fragrance composition of Mahasin Gold Air Freshener is as follows:<br><br>Top Notes: Bergamot, Frangipani: The refreshing and citrusy notes of bergamot combine with the exotic and tropical scent of frangipani. This combination creates an invigorating and uplifting opening that sets the stage for the fragrance.<br><br>Middle Notes: Jasmine Sambac, Musk: The intoxicating and floral aroma of jasmine sambac is enhanced by the sensual and soft notes of musk. Together, they create a captivating and harmonious blend that adds depth and allure to the fragrance.<br><br>Base Notes: Sandalwood, Vetiver: The warm and woody scent of sandalwood is complemented by the earthy and smoky notes of vetiver. These base notes provide a solid foundation, evoking a sense of luxury and sophistication.<br><br>Spray Mahasin Gold Air Freshener to immerse your surroundings in its amazing aroma and create a captivating and inviting atmosphere. Its non-alcoholic formulation ensures a safe and pleasant experience, making it suitable for a variety of applications. Enhance the freshness of your clothes, curtains, sofas, powder rooms, and cars with the captivating blend of bergamot, frangipani, jasmine sambac, musk, sandalwood, and vetiver. Let Mahasin Gold Air Freshener envelop you in its luxurious fragrance and transport you to a world of elegance and allure.</span>",Khadlaj-perfumes,Home & Garden > Decor > Home Fragrances > Air Fresheners,AIR FRESHENER,"AIR FRESHNER, Unisex",true,Size,320 ml,,,,,,,,'6291107970462,500.0,shopify,deny,manual,37.00,,true,true,,,,,'6291107970462,https://cdn.shopify.com/s/files/1/0626/6119/8023/files/FRASH_MAHASIN_GOLD_AIR_FRESHENER_320ML_-_Khadlaj_Perfumes-1964559.jpg?v=1722409533,1,FRASH MAHASIN GOLD AIR FRESHENER 320ML - Khadlaj Perfumes,false,,,3898,,,,,,,,,,,,"<div class=""pyramid-section_lists""><h6 style=""font-weight:600;"">Top Notes</h6>
<p>Bergamot, Frangipani</p>
</div>
<div class=""pyramid-section_lists""><h6 style=""font-weight:600;"">Middle Notes</h6>
<p>Jasmine Sambac, Musk</p>
</div>
<div class=""pyramid-section_lists""><h6 style=""font-weight:600;"">Base Notes</h6>
<p>Sandalwood, Vetiver</p>
</div>",,,,,,,,,,,,,,,,,,,g,,,true,,,true,,,true,,,true,,,true,,,true,,,true,,,active
frash-mahasin-gold-air-freshener-shop-online-best-price-in-dubai-uae,,,,,,,,,,,,,,,,,,,,,,,,,,,,,,,https://cdn.shopify.com/s/files/1/0626/6119/8023/files/FRASH_MAHASIN_GOLD_AIR_FRESHENER_320ML_-_Khadlaj_Perfumes-1964561.jpg?v=1722409537,2,FRASH MAHASIN GOLD AIR FRESHENER 320ML - Khadlaj Perfumes,,,,,,,,,,,,,,,,,,,,,,,,,,,,,,,,,,,,,,,,,,,,,,,,,,,,,,,,,,,
frash-mahasin-al-riyan-air-freshener-shop-online-best-price-in-dubai-uae,FRASH MAHASIN AL RIYAN AIR FRESHENER 320ML,"<style type=""text/css""><!--
td {border: 1px solid #cccccc;}br {mso-data-placement:same-cell;}
--></style>
<span data-sheets-value='{""1"":2,""2"":""Mahasin Al Riyaan Air Freshener, a captivating fragrance spray designed to create a delightful and inviting ambiance. With its exquisite blend of notes, this air freshener adds a touch of luxury and sophistication to any space. Its non-alcoholic formula ensures a safe and pleasant experience, making it suitable for use on clothes, curtains, sofas, powder rooms, and even in your car.\n\nTo experience the captivating aroma of Mahasin Al Riyaan Air Freshener, simply hold the bottle upright and spray a fine mist into the air. Allow the fragrance to disperse, filling the surroundings with its enchanting scent. You can also spray it directly on clothes while ironing, curtains, sofas, or in your car to infuse them with a luxurious and alluring fragrance.\n\nThe fragrance composition of Mahasin Al Riyaan Air Freshener is as follows:\n\nTop Notes: Bergamot, Rose: The refreshing and citrusy notes of bergamot blend harmoniously with the timeless and romantic scent of rose. This combination creates a captivating and uplifting opening that sets the stage for the fragrance.\n\nMiddle Notes: Tuberose, Musk: The intoxicating and floral aroma of tuberose is complemented by the soft and sensual notes of musk. Together, they create a captivating and harmonious blend that adds depth and allure to the fragrance.\n\nBase Notes: Oud, Amber: The rich and woody scent of oud is balanced by the warm and resinous notes of amber. These base notes provide a solid foundation, evoking a sense of sophistication and luxury.\n\nSpray Mahasin Al Riyaan Air Freshener to immerse your surroundings in its amazing aroma and create a captivating and inviting atmosphere. Its non-alcoholic formulation ensures a safe and pleasant experience, making it suitable for a variety of applications. Enhance the freshness of your clothes, curtains, sofas, powder rooms, and cars with the captivating blend of bergamot, rose, tuberose, musk, oud, and amber. Let Mahasin Al Riyaan Air Freshener transport you to a world of elegance and allure with its enchanting fragrance.""}' data-sheets-userformat='{""2"":15233,""3"":{""1"":0},""10"":0,""11"":4,""12"":0,""14"":{""1"":2,""2"":0},""15"":""Calibri"",""16"":11}'>Mahasin Al Riyaan Air Freshener, a captivating fragrance spray designed to create a delightful and inviting ambiance. With its exquisite blend of notes, this air freshener adds a touch of luxury and sophistication to any space. Its non-alcoholic formula ensures a safe and pleasant experience, making it suitable for use on clothes, curtains, sofas, powder rooms, and even in your car.<br><br>To experience the captivating aroma of Mahasin Al Riyaan Air Freshener, simply hold the bottle upright and spray a fine mist into the air. Allow the fragrance to disperse, filling the surroundings with its enchanting scent. You can also spray it directly on clothes while ironing, curtains, sofas, or in your car to infuse them with a luxurious and alluring fragrance.<br><br>The fragrance composition of Mahasin Al Riyaan Air Freshener is as follows:<br><br>Top Notes: Bergamot, Rose: The refreshing and citrusy notes of bergamot blend harmoniously with the timeless and romantic scent of rose. This combination creates a captivating and uplifting opening that sets the stage for the fragrance.<br><br>Middle Notes: Tuberose, Musk: The intoxicating and floral aroma of tuberose is complemented by the soft and sensual notes of musk. Together, they create a captivating and harmonious blend that adds depth and allure to the fragrance.<br><br>Base Notes: Oud, Amber: The rich and woody scent of oud is balanced by the warm and resinous notes of amber. These base notes provide a solid foundation, evoking a sense of sophistication and luxury.<br><br>Spray Mahasin Al Riyaan Air Freshener to immerse your surroundings in its amazing aroma and create a captivating and inviting atmosphere. Its non-alcoholic formulation ensures a safe and pleasant experience, making it suitable for a variety of applications. Enhance the freshness of your clothes, curtains, sofas, powder rooms, and cars with the captivating blend of bergamot, rose, tuberose, musk, oud, and amber. Let Mahasin Al Riyaan Air Freshener transport you to a world of elegance and allure with its enchanting fragrance.</span>",Khadlaj-perfumes,Home & Garden > Decor > Home Fragrances > Air Fresheners,AIR FRESHENER,"AIR FRESHNER, Unisex",true,Size,320 ml,,,,,,,,'6291107972602,500.0,shopify,deny,manual,37.00,,true,true,,,,,'6291107972602,https://cdn.shopify.com/s/files/1/0626/6119/8023/files/FRASH_MAHASIN_AL_RIYAN_AIR_FRESHENER_320ML_-_Khadlaj_Perfumes-1964551.jpg?v=1722409524,1,FRASH MAHASIN AL RIYAN AIR FRESHENER 320ML - Khadlaj Perfumes,false,,,3898,,,,,,,,,,,,"<div class=""pyramid-section_lists""><h6 style=""font-weight:600;"">Top Notes</h6>
<p>Rose, Chamomile, Apple</p>
</div>
<div class=""pyramid-section_lists""><h6 style=""font-weight:600;"">Middle Notes</h6>
<p>Lychee, Plum, Coriander</p>
</div>
<div class=""pyramid-section_lists""><h6 style=""font-weight:600;"">Base Notes</h6>
<p>Sandalwood, Amber</p>
</div>",,,,,,,,,,,,,,,,,,https://cdn.shopify.com/s/files/1/0626/6119/8023/files/FRASH_MAHASIN_AL_RIYAN_AIR_FRESHENER_320ML_-_Khadlaj_Perfumes-1964551.jpg?v=1722409524,g,,,true,,,true,,,true,,,true,,,true,,,true,,,true,,,active
frash-mahasin-al-riyan-air-freshener-shop-online-best-price-in-dubai-uae,,,,,,,,,,,,,,,,,,,,,,,,,,,,,,,https://cdn.shopify.com/s/files/1/0626/6119/8023/files/FRASH_MAHASIN_AL_RIYAN_AIR_FRESHENER_320ML_-_Khadlaj_Perfumes-1964555.jpg?v=1722409529,2,FRASH MAHASIN AL RIYAN AIR FRESHENER 320ML - Khadlaj Perfumes,,,,,,,,,,,,,,,,,,,,,,,,,,,,,,,,,,,,,,,,,,,,,,,,,,,,,,,,,,,
frash-mahasin-abaya-air-freshener-shop-online-best-price-in-dubai-uae,FRASH MAHASIN ABAYA AIR FRESHENER 320ML,"<style type=""text/css""><!--
td {border: 1px solid #cccccc;}br {mso-data-placement:same-cell;}
--></style>
<span data-sheets-userformat='{""2"":15233,""3"":{""1"":0},""10"":0,""11"":4,""12"":0,""14"":{""1"":2,""2"":0},""15"":""Calibri"",""16"":11}' data-sheets-value='{""1"":2,""2"":""Abaya Air Freshener, a luxurious fragrance spray that brings a touch of elegance and sophistication to your surroundings. With its exquisite blend of notes, this air freshener creates an enchanting ambiance and leaves a lasting impression. Its non-alcoholic formula ensures a safe and delightful experience, making it suitable for use on various surfaces such as clothes, curtains, sofas, powder rooms, and even in your car.\n\nTo enjoy the captivating aroma of Mahasin Abaya Air Freshener, simply hold the bottle upright and spray a fine mist into the air. Allow the fragrance to disperse, infusing the space with its mesmerizing scent. You can also spray it directly on clothes, while ironing, curtains, sofas, or in your car to add a luxurious and alluring fragrance.\n\nThe fragrance composition of Mahasin Abaya Air Freshener is as follows:\n\nTop Notes: Bergamot, Rose: The refreshing and citrusy notes of bergamot blend beautifully with the timeless and romantic scent of rose. This combination creates an uplifting and invigorating opening that instantly uplifts the atmosphere.\n\nMiddle Notes: Tuberose, Musk: The intoxicating and floral aroma of tuberose is enhanced by the soft and sensual notes of musk. Together, they create a captivating and harmonious blend that adds depth and allure to the fragrance.\n\nBase Notes: Oud, Amber: The rich and woody scent of oud is complemented by the warm and resinous notes of amber. These base notes provide a solid foundation, evoking a sense of sophistication and luxury.\n\nSpray Mahasin Abaya Air Freshener to immerse your surroundings in its amazing aroma and create a captivating and inviting atmosphere. Its non-alcoholic formulation ensures a safe and pleasant experience, making it suitable for a variety of applications. Enhance the freshness of your clothes, while ironing, curtains, sofas, powder rooms, and cars with the captivating blend of bergamot, rose, tuberose, musk, oud, and amber. Let Mahasin Abaya Air Freshener envelop you in a world of elegance and allure with its enchanting fragrance.""}'>Abaya Air Freshener, a luxurious fragrance spray that brings a touch of elegance and sophistication to your surroundings. With its exquisite blend of notes, this air freshener creates an enchanting ambiance and leaves a lasting impression. Its non-alcoholic formula ensures a safe and delightful experience, making it suitable for use on various surfaces such as clothes, curtains, sofas, powder rooms, and even in your car.<br><br>To enjoy the captivating aroma of Mahasin Abaya Air Freshener, simply hold the bottle upright and spray a fine mist into the air. Allow the fragrance to disperse, infusing the space with its mesmerizing scent. You can also spray it directly on clothes, while ironing, curtains, sofas, or in your car to add a luxurious and alluring fragrance.<br><br>The fragrance composition of Mahasin Abaya Air Freshener is as follows:<br><br>Top Notes: Bergamot, Rose: The refreshing and citrusy notes of bergamot blend beautifully with the timeless and romantic scent of rose. This combination creates an uplifting and invigorating opening that instantly uplifts the atmosphere.<br><br>Middle Notes: Tuberose, Musk: The intoxicating and floral aroma of tuberose is enhanced by the soft and sensual notes of musk. Together, they create a captivating and harmonious blend that adds depth and allure to the fragrance.<br><br>Base Notes: Oud, Amber: The rich and woody scent of oud is complemented by the warm and resinous notes of amber. These base notes provide a solid foundation, evoking a sense of sophistication and luxury.<br><br>Spray Mahasin Abaya Air Freshener to immerse your surroundings in its amazing aroma and create a captivating and inviting atmosphere. Its non-alcoholic formulation ensures a safe and pleasant experience, making it suitable for a variety of applications. Enhance the freshness of your clothes, while ironing, curtains, sofas, powder rooms, and cars with the captivating blend of bergamot, rose, tuberose, musk, oud, and amber. Let Mahasin Abaya Air Freshener envelop you in a world of elegance and allure with its enchanting fragrance.</span>",Khadlaj-perfumes,Home & Garden > Decor > Home Fragrances > Air Fresheners,AIR FRESHENER,"AIR FRESHNER, Unisex",true,Size,320 ml,,,,,,,,'6297000742793,500.0,shopify,deny,manual,37.00,,true,true,,,,,'6297000742793,https://cdn.shopify.com/s/files/1/0626/6119/8023/files/FRASH_MAHASIN_ABAYA_AIR_FRESHENER_320ML_-_Khadlaj_Perfumes-1964545.jpg?v=1722409511,1,FRASH MAHASIN ABAYA AIR FRESHENER 320ML - Khadlaj Perfumes,false,,,3898,,,,,,,,,,,,"<div class=""pyramid-section_lists""><h6 style=""font-weight:600;"">Top Notes</h6>
<p>Bergamot, Rose</p>
</div>
<div class=""pyramid-section_lists""><h6 style=""font-weight:600;"">Middle Notes</h6>
<p>Tuberose, Musk</p>
</div>
<div class=""pyramid-section_lists""><h6 style=""font-weight:600;"">Base Notes</h6>
<p>Oud, Amber</p>
</div>",,,,,,,,,,,,,,,,,,,g,,,true,,,true,,,true,,,true,,,true,,,true,,,true,,,active
frash-mahasin-abaya-air-freshener-shop-online-best-price-in-dubai-uae,,,,,,,,,,,,,,,,,,,,,,,,,,,,,,,https://cdn.shopify.com/s/files/1/0626/6119/8023/files/FRASH_MAHASIN_ABAYA_AIR_FRESHENER_320ML_-_Khadlaj_Perfumes-1964548.jpg?v=1722409516,2,FRASH MAHASIN ABAYA AIR FRESHENER 320ML - Khadlaj Perfumes,,,,,,,,,,,,,,,,,,,,,,,,,,,,,,,,,,,,,,,,,,,,,,,,,,,,,,,,,,,
frash-kasar-al-air-freshener-shop-online-best-price-in-dubai-uae,FRASH KASAR AL SAADA AIR FRESHENER 320ML,"<style type=""text/css""><!--
td {border: 1px solid #cccccc;}br {mso-data-placement:same-cell;}
--></style>
<p><span data-sheets-userformat='{""2"":15233,""3"":{""1"":0},""10"":0,""11"":4,""12"":0,""14"":{""1"":2,""2"":0},""15"":""Calibri"",""16"":11}' data-sheets-value='{""1"":2,""2"":""Kasar Al Saada Air Freshener, a captivating fragrance spray that brings an aura of tranquility and elegance to your surroundings. With its carefully crafted blend of notes, this air freshener is designed to create an amazing ambiance and leave a lasting impression. Its non-alcoholic formula ensures a safe and pleasant experience, making it suitable for use on various surfaces such as clothes, curtains, sofas, powder rooms, and even in your car.\n\nTo experience the delightful aroma of Kasar Al Saada Air Freshener, simply hold the bottle upright and spray a fine mist into the air. Allow the fragrance to disperse, filling the space with its enchanting scent. You can also spray it directly on clothes, while ironing, curtains, sofas, or in your car to infuse them with a luxurious and inviting fragrance.\n\nThe fragrance composition of Kasar Al Saada Air Freshener is as follows:\n\nTop Notes: Bergamot, Jasmine, Rose: The fresh and citrusy notes of bergamot blend harmoniously with the delicate and floral aromas of jasmine and rose. This combination creates an uplifting and invigorating opening that instantly refreshes the atmosphere.\n\nMiddle Notes: Vanilla, Amber: The sweet and creamy scent of vanilla is complemented by the warm and rich notes of amber. Together, they create a comforting and cozy ambiance, adding depth and sensuality to the fragrance.\n\nBase Notes: Cedarwood, Sandalwood: The woody and aromatic notes of cedarwood blend seamlessly with the smooth and creamy essence of sandalwood. These base notes provide a solid foundation to the fragrance, evoking a sense of tranquility and grounding.\n\nSpray Kasar Al Saada Air Freshener to immerse your surroundings in its amazing aroma and create a soothing and inviting atmosphere. Its non-alcoholic formulation ensures a safe and pleasant experience, making it suitable for a variety of applications. Enhance the freshness of your clothes, while ironing, curtains, sofas, powder rooms, and cars with the captivating blend of bergamot, jasmine, rose, vanilla, amber, cedarwood, and sandalwood. Let Kasar Al Saada Air Freshener transport you to a realm of serenity and luxury with its enchanting fragrance.""}'>Kasar Al Saada Air Freshener, a captivating fragrance spray that brings an aura of tranquility and elegance to your surroundings. With its carefully crafted blend of notes, this air freshener is designed to create an amazing ambiance and leave a lasting impression. Its non-alcoholic formula ensures a safe and pleasant experience, making it suitable for use on various surfaces such as clothes, curtains, sofas, powder rooms, and even in your car.<br><br>To experience the delightful aroma of Kasar Al Saada Air Freshener, simply hold the bottle upright and spray a fine mist into the air. Allow the fragrance to disperse, filling the space with its enchanting scent. You can also spray it directly on clothes, while ironing, curtains, sofas, or in your car to infuse them with a luxurious and inviting fragrance.<br><br>The fragrance composition of Kasar Al Saada Air Freshener is as follows:<br><br>Top Notes: Bergamot, Jasmine, Rose: The fresh and citrusy notes of bergamot blend harmoniously with the delicate and floral aromas of jasmine and rose. This combination creates an uplifting and invigorating opening that instantly refreshes the atmosphere.<br><br>Middle Notes: Vanilla, Amber: The sweet and creamy scent of vanilla is complemented by the warm and rich notes of amber. Together, they create a comforting and cozy ambiance, adding depth and sensuality to the fragrance.<br><br>Base Notes: Cedarwood, Sandalwood: The woody and aromatic notes of cedarwood blend seamlessly with the smooth and creamy essence of sandalwood. These base notes provide a solid foundation to the fragrance, evoking a sense of tranquility and grounding.<br><br>Spray Kasar Al Saada Air Freshener to immerse your surroundings in its amazing aroma and create a soothing and inviting atmosphere. Its non-alcoholic formulation ensures a safe and pleasant experience, making it suitable for a variety of applications. Enhance the freshness of your clothes, while ironing, curtains, sofas, powder rooms, and cars with the captivating blend of bergamot, jasmine, rose, vanilla, amber, cedarwood, and sandalwood. Let Kasar Al Saada Air Freshener transport you to a realm of serenity and luxury with its enchanting fragrance.</span><br></p>",Khadlaj-perfumes,Home & Garden > Decor > Home Fragrances > Air Fresheners,AIR FRESHENER,"AIR FRESHNER, Unisex",true,Size,320 ml,,,,,,,,'6297000742809,500.0,shopify,deny,manual,37.00,,true,true,,,,,'6297000742809,https://cdn.shopify.com/s/files/1/0626/6119/8023/files/FRASH_KASAR_AL_SAADA_AIR_FRESHENER_320ML_-_Khadlaj_Perfumes-1964530.jpg?v=1722409492,1,FRASH KASAR AL SAADA AIR FRESHENER 320ML - Khadlaj Perfumes,false,,,3898,,,,,,,,,,,,"<div class=""pyramid-section_lists""><h6 style=""font-weight:600;"">Top Notes</h6>
<p>Bergamot, Jasmine, Rose</p>
</div>
<div class=""pyramid-section_lists""><h6 style=""font-weight:600;"">Middle Notes</h6>
<p>Vanilla, Amber</p>
</div>
<div class=""pyramid-section_lists""><h6 style=""font-weight:600;"">Base Notes</h6>
<p>Cedarwood, Sandalwood</p>
</div>",,,,,,,,,,,,,,,,,,https://cdn.shopify.com/s/files/1/0626/6119/8023/files/FRASH_KASAR_AL_SAADA_AIR_FRESHENER_320ML_-_Khadlaj_Perfumes-1964530.jpg?v=1722409492,g,,,true,,,true,,,true,,,true,,,true,,,true,,,true,,,active
frash-kasar-al-air-freshener-shop-online-best-price-in-dubai-uae,,,,,,,,,,,,,,,,,,,,,,,,,,,,,,,https://cdn.shopify.com/s/files/1/0626/6119/8023/files/FRASH_KASAR_AL_SAADA_AIR_FRESHENER_320ML_-_Khadlaj_Perfumes-1964534.jpg?v=1722409496,2,FRASH KASAR AL SAADA AIR FRESHENER 320ML - Khadlaj Perfumes,,,,,,,,,,,,,,,,,,,,,,,,,,,,,,,,,,,,,,,,,,,,,,,,,,,,,,,,,,,
frash-farfasha-air-freshener-shop-online-best-price-in-dubai-uae,FRASH FARFASHA AIR FRESHENER 320ML,"<style type=""text/css""><!--
td {border: 1px solid #cccccc;}br {mso-data-placement:same-cell;}
--></style>
<p><span data-sheets-value='{""1"":2,""2"":""Farfasha Air Freshener, an exquisite fragrance spray designed to bring a touch of luxury and freshness to your surroundings. With its captivating blend of notes, this air freshener is crafted to create a delightful ambiance and leave a lasting impression. Its non-alcoholic formula ensures a safe and enjoyable experience, and it can be used on various surfaces including clothes, curtains, sofas, and even in your car.\n\nTo experience the amazing aroma of Farfasha Air Freshener, simply hold the bottle upright and spray a fine mist into the air. Allow the fragrance to disperse and fill the space with its enchanting scent. You can also spray it directly on clothes, while ironing, curtains, sofas, in powder rooms, and inside your car to infuse them with a luxurious fragrance.\n\nThe fragrance composition of Farfasha Air Freshener is as follows:\n\nTop Notes: Bergamot, Tuberose, Jasmine: The uplifting and citrusy notes of bergamot blend seamlessly with the intoxicating and floral aromas of tuberose and jasmine. This combination creates a captivating and inviting opening that instantly refreshes the atmosphere.\n\nMiddle Notes: Rose, Neroli: The delicate and romantic scent of rose mingles with the sweet and citrusy nuances of neroli. Together, they create a harmonious and elegant floral bouquet that adds depth and sophistication to the fragrance.\n\nBase Notes: Cedarwood, Patchouli: The warm and woody notes of cedarwood are complemented by the earthy and rich aroma of patchouli. These base notes provide a solid foundation to the fragrance, adding a sense of grounding and longevity.\n\nSpray Farfasha Air Freshener to immerse your surroundings in its amazing aroma and create an inviting atmosphere. Its non-alcoholic formulation ensures a safe and pleasant experience, making it suitable for a variety of applications. Enhance the freshness of your clothes, while ironing, curtains, sofas, powder rooms, and cars with the captivating blend of bergamot, tuberose, jasmine, rose, neroli, cedarwood, and patchouli. Let Farfasha Air Freshener transport you to a world of luxury and indulgence with its enchanting fragrance.""}' data-sheets-userformat='{""2"":15233,""3"":{""1"":0},""10"":0,""11"":4,""12"":0,""14"":{""1"":2,""2"":0},""15"":""Calibri"",""16"":11}'>Farfasha Air Freshener, an exquisite fragrance spray designed to bring a touch of luxury and freshness to your surroundings. With its captivating blend of notes, this air freshener is crafted to create a delightful ambiance and leave a lasting impression. Its non-alcoholic formula ensures a safe and enjoyable experience, and it can be used on various surfaces including clothes, curtains, sofas, and even in your car.<br><br>To experience the amazing aroma of Farfasha Air Freshener, simply hold the bottle upright and spray a fine mist into the air. Allow the fragrance to disperse and fill the space with its enchanting scent. You can also spray it directly on clothes, while ironing, curtains, sofas, in powder rooms, and inside your car to infuse them with a luxurious fragrance.<br><br>The fragrance composition of Farfasha Air Freshener is as follows:<br><br>Top Notes: Bergamot, Tuberose, Jasmine: The uplifting and citrusy notes of bergamot blend seamlessly with the intoxicating and floral aromas of tuberose and jasmine. This combination creates a captivating and inviting opening that instantly refreshes the atmosphere.<br><br>Middle Notes: Rose, Neroli: The delicate and romantic scent of rose mingles with the sweet and citrusy nuances of neroli. Together, they create a harmonious and elegant floral bouquet that adds depth and sophistication to the fragrance.<br><br>Base Notes: Cedarwood, Patchouli: The warm and woody notes of cedarwood are complemented by the earthy and rich aroma of patchouli. These base notes provide a solid foundation to the fragrance, adding a sense of grounding and longevity.<br><br>Spray Farfasha Air Freshener to immerse your surroundings in its amazing aroma and create an inviting atmosphere. Its non-alcoholic formulation ensures a safe and pleasant experience, making it suitable for a variety of applications. Enhance the freshness of your clothes, while ironing, curtains, sofas, powder rooms, and cars with the captivating blend of bergamot, tuberose, jasmine, rose, neroli, cedarwood, and patchouli. Let Farfasha Air Freshener transport you to a world of luxury and indulgence with its enchanting fragrance.</span><br></p>",Khadlaj-perfumes,Home & Garden > Decor > Home Fragrances > Air Fresheners,AIR FRESHENER,"AIR FRESHNER, Unisex",true,Size,320 ml,,,,,,,,'6291107971162,500.0,shopify,deny,manual,37.00,,true,true,,,,,'6291107971162,https://cdn.shopify.com/s/files/1/0626/6119/8023/files/FRASH_FARFASHA_AIR_FRESHENER_320ML_-_Khadlaj_Perfumes-1964503.jpg?v=1722409449,1,FRASH FARFASHA AIR FRESHENER 320ML - Khadlaj Perfumes,false,,,3898,,,,,,,,,,,,"<div class=""pyramid-section_lists""><h6 style=""font-weight:600;"">Top Notes</h6>
<p>Bergamot, Tuberose, Jasmine</p>
</div>
<div class=""pyramid-section_lists""><h6 style=""font-weight:600;"">Middle Notes</h6>
<p>Rose, Neroli</p>
</div>
<div class=""pyramid-section_lists""><h6 style=""font-weight:600;"">Base Notes</h6>
<p>Cedarwood, Patchouli</p>
</div>",,,,,,,,,,,,,,,,,,https://cdn.shopify.com/s/files/1/0626/6119/8023/files/FRASH_FARFASHA_AIR_FRESHENER_320ML_-_Khadlaj_Perfumes-1964503.jpg?v=1722409449,g,,,true,,,true,,,true,,,true,,,true,,,true,,,true,,,active
frash-farfasha-air-freshener-shop-online-best-price-in-dubai-uae,,,,,,,,,,,,,,,,,,,,,,,,,,,,,,,https://cdn.shopify.com/s/files/1/0626/6119/8023/files/FRASH_FARFASHA_AIR_FRESHENER_320ML_-_Khadlaj_Perfumes-1964506.jpg?v=1722409455,2,FRASH FARFASHA AIR FRESHENER 320ML - Khadlaj Perfumes,,,,,,,,,,,,,,,,,,,,,,,,,,,,,,,,,,,,,,,,,,,,,,,,,,,,,,,,,,,
frash-bint-akabir-air-freshener-shop-online-best-price-in-dubai-uae,FRASH BINT AKABIR AIR FRESHENER 320ML,"<style type=""text/css""><!--
td {border: 1px solid #cccccc;}br {mso-data-placement:same-cell;}
--></style>
<p><span data-sheets-value='{""1"":2,""2"":""Bint Akabir Air Freshener, a captivating fragrance spray that brings a touch of elegance and freshness to any space. With its enchanting blend of notes, this air freshener is designed to create a delightful ambiance and leave a lasting impression. Its non-alcoholic formula ensures a safe and enjoyable experience, and it can be used on various surfaces including clothes, curtains, sofas, and even in your car.\n\nTo experience the amazing aroma of Bint Akabir Air Freshener, simply hold the bottle upright and spray a fine mist into the air. Watch as the fragrance permeates the surroundings, infusing it with its delightful scent. You can also spray it directly on clothes, while ironing, curtains, sofas, in powder rooms, and inside your car to enhance the freshness.\n\nThe fragrance composition of Bint Akabir Air Freshener is as follows:\n\nTop Notes: Frangipani, Bergamot: The intoxicating floral scent of frangipani blends harmoniously with the refreshing and citrusy notes of bergamot. Together, they create a captivating and uplifting opening that instantly revitalizes the atmosphere.\n\nMiddle Notes: Jasmine, Strawberry: The alluring aroma of jasmine adds a touch of elegance and sophistication. It is complemented by the sweet and juicy scent of strawberry, which brings a playful and delightful twist to the fragrance.\n\nBase Notes: Ylang Ylang, Sandalwood: The exotic and floral notes of ylang-ylang create a sense of tranquility and serenity. They are balanced by the warm and creamy aroma of sandalwood, adding depth and a comforting element to the composition.\n\nSpray Bint Akabir Air Freshener to experience its amazing aroma and transform your surroundings into a fragrant haven. Its non-alcoholic formulation ensures a safe and pleasant experience, making it suitable for a variety of applications. Enhance the freshness of your clothes, while ironing, curtains, sofas, powder rooms, and cars with the captivating blend of frangipani, bergamot, jasmine, strawberry, ylang-ylang, and sandalwood. Immerse yourself in the enchanting fragrance and let Bint Akabir Air Freshener create an inviting and delightful atmosphere wherever it is used.""}' data-sheets-userformat='{""2"":15233,""3"":{""1"":0},""10"":0,""11"":4,""12"":0,""14"":{""1"":2,""2"":0},""15"":""Calibri"",""16"":11}'>Bint Akabir Air Freshener, a captivating fragrance spray that brings a touch of elegance and freshness to any space. With its enchanting blend of notes, this air freshener is designed to create a delightful ambiance and leave a lasting impression. Its non-alcoholic formula ensures a safe and enjoyable experience, and it can be used on various surfaces including clothes, curtains, sofas, and even in your car.<br><br>To experience the amazing aroma of Bint Akabir Air Freshener, simply hold the bottle upright and spray a fine mist into the air. Watch as the fragrance permeates the surroundings, infusing it with its delightful scent. You can also spray it directly on clothes, while ironing, curtains, sofas, in powder rooms, and inside your car to enhance the freshness.<br><br>The fragrance composition of Bint Akabir Air Freshener is as follows:<br><br>Top Notes: Frangipani, Bergamot: The intoxicating floral scent of frangipani blends harmoniously with the refreshing and citrusy notes of bergamot. Together, they create a captivating and uplifting opening that instantly revitalizes the atmosphere.<br><br>Middle Notes: Jasmine, Strawberry: The alluring aroma of jasmine adds a touch of elegance and sophistication. It is complemented by the sweet and juicy scent of strawberry, which brings a playful and delightful twist to the fragrance.<br><br>Base Notes: Ylang Ylang, Sandalwood: The exotic and floral notes of ylang-ylang create a sense of tranquility and serenity. They are balanced by the warm and creamy aroma of sandalwood, adding depth and a comforting element to the composition.<br><br>Spray Bint Akabir Air Freshener to experience its amazing aroma and transform your surroundings into a fragrant haven. Its non-alcoholic formulation ensures a safe and pleasant experience, making it suitable for a variety of applications. Enhance the freshness of your clothes, while ironing, curtains, sofas, powder rooms, and cars with the captivating blend of frangipani, bergamot, jasmine, strawberry, ylang-ylang, and sandalwood. Immerse yourself in the enchanting fragrance and let Bint Akabir Air Freshener create an inviting and delightful atmosphere wherever it is used.</span><br></p>",Khadlaj-perfumes,Home & Garden > Decor > Home Fragrances > Air Fresheners,AIR FRESHENER,"AIR FRESHNER, Unisex",true,Size,320 ml,,,,,,,,'6297000742786,500.0,shopify,deny,manual,37.00,,true,true,,,,,'6297000742786,https://cdn.shopify.com/s/files/1/0626/6119/8023/files/FRASH_BINT_AKABIR_AIR_FRESHENER_320ML_-_Khadlaj_Perfumes-1964490.jpg?v=1722409430,1,FRASH BINT AKABIR AIR FRESHENER 320ML - Khadlaj Perfumes,false,,,3898,,,,,,,,,,,,"<div class=""pyramid-section_lists""><h6 style=""font-weight:600;"">Top Notes</h6>
<p>Frangipani, Bergamot</p>
</div>
<div class=""pyramid-section_lists""><h6 style=""font-weight:600;"">Middle Notes</h6>
<p>Jasmine, Strawberry</p>
</div>
<div class=""pyramid-section_lists""><h6 style=""font-weight:600;"">Base Notes</h6>
<p>Ylang Ylang, Sandalwood</p>
</div>",,,,,,,,,,,,,,,,,,https://cdn.shopify.com/s/files/1/0626/6119/8023/files/FRASH_BINT_AKABIR_AIR_FRESHENER_320ML_-_Khadlaj_Perfumes-1964490.jpg?v=1722409430,g,,,true,,,true,,,true,,,true,,,true,,,true,,,true,,,active
frash-bint-akabir-air-freshener-shop-online-best-price-in-dubai-uae,,,,,,,,,,,,,,,,,,,,,,,,,,,,,,,https://cdn.shopify.com/s/files/1/0626/6119/8023/files/FRASH_BINT_AKABIR_AIR_FRESHENER_320ML_-_Khadlaj_Perfumes-1964493.jpg?v=1722409435,2,FRASH BINT AKABIR AIR FRESHENER 320ML - Khadlaj Perfumes,,,,,,,,,,,,,,,,,,,,,,,,,,,,,,,,,,,,,,,,,,,,,,,,,,,,,,,,,,,
frash-al-abyad-air-freshener-shop-online-best-price-in-dubai-uae,FRASH AL ABYAD AIR FRESHENER 320ML,"<style type=""text/css""><!--
td {border: 1px solid #cccccc;}br {mso-data-placement:same-cell;}
--></style>
<p><span data-sheets-userformat='{""2"":15233,""3"":{""1"":0},""10"":0,""11"":4,""12"":0,""14"":{""1"":2,""2"":0},""15"":""Calibri"",""16"":11}' data-sheets-value='{""1"":2,""2"":""Al Abyad Air Freshener, a delightful fragrance spray that brings a refreshing and uplifting atmosphere to any space. With its invigorating blend of notes, this air freshener is designed to create an enchanting ambiance and leave a lasting impression. Its non-alcoholic formula ensures a safe and enjoyable experience, and it can be used on a variety of surfaces including clothes, curtains, sofas, and even in your car.\n\nTo enjoy the captivating aroma of Al Abyad Air Freshener, simply hold the bottle upright and spray a fine mist into the air. Watch as the fragrance disperses, infusing the environment with its delightful scent. You can also direct the spray towards specific areas like clothes, ironing, curtains, sofas, powder rooms, and cars to enhance their freshness.\n\nThe fragrance composition of Al Abyad Air Freshener is as follows:\n\nTop Notes: Orange Blossom, Bergamot: The sweet and floral notes of orange blossom blend harmoniously with the zesty and citrusy aroma of bergamot. Together, they create a vibrant and refreshing opening that instantly uplifts the mood.\n\nMiddle Notes: Amber, White Musk: The warm and inviting notes of amber bring depth and richness to the fragrance. They are complemented by the soft and delicate scent of white musk, which adds a touch of elegance and sensuality.\n\nBase Notes: Vetiver, Agarwood: The earthy and woody notes of vetiver create a grounding and comforting base. The exotic and resinous aroma of agarwood adds a touch of sophistication and mystery, leaving a lingering impression.\n\nSpray Al Abyad Air Freshener to enjoy its amazing aroma and transform your surroundings into a fragrant oasis. Its non-alcoholic formulation ensures a safe and pleasant experience, making it suitable for a variety of applications. Enhance the freshness of your clothes, ironing, curtains, sofas, powder rooms, and cars with the captivating blend of orange blossom, bergamot, amber, white musk, vetiver, and agarwood. Immerse yourself in the enchanting fragrance and let Al Abyad Air Freshener create a welcoming and inviting atmosphere wherever it is used.""}'>Al Abyad Air Freshener, a delightful fragrance spray that brings a refreshing and uplifting atmosphere to any space. With its invigorating blend of notes, this air freshener is designed to create an enchanting ambiance and leave a lasting impression. Its non-alcoholic formula ensures a safe and enjoyable experience, and it can be used on a variety of surfaces including clothes, curtains, sofas, and even in your car.<br><br>To enjoy the captivating aroma of Al Abyad Air Freshener, simply hold the bottle upright and spray a fine mist into the air. Watch as the fragrance disperses, infusing the environment with its delightful scent. You can also direct the spray towards specific areas like clothes, ironing, curtains, sofas, powder rooms, and cars to enhance their freshness.<br><br>The fragrance composition of Al Abyad Air Freshener is as follows:<br><br>Top Notes: Orange Blossom, Bergamot: The sweet and floral notes of orange blossom blend harmoniously with the zesty and citrusy aroma of bergamot. Together, they create a vibrant and refreshing opening that instantly uplifts the mood.<br><br>Middle Notes: Amber, White Musk: The warm and inviting notes of amber bring depth and richness to the fragrance. They are complemented by the soft and delicate scent of white musk, which adds a touch of elegance and sensuality.<br><br>Base Notes: Vetiver, Agarwood: The earthy and woody notes of vetiver create a grounding and comforting base. The exotic and resinous aroma of agarwood adds a touch of sophistication and mystery, leaving a lingering impression.<br><br>Spray Al Abyad Air Freshener to enjoy its amazing aroma and transform your surroundings into a fragrant oasis. Its non-alcoholic formulation ensures a safe and pleasant experience, making it suitable for a variety of applications. Enhance the freshness of your clothes, ironing, curtains, sofas, powder rooms, and cars with the captivating blend of orange blossom, bergamot, amber, white musk, vetiver, and agarwood. Immerse yourself in the enchanting fragrance and let Al Abyad Air Freshener create a welcoming and inviting atmosphere wherever it is used.</span><br></p>",Khadlaj-perfumes,Home & Garden > Decor > Home Fragrances > Air Fresheners,AIR FRESHENER,"AIR FRESHNER, Unisex",true,Size,320 ml,,,,,,,,'6291107971155,500.0,shopify,deny,manual,37.00,,true,true,,,,,'6291107971155,https://cdn.shopify.com/s/files/1/0626/6119/8023/files/FRASH_AL_ABYAD_AIR_FRESHENER_320ML_-_Khadlaj_Perfumes-1964458.jpg?v=1722409385,1,FRASH AL ABYAD AIR FRESHENER 320ML - Khadlaj Perfumes,false,,,3898,,,,,,,,,,,,"<div class=""pyramid-section_lists""><h6 style=""font-weight:600;"">Top Notes</h6>
<p>Orange blossom, Bergamot</p>
</div>
<div class=""pyramid-section_lists""><h6 style=""font-weight:600;"">Middle Notes</h6>
<p>Amber, White Musk</p>
</div>
<div class=""pyramid-section_lists""><h6 style=""font-weight:600;"">Base Notes</h6>
<p>Vetiver, Agarwood</p>
</div>",,,,,,,,,,,,,,,,,,https://cdn.shopify.com/s/files/1/0626/6119/8023/files/FRASH_AL_ABYAD_AIR_FRESHENER_320ML_-_Khadlaj_Perfumes-1964458.jpg?v=1722409385,g,,,true,,,true,,,true,,,true,,,true,,,true,,,true,,,active
frash-al-abyad-air-freshener-shop-online-best-price-in-dubai-uae,,,,,,,,,,,,,,,,,,,,,,,,,,,,,,,https://cdn.shopify.com/s/files/1/0626/6119/8023/files/FRASH_AL_ABYAD_AIR_FRESHENER_320ML_-_Khadlaj_Perfumes-1964462.jpg?v=1722409389,2,FRASH AL ABYAD AIR FRESHENER 320ML - Khadlaj Perfumes,,,,,,,,,,,,,,,,,,,,,,,,,,,,,,,,,,,,,,,,,,,,,,,,,,,,,,,,,,,
mazoon-rose-gold-non-alcoholic-perfume-oil-shop-online-best-price-in-dubai-uae,MAZOON ROSE GOLD 18 ML,"<style type=""text/css""><!--
td {border: 1px solid #cccccc;}br {mso-data-placement:same-cell;}
--></style>
<span data-sheets-userformat='{""2"":15235,""3"":{""1"":0},""4"":{""1"":2,""2"":16776960},""10"":0,""11"":4,""12"":0,""14"":{""1"":2,""2"":0},""15"":""Calibri"",""16"":11}' data-sheets-value='{""1"":2,""2"":""Experience the allure and elegance of Mazoon Rose Gold concentrated perfume oil. Crafted with meticulous attention to detail, this exquisite fragrance is a true gem that is safe for both your skin and hair.\n\nThe top notes of bergamot and jasmine create a radiant and uplifting opening. The vibrant bergamot lends a sparkling citrusy touch, while the intoxicating jasmine adds a floral richness that captivates the senses.\n\nAs the scent develops, the middle notes of iris and apple unfold, creating a delicate and intriguing balance. The iris brings a powdery and sophisticated aura, while the apple adds a fresh and juicy sweetness, enhancing the overall composition.\n\nThe base notes of sandalwood and amber provide a warm and sensual foundation. The creamy sandalwood brings a touch of smoothness and depth, while the amber adds a captivating and resinous quality, leaving a lasting impression.\n\nMazoon Rose Gold is a non-alcoholic perfume oil, ensuring a gentle and long-lasting scent experience. Its safe formulation allows you to apply it directly to your skin and hair, allowing you to indulge in its captivating aroma throughout the day.\n\nElevate your fragrance collection with Mazoon Rose Gold, a concentrated perfume oil that exudes sophistication and charm. Whether worn as a personal fragrance or used to enhance the scent of your hair, this luxurious perfume oil will envelop you in a captivating embrace. Immerse yourself in the harmonious blend of bergamot, jasmine, iris, apple, sandalwood, and amber, and let the essence of Mazoon Rose Gold transport you to a world of timeless beauty and allure.\n\n\n\n\n\nUser\nShamookh Silver concentrated perfume oil \nTop Notes:Bergamot, Musk \nMiddle Notes: Rose, Patchouli\nBase Notes: Oud, Amber non-alcoholic safe for skin and hair \nChatGPT\nIndulge in the sophistication and allure of Shamookh Silver concentrated perfume oil. This exquisite fragrance is meticulously crafted to provide a luxurious scent experience while being safe for both your skin and hair.\n\nThe top notes of bergamot and musk create a fresh and invigorating opening. The vibrant bergamot infuses a citrusy zest, while the musk adds a hint of sensuality, setting the stage for the captivating journey to come.\n\nAs the fragrance develops, the middle notes of rose and patchouli take center stage, adding a romantic and earthy dimension. The intoxicating scent of rose brings a floral elegance and grace, perfectly complemented by the deep and rich aroma of patchouli.\n\nThe base notes of oud and amber provide a warm and enchanting foundation. The precious oud brings a woody and smoky allure, while the amber adds a touch of resinous warmth and depth, creating a captivating and long-lasting trail.\n\nShamookh Silver is a non-alcoholic perfume oil, ensuring a gentle and lasting scent experience. You can confidently apply it directly to your skin and hair, immersing yourself in its alluring aroma without any concerns.\n\nElevate your fragrance collection with Shamookh Silver, a concentrated perfume oil that embodies sophistication and luxury. Let the harmonious blend of bergamot, musk, rose, patchouli, oud, and amber transport you to a world of timeless elegance and irresistible charm. Embrace the captivating allure of Shamookh Silver and make a lasting impression wherever you go.\n\n\n\n\n\n""}'>Experience the allure and elegance of Mazoon Rose Gold concentrated perfume oil. Crafted with meticulous attention to detail, this exquisite fragrance is a true gem that is safe for both your skin and hair.<br><br>The top notes of bergamot and jasmine create a radiant and uplifting opening. The vibrant bergamot lends a sparkling citrusy touch, while the intoxicating jasmine adds a floral richness that captivates the senses.<br><br>As the scent develops, the middle notes of iris and apple unfold, creating a delicate and intriguing balance. The iris brings a powdery and sophisticated aura, while the apple adds a fresh and juicy sweetness, enhancing the overall composition.<br><br>The base notes of sandalwood and amber provide a warm and sensual foundation. The creamy sandalwood brings a touch of smoothness and depth, while the amber adds a captivating and resinous quality, leaving a lasting impression.<br><br>Mazoon Rose Gold is a non-alcoholic perfume oil, ensuring a gentle and long-lasting scent experience. Its safe formulation allows you to apply it directly to your skin and hair, allowing you to indulge in its captivating aroma throughout the day.<br><br>Elevate your fragrance collection with Mazoon Rose Gold, a concentrated perfume oil that exudes sophistication and charm. Whether worn as a personal fragrance or used to enhance the scent of your hair, this luxurious perfume oil will envelop you in a captivating embrace. Immerse yourself in the harmonious blend of bergamot, jasmine, iris, apple, sandalwood, and amber, and let the essence of Mazoon Rose Gold transport you to a world of timeless beauty and allure.<br><br><br><br><br><br>User<br>Shamookh Silver concentrated perfume oil <br>Top Notes:Bergamot, Musk <br>Middle Notes: Rose, Patchouli<br>Base Notes: Oud, Amber non-alcoholic safe for skin and hair <br>ChatGPT<br>Indulge in the sophistication and allure of Shamookh Silver concentrated perfume oil. This exquisite fragrance is meticulously crafted to provide a luxurious scent experience while being safe for both your skin and hair.<br><br>The top notes of bergamot and musk create a fresh and invigorating opening. The vibrant bergamot infuses a citrusy zest, while the musk adds a hint of sensuality, setting the stage for the captivating journey to come.<br><br>As the fragrance develops, the middle notes of rose and patchouli take center stage, adding a romantic and earthy dimension. The intoxicating scent of rose brings a floral elegance and grace, perfectly complemented by the deep and rich aroma of patchouli.<br><br>The base notes of oud and amber provide a warm and enchanting foundation. The precious oud brings a woody and smoky allure, while the amber adds a touch of resinous warmth and depth, creating a captivating and long-lasting trail.<br><br>Shamookh Silver is a non-alcoholic perfume oil, ensuring a gentle and lasting scent experience. You can confidently apply it directly to your skin and hair, immersing yourself in its alluring aroma without any concerns.<br><br>Elevate your fragrance collection with Shamookh Silver, a concentrated perfume oil that embodies sophistication and luxury. Let the harmonious blend of bergamot, musk, rose, patchouli, oud, and amber transport you to a world of timeless elegance and irresistible charm. Embrace the captivating allure of Shamookh Silver and make a lasting impression wherever you go.<br></span>",Khadlaj-perfumes,Health & Beauty > Personal Care > Cosmetics > Perfumes & Colognes,CPO,"CPO, Unisex",true,Size,18 ml,,,,,,,,'6291107970264,500.0,shopify,deny,manual,50.00,,true,true,,,,,'6291107970264,https://cdn.shopify.com/s/files/1/0626/6119/8023/files/MAZOON_ROSE_GOLD_18_ML_-_Khadlaj_Perfumes-1965418.jpg?v=1722411124,1,MAZOON ROSE GOLD 18 ML - Khadlaj Perfumes,false,"Rose, Musk, Floral Fragrance | Luxury Perfume Oil","Rose, musk, and floral notes combine in this luxury perfume oil. Perfect for an elegant and sophisticated scent experience.",,,,,,,,,,,,,"<div class=""pyramid-section_lists""><h6 style=""font-weight:600;"">Top Notes</h6>
<p>Bergamot, Jasmine</p>
</div>
<div class=""pyramid-section_lists""><h6 style=""font-weight:600;"">Middle Notes</h6>
<p>Iris, Apple</p>
</div>
<div class=""pyramid-section_lists""><h6 style=""font-weight:600;"">Base Notes</h6>
<p>Sandalwood, Amber</p>
</div>",,,,,,,,,,,,,,,,,,https://cdn.shopify.com/s/files/1/0626/6119/8023/files/MAZOON_ROSE_GOLD_18_ML_-_Khadlaj_Perfumes-1965418.jpg?v=1722411124,g,,,true,,,true,,,true,,,true,,,true,,,true,,,true,,,active
mazoon-rose-gold-non-alcoholic-perfume-oil-shop-online-best-price-in-dubai-uae,,,,,,,,,,,,,,,,,,,,,,,,,,,,,,,https://cdn.shopify.com/s/files/1/0626/6119/8023/files/MAZOON_ROSE_GOLD_18_ML_-_Khadlaj_Perfumes-1965421.jpg?v=1722411128,2,MAZOON ROSE GOLD 18 ML - Khadlaj Perfumes,,,,,,,,,,,,,,,,,,,,,,,,,,,,,,,,,,,,,,,,,,,,,,,,,,,,,,,,,,,
mazoon-gold-18ml-non-alcoholic-perfume-oil-shop-online-best-price-in-dubai-uae,MAZOON GOLD 18ML,"<style type=""text/css"" data-mce-fragment=""1""><!--
td {border: 1px solid #cccccc;}br {mso-data-placement:same-cell;}
--></style>
<span data-sheets-value='{""1"":2,""2"":""Indulge in the opulence of Mazoon Gold concentrated perfume oil, a fragrance that exudes sophistication and allure. Crafted with the utmost care, this luxurious perfume oil is designed to be safe for both your skin and hair, allowing you to experience its captivating aroma in various ways.\n\nThe top notes of bergamot and jasmine create a dazzling opening, immediately captivating your senses with their bright and floral tones. The refreshing bergamot adds a citrusy zest, while the delicate and alluring jasmine infuses the fragrance with a touch of elegance.\n\nAs the scent unfolds, the middle note of amber emerges, enveloping you in its warm and enticing embrace. Amber brings depth and richness to the fragrance, evoking a sense of luxury and sensuality that lingers in the air.\n\nAt the base, the fragrance is anchored by the harmonious blend of patchouli and pinewood. Patchouli contributes an earthy and exotic quality, adding complexity and a hint of mystery. The pinewood note brings a touch of freshness and depth, enhancing the overall composition.\n\nMazoon Gold is a non-alcoholic perfume oil, ensuring a gentle and long-lasting scent experience. Its safe formulation allows you to apply it directly to your skin and hair, immersing yourself in its captivating aroma throughout the day.\n\nElevate your fragrance collection with Mazoon Gold, a concentrated perfume oil that epitomizes elegance and sophistication. Whether worn as a personal fragrance or used to enhance the scent of your hair, this luxurious perfume oil will leave a lasting impression. Immerse yourself in its exquisite blend of bergamot, jasmine, amber, patchouli, and pinewood, and embark on a sensory journey that is truly enchanting.""}' data-sheets-userformat='{""2"":15233,""3"":{""1"":0},""10"":0,""11"":4,""12"":0,""14"":{""1"":2,""2"":0},""15"":""Calibri"",""16"":11}' data-mce-fragment=""1"">Indulge in the opulence of Mazoon Gold concentrated perfume oil, a fragrance that exudes sophistication and allure. Crafted with the utmost care, this luxurious perfume oil is designed to be safe for both your skin and hair, allowing you to experience its captivating aroma in various ways.<br data-mce-fragment=""1""><br data-mce-fragment=""1"">The top notes of bergamot and jasmine create a dazzling opening, immediately captivating your senses with their bright and floral tones. The refreshing bergamot adds a citrusy zest, while the delicate and alluring jasmine infuses the fragrance with a touch of elegance.<br data-mce-fragment=""1""><br data-mce-fragment=""1"">As the scent unfolds, the middle note of amber emerges, enveloping you in its warm and enticing embrace. Amber brings depth and richness to the fragrance, evoking a sense of luxury and sensuality that lingers in the air.<br data-mce-fragment=""1""><br data-mce-fragment=""1"">At the base, the fragrance is anchored by the harmonious blend of patchouli and pinewood. Patchouli contributes an earthy and exotic quality, adding complexity and a hint of mystery. The pinewood note brings a touch of freshness and depth, enhancing the overall composition.<br data-mce-fragment=""1""><br data-mce-fragment=""1"">Mazoon Gold is a non-alcoholic perfume oil, ensuring a gentle and long-lasting scent experience. Its safe formulation allows you to apply it directly to your skin and hair, immersing yourself in its captivating aroma throughout the day.<br data-mce-fragment=""1""><br data-mce-fragment=""1"">Elevate your fragrance collection with Mazoon Gold, a concentrated perfume oil that epitomizes elegance and sophistication. Whether worn as a personal fragrance or used to enhance the scent of your hair, this luxurious perfume oil will leave a lasting impression. Immerse yourself in its exquisite blend of bergamot, jasmine, amber, patchouli, and pinewood, and embark on a sensory journey that is truly enchanting.</span>",Khadlaj-perfumes,Health & Beauty > Personal Care > Cosmetics > Perfumes & Colognes,CPO,"CPO, Unisex",true,Size,18 ml,,,,,,,,'6291107970271,500.0,shopify,deny,manual,50.00,,true,true,,,,,'6291107970271,https://cdn.shopify.com/s/files/1/0626/6119/8023/files/MAZOON_GOLD_18ML_-_Khadlaj_Perfumes-1965412.jpg?v=1722411115,1,MAZOON GOLD 18ML - Khadlaj Perfumes,false,"Floral, Woody, Musk Fragrance | Premium Perfume Oil","Floral, woody, and musk fragrance in a premium perfume oil. Non-alcoholic, long-lasting, and perfect for daily wear.",,,,,,,,,,,,,"<div class=""pyramid-section_lists""><h6 style=""font-weight:600;"">Top Notes</h6>
<p>Bergamot, Jasmine</p>
</div>
<div class=""pyramid-section_lists""><h6 style=""font-weight:600;"">Middle Notes</h6>
<p>Amber</p>
</div>
<div class=""pyramid-section_lists""><h6 style=""font-weight:600;"">Base Notes</h6>
<p>Patchouli, Pinewood</p>
</div>",,,,,,,,,,,,,,,,,,https://cdn.shopify.com/s/files/1/0626/6119/8023/files/MAZOON_GOLD_18ML_-_Khadlaj_Perfumes-1965412.jpg?v=1722411115,g,,,true,,,true,,,true,,,true,,,true,,,true,,,true,,,active
mazoon-gold-18ml-non-alcoholic-perfume-oil-shop-online-best-price-in-dubai-uae,,,,,,,,,,,,,,,,,,,,,,,,,,,,,,,https://cdn.shopify.com/s/files/1/0626/6119/8023/files/MAZOON_GOLD_18ML_-_Khadlaj_Perfumes-1965415.jpg?v=1722411119,2,MAZOON GOLD 18ML - Khadlaj Perfumes,,,,,,,,,,,,,,,,,,,,,,,,,,,,,,,,,,,,,,,,,,,,,,,,,,,,,,,,,,,
shamookh-gold-20ml-non-alcoholic-perfume-oil-shop-online-best-price-in-dubai-uae,SHAMOOKH GOLD 20ML,"<style type=""text/css""><!--
td {border: 1px solid #cccccc;}br {mso-data-placement:same-cell;}
--></style>
<p><span data-sheets-value='{""1"":2,""2"":""Experience the allure of luxury and elegance with Shamookh Gold concentrated perfume oil. This exquisite fragrance is carefully crafted to envelop your senses in a captivating and long-lasting aroma, while being safe for both your skin and hair.\n\nThe top notes of jasmine, hyacinth, and rhubarb create a mesmerizing opening, infusing the air with their intoxicating floral and fruity nuances. These notes immediately capture attention and leave a lasting impression.\n\nAs the fragrance develops, the heart notes of white musk, lily-of-the-valley, and amber emerge, adding depth and sophistication. The delicate white musk intertwines with the graceful floral essence of lily-of-the-valley, while the warm and inviting amber provides a comforting embrace.\n\nAt the base, the fragrance is anchored by the sensuous blend of musk and tonka bean. The musk adds a subtle allure and a touch of sensuality, while the creamy and sweet tonka bean imparts a sense of warmth and depth. Together, they create a captivating and unforgettable aroma that lingers on the skin and hair.\n\nShamookh Gold is meticulously crafted using high-quality ingredients, ensuring a luxurious and indulgent experience. It is non-alcoholic, making it gentle on the skin and hair while providing a long-lasting fragrance that can be enjoyed throughout the day.\n\nEmbrace the opulence of Shamookh Gold and elevate your personal fragrance collection. Whether worn as a perfume or used to enhance your hair, this concentrated perfume oil will envelop you in an aura of sophistication and allure. Allow its enchanting blend of notes to transport you to a world of elegance and luxury, leaving a trail of captivating fragrance in your wake.""}' data-sheets-userformat='{""2"":15233,""3"":{""1"":0},""10"":0,""11"":4,""12"":0,""14"":{""1"":2,""2"":0},""15"":""Calibri"",""16"":11}'>Experience the allure of luxury and elegance with Shamookh Gold concentrated perfume oil. This exquisite fragrance is carefully crafted to envelop your senses in a captivating and long-lasting aroma, while being safe for both your skin and hair.<br><br>The top notes of jasmine, hyacinth, and rhubarb create a mesmerizing opening, infusing the air with their intoxicating floral and fruity nuances. These notes immediately capture attention and leave a lasting impression.<br><br>As the fragrance develops, the heart notes of white musk, lily-of-the-valley, and amber emerge, adding depth and sophistication. The delicate white musk intertwines with the graceful floral essence of lily-of-the-valley, while the warm and inviting amber provides a comforting embrace.<br><br>At the base, the fragrance is anchored by the sensuous blend of musk and tonka bean. The musk adds a subtle allure and a touch of sensuality, while the creamy and sweet tonka bean imparts a sense of warmth and depth. Together, they create a captivating and unforgettable aroma that lingers on the skin and hair.<br><br>Shamookh Gold is meticulously crafted using high-quality ingredients, ensuring a luxurious and indulgent experience. It is non-alcoholic, making it gentle on the skin and hair while providing a long-lasting fragrance that can be enjoyed throughout the day.<br><br>Embrace the opulence of Shamookh Gold and elevate your personal fragrance collection. Whether worn as a perfume or used to enhance your hair, this concentrated perfume oil will envelop you in an aura of sophistication and allure. Allow its enchanting blend of notes to transport you to a world of elegance and luxury, leaving a trail of captivating fragrance in your wake.</span><br></p>",Khadlaj-perfumes,Health & Beauty > Personal Care > Cosmetics > Perfumes & Colognes,CPO,"CPO, Unisex",true,Size,20 ml,,,,,,,,'6291107973869,500.0,shopify,deny,manual,50.00,,true,true,,,,,'6291107973869,https://cdn.shopify.com/s/files/1/0626/6119/8023/files/SHAMOOKH_GOLD_20ML_-_Khadlaj_Perfumes-1965928.jpg?v=1722412114,1,SHAMOOKH GOLD 20ML - Khadlaj Perfumes,false,"Amber, Musk Fragrance | Premium Perfume Oil Online","Premium perfume oil with amber and musk notes. Enjoy a long-lasting, elegant fragrance crafted for refined taste. Shop online today.",,,,,,,,,,,,,"<div class=""pyramid-section_lists""><h6 style=""font-weight:600;"">Top Notes</h6>
<p>Jasmin, Hyacinth, Rhubarb</p>
</div>
<div class=""pyramid-section_lists""><h6 style=""font-weight:600;"">Middle Notes</h6>
<p>White Musk, Lily-of-the-valley, Amber</p>
</div>
<div class=""pyramid-section_lists""><h6 style=""font-weight:600;"">Base Notes</h6>
<p>Musk, Tonka bean</p>
</div>",,,,,,,,,,,,,,,,,,https://cdn.shopify.com/s/files/1/0626/6119/8023/files/SHAMOOKH_GOLD_20ML_-_Khadlaj_Perfumes-1965928.jpg?v=1722412114,g,,,true,,,true,,,true,,,true,,,true,,,true,,,true,,,active
shamookh-gold-20ml-non-alcoholic-perfume-oil-shop-online-best-price-in-dubai-uae,,,,,,,,,,,,,,,,,,,,,,,,,,,,,,,https://cdn.shopify.com/s/files/1/0626/6119/8023/files/SHAMOOKH_GOLD_20ML_-_Khadlaj_Perfumes-1965930.jpg?v=1722412120,2,SHAMOOKH GOLD 20ML - Khadlaj Perfumes,,,,,,,,,,,,,,,,,,,,,,,,,,,,,,,,,,,,,,,,,,,,,,,,,,,,,,,,,,,
shahi-oud-edp-spray-shop-online-best-price-in-dubai-uae,SHAHI OUD EDP SPRAY 100 ML,"<style data-mce-fragment=""1"" type=""text/css""><!--
td {border: 1px solid #cccccc;}br {mso-data-placement:same-cell;}
--></style>
<span data-mce-fragment=""1"" data-sheets-userformat='{""2"":15233,""3"":{""1"":0},""10"":0,""11"":4,""12"":0,""14"":{""1"":2,""2"":0},""15"":""Calibri"",""16"":11}' data-sheets-value='{""1"":2,""2"":""Experience the regal essence of Shahi Oud, an exquisite fragrance that exudes sophistication and luxury. This captivating eau de parfum is crafted for those who appreciate the finer things in life and seek a scent that reflects their refined taste.\n\nAt the top, Shahi Oud opens with the sparkling freshness of bergamot, which adds a citrusy and invigorating touch. This uplifting note is complemented by the delicate and powdery aroma of iris, lending a touch of elegance and sophistication to the composition.\n\nIn the heart of the fragrance, a rich and creamy accord of sandalwood takes center stage. Sandalwood brings a warm and woody character, evoking a sense of tranquility and serenity. It is skillfully balanced by the floral nuances of geranium, adding a subtle hint of freshness and vibrancy.\n\nAs the fragrance develops, it unveils a deep and alluring base. Amber lends a sensual and resinous quality, creating a warm and inviting aura. Indian agarwood, also known as oud, adds a distinctive and luxurious touch, with its rich and complex aroma that is both woody and smoky. The combination of these base notes creates a captivating and long-lasting trail that envelops you in a cloud of opulence.\n\nShahi Oud is a fragrance that embodies the splendor and elegance of royalty. Its blend of bergamot, iris, sandalwood, geranium, amber, and Indian agarwood creates a captivating and enchanting scent experience. This fragrance is perfect for those who seek a sophisticated and timeless aroma that leaves a lasting impression.\n\nWith Shahi Oud, you can indulge in the allure of luxury and elevate your olfactory senses to new heights. Whether you wear it for special occasions or as a signature scent, Shahi Oud will exude an air of refinement and prestige. Embrace the regal essence of Shahi Oud and immerse yourself in its captivating aura.""}'>Experience the regal essence of Shahi Oud, an exquisite fragrance that exudes sophistication and luxury. This captivating eau de parfum is crafted for those who appreciate the finer things in life and seek a scent that reflects their refined taste.<br data-mce-fragment=""1""><br data-mce-fragment=""1"">At the top, Shahi Oud opens with the sparkling freshness of bergamot, which adds a citrusy and invigorating touch. This uplifting note is complemented by the delicate and powdery aroma of iris, lending a touch of elegance and sophistication to the composition.<br data-mce-fragment=""1""><br data-mce-fragment=""1"">In the heart of the fragrance, a rich and creamy accord of sandalwood takes center stage. Sandalwood brings a warm and woody character, evoking a sense of tranquility and serenity. It is skillfully balanced by the floral nuances of geranium, adding a subtle hint of freshness and vibrancy.<br data-mce-fragment=""1""><br data-mce-fragment=""1"">As the fragrance develops, it unveils a deep and alluring base. Amber lends a sensual and resinous quality, creating a warm and inviting aura. Indian agarwood, also known as oud, adds a distinctive and luxurious touch, with its rich and complex aroma that is both woody and smoky. The combination of these base notes creates a captivating and long-lasting trail that envelops you in a cloud of opulence.<br data-mce-fragment=""1""><br data-mce-fragment=""1"">Shahi Oud is a fragrance that embodies the splendor and elegance of royalty. Its blend of bergamot, iris, sandalwood, geranium, amber, and Indian agarwood creates a captivating and enchanting scent experience. This fragrance is perfect for those who seek a sophisticated and timeless aroma that leaves a lasting impression.<br data-mce-fragment=""1""><br data-mce-fragment=""1"">With Shahi Oud, you can indulge in the allure of luxury and elevate your olfactory senses to new heights. Whether you wear it for special occasions or as a signature scent, Shahi Oud will exude an air of refinement and prestige. Embrace the regal essence of Shahi Oud and immerse yourself in its captivating aura.</span>",Khadlaj-perfumes,Health & Beauty > Personal Care > Cosmetics > Perfumes & Colognes,PERFUME SPRAY,"Men, Perfume Spray",true,Size,100 ml,,,,,,,,'6291107971032,1000.0,shopify,deny,manual,35.00,,true,true,,,,,'6291107971032,https://cdn.shopify.com/s/files/1/0626/6119/8023/files/SHAHI_OUD_EDP_SPRAY_100_ML_-_Khadlaj_Perfumes-1965925.jpg?v=1784369275,1,SHAHI OUD EDP SPRAY 100 ML - Khadlaj Perfumes,false,Shahi Oud Rich Woody Amber Perfume Online Dubai,"Shahi Oud combines rich woody and amber notes, creating a premium luxury fragrance for men online in Dubai, UAE.",,,,,,,,,,,,,"<div class=""pyramid-section_lists""><h6 style=""font-weight:600;"">Top Notes</h6>
<p>Bergamot, Iris</p>
</div>
<div class=""pyramid-section_lists""><h6 style=""font-weight:600;"">Middle Notes</h6>
<p>Sandalwood, Geranium</p>
</div>
<div class=""pyramid-section_lists""><h6 style=""font-weight:600;"">Base Notes</h6>
<p>Amber, Indian Agarwood </p>
</div>",,,,,,,,,,,,,,,,,,https://cdn.shopify.com/s/files/1/0626/6119/8023/files/SHAHI_OUD_EDP_SPRAY_100_ML_-_Khadlaj_Perfumes-1965922.jpg?v=1722412102,g,,,true,,,true,,,true,,,true,,,true,,,true,,,true,,,active
shahi-oud-edp-spray-shop-online-best-price-in-dubai-uae,,,,,,,,,,,,,,,,,,,,,,,,,,,,,,,https://cdn.shopify.com/s/files/1/0626/6119/8023/files/SHAHI_OUD_EDP_SPRAY_100_ML_-_Khadlaj_Perfumes-1965922.jpg?v=1722412102,2,SHAHI OUD EDP SPRAY 100 ML - Khadlaj Perfumes,,,,,,,,,,,,,,,,,,,,,,,,,,,,,,,,,,,,,,,,,,,,,,,,,,,,,,,,,,,
infini-edp-spray-spray-shop-online-best-price-in-dubai-uae,INFINI EDP SPRAY 100ML,"<style type=""text/css""><!--
td {border: 1px solid #cccccc;}br {mso-data-placement:same-cell;}
--></style>
<span data-sheets-userformat='{""2"":15233,""3"":{""1"":0},""10"":0,""11"":4,""12"":0,""14"":{""1"":2,""2"":0},""15"":""Calibri"",""16"":11}' data-sheets-value='{""1"":2,""2"":""Experience the endless allure of Infini, an eau de parfum that takes you on a journey of boundless possibilities. This fragrance is crafted for those who dare to dream big and embrace the infinite potential within themselves.\n\nAt the top, Infini unfolds with a burst of freshness and vibrancy. The combination of bergamot, apple, and pineapple creates a tantalizing blend that invigorates the senses and captivates the imagination. These fruity notes lend a playful and uplifting quality to the fragrance, setting the stage for the journey ahead.\n\nIn the heart of the composition, a captivating blend of patchouli and cardamom takes center stage. Patchouli brings a warm and earthy richness, while cardamom adds a touch of spice and intrigue. Together, these notes create a harmonious balance between sensuality and complexity, drawing you deeper into the fragrance.\n\nAs the fragrance evolves, it settles into a mesmerizing and enchanting base. The dry birch note adds a smoky and woody character, evoking a sense of mystery and depth. Vetiver, with its earthy and green facets, adds a touch of elegance and sophistication. The combination of these base notes creates a captivating and long-lasting trail that lingers on the skin.\n\nInfini is a fragrance that embodies the limitless possibilities of the imagination. Its blend of bergamot, apple, pineapple, patchouli, cardamom, dry birch, and vetiver creates a captivating and multi-faceted scent experience. This fragrance is perfect for those who dare to dream big and embrace the infinite potential within themselves.\n\nWith Infini, you can embark on a journey of boundless exploration and let your dreams take flight. Whether you wear it as an everyday scent or for special occasions, Infini will accompany you on your quest for endless possibilities. Embrace the infinite potential within you with Infini and let your imagination soar beyond the boundaries of the imaginable.""}'>Experience the endless allure of Infini, an eau de parfum that takes you on a journey of boundless possibilities. This fragrance is crafted for those who dare to dream big and embrace the infinite potential within themselves.<br><br>At the top, Infini unfolds with a burst of freshness and vibrancy. The combination of bergamot, apple, and pineapple creates a tantalizing blend that invigorates the senses and captivates the imagination. These fruity notes lend a playful and uplifting quality to the fragrance, setting the stage for the journey ahead.<br><br>In the heart of the composition, a captivating blend of patchouli and cardamom takes center stage. Patchouli brings a warm and earthy richness, while cardamom adds a touch of spice and intrigue. Together, these notes create a harmonious balance between sensuality and complexity, drawing you deeper into the fragrance.<br><br>As the fragrance evolves, it settles into a mesmerizing and enchanting base. The dry birch note adds a smoky and woody character, evoking a sense of mystery and depth. Vetiver, with its earthy and green facets, adds a touch of elegance and sophistication. The combination of these base notes creates a captivating and long-lasting trail that lingers on the skin.<br><br>Infini is a fragrance that embodies the limitless possibilities of the imagination. Its blend of bergamot, apple, pineapple, patchouli, cardamom, dry birch, and vetiver creates a captivating and multi-faceted scent experience. This fragrance is perfect for those who dare to dream big and embrace the infinite potential within themselves.<br><br>With Infini, you can embark on a journey of boundless exploration and let your dreams take flight. Whether you wear it as an everyday scent or for special occasions, Infini will accompany you on your quest for endless possibilities. Embrace the infinite potential within you with Infini and let your imagination soar beyond the boundaries of the imaginable.</span>",Khadlaj-perfumes,Health & Beauty > Personal Care > Cosmetics > Perfumes & Colognes,PERFUME SPRAY,"30% offer, Perfume Spray, unisex",true,Size,100 ML,,,,,,,,'6297000742625,0.0,shopify,deny,manual,53.00,,true,true,,,,,,https://cdn.shopify.com/s/files/1/0626/6119/8023/files/INFINI_EDP_SPRAY_100ML_-_Khadlaj_Perfumes-1964808.jpg?v=1784369227,1,INFINI EDP SPRAY 100ML - Khadlaj Perfumes,false,Infini Spicy Amber Musk Perfume Online Dubai UAE,"Infini perfume crafted with spicy, amber, and musk notes, offering a bold and luxurious fragrance for men and women online in Dubai, UAE.",,,,,,,,,,,,,"<div class=""pyramid-section_lists""><h6 style=""font-weight:600;"">Top Notes</h6>
<p> Bergamot, Apple, and Pineapple. </p>
</div>
<div class=""pyramid-section_lists""><h6 style=""font-weight:600;"">Middle Notes</h6>
<p>Patchouli, Cardomom</p>
</div>
<div class=""pyramid-section_lists""><h6 style=""font-weight:600;"">Base Notes</h6>
<p> Dry birch, Vetiver</p>
</div>",,,,,,,,,,,,,,,,,,,g,,,true,,,true,,,true,,,true,,,true,,,true,,,true,,,active
infini-edp-spray-spray-shop-online-best-price-in-dubai-uae,,,,,,,,,,,,,,,,,,,,,,,,,,,,,,,https://cdn.shopify.com/s/files/1/0626/6119/8023/files/INFINI_EDP_SPRAY_100ML_-_Khadlaj_Perfumes-1964805.jpg?v=1722409902,2,INFINI EDP SPRAY 100ML - Khadlaj Perfumes,,,,,,,,,,,,,,,,,,,,,,,,,,,,,,,,,,,,,,,,,,,,,,,,,,,,,,,,,,,
uno-sensuale-edp-spray-shop-online-best-price-in-dubai-uae,UNO SENSUALE EDP SPRAY 100 ML,"<style type=""text/css"" data-mce-fragment=""1""><!--
td {border: 1px solid #cccccc;}br {mso-data-placement:same-cell;}
--></style>
<span data-sheets-value='{""1"":2,""2"":""Experience the captivating allure of La Fede Uno Sensuale, an eau de parfum that embodies sensuality, sophistication, and allure. This fragrance is crafted for those who embrace their inner sensuality and desire to leave a lasting impression.\n\nAt the top, La Fede Uno Sensuale opens with a burst of freshness and zest, as lemon and mandarin intertwine to create a vibrant and invigorating opening. These citrus notes awaken the senses and set the stage for the sensual journey that lies ahead.\n\nIn the heart of the composition, a captivating bouquet of jasmine, lily of the valley, neroli, orris, rose, and violet unfolds. These floral notes intertwine harmoniously, creating a sensual and seductive aura. Each note contributes its unique essence, from the intoxicating sweetness of jasmine to the delicate and powdery allure of violet. This floral medley evokes passion, femininity, and elegance.\n\nAs the fragrance evolves, it settles into a warm and alluring base. The rich and resinous notes of amber and cedarwood provide a solid foundation, adding depth and sophistication to the composition. Musk brings a subtle sensuality, while sandalwood adds a creamy and woody touch. The sweetness of vanilla adds a comforting and indulgent aspect to the fragrance, enveloping you in its warm embrace.\n\nLa Fede Uno Sensuale is a fragrance that embodies sensuality and allure. Its blend of lemon, mandarin, jasmine, lily of the valley, neroli, orris, rose, violet, amber, cedarwood, musk, sandalwood, and vanilla creates an enchanting and captivating scent experience. This fragrance is perfect for those who embrace their sensuality and desire to make a lasting impression.\n\nWith La Fede Uno Sensuale, you can embrace your inner sensuality and captivate those around you. Whether you wear it for special occasions or as your signature scent, La Fede Uno Sensualle will envelop you in a sensual and alluring fragrance that leaves a lasting impression. Embrace the power of sensuality with La Fede Uno Sensuale and let your presence ignite passion and desire.""}' data-sheets-userformat='{""2"":15233,""3"":{""1"":0},""10"":0,""11"":4,""12"":0,""14"":{""1"":2,""2"":0},""15"":""Calibri"",""16"":11}' data-mce-fragment=""1"">Experience the captivating allure of La Fede Uno Sensuale, an eau de parfum that embodies sensuality, sophistication, and allure. This fragrance is crafted for those who embrace their inner sensuality and desire to leave a lasting impression.<br data-mce-fragment=""1""><br data-mce-fragment=""1"">At the top, La Fede Uno Sensuale opens with a burst of freshness and zest, as lemon and mandarin intertwine to create a vibrant and invigorating opening. These citrus notes awaken the senses and set the stage for the sensual journey that lies ahead.<br data-mce-fragment=""1""><br data-mce-fragment=""1"">In the heart of the composition, a captivating bouquet of jasmine, lily of the valley, neroli, orris, rose, and violet unfolds. These floral notes intertwine harmoniously, creating a sensual and seductive aura. Each note contributes its unique essence, from the intoxicating sweetness of jasmine to the delicate and powdery allure of violet. This floral medley evokes passion, femininity, and elegance.<br data-mce-fragment=""1""><br data-mce-fragment=""1"">As the fragrance evolves, it settles into a warm and alluring base. The rich and resinous notes of amber and cedarwood provide a solid foundation, adding depth and sophistication to the composition. Musk brings a subtle sensuality, while sandalwood adds a creamy and woody touch. The sweetness of vanilla adds a comforting and indulgent aspect to the fragrance, enveloping you in its warm embrace.<br data-mce-fragment=""1""><br data-mce-fragment=""1"">La Fede Uno Sensuale is a fragrance that embodies sensuality and allure. Its blend of lemon, mandarin, jasmine, lily of the valley, neroli, orris, rose, violet, amber, cedarwood, musk, sandalwood, and vanilla creates an enchanting and captivating scent experience. This fragrance is perfect for those who embrace their sensuality and desire to make a lasting impression.<br data-mce-fragment=""1""><br data-mce-fragment=""1"">With La Fede Uno Sensuale, you can embrace your inner sensuality and captivate those around you. Whether you wear it for special occasions or as your signature scent, La Fede Uno Sensualle will envelop you in a sensual and alluring fragrance that leaves a lasting impression. Embrace the power of sensuality with La Fede Uno Sensuale and let your presence ignite passion and desire.</span>",Khadlaj-perfumes,Health & Beauty > Personal Care > Cosmetics > Perfumes & Colognes,PERFUME SPRAY,"Perfume Spray, women",true,Size,100 ml,,,,,,,,'6291107971490,500.0,shopify,deny,manual,55.00,,true,true,,,,,'6291107971490,https://cdn.shopify.com/s/files/1/0626/6119/8023/files/UNO_SENSUALE_EDP_SPRAY_100_ML_-_Khadlaj_Perfumes-1966051.jpg?v=1722412362,1,UNO SENSUALE EDP SPRAY 100 ML - Khadlaj Perfumes,false,,,,,,,,,,,,,,,"<div class=""pyramid-section_lists""><h6 style=""font-weight:600;"">Top Notes</h6>
<p>Lemon, Mandarin</p>
</div>
<div class=""pyramid-section_lists""><h6 style=""font-weight:600;"">Middle Notes</h6>
<p>Jasmine, Lily of the valley, Neroli, Orris, Rose, Violet</p>
</div>
<div class=""pyramid-section_lists""><h6 style=""font-weight:600;"">Base Notes</h6>
<p>Amber, Cedarwood, Musk, Sandalwood, Vanilla</p>
</div>",,,,,,,,,,,,,,,,,,https://cdn.shopify.com/s/files/1/0626/6119/8023/files/UNO_SENSUALE_EDP_SPRAY_100_ML_-_Khadlaj_Perfumes-1966051.jpg?v=1722412362,g,,,true,,,true,,,true,,,true,,,true,,,true,,,true,,,active
uno-sensuale-edp-spray-shop-online-best-price-in-dubai-uae,,,,,,,,,,,,,,,,,,,,,,,,,,,,,,,https://cdn.shopify.com/s/files/1/0626/6119/8023/files/UNO_SENSUALE_EDP_SPRAY_100_ML_-_Khadlaj_Perfumes-1966055.jpg?v=1722412368,2,UNO SENSUALE EDP SPRAY 100 ML - Khadlaj Perfumes,,,,,,,,,,,,,,,,,,,,,,,,,,,,,,,,,,,,,,,,,,,,,,,,,,,,,,,,,,,
uno-sensuale-edp-spray-shop-online-best-price-in-dubai-uae,,,,,,,,,,,,,,,,,,,,,,,,,,,,,,,https://cdn.shopify.com/s/files/1/0626/6119/8023/files/UNO_SENSUALE_EDP_SPRAY_100_ML_-_Khadlaj_Perfumes-1966057.jpg?v=1722412374,3,UNO SENSUALE EDP SPRAY 100 ML - Khadlaj Perfumes,,,,,,,,,,,,,,,,,,,,,,,,,,,,,,,,,,,,,,,,,,,,,,,,,,,,,,,,,,,
uno-lusso-edp-spray-shop-online-best-price-in-dubai-uae,UNO LUSSO EDP SPRAY 100 ML,"<style type=""text/css"" data-mce-fragment=""1""><!--
td {border: 1px solid #cccccc;}br {mso-data-placement:same-cell;}
--></style>
<span data-sheets-value='{""1"":2,""2"":""Indulge in the luxurious essence of La Fede Uno Lusso, an exquisite eau de parfum that embodies opulence, sophistication, and elegance. This fragrance is crafted for those who appreciate the finer things in life and seek to surround themselves with a sense of luxury.\n\nAt the top, La Fede Uno Lusso unveils a captivating blend of bergamot, melon, peach, and pear. The fruity and refreshing notes create a vibrant and uplifting opening that immediately captures attention and sets a luxurious tone for the fragrance.\n\nIn the heart of the composition, a bouquet of freesia, lily of the valley, rose, and violet unfolds, enveloping you in a delicate and graceful embrace. These floral notes exude elegance and femininity, adding depth and complexity to the fragrance. The heart of La Fede Uno Lusso represents the essence of luxury, evoking images of blooming flowers in a grand garden.\n\nAs the fragrance evolves, it settles into a warm and sensual base. The rich and woody notes of cedarwood and sandalwood provide a solid foundation, adding depth and sophistication. The creamy and comforting notes of vanilla lend a touch of sweetness and allure. Musk brings a subtle sensuality and enhances the overall elegance of the composition.\n\nLa Fede Uno Lusso is a fragrance that embodies luxury and sophistication. Its blend of bergamot, melon, peach, pear, freesia, lily of the valley, rose, violet, cedarwood, sandalwood, vanilla, and musk creates an enchanting and opulent scent experience. This fragrance is perfect for those who desire to surround themselves with an aura of luxury and grace.\n\nWith La Fede Uno Lusso, you can immerse yourself in a world of luxury and elevate your everyday experiences. Whether you wear it for special occasions or as your signature scent, La Fede Uno Lusso will envelop you in an exquisite fragrance that leaves a lasting impression. Embrace the allure of luxury with La Fede Uno Lusso and let your presence radiate elegance and sophistication.""}' data-sheets-userformat='{""2"":15233,""3"":{""1"":0},""10"":0,""11"":4,""12"":0,""14"":{""1"":2,""2"":0},""15"":""Calibri"",""16"":11}' data-mce-fragment=""1"">Indulge in the luxurious essence of La Fede Uno Lusso, an exquisite eau de parfum that embodies opulence, sophistication, and elegance. This fragrance is crafted for those who appreciate the finer things in life and seek to surround themselves with a sense of luxury.<br data-mce-fragment=""1""><br data-mce-fragment=""1"">At the top, La Fede Uno Lusso unveils a captivating blend of bergamot, melon, peach, and pear. The fruity and refreshing notes create a vibrant and uplifting opening that immediately captures attention and sets a luxurious tone for the fragrance.<br data-mce-fragment=""1""><br data-mce-fragment=""1"">In the heart of the composition, a bouquet of freesia, lily of the valley, rose, and violet unfolds, enveloping you in a delicate and graceful embrace. These floral notes exude elegance and femininity, adding depth and complexity to the fragrance. The heart of La Fede Uno Lusso represents the essence of luxury, evoking images of blooming flowers in a grand garden.<br data-mce-fragment=""1""><br data-mce-fragment=""1"">As the fragrance evolves, it settles into a warm and sensual base. The rich and woody notes of cedarwood and sandalwood provide a solid foundation, adding depth and sophistication. The creamy and comforting notes of vanilla lend a touch of sweetness and allure. Musk brings a subtle sensuality and enhances the overall elegance of the composition.<br data-mce-fragment=""1""><br data-mce-fragment=""1"">La Fede Uno Lusso is a fragrance that embodies luxury and sophistication. Its blend of bergamot, melon, peach, pear, freesia, lily of the valley, rose, violet, cedarwood, sandalwood, vanilla, and musk creates an enchanting and opulent scent experience. This fragrance is perfect for those who desire to surround themselves with an aura of luxury and grace.<br data-mce-fragment=""1""><br data-mce-fragment=""1"">With La Fede Uno Lusso, you can immerse yourself in a world of luxury and elevate your everyday experiences. Whether you wear it for special occasions or as your signature scent, La Fede Uno Lusso will envelop you in an exquisite fragrance that leaves a lasting impression. Embrace the allure of luxury with La Fede Uno Lusso and let your presence radiate elegance and sophistication.</span>",Khadlaj-perfumes,Health & Beauty > Personal Care > Cosmetics > Perfumes & Colognes,PERFUME SPRAY,"Perfume Spray, women",true,Size,100 ml,,,,,,,,'6291107971520,500.0,shopify,deny,manual,42.00,,true,true,,,,,'6291107971520,https://cdn.shopify.com/s/files/1/0626/6119/8023/files/UNO_LUSSO_EDP_SPRAY_100_ML_-_Khadlaj_Perfumes-1966042.jpg?v=1722412344,1,UNO LUSSO EDP SPRAY 100 ML - Khadlaj Perfumes,false,,,,,,,,,,,,,,,"<div class=""pyramid-section_lists""><h6 style=""font-weight:600;"">Top Notes</h6>
<p> Bergamot, Melon, Peach, Pear/p>
</div>
<div class=""pyramid-section_lists""><h6 style=""font-weight:600;"">Middle Notes</h6>
<p>Freesia, Lily of the valley, Rose, Violet </p>
</div>
<div class=""pyramid-section_lists""><h6 style=""font-weight:600;"">Base Notes</h6>
<p>Cedarwood, Sandalwood, Vanilla, Musk</p>
</div>",,,,,,,,,,,,,,,,,,https://cdn.shopify.com/s/files/1/0626/6119/8023/files/UNO_LUSSO_EDP_SPRAY_100_ML_-_Khadlaj_Perfumes-1966042.jpg?v=1722412344,g,,,true,,,true,,,true,,,true,,,true,,,true,,,true,,,active
uno-lusso-edp-spray-shop-online-best-price-in-dubai-uae,,,,,,,,,,,,,,,,,,,,,,,,,,,,,,,https://cdn.shopify.com/s/files/1/0626/6119/8023/files/UNO_LUSSO_EDP_SPRAY_100_ML_-_Khadlaj_Perfumes-1966045.jpg?v=1722412350,2,UNO LUSSO EDP SPRAY 100 ML - Khadlaj Perfumes,,,,,,,,,,,,,,,,,,,,,,,,,,,,,,,,,,,,,,,,,,,,,,,,,,,,,,,,,,,
uno-lusso-edp-spray-shop-online-best-price-in-dubai-uae,,,,,,,,,,,,,,,,,,,,,,,,,,,,,,,https://cdn.shopify.com/s/files/1/0626/6119/8023/files/UNO_LUSSO_EDP_SPRAY_100_ML_-_Khadlaj_Perfumes-1966048.jpg?v=1722412357,3,UNO LUSSO EDP SPRAY 100 ML - Khadlaj Perfumes,,,,,,,,,,,,,,,,,,,,,,,,,,,,,,,,,,,,,,,,,,,,,,,,,,,,,,,,,,,
uno-durable-edp-spray-shop-online-best-price-in-dubai-uae,UNO DURABLE EDP SPRAY 100 ML,"<style type=""text/css""><!--
td {border: 1px solid #cccccc;}br {mso-data-placement:same-cell;}
--></style>
<span data-sheets-value='{""1"":2,""2"":""Experience the lasting impression of La Fede Uno Durable, an enchanting eau de parfum that embodies strength, elegance, and endurance. This fragrance is crafted for individuals who exude confidence and appreciate the artistry of enduring scents.\n\nAt the top, La Fede Uno Durable opens with a burst of uplifting bergamot, creating a bright and energetic introduction. The delicate and comforting notes of almond add a touch of sweetness and sophistication, setting the stage for the olfactory journey ahead.\n\nIn the heart of the fragrance, the aromatic and spicy notes of juniper berries intertwine with the lush and floral essence of peony. This captivating combination creates a harmonious blend that is both alluring and intriguing. The heart of La Fede Uno Durable is a testament to the strength and resilience of the human spirit.\n\nAs the fragrance evolves, it reveals a solid and enduring base. The deep and mysterious notes of ambergris add a touch of sensuality and depth, while the earthy and mossy nuances of oak moss provide a grounding and comforting presence. The base notes of La Fede Uno Durable leave a lasting impression, symbolizing resilience and determination.\n\nLa Fede Uno Durable is a fragrance that celebrates the enduring qualities of the human spirit. Its blend of bergamot, almond, juniper berries, peony, ambergris, and oak moss creates a captivating and empowering scent experience. This fragrance is perfect for individuals who seek a long-lasting and distinctive fragrance that reflects their inner strength and resilience.\n\nWith La Fede Uno Durable, you can embrace your inner fortitude and leave a lasting impression wherever you go. Whether you wear it during important occasions or as a daily signature scent, La Fede Uno Durable will accompany you on your journey, reminding you of your inner strength and endurance. Experience the power of endurance with La Fede Uno Durable and let your presence make a lasting impact.""}' data-sheets-userformat='{""2"":15233,""3"":{""1"":0},""10"":0,""11"":4,""12"":0,""14"":{""1"":2,""2"":0},""15"":""Calibri"",""16"":11}'>Experience the lasting impression of La Fede Uno Durable, an enchanting eau de parfum that embodies strength, elegance, and endurance. This fragrance is crafted for individuals who exude confidence and appreciate the artistry of enduring scents.<br><br>At the top, La Fede Uno Durable opens with a burst of uplifting bergamot, creating a bright and energetic introduction. The delicate and comforting notes of almond add a touch of sweetness and sophistication, setting the stage for the olfactory journey ahead.<br><br>In the heart of the fragrance, the aromatic and spicy notes of juniper berries intertwine with the lush and floral essence of peony. This captivating combination creates a harmonious blend that is both alluring and intriguing. The heart of La Fede Uno Durable is a testament to the strength and resilience of the human spirit.<br><br>As the fragrance evolves, it reveals a solid and enduring base. The deep and mysterious notes of amber wood add a touch of sensuality and depth, while the earthy and mossy nuances of oak moss provide a grounding and comforting presence. The base notes of La Fede Uno Durable leave a lasting impression, symbolizing resilience and determination.<br><br>La Fede Uno Durable is a fragrance that celebrates the enduring qualities of the human spirit. Its blend of bergamot, almond, juniper berries, peony, amber wood, and oak moss creates a captivating and empowering scent experience. This fragrance is perfect for individuals who seek a long-lasting and distinctive fragrance that reflects their inner strength and resilience.<br><br>With La Fede Uno Durable, you can embrace your inner fortitude and leave a lasting impression wherever you go. Whether you wear it during important occasions or as a daily signature scent, La Fede Uno Durable will accompany you on your journey, reminding you of your inner strength and endurance. Experience the power of endurance with La Fede Uno Durable and let your presence make a lasting impact.</span>",Khadlaj-perfumes,Health & Beauty > Personal Care > Cosmetics > Perfumes & Colognes,PERFUME SPRAY,"Perfume Spray, women",true,Size,100 ml,,,,,,,,'6291107971106,500.0,shopify,deny,manual,55.00,,true,true,,,,,'6291107971106,https://cdn.shopify.com/s/files/1/0626/6119/8023/files/UNO_DURABLE_EDP_SPRAY_100_ML_-_Khadlaj_Perfumes-1966025.jpg?v=1722412307,1,UNO DURABLE EDP SPRAY 100 ML - Khadlaj Perfumes,false,,,,,,,,,,,,,,,"<div class=""pyramid-section_lists""><h6 style=""font-weight:600;"">Top Notes</h6>
<p> Bergamot, Almond</p>
</div>
<div class=""pyramid-section_lists""><h6 style=""font-weight:600;"">Middle Notes</h6>
<p>Juniper Berries, Peony </p>
</div>
<div class=""pyramid-section_lists""><h6 style=""font-weight:600;"">Base Notes</h6>
<p>Amber wood, Oak Moss</p>
</div>",,,,,,,,,,,,,,,,,,https://cdn.shopify.com/s/files/1/0626/6119/8023/files/UNO_DURABLE_EDP_SPRAY_100_ML_-_Khadlaj_Perfumes-1966025.jpg?v=1722412307,g,,,true,,,true,,,true,,,true,,,true,,,true,,,true,,,active
uno-durable-edp-spray-shop-online-best-price-in-dubai-uae,,,,,,,,,,,,,,,,,,,,,,,,,,,,,,,https://cdn.shopify.com/s/files/1/0626/6119/8023/files/UNO_DURABLE_EDP_SPRAY_100_ML_-_Khadlaj_Perfumes-1966027.jpg?v=1722412313,2,UNO DURABLE EDP SPRAY 100 ML - Khadlaj Perfumes,,,,,,,,,,,,,,,,,,,,,,,,,,,,,,,,,,,,,,,,,,,,,,,,,,,,,,,,,,,
uno-durable-edp-spray-shop-online-best-price-in-dubai-uae,,,,,,,,,,,,,,,,,,,,,,,,,,,,,,,https://cdn.shopify.com/s/files/1/0626/6119/8023/files/UNO_DURABLE_EDP_SPRAY_100_ML_-_Khadlaj_Perfumes-1966030.jpg?v=1722412319,3,UNO DURABLE EDP SPRAY 100 ML - Khadlaj Perfumes,,,,,,,,,,,,,,,,,,,,,,,,,,,,,,,,,,,,,,,,,,,,,,,,,,,,,,,,,,,
rose-couture-edp-spray-shop-online-best-price-in-dubai-uae,ROSE COUTURE EDP SPRAY 100 ML,"<style type=""text/css""><!--
td {border: 1px solid #cccccc;}br {mso-data-placement:same-cell;}
--></style>
<span data-sheets-userformat='{""2"":15233,""3"":{""1"":0},""10"":0,""11"":4,""12"":0,""14"":{""1"":2,""2"":0},""15"":""Calibri"",""16"":11}' data-sheets-value='{""1"":2,""2"":""Indulge in the exquisite beauty and allure of Rose Couture, an enchanting eau de parfum that captures the essence of femininity and elegance. This fragrance is a tribute to the timeless beauty of roses, presented in a couture composition that is both sophisticated and captivating.\n\nAt the top, Rose Couture opens with a refreshing burst of citrusy bergamot, complemented by the succulent sweetness of lychee and pear. This vibrant combination creates a lively and joyful introduction, setting the stage for the floral symphony that unfolds.\n\nIn the heart of the fragrance, the majestic Turkish rose takes center stage. Known for its luxurious and captivating aroma, it exudes an aura of romance and passion. Paired with the deep and woody notes of agarwood and the mystical allure of incense, the heart of Rose Couture is a mesmerizing blend that enchants the senses.\n\nAs the fragrance lingers on the skin, it reveals a warm and comforting base. The rich and woody tones of cedarwood provide a solid foundation, while the creamy and sweet nuances of vanilla add a touch of indulgence. The base is further enhanced by the sensuous and captivating notes of amber, creating a lasting impression that wraps you in an embrace of elegance and sophistication.\n\nRose Couture is a fragrance that celebrates the eternal beauty of roses and the allure of haute couture. Its blend of bergamot, lychee, pear, Turkish rose, agarwood, incense, cedarwood, vanilla, and amber creates a harmonious symphony of scents that is both captivating and unforgettable. This fragrance is perfect for those who appreciate the timeless charm of roses and seek a scent that embodies grace, femininity, and sophistication.\n\nWith Rose Couture, you can immerse yourself in the world of high fashion and experience the luxurious beauty of roses. Wear it on special occasions or whenever you want to feel effortlessly elegant and refined. Let Rose Couture become your signature fragrance, a symbol of timeless beauty and grace. Embrace the allure of roses with Rose Couture and let your presence captivate and inspire.""}'>Indulge in the exquisite beauty and allure of Rose Couture, an enchanting eau de parfum that captures the essence of femininity and elegance. This fragrance is a tribute to the timeless beauty of roses, presented in a couture composition that is both sophisticated and captivating.<br><br>At the top, Rose Couture opens with a refreshing burst of citrusy bergamot, complemented by the succulent sweetness of lychee and pear. This vibrant combination creates a lively and joyful introduction, setting the stage for the floral symphony that unfolds.<br><br>In the heart of the fragrance, the majestic Turkish rose takes center stage. Known for its luxurious and captivating aroma, it exudes an aura of romance and passion. Paired with the deep and woody notes of agarwood and the mystical allure of incense, the heart of Rose Couture is a mesmerizing blend that enchants the senses.<br><br>As the fragrance lingers on the skin, it reveals a warm and comforting base. The rich and woody tones of cedarwood provide a solid foundation, while the creamy and sweet nuances of vanilla add a touch of indulgence. The base is further enhanced by the sensuous and captivating notes of amber, creating a lasting impression that wraps you in an embrace of elegance and sophistication.<br><br>Rose Couture is a fragrance that celebrates the eternal beauty of roses and the allure of haute couture. Its blend of bergamot, lychee, pear, Turkish rose, agarwood, incense, cedarwood, vanilla, and amber creates a harmonious symphony of scents that is both captivating and unforgettable. This fragrance is perfect for those who appreciate the timeless charm of roses and seek a scent that embodies grace, femininity, and sophistication.<br><br>With Rose Couture, you can immerse yourself in the world of high fashion and experience the luxurious beauty of roses. Wear it on special occasions or whenever you want to feel effortlessly elegant and refined. Let Rose Couture become your signature fragrance, a symbol of timeless beauty and grace. Embrace the allure of roses with Rose Couture and let your presence captivate and inspire.</span>",Khadlaj-perfumes,Health & Beauty > Personal Care > Cosmetics > Perfumes & Colognes,PERFUME SPRAY,"Deals, Perfume Spray, women",true,Size,100 ML,,,,,,,,,0.0,shopify,deny,manual,50.00,118.00,true,true,,,,,,https://cdn.shopify.com/s/files/1/0626/6119/8023/files/ROSE_COUTURE_EDP_SPRAY_100_ML_-_Khadlaj_Perfumes-1965899.jpg?v=1784369711,1,ROSE COUTURE EDP SPRAY 100 ML - Khadlaj Perfumes,false,,,,,,,,,,,,,,,"<div class=""pyramid-section_lists""><h6 style=""font-weight:600;"">Top Notes</h6>
<p>Bergamot, Lychee, Pear</p>
</div>
<div class=""pyramid-section_lists""><h6 style=""font-weight:600;"">Middle Notes</h6>
<p>Turkish Rose, Agarwood, Incense </p>
</div>
<div class=""pyramid-section_lists""><h6 style=""font-weight:600;"">Base Notes</h6>
<p>Cedar wood, Vanila, Amber</p>
</div>",,,,,,,,,,,,,,,,,,,g,,,true,,,true,,,true,,,true,,,true,,,true,,,true,,,active
rose-couture-edp-spray-shop-online-best-price-in-dubai-uae,,,,,,,,,,,,,,,,,,,,,,,,,,,,,,,https://cdn.shopify.com/s/files/1/0626/6119/8023/files/ROSE_COUTURE_EDP_SPRAY_100_ML_-_Khadlaj_Perfumes-1965896.jpg?v=1722412049,2,ROSE COUTURE EDP SPRAY 100 ML - Khadlaj Perfumes,,,,,,,,,,,,,,,,,,,,,,,,,,,,,,,,,,,,,,,,,,,,,,,,,,,,,,,,,,,
rose-couture-edp-spray-shop-online-best-price-in-dubai-uae,,,,,,,,,,,,,,,,,,,,,,,,,,,,,,,https://cdn.shopify.com/s/files/1/0626/6119/8023/files/ROSE_COUTURE_EDP_SPRAY_100_ML_-_Khadlaj_Perfumes-1965902.jpg?v=1722412060,3,ROSE COUTURE EDP SPRAY 100 ML - Khadlaj Perfumes,,,,,,,,,,,,,,,,,,,,,,,,,,,,,,,,,,,,,,,,,,,,,,,,,,,,,,,,,,,
rose-couture-edp-spray-shop-online-best-price-in-dubai-uae,,,,,,,,,,,,,,,,,,,,,,,,,,,,,,,https://cdn.shopify.com/s/files/1/0626/6119/8023/files/ROSE_COUTURE_EDP_SPRAY_100_ML_-_Khadlaj_Perfumes-1965905.jpg?v=1722412067,4,ROSE COUTURE EDP SPRAY 100 ML - Khadlaj Perfumes,,,,,,,,,,,,,,,,,,,,,,,,,,,,,,,,,,,,,,,,,,,,,,,,,,,,,,,,,,,
rose-and-romance-spray-shop-online-best-price-in-dubai-uae,ROSE AND ROMANCE EDP SPRAY 100 ML,"<style type=""text/css"" data-mce-fragment=""1""><!--
td {border: 1px solid #cccccc;}br {mso-data-placement:same-cell;}
--></style>
<span data-sheets-value='{""1"":2,""2"":""Experience the timeless elegance and captivating romance of Rose and Romance, an exquisite eau de parfum that embodies the essence of love. This enchanting fragrance takes you on a journey through a blooming garden, where the delicate scent of roses fills the air and romance blossoms.\n\nAt the top, Rose and Romance opens with a burst of freshness and brightness. The uplifting notes of bergamot create a lively and invigorating aura, while the intoxicating aroma of tuberose adds a touch of elegance and sensuality. This harmonious blend sets the stage for a romantic olfactory experience.\n\nAs the fragrance develops, the heart notes reveal a captivating and seductive blend of musk and jasmine. The soft and velvety musk notes envelop you in a warm and comforting embrace, while the exquisite and floral nuances of jasmine create an aura of romance and allure. These middle notes bring forth the essence of love and passion, making your heart skip a beat.\n\nIn the base, Rose and Romance unveils a timeless and enchanting composition. The rich and intoxicating scent of rose takes center stage, capturing the essence of blooming petals and true love. The delicate and fresh notes of hyacinth add a touch of vibrancy and elegance, while the warm and creamy undertones of sandalwood provide a lingering sense of comfort and serenity. These base notes create a lasting impression that evokes feelings of love and romance.\n\nRose and Romance is a fragrance that captures the beauty and allure of a blooming rose garden. Its blend of bergamot, tuberose, musk, jasmine, rose, hyacinth, and sandalwood creates a symphony of scents that celebrates love and romance. This fragrance is perfect for those who seek a scent that embodies elegance, sensuality, and the timeless power of love.\n\nLet Rose and Romance transport you to a world of love and passion. Wear it on special occasions or whenever you want to feel truly enchanting. Let its romantic and captivating fragrance become a part of your love story, creating memories that will last a lifetime. Embrace the romance with Rose and Romance and let love bloom in every step you take.""}' data-sheets-userformat='{""2"":15233,""3"":{""1"":0},""10"":0,""11"":4,""12"":0,""14"":{""1"":2,""2"":0},""15"":""Calibri"",""16"":11}' data-mce-fragment=""1"">Experience the timeless elegance and captivating romance of Rose and Romance, an exquisite eau de parfum that embodies the essence of love. This enchanting fragrance takes you on a journey through a blooming garden, where the delicate scent of roses fills the air and romance blossoms.<br data-mce-fragment=""1""><br data-mce-fragment=""1"">At the top, Rose and Romance opens with a burst of freshness and brightness. The uplifting notes of bergamot create a lively and invigorating aura, while the intoxicating aroma of tuberose adds a touch of elegance and sensuality. This harmonious blend sets the stage for a romantic olfactory experience.<br data-mce-fragment=""1""><br data-mce-fragment=""1"">As the fragrance develops, the heart notes reveal a captivating and seductive blend of musk and jasmine. The soft and velvety musk notes envelop you in a warm and comforting embrace, while the exquisite and floral nuances of jasmine create an aura of romance and allure. These middle notes bring forth the essence of love and passion, making your heart skip a beat.<br data-mce-fragment=""1""><br data-mce-fragment=""1"">In the base, Rose and Romance unveils a timeless and enchanting composition. The rich and intoxicating scent of rose takes center stage, capturing the essence of blooming petals and true love. The delicate and fresh notes of hyacinth add a touch of vibrancy and elegance, while the warm and creamy undertones of sandalwood provide a lingering sense of comfort and serenity. These base notes create a lasting impression that evokes feelings of love and romance.<br data-mce-fragment=""1""><br data-mce-fragment=""1"">Rose and Romance is a fragrance that captures the beauty and allure of a blooming rose garden. Its blend of bergamot, tuberose, musk, jasmine, rose, hyacinth, and sandalwood creates a symphony of scents that celebrates love and romance. This fragrance is perfect for those who seek a scent that embodies elegance, sensuality, and the timeless power of love.<br data-mce-fragment=""1""><br data-mce-fragment=""1"">Let Rose and Romance transport you to a world of love and passion. Wear it on special occasions or whenever you want to feel truly enchanting. Let its romantic and captivating fragrance become a part of your love story, creating memories that will last a lifetime. Embrace the romance with Rose and Romance and let love bloom in every step you take.</span>",Khadlaj-perfumes,Health & Beauty > Personal Care > Cosmetics > Perfumes & Colognes,PERFUME SPRAY,"Perfume Spray, women",true,Size,100 ml,,,,,,,,'6291107970370,1000.0,shopify,deny,manual,50.00,,true,true,,,,,'6291107970370,https://cdn.shopify.com/s/files/1/0626/6119/8023/files/ROSE_AND_ROMANCE_EDP_SPRAY_100_ML_-_Khadlaj_Perfumes-1965893.jpg?v=1784382622,1,ROSE AND ROMANCE EDP SPRAY 100 ML - Khadlaj Perfumes,false,,,,,,,,,,,,,,,"<div class=""pyramid-section_lists""><h6 style=""font-weight:600;"">Top Notes</h6>
<p>Bergamot, Tuberose</p>
</div>
<div class=""pyramid-section_lists""><h6 style=""font-weight:600;"">Middle Notes</h6>
<p>Musk, Jasmine</p>
</div>
<div class=""pyramid-section_lists""><h6 style=""font-weight:600;"">Base Notes</h6>
<p>Rose, Hyacinth, Sandalwood</p>
</div>",,,,,,,,,,,,,,,,,,https://cdn.shopify.com/s/files/1/0626/6119/8023/files/ROSE_AND_ROMANCE_EDP_SPRAY_100_ML_-_Khadlaj_Perfumes-1965890.jpg?v=1722412035,g,,,true,,,true,,,true,,,true,,,true,,,true,,,true,,,active
rose-and-romance-spray-shop-online-best-price-in-dubai-uae,,,,,,,,,,,,,,,,,,,,,,,,,,,,,,,https://cdn.shopify.com/s/files/1/0626/6119/8023/files/ROSE_AND_ROMANCE_EDP_SPRAY_100_ML_-_Khadlaj_Perfumes-1965890.jpg?v=1722412035,2,ROSE AND ROMANCE EDP SPRAY 100 ML - Khadlaj Perfumes,,,,,,,,,,,,,,,,,,,,,,,,,,,,,,,,,,,,,,,,,,,,,,,,,,,,,,,,,,,
ombre-notes-edp-spray-shop-online-best-price-in-dubai-uae,OMBRE NOTES EDP SPRAY 100 ML,"<style type=""text/css""><!--
td {border: 1px solid #cccccc;}br {mso-data-placement:same-cell;}
--></style>
<p><span data-sheets-userformat='{""2"":15233,""3"":{""1"":0},""10"":0,""11"":4,""12"":0,""14"":{""1"":2,""2"":0},""15"":""Calibri"",""16"":11}' data-sheets-value='{""1"":2,""2"":""Step into a world of mystery and allure with Ombre Notes, an enchanting eau de parfum that captures the essence of seduction. This fragrance unfolds like a captivating story, revealing layers of sensual and intriguing notes that leave a lasting impression.\n\nAt the top, Ombre Notes opens with a burst of freshness and sophistication. The bright and zesty notes of bergamot create an invigorating and uplifting aura, while the subtle hint of musk adds a touch of intrigue. This combination sets the stage for the captivating journey that lies ahead.\n\nAs the fragrance evolves, the heart notes come alive with a tantalizing blend of geranium and caramel. The floral and aromatic nuances of geranium create a sense of elegance and grace, while the rich and indulgent sweetness of caramel adds a seductive and irresistible touch. These middle notes create a harmonious balance of sensuality and sophistication, drawing you deeper into the fragrance.\n\nIn the base, Ombre Notes settles into a warm and comforting embrace. The deep and alluring notes of amber wrap you in their intoxicating embrace, creating a sense of mystery and allure. The woody and aromatic notes of cedarwood add a touch of depth and sophistication, leaving a lasting impression. These base notes create a sensual and captivating trail that lingers in the air, making a statement wherever you go.\n\nOmbre Notes is a fragrance that embodies the art of seduction. Its intoxicating blend of bergamot, musk, geranium, caramel, amber, and cedarwood creates a captivating and intriguing composition that is both alluring and sophisticated. This fragrance is perfect for those who embrace their inner seductress and seek a scent that leaves a lasting impression.\n\nIndulge in the allure of Ombre Notes and let its seductive notes transport you to a world of mystery and enchantment. Wear it for special occasions or as a secret weapon for everyday allure. Let its captivating fragrance captivate the senses and leave a trail of intrigue in your wake. Experience the art of seduction with Ombre Notes and embrace your inner enchantress.""}'>Step into a world of mystery and allure with Ombre Notes, an enchanting eau de parfum that captures the essence of seduction. This fragrance unfolds like a captivating story, revealing layers of sensual and intriguing notes that leave a lasting impression.<br><br>At the top, Ombre Notes opens with a burst of freshness and sophistication. The bright and zesty notes of bergamot create an invigorating and uplifting aura, while the subtle hint of musk adds a touch of intrigue. This combination sets the stage for the captivating journey that lies ahead.<br><br>As the fragrance evolves, the heart notes come alive with a tantalizing blend of geranium and caramel. The floral and aromatic nuances of geranium create a sense of elegance and grace, while the rich and indulgent sweetness of caramel adds a seductive and irresistible touch. These middle notes create a harmonious balance of sensuality and sophistication, drawing you deeper into the fragrance.<br><br>In the base, Ombre Notes settles into a warm and comforting embrace. The deep and alluring notes of amber wrap you in their intoxicating embrace, creating a sense of mystery and allure. The woody and aromatic notes of cedarwood add a touch of depth and sophistication, leaving a lasting impression. These base notes create a sensual and captivating trail that lingers in the air, making a statement wherever you go.<br><br>Ombre Notes is a fragrance that embodies the art of seduction. Its intoxicating blend of bergamot, musk, geranium, caramel, amber, and cedarwood creates a captivating and intriguing composition that is both alluring and sophisticated. This fragrance is perfect for those who embrace their inner seductress and seek a scent that leaves a lasting impression.<br><br>Indulge in the allure of Ombre Notes and let its seductive notes transport you to a world of mystery and enchantment. Wear it for special occasions or as a secret weapon for everyday allure. Let its captivating fragrance captivate the senses and leave a trail of intrigue in your wake. Experience the art of seduction with Ombre Notes and embrace your inner enchantress.</span><br></p>",Khadlaj-perfumes,Health & Beauty > Personal Care > Cosmetics > Perfumes & Colognes,PERFUME SPRAY,"Deals, Perfume Spray, unisex",true,Size,100 ML,,,,,,,,,0.0,shopify,deny,manual,50.00,118.00,true,true,,,,,,https://cdn.shopify.com/s/files/1/0626/6119/8023/files/OMBRE_NOTES_EDP_SPRAY_100_ML_-_Khadlaj_Perfumes-1965535.jpg?v=1784368548,1,OMBRE NOTES EDP SPRAY 100 ML - Khadlaj Perfumes,false,"Ombre Notes Woody, Musk | Luxury Perfume for Men & Women","Ombre Notes perfume blends woody and musk notes, a sophisticated luxury fragrance for men and women online.",,,,,,,,,,,,,"<div class=""pyramid-section_lists""><h6 style=""font-weight:600;"">Top Notes</h6>
<p>Bergamot, Musk </p>
</div>
<div class=""pyramid-section_lists""><h6 style=""font-weight:600;"">Middle Notes</h6>
<p>Geranium, Caramel, Musk</p>
</div>
<div class=""pyramid-section_lists""><h6 style=""font-weight:600;"">Base Notes</h6>
<p>Amber, Cedarwood</p>
</div>",,,,,,,,,,,,,,,,,,,g,,,true,,,true,,,true,,,true,,,true,,,true,,,true,,,active
ombre-notes-edp-spray-shop-online-best-price-in-dubai-uae,,,,,,,,,,,,,,,,,,,,,,,,,,,,,,,https://cdn.shopify.com/s/files/1/0626/6119/8023/files/OMBRE_NOTES_EDP_SPRAY_100_ML_-_Khadlaj_Perfumes-1965531.jpg?v=1722411344,2,OMBRE NOTES EDP SPRAY 100 ML - Khadlaj Perfumes,,,,,,,,,,,,,,,,,,,,,,,,,,,,,,,,,,,,,,,,,,,,,,,,,,,,,,,,,,,
ombre-notes-edp-spray-shop-online-best-price-in-dubai-uae,,,,,,,,,,,,,,,,,,,,,,,,,,,,,,,https://cdn.shopify.com/s/files/1/0626/6119/8023/files/OMBRE_NOTES_EDP_SPRAY_100_ML_-_Khadlaj_Perfumes-1965538.jpg?v=1722411355,3,OMBRE NOTES EDP SPRAY 100 ML - Khadlaj Perfumes,,,,,,,,,,,,,,,,,,,,,,,,,,,,,,,,,,,,,,,,,,,,,,,,,,,,,,,,,,,
ombre-notes-edp-spray-shop-online-best-price-in-dubai-uae,,,,,,,,,,,,,,,,,,,,,,,,,,,,,,,https://cdn.shopify.com/s/files/1/0626/6119/8023/files/OMBRE_NOTES_EDP_SPRAY_100_ML_-_Khadlaj_Perfumes-1965540.jpg?v=1722411360,4,OMBRE NOTES EDP SPRAY 100 ML - Khadlaj Perfumes,,,,,,,,,,,,,,,,,,,,,,,,,,,,,,,,,,,,,,,,,,,,,,,,,,,,,,,,,,,
pure-musk-edp-spray-shop-online-best-price-in-dubai-uae,PURE MUSK EDP SPRAY 100 ML,"<style type=""text/css""><!--
td {border: 1px solid #cccccc;}br {mso-data-placement:same-cell;}
--></style>
<p><span data-sheets-value='{""1"":2,""2"":""Experience the pure essence of allure with Pure Musk, an exquisite eau de parfum that embodies the timeless elegance of musk. This fragrance captivates the senses and envelops you in a delicate veil of sensual and enchanting notes.\n\nAt the top, Pure Musk opens with a graceful and floral combination of lilac and freesia. The sweet and intoxicating aroma of lilac blends harmoniously with the delicate and airy notes of freesia, creating a fresh and inviting introduction to the fragrance.\n\nAs the fragrance develops, the heart notes reveal the delicate beauty of iris and white musk. The powdery and ethereal scent of iris lends a sense of sophistication and elegance, while the velvety and soft white musk adds a sensual and captivating touch. These heart notes create a mesmerizing and irresistible bouquet that exudes grace and femininity.\n\nIn the base, Pure Musk settles into a warm and comforting embrace. The rich and enticing notes of musk take center stage, enveloping you in their magnetic and seductive aura. The deep and alluring notes of amber add a touch of warmth and depth, enhancing the sensuality of the fragrance. These base notes create a lasting and intimate trail that leaves a lasting impression.\n\nPure Musk is a fragrance that celebrates the timeless allure of musk. Its delicate blend of lilac, freesia, iris, white musk, musk, and amber creates a captivating and enchanting composition that is both sophisticated and sensual. This fragrance is perfect for those who appreciate the elegance and allure of musk and seek a fragrance that embodies their refined and alluring nature.\n\nImmerse yourself in the pure beauty of musk with Pure Musk and embrace your inherent elegance and sensuality. Let its captivating notes enhance your natural charm and leave a lasting impression. Whether worn for special occasions or as a signature scent, Pure Musk will envelop you in its irresistible aura and reflect your timeless allure. Surrender to the pure elegance of musk with this exquisite fragrance.""}' data-sheets-userformat='{""2"":15233,""3"":{""1"":0},""10"":0,""11"":4,""12"":0,""14"":{""1"":2,""2"":0},""15"":""Calibri"",""16"":11}'>Experience the pure essence of allure with Pure Musk, an exquisite eau de parfum that embodies the timeless elegance of musk. This fragrance captivates the senses and envelops you in a delicate veil of sensual and enchanting notes.<br><br>At the top, Pure Musk opens with a graceful and floral combination of lilac and freesia. The sweet and intoxicating aroma of lilac blends harmoniously with the delicate and airy notes of freesia, creating a fresh and inviting introduction to the fragrance.<br><br>As the fragrance develops, the heart notes reveal the delicate beauty of iris and white musk. The powdery and ethereal scent of iris lends a sense of sophistication and elegance, while the velvety and soft white musk adds a sensual and captivating touch. These heart notes create a mesmerizing and irresistible bouquet that exudes grace and femininity.<br><br>In the base, Pure Musk settles into a warm and comforting embrace. The rich and enticing notes of musk take center stage, enveloping you in their magnetic and seductive aura. The deep and alluring notes of amber add a touch of warmth and depth, enhancing the sensuality of the fragrance. These base notes create a lasting and intimate trail that leaves a lasting impression.<br><br>Pure Musk is a fragrance that celebrates the timeless allure of musk. Its delicate blend of lilac, freesia, iris, white musk, musk, and amber creates a captivating and enchanting composition that is both sophisticated and sensual. This fragrance is perfect for those who appreciate the elegance and allure of musk and seek a fragrance that embodies their refined and alluring nature.<br><br>Immerse yourself in the pure beauty of musk with Pure Musk and embrace your inherent elegance and sensuality. Let its captivating notes enhance your natural charm and leave a lasting impression. Whether worn for special occasions or as a signature scent, Pure Musk will envelop you in its irresistible aura and reflect your timeless allure. Surrender to the pure elegance of musk with this exquisite fragrance.</span><br></p>",Khadlaj-perfumes,Health & Beauty > Personal Care > Cosmetics > Perfumes & Colognes,PERFUME SPRAY,"Perfume Spray, unisex",true,Size,100 ml,,,,,,,,'6291107970363,1000.0,shopify,deny,manual,50.00,,true,true,,,,,'6291107970363,https://cdn.shopify.com/s/files/1/0626/6119/8023/files/PURE_MUSK_EDP_SPRAY_100_ML_-_Khadlaj_Perfumes-1965788.jpg?v=1784382776,1,PURE MUSK EDP SPRAY 100 ML - Khadlaj Perfumes,false,Pure Musk EDP Spray | Buy Perfume Online | Khadlaj Perfumes,Looking for Pure Musk EDP Spray? Khadlaj Perfumes provides this elegant unisex fragrance with fresh notes. Buy perfume online now at the best price!,,,,,,,,,,,,,"<div class=""pyramid-section_lists""><h6 style=""font-weight:600;"">Top Notes</h6>
<p>Lilac, Freesia</p>
</div>
<div class=""pyramid-section_lists""><h6 style=""font-weight:600;"">Middle Notes</h6>
<p>Iris, White Musk</p>
</div>
<div class=""pyramid-section_lists""><h6 style=""font-weight:600;"">Base Notes</h6>
<p> Musk, Amber</p>
</div>",,,,,,,,,,,,,,,,,,https://cdn.shopify.com/s/files/1/0626/6119/8023/files/PURE_MUSK_EDP_SPRAY_100_ML_-_Khadlaj_Perfumes-1965784.jpg?v=1722411824,g,,,true,,,true,,,true,,,true,,,true,,,true,,,true,,,active
pure-musk-edp-spray-shop-online-best-price-in-dubai-uae,,,,,,,,,,,,,,,,,,,,,,,,,,,,,,,https://cdn.shopify.com/s/files/1/0626/6119/8023/files/PURE_MUSK_EDP_SPRAY_100_ML_-_Khadlaj_Perfumes-1965784.jpg?v=1722411824,2,PURE MUSK EDP SPRAY 100 ML - Khadlaj Perfumes,,,,,,,,,,,,,,,,,,,,,,,,,,,,,,,,,,,,,,,,,,,,,,,,,,,,,,,,,,,
musk-sahra-edp-spray-shop-online-best-price-in-dubai-uae,MUSK SAHRA EDP SPRAY 100 ML,"<style type=""text/css""><!--
td {border: 1px solid #cccccc;}br {mso-data-placement:same-cell;}
--></style>
<span data-sheets-value='{""1"":2,""2"":""Experience the enchanting allure of Musk Sahara, an exquisite eau de parfum that captures the essence of a desert oasis. This captivating fragrance transports you to a world of mystery and sensuality, enveloping you in its warm and seductive embrace.\n\nAt the top, Musk Sahara opens with a burst of vibrant and refreshing notes. The zesty and juicy mandarin brings a touch of brightness, while the delicate and floral notes of violet and rose add an elegant and feminine touch. These top notes create an enticing and inviting introduction to the fragrance.\n\nAs the fragrance evolves, the heart notes reveal a rich and captivating blend of cedarwood, patchouli, and pink pepper. The woody and earthy nuances of cedarwood and patchouli create a sense of depth and complexity, evoking the rugged beauty of the desert landscape. The spicy and slightly peppery notes of pink pepper add a hint of intrigue and sensuality to the composition.\n\nIn the base, Musk Sahara settles into a warm and alluring embrace. The creamy and comforting notes of vanilla add a touch of sweetness, while the mesmerizing and enchanting aroma of ambergris creates a sense of sensuality and mystery. These base notes provide a lasting and seductive trail that lingers on the skin, leaving a lasting impression.\n\nMusk Sahara is a fragrance that embodies the allure and mystery of the desert. Its harmonious blend of mandarin, violet, rose, cedarwood, patchouli, pink pepper, vanilla, and ambergris creates a captivating and mesmerizing composition that is both sensual and sophisticated. This fragrance is perfect for those who seek an alluring and evocative scent that transports them to a world of elegance and sensuality.\n\nImmerse yourself in the captivating aura of Musk Sahara and embark on a sensory journey through the desert sands. Let its seductive notes wrap around you like a warm breeze, evoking a sense of adventure and intrigue. Whether worn for special occasions or as a signature scent, Musk Sahara will leave a lasting impression, reflecting your irresistible allure and captivating presence. Surrender to the allure of the desert with this exquisite fragrance.""}' data-sheets-userformat='{""2"":15233,""3"":{""1"":0},""10"":0,""11"":4,""12"":0,""14"":{""1"":2,""2"":0},""15"":""Calibri"",""16"":11}'>Experience the enchanting allure of Musk Sahara, an exquisite eau de parfum that captures the essence of a desert oasis. This captivating fragrance transports you to a world of mystery and sensuality, enveloping you in its warm and seductive embrace.<br><br>At the top, Musk Sahara opens with a burst of vibrant and refreshing notes. The zesty and juicy mandarin brings a touch of brightness, while the delicate and floral notes of violet and rose add an elegant and feminine touch. These top notes create an enticing and inviting introduction to the fragrance.<br><br>As the fragrance evolves, the heart notes reveal a rich and captivating blend of cedarwood, patchouli, and pink pepper. The woody and earthy nuances of cedarwood and patchouli create a sense of depth and complexity, evoking the rugged beauty of the desert landscape. The spicy and slightly peppery notes of pink pepper add a hint of intrigue and sensuality to the composition.<br><br>In the base, Musk Sahara settles into a warm and alluring embrace. The creamy and comforting notes of vanilla add a touch of sweetness, while the mesmerizing and enchanting aroma of amber wood creates a sense of sensuality and mystery. These base notes provide a lasting and seductive trail that lingers on the skin, leaving a lasting impression.<br><br>Musk Sahara is a fragrance that embodies the allure and mystery of the desert. Its harmonious blend of mandarin, violet, rose, cedarwood, patchouli, pink pepper, vanilla, and amber wood creates a captivating and mesmerizing composition that is both sensual and sophisticated. This fragrance is perfect for those who seek an alluring and evocative scent that transports them to a world of elegance and sensuality.<br><br>Immerse yourself in the captivating aura of Musk Sahara and embark on a sensory journey through the desert sands. Let its seductive notes wrap around you like a warm breeze, evoking a sense of adventure and intrigue. Whether worn for special occasions or as a signature scent, Musk Sahara will leave a lasting impression, reflecting your irresistible allure and captivating presence. Surrender to the allure of the desert with this exquisite fragrance.</span>",Khadlaj-perfumes,Health & Beauty > Personal Care > Cosmetics > Perfumes & Colognes,PERFUME SPRAY,"Perfume Spray, unisex",true,Size,100 ml,,,,,,,,'6291107974217,500.0,shopify,deny,manual,50.00,,true,true,,,,,'6291107974217,https://cdn.shopify.com/s/files/1/0626/6119/8023/files/MUSK_SAHRA_EDP_SPRAY_100_ML_-_Khadlaj_Perfumes-1965475.jpg?v=1771046641,1,MUSK SAHRA EDP SPRAY 100 ML - Khadlaj Perfumes,false,,,,,,,,,,,,,,,"<div class=""pyramid-section_lists""><h6 style=""font-weight:600;"">Top Notes</h6>
<p>Mandarin, Violet, Rose </p>
</div>
<div class=""pyramid-section_lists""><h6 style=""font-weight:600;"">Middle Notes</h6>
<p>Cedarwood, Patchouli, Pink Pepper</p>
</div>
<div class=""pyramid-section_lists""><h6 style=""font-weight:600;"">Base Notes</h6>
<p>Vanilla, Amber wood</p>
</div>",,,,,,,,,,,,,,,,,,https://cdn.shopify.com/s/files/1/0626/6119/8023/files/MUSK_SAHRA_EDP_SPRAY_100_ML_-_Khadlaj_Perfumes-1965469.jpg?v=1771046641,g,,,true,,,true,,,true,,,true,,,true,,,true,,,true,,,active
musk-sahra-edp-spray-shop-online-best-price-in-dubai-uae,,,,,,,,,,,,,,,,,,,,,,,,,,,,,,,https://cdn.shopify.com/s/files/1/0626/6119/8023/files/MUSK_SAHRA_EDP_SPRAY_100_ML_-_Khadlaj_Perfumes-1965472.jpg?v=1771046641,2,MUSK SAHRA EDP SPRAY 100 ML - Khadlaj Perfumes,,,,,,,,,,,,,,,,,,,,,,,,,,,,,,,,,,,,,,,,,,,,,,,,,,,,,,,,,,,
musk-sahra-edp-spray-shop-online-best-price-in-dubai-uae,,,,,,,,,,,,,,,,,,,,,,,,,,,,,,,https://cdn.shopify.com/s/files/1/0626/6119/8023/files/MUSK_SAHRA_EDP_SPRAY_100_ML_-_Khadlaj_Perfumes-1965469.jpg?v=1771046641,3,MUSK SAHRA EDP SPRAY 100 ML - Khadlaj Perfumes,,,,,,,,,,,,,,,,,,,,,,,,,,,,,,,,,,,,,,,,,,,,,,,,,,,,,,,,,,,
musk-sahra-edp-spray-shop-online-best-price-in-dubai-uae,,,,,,,,,,,,,,,,,,,,,,,,,,,,,,,https://cdn.shopify.com/s/files/1/0626/6119/8023/files/MUSK_SAHRA_EDP_SPRAY_100_ML_-_Khadlaj_Perfumes-1965477.jpg?v=1722411233,4,MUSK SAHRA EDP SPRAY 100 ML - Khadlaj Perfumes,,,,,,,,,,,,,,,,,,,,,,,,,,,,,,,,,,,,,,,,,,,,,,,,,,,,,,,,,,,
shiyaaka-gold-100ml-spray-shop-online-best-price-in-dubai-uae,SHIYAAKA GOLD 100ML EDP SPRAY,"<p>Shiyaaka Gold is a luxurious eau de parfum that captures the essence of elegance, confidence, and effortless glamour. Crafted for those who appreciate a fragrance with a refined balance of freshness, sweetness, and warmth, it surrounds the wearer in a captivating trail that feels both sophisticated and memorable.</p>
<p>The fragrance opens with a vibrant blend of floral, fruity, and green notes. This bright introduction combines the freshness of green accords with the softness of florals and the juicy appeal of ripe fruits, creating an uplifting and inviting first impression.</p>
<p>At the heart, floral and fruity notes continue to unfold over a smooth woody character. The result is a rich and graceful composition, where delicate florals and luscious fruits are balanced by the depth and sophistication of warm woods.</p>
<p>As it settles on the skin, Shiyaaka Gold reveals a sensual base of amber, floral notes, and musk. The golden warmth of amber blends beautifully with soft musk and lingering floral nuances, leaving behind a smooth, elegant, and long-lasting finish.</p>
<p>Shiyaaka Gold is a fragrance that celebrates modern opulence and feminine allure. Its harmonious fusion of fresh green notes, radiant florals, succulent fruits, warm woods, amber, and musk makes it a perfect choice for both special occasions and everyday moments when you want to leave a graceful, lasting impression.<br></p>",Khadlaj-perfumes,Health & Beauty > Personal Care > Cosmetics > Perfumes & Colognes,PERFUME SPRAY,"Deals, Perfume Spray, Women",true,Size,100 ML,,,,,,,,,0.0,shopify,deny,manual,55.00,100.00,true,true,,,,,,https://cdn.shopify.com/s/files/1/0626/6119/8023/files/Shiyaaka.Gold.1.jpg?v=1784382558,1,SHIYAAKA GOLD 100ML EDP SPRAY - Khadlaj Perfumes,false,,,,,,,,,,,,,,,"<div class=""pyramid-section_lists"">
  <h6 style=""font-weight:600;"">Top Notes</h6>
  <p>Floral Notes, Fruity Notes, Green Notes</p>
</div>

<div class=""pyramid-section_lists"">
  <h6 style=""font-weight:600;"">Middle Notes</h6>
  <p>Floral Notes, Fruity Notes, Woody Notes</p>
</div>

<div class=""pyramid-section_lists"">
  <h6 style=""font-weight:600;"">Base Notes</h6>
  <p>Amber, Floral Notes, Musk</p>
</div>",,,,,,,,,,special-occasion; formal; everyday,,,,fall; spring; summer,female,,,,g,,,true,,,true,,,true,,,true,,,true,,,true,,,true,,,active
shiyaaka-gold-100ml-spray-shop-online-best-price-in-dubai-uae,,,,,,,,,,,,,,,,,,,,,,,,,,,,,,,https://cdn.shopify.com/s/files/1/0626/6119/8023/files/Shiyaaka.Gold.2.jpg?v=1771044263,2,SHIYAAKA GOLD 100ML EDP SPRAY - Khadlaj Perfumes,,,,,,,,,,,,,,,,,,,,,,,,,,,,,,,,,,,,,,,,,,,,,,,,,,,,,,,,,,,
shiyaaka-gold-100ml-spray-shop-online-best-price-in-dubai-uae,,,,,,,,,,,,,,,,,,,,,,,,,,,,,,,https://cdn.shopify.com/s/files/1/0626/6119/8023/files/Shiyaaka.Gold.4_1.jpg?v=1771044263,3,SHIYAAKA GOLD 100ML EDP SPRAY - Khadlaj Perfumes,,,,,,,,,,,,,,,,,,,,,,,,,,,,,,,,,,,,,,,,,,,,,,,,,,,,,,,,,,,
shiyaaka-gold-100ml-spray-shop-online-best-price-in-dubai-uae,,,,,,,,,,,,,,,,,,,,,,,,,,,,,,,https://cdn.shopify.com/s/files/1/0626/6119/8023/files/Shiyaaka.Gold.3.jpg?v=1771044196,4,SHIYAAKA GOLD 100ML EDP SPRAY - Khadlaj Perfumes,,,,,,,,,,,,,,,,,,,,,,,,,,,,,,,,,,,,,,,,,,,,,,,,,,,,,,,,,,,
shiyaaka-gold-100ml-spray-shop-online-best-price-in-dubai-uae,,,,,,,,,,,,,,,,,,,,,,,,,,,,,,,https://cdn.shopify.com/s/files/1/0626/6119/8023/files/shiyaka_gold_jpg.jpg?v=1783432098,5,SHIYAAKA GOLD 100ML EDP SPRAY - Khadlaj Perfumes,,,,,,,,,,,,,,,,,,,,,,,,,,,,,,,,,,,,,,,,,,,,,,,,,,,,,,,,,,,
shiyaaka-for-women-spray-shop-online-best-price-in-dubai-uae,SHIYAAKA WHITE FOR WOMEN 100ML EDP SPRAY,"<p>Shiyaaka White is an exquisite eau de parfum that embodies elegance, sophistication, and timeless allure. Crafted for those who appreciate a fragrance with warmth, depth, and refined femininity, it brings together radiant fruits, opulent florals, and a soft, sensual base.</p>
<p>The fragrance opens with a vibrant blend of orange, red fruits, and saffron. The brightness of orange is enhanced by the juicy sweetness of red fruits, while saffron adds a rich and luxurious touch, creating an alluring first impression.</p>
<p>At the heart, ambery notes and incense bring warmth and mystery to the composition. Jasmine and rose add a graceful floral character, balancing the deeper accords with a soft, romantic elegance.</p>
<p>As it settles on the skin, Shiyaaka White reveals a comforting base of cashmere, labdanum, musk, and vanilla. The velvety softness of cashmere blends beautifully with the resinous warmth of labdanum, while musk and vanilla create a smooth, creamy trail that lingers with sophistication.</p>
<p>Shiyaaka White is a fragrance that celebrates modern elegance and irresistible charm. Its harmonious blend of luminous fruits, warm amber, delicate florals, and creamy musky notes creates a captivating scent experience that is both memorable and refined. Perfect for everyday elegance, special occasions, or moments when you want to leave a lasting impression.<br></p>",Khadlaj-perfumes,Health & Beauty > Personal Care > Cosmetics > Perfumes & Colognes,PERFUME SPRAY,"Deals, Perfume Spray, Women",true,Size,100 ML,,,,,,,,,0.0,shopify,deny,manual,55.00,100.00,true,true,,,,,,https://cdn.shopify.com/s/files/1/0626/6119/8023/files/Shiyaaka.White.1.jpg?v=1784382313,1,SHIYAAKA WHITE FOR WOMEN 100ML EDP SPRAY - Khadlaj Perfumes,false,KHADLAJ SHIYAAKA WHITE FOR WOMEN 100ML EDP SPRAY FOR WOMEN ,,,,,,,,,,,,,,"<div class=""pyramid-section_lists"">
  <h6 style=""font-weight:600;"">Top Notes</h6>
  <p>Orange, Red Fruits, Saffron</p>
</div>

<div class=""pyramid-section_lists"">
  <h6 style=""font-weight:600;"">Middle Notes</h6>
  <p>Ambery Notes, Incense, Jasmine, Rose</p>
</div>

<div class=""pyramid-section_lists"">
  <h6 style=""font-weight:600;"">Base Notes</h6>
  <p>Cashmere, Labdanum, Musk, Vanilla</p>
</div>",,,,,,,,,,everyday; special-occasion,,,,spring; summer,female,,,,g,,,true,,,true,,,true,,,true,,,true,,,true,,,true,,,active
shiyaaka-for-women-spray-shop-online-best-price-in-dubai-uae,,,,,,,,,,,,,,,,,,,,,,,,,,,,,,,https://cdn.shopify.com/s/files/1/0626/6119/8023/files/Shiyaaka_White_2_jpg.jpg?v=1771044128,2,SHIYAAKA WHITE FOR WOMEN 100ML EDP SPRAY - Khadlaj Perfumes,,,,,,,,,,,,,,,,,,,,,,,,,,,,,,,,,,,,,,,,,,,,,,,,,,,,,,,,,,,
shiyaaka-for-women-spray-shop-online-best-price-in-dubai-uae,,,,,,,,,,,,,,,,,,,,,,,,,,,,,,,https://cdn.shopify.com/s/files/1/0626/6119/8023/files/Shiyaaka.White.4.jpg?v=1771044128,3,SHIYAAKA WHITE FOR WOMEN 100ML EDP SPRAY - Khadlaj Perfumes,,,,,,,,,,,,,,,,,,,,,,,,,,,,,,,,,,,,,,,,,,,,,,,,,,,,,,,,,,,
shiyaaka-for-women-spray-shop-online-best-price-in-dubai-uae,,,,,,,,,,,,,,,,,,,,,,,,,,,,,,,https://cdn.shopify.com/s/files/1/0626/6119/8023/files/Shiyaaka.White.3.jpg?v=1771044128,4,SHIYAAKA WHITE FOR WOMEN 100ML EDP SPRAY - Khadlaj Perfumes,,,,,,,,,,,,,,,,,,,,,,,,,,,,,,,,,,,,,,,,,,,,,,,,,,,,,,,,,,,
shiyaaka-for-women-spray-shop-online-best-price-in-dubai-uae,,,,,,,,,,,,,,,,,,,,,,,,,,,,,,,https://cdn.shopify.com/s/files/1/0626/6119/8023/files/shiyaka_white_jpg.jpg?v=1783432009,5,SHIYAAKA WHITE FOR WOMEN 100ML EDP SPRAY - Khadlaj Perfumes,,,,,,,,,,,,,,,,,,,,,,,,,,,,,,,,,,,,,,,,,,,,,,,,,,,,,,,,,,,
shiyaaka-for-men-spray-shop-online-best-price-in-dubai-uae,SHIYAAKA FOR MEN 100ML EDP SPRAY,"<p class=""isSelectedEnd""><span>Experience the refined elegance of Shiyaaka Silver, an eau de parfum created for those who appreciate a fragrance that is fresh, sophisticated, and effortlessly distinctive. Blending floral brightness, citrusy freshness, warm spices, and smooth woods, this scent offers a modern composition that transitions beautifully from day to evening.</span></p>
<p class=""isSelectedEnd""><span>The fragrance opens with a luminous blend of floral, orange, herbal, and sweet notes. The freshness of orange brings a radiant citrus lift, while the herbal nuances add an airy, aromatic character. Soft floral and sweet accents complete the opening, creating an inviting and elegant first impression.</span></p>
<p class=""isSelectedEnd""><span>At the heart, balsamic and spicy notes add warmth, richness, and depth to the composition. This captivating middle stage creates a smooth contrast to the bright opening, giving the fragrance a sophisticated and subtly sensual character.</span></p>
<p class=""isSelectedEnd""><span>As it settles on the skin, Shiyaaka Silver reveals a refined base of violet, musk, sandalwood, and cedarwood. The powdery softness of violet blends beautifully with clean musk, while sandalwood and cedarwood provide a creamy, woody foundation that lingers with confidence and elegance.</span></p>
<p><span>Shiyaaka Silver is a versatile fragrance that captures understated luxury and timeless charm. Its harmonious blend of fresh orange, soft florals, aromatic herbs, warm spices, and smooth woods makes it an ideal choice for everyday wear, evening occasions, and anyone seeking a signature scent with sophistication and depth.</span></p>",Khadlaj-perfumes,Health & Beauty > Personal Care > Cosmetics > Perfumes & Colognes,PERFUME SPRAY,"Deals, Men, Perfume Spray",true,Size,100 ML,,,,,,,,,0.0,shopify,deny,manual,55.00,100.00,true,true,,,,,,https://cdn.shopify.com/s/files/1/0626/6119/8023/files/Shiyaaka.1.jpg?v=1784382241,1,SHIYAAKA FOR MEN 100ML EDP SPRAY - Khadlaj Perfumes,false,,,,,,,,,,,,,,,"<div class=""pyramid-section_lists"">
  <h6 style=""font-weight:600;"">Top Notes</h6>
  <p>Floral Notes, Orange, Herbal Notes, Sweet Notes</p>
</div>

<div class=""pyramid-section_lists"">
  <h6 style=""font-weight:600;"">Middle Notes</h6>
  <p>Balsamic Notes, Spicy Notes</p>
</div>

<div class=""pyramid-section_lists"">
  <h6 style=""font-weight:600;"">Base Notes</h6>
  <p>Violet, Musk, Sandalwood, Cedarwood</p>
</div>",,,,,,,,,,everyday; formal,,,,spring; summer; fall,male,,,,g,,,true,,,true,,,true,,,true,,,true,,,true,,,true,,,active
shiyaaka-for-men-spray-shop-online-best-price-in-dubai-uae,,,,,,,,,,,,,,,,,,,,,,,,,,,,,,,https://cdn.shopify.com/s/files/1/0626/6119/8023/files/Shiyaaka.2.jpg?v=1771043858,2,SHIYAAKA FOR MEN 100ML EDP SPRAY - Khadlaj Perfumes,,,,,,,,,,,,,,,,,,,,,,,,,,,,,,,,,,,,,,,,,,,,,,,,,,,,,,,,,,,
shiyaaka-for-men-spray-shop-online-best-price-in-dubai-uae,,,,,,,,,,,,,,,,,,,,,,,,,,,,,,,https://cdn.shopify.com/s/files/1/0626/6119/8023/files/Shiyaaka.4.jpg?v=1771043858,3,SHIYAAKA FOR MEN 100ML EDP SPRAY - Khadlaj Perfumes,,,,,,,,,,,,,,,,,,,,,,,,,,,,,,,,,,,,,,,,,,,,,,,,,,,,,,,,,,,
shiyaaka-for-men-spray-shop-online-best-price-in-dubai-uae,,,,,,,,,,,,,,,,,,,,,,,,,,,,,,,https://cdn.shopify.com/s/files/1/0626/6119/8023/files/Shiyaaka.3.jpg?v=1771043797,4,SHIYAAKA FOR MEN 100ML EDP SPRAY - Khadlaj Perfumes,,,,,,,,,,,,,,,,,,,,,,,,,,,,,,,,,,,,,,,,,,,,,,,,,,,,,,,,,,,
shiyaaka-for-men-spray-shop-online-best-price-in-dubai-uae,,,,,,,,,,,,,,,,,,,,,,,,,,,,,,,https://cdn.shopify.com/s/files/1/0626/6119/8023/files/shiyaka_silver_jpg.jpg?v=1783432059,5,SHIYAAKA FOR MEN 100ML EDP SPRAY - Khadlaj Perfumes,,,,,,,,,,,,,,,,,,,,,,,,,,,,,,,,,,,,,,,,,,,,,,,,,,,,,,,,,,,
shiyaaka-blue-100ml-shop-online-best-price-in-dubai-uae,SHIYAAKA BLUE 100ML EDP SPRAY,"<style type=""text/css""><!--
td {border: 1px solid #cccccc;}br {mso-data-placement:same-cell;}
--></style>
<p><span data-sheets-userformat='{""2"":15233,""3"":{""1"":0},""10"":0,""11"":4,""12"":0,""14"":{""1"":2,""2"":0},""15"":""Calibri"",""16"":11}' data-sheets-value='{""1"":2,""2"":""Shiyaaka Blue, an exquisite eau de parfum that embodies elegance and sophistication. This fragrance is designed for the discerning individual who appreciates the finer things in life and seeks a scent that is both refreshing and captivating.\n\nAt the top, Shiyaaka Blue opens with a burst of invigorating citrus notes. The zesty and vibrant combination of bergamot, lime, and basil creates a refreshing and uplifting experience, instantly energizing the senses and setting the tone for the fragrance.\n\nAs the fragrance develops, the heart notes reveal a harmonious blend of lavender and patchouli. Lavender adds a touch of floral freshness and tranquility, while patchouli brings depth and earthiness to the composition. This combination creates a captivating and balanced accord that is both comforting and intriguing.\n\nIn the base, Shiyaaka Blue settles into a warm and sensual embrace. The rich and inviting notes of amber and musk provide a smooth and velvety foundation, creating a sense of allure and sophistication. The woody and aromatic notes of cedarwood add depth and character, leaving a lasting impression.\n\nShiyaaka Blue is a fragrance that exudes elegance, refinement, and confidence. Its unique blend of bergamot, lime, basil, lavender, patchouli, amber, musk, and cedarwood creates a captivating and sophisticated scent that is perfect for any occasion. Whether worn during the day or in the evening, this fragrance will envelop you in an aura of timeless elegance.\n\nIndulge in the allure of Shiyaaka Blue and experience the sensation of pure elegance and sophistication. Let its refreshing and captivating notes become your signature scent, leaving a lasting impression wherever you go. Embrace the essence of refinement and indulge in the beauty of this exceptional fragrance.""}'>Shiyaaka Blue, an exquisite eau de parfum that embodies elegance and sophistication. This fragrance is designed for the discerning individual who appreciates the finer things in life and seeks a scent that is both refreshing and captivating.<br><br>At the top, Shiyaaka Blue opens with a burst of invigorating citrus notes. The zesty and vibrant combination of bergamot, lime, and basil creates a refreshing and uplifting experience, instantly energizing the senses and setting the tone for the fragrance.<br><br>As the fragrance develops, the heart notes reveal a harmonious blend of lavender and patchouli. Lavender adds a touch of floral freshness and tranquility, while patchouli brings depth and earthiness to the composition. This combination creates a captivating and balanced accord that is both comforting and intriguing.<br><br>In the base, Shiyaaka Blue settles into a warm and sensual embrace. The rich and inviting notes of amber and musk provide a smooth and velvety foundation, creating a sense of allure and sophistication. The woody and aromatic notes of cedarwood add depth and character, leaving a lasting impression.<br><br>Shiyaaka Blue is a fragrance that exudes elegance, refinement, and confidence. Its unique blend of bergamot, lime, basil, lavender, patchouli, amber, musk, and cedarwood creates a captivating and sophisticated scent that is perfect for any occasion. Whether worn during the day or in the evening, this fragrance will envelop you in an aura of timeless elegance.<br><br>Indulge in the allure of Shiyaaka Blue and experience the sensation of pure elegance and sophistication. Let its refreshing and captivating notes become your signature scent, leaving a lasting impression wherever you go. Embrace the essence of refinement and indulge in the beauty of this exceptional fragrance.</span><br></p>",Khadlaj-perfumes,Health & Beauty > Personal Care > Cosmetics > Perfumes & Colognes,PERFUME SPRAY,"Deals, Men, Perfume Spray",true,Size,100 ML,,,,,,,,,0.0,shopify,deny,manual,55.00,100.00,true,true,,,,,,https://cdn.shopify.com/s/files/1/0626/6119/8023/files/Shiyaaka.Blue.1.jpg?v=1784382157,1,SHIYAAKA BLUE 100ML EDP SPRAY - Khadlaj Perfumes,false,,,,,,,,,,,,,,,"<div class=""pyramid-section_lists"">
  <h6 style=""font-weight:600;"">Top Notes</h6>
  <p>Aromatic, Citrus, Green, Ozonics</p>
</div>

<div class=""pyramid-section_lists"">
  <h6 style=""font-weight:600;"">Middle Notes</h6>
  <p>Floral Notes, Orris, Rose</p>
</div>

<div class=""pyramid-section_lists"">
  <h6 style=""font-weight:600;"">Base Notes</h6>
  <p>Ambery Notes, Musk, Vanilla, Woody Notes</p>
</div>",,,,,,,,,,,,,,,,,,,g,,,true,,,true,,,true,,,true,,,true,,,true,,,true,,,active
shiyaaka-blue-100ml-shop-online-best-price-in-dubai-uae,,,,,,,,,,,,,,,,,,,,,,,,,,,,,,,https://cdn.shopify.com/s/files/1/0626/6119/8023/files/Shiyaaka_Blue_2_jpg.jpg?v=1771043688,2,SHIYAAKA BLUE 100ML EDP SPRAY - Khadlaj Perfumes,,,,,,,,,,,,,,,,,,,,,,,,,,,,,,,,,,,,,,,,,,,,,,,,,,,,,,,,,,,
shiyaaka-blue-100ml-shop-online-best-price-in-dubai-uae,,,,,,,,,,,,,,,,,,,,,,,,,,,,,,,https://cdn.shopify.com/s/files/1/0626/6119/8023/files/Shiyaaka.Blue.4.jpg?v=1771043727,3,SHIYAAKA BLUE 100ML EDP SPRAY - Khadlaj Perfumes,,,,,,,,,,,,,,,,,,,,,,,,,,,,,,,,,,,,,,,,,,,,,,,,,,,,,,,,,,,
shiyaaka-blue-100ml-shop-online-best-price-in-dubai-uae,,,,,,,,,,,,,,,,,,,,,,,,,,,,,,,https://cdn.shopify.com/s/files/1/0626/6119/8023/files/Shiyaaka.Blue.3.jpg?v=1771043747,4,SHIYAAKA BLUE 100ML EDP SPRAY - Khadlaj Perfumes,,,,,,,,,,,,,,,,,,,,,,,,,,,,,,,,,,,,,,,,,,,,,,,,,,,,,,,,,,,
shiyaaka-blue-100ml-shop-online-best-price-in-dubai-uae,,,,,,,,,,,,,,,,,,,,,,,,,,,,,,,https://cdn.shopify.com/s/files/1/0626/6119/8023/files/shiyaka_blue_jpg.jpg?v=1783431830,5,SHIYAAKA BLUE 100ML EDP SPRAY - Khadlaj Perfumes,,,,,,,,,,,,,,,,,,,,,,,,,,,,,,,,,,,,,,,,,,,,,,,,,,,,,,,,,,,
la-fede-miss-premeire-spray-shop-online-best-price-in-dubai-uae,LA FEDE MISS PREMIERE 75ML EDP SPRAY,"<style type=""text/css""><!--
td {border: 1px solid #cccccc;}br {mso-data-placement:same-cell;}
--></style>
<span data-sheets-userformat='{""2"":15233,""3"":{""1"":0},""10"":0,""11"":4,""12"":0,""14"":{""1"":2,""2"":0},""15"":""Calibri"",""16"":11}' data-sheets-value=""{&quot;1&quot;:2,&quot;2&quot;:&quot; La Fede Miss Premier, a captivating and enchanting eau de parfum that celebrates femininity, beauty, and allure. This fragrance is designed for the confident and glamorous woman who knows how to make a statement.\n\nAt the top, La Fede Miss Premier unfolds with a burst of vibrant and juicy blackcurrant and raspberry. These fruity notes create a luscious and enticing opening that immediately grabs attention and sets the stage for the fragrance's captivating journey.\n\nAs the fragrance develops, the heart notes reveal a bouquet of exquisite floral accords. The delicate and intoxicating scents of jasmine, rose, and violet intertwine, creating a harmonious symphony of floral elegance. These notes add a touch of romance and femininity to the composition, evoking a sense of beauty and grace.\n\nIn the base, La Fede Miss Premier settles into a warm and sensual embrace. The alluring and seductive notes of musk blend seamlessly with the sweet and tantalizing essence of raspberry. The rich and creamy notes of sandalwood provide depth and sophistication, leaving a lingering trail of sensuality.\n\nLa Fede Miss Premier is a fragrance that embodies confidence, elegance, and allure. Its exquisite blend of blackcurrant, raspberry, gardenia, jasmine, rose, violet, musk, raspberry, and sandalwood creates a captivating and irresistible scent that is both modern and timeless. Whether worn for special occasions or everyday moments, this fragrance will make you feel confident, glamorous, and ready to make an unforgettable impression.\n\nIndulge in the allure and sophistication of La Fede Miss Premier and embrace the enchanting woman within you. Let its captivating notes become your signature scent, adding a touch of elegance and glamour to your presence. Experience the essence of femininity and beauty with this exceptional fragrance that captures the spirit of a true premier.&quot;}""> La Fede Miss Premier, a captivating and enchanting Extrait de parfum that celebrates femininity, beauty, and allure. This fragrance is designed for the confident and glamorous woman who knows how to make a statement.<br><br>At the top, La Fede Miss Premier unfolds with a burst of vibrant and juicy blackcurrant and raspberry. These fruity notes create a luscious and enticing opening that immediately grabs attention and sets the stage for the fragrance's captivating journey.<br><br>As the fragrance develops, the heart notes reveal a bouquet of exquisite floral accords. The delicate and intoxicating scents of jasmine, rose, and violet intertwine, creating a harmonious symphony of floral elegance. These notes add a touch of romance and femininity to the composition, evoking a sense of beauty and grace.<br><br>In the base, La Fede Miss Premier settles into a warm and sensual embrace. The alluring and seductive notes of musk blend seamlessly with the sweet and tantalizing essence of raspberry. The rich and creamy notes of sandalwood provide depth and sophistication, leaving a lingering trail of sensuality.<br><br>La Fede Miss Premier is a fragrance that embodies confidence, elegance, and allure. Its exquisite blend of blackcurrant, raspberry, gardenia, jasmine, rose, violet, musk, raspberry, and sandalwood creates a captivating and irresistible scent that is both modern and timeless. Whether worn for special occasions or everyday moments, this fragrance will make you feel confident, glamorous, and ready to make an unforgettable impression.<br><br>Indulge in the allure and sophistication of La Fede Miss Premier and embrace the enchanting woman within you. Let its captivating notes become your signature scent, adding a touch of elegance and glamour to your presence. Experience the essence of femininity and beauty with this exceptional fragrance that captures the spirit of a true premier.</span>",Khadlaj-perfumes,Health & Beauty > Personal Care > Cosmetics > Perfumes & Colognes,PERFUME SPRAY,"Perfume Spray, Women",true,Size,75 ml,,,,,,,,'6291107972329,1000.0,shopify,deny,manual,210.00,,true,true,,,,,'6291107972329,https://cdn.shopify.com/s/files/1/0626/6119/8023/files/LA_FEDE_MISS_PREMIERE_75ML_EDP_SPRAY_-_Khadlaj_Perfumes-1965165.jpg?v=1722410627,1,LA FEDE MISS PREMIERE 75ML EDP SPRAY - Khadlaj Perfumes,false,,,,,,,,,,,,,,,"<div class=""pyramid-section_lists""><h6 style=""font-weight:600;"">Top Notes</h6>
<p>Blackcurrent, Raspberry, Gardenia
</p>
</div>
<div class=""pyramid-section_lists""><h6 style=""font-weight:600;"">Middle Notes</h6>
<p>Jasmine, Rose, Violet</p>
</div>
<div class=""pyramid-section_lists""><h6 style=""font-weight:600;"">Base Notes</h6>
<p>Musk, Raspberry, Sandalwood</p>
</div>",,,,,,,,,,,,,,,,,,,g,,,true,,,true,,,true,,,true,,,true,,,true,,,true,,,active
la-fede-miss-premeire-spray-shop-online-best-price-in-dubai-uae,,,,,,,,,,,,,,,,,,,,,,,,,,,,,,,https://cdn.shopify.com/s/files/1/0626/6119/8023/files/LA_FEDE_MISS_PREMIERE_75ML_EDP_SPRAY_-_Khadlaj_Perfumes-1965168.jpg?v=1722410631,2,LA FEDE MISS PREMIERE 75ML EDP SPRAY - Khadlaj Perfumes,,,,,,,,,,,,,,,,,,,,,,,,,,,,,,,,,,,,,,,,,,,,,,,,,,,,,,,,,,,
la-fede-miss-premeire-spray-shop-online-best-price-in-dubai-uae,,,,,,,,,,,,,,,,,,,,,,,,,,,,,,,https://cdn.shopify.com/s/files/1/0626/6119/8023/files/LA_FEDE_MISS_PREMIERE_75ML_EDP_SPRAY_-_Khadlaj_Perfumes-1965170.jpg?v=1722410635,3,LA FEDE MISS PREMIERE 75ML EDP SPRAY - Khadlaj Perfumes,,,,,,,,,,,,,,,,,,,,,,,,,,,,,,,,,,,,,,,,,,,,,,,,,,,,,,,,,,,
la-fede-first-spray-shop-online-best-price-in-dubai-uae,LA FEDE FIRST LADY 75ML EDP SPRAY,"<style type=""text/css"" data-mce-fragment=""1""><!--
td {border: 1px solid #cccccc;}br {mso-data-placement:same-cell;}
--></style>
<span data-sheets-value='{""1"":2,""2"":""La Fede First Lady, an exquisite eau de parfum that embodies grace, elegance, and undeniable charm. This fragrance is a tribute to the sophisticated and empowered women who leave a lasting impression wherever they go.\n\nAt the top, La Fede First Lady opens with a fresh and invigorating blend of bergamot, juniper berry, and lavender. These notes create a vibrant and uplifting opening that immediately captures attention and sets a confident tone.\n\nAs the fragrance develops, the heart notes reveal a rich and comforting embrace. The luxurious scent of cashmere intertwines with the warm and woody notes of cedarwood, creating a soft and enveloping aura. The delicate yet captivating essence of gardenia adds a touch of femininity and elegance, enhancing the overall allure of the fragrance.\n\nIn the base, La Fede First Lady settles into a sophisticated and sensual trail. The timeless and alluring notes of ambergris blend seamlessly with the subtle hints of leather, adding depth and character to the composition. The earthy and mossy notes provide a grounding and refined touch, leaving a lasting impression that lingers in the air.\n\nLa Fede First Lady is a fragrance that embodies the essence of femininity, strength, and sophistication. Its harmonious blend of bergamot, juniper berry, lavender, cashmere, cedarwood, gardenia, ambergris, leather, and moss creates a captivating scent that is both timeless and modern. Whether worn during daytime or evening occasions, this fragrance will make you feel confident, elegant, and effortlessly stylish.\n\nIndulge in the allure and elegance of La Fede First Lady and embrace the confident and empowered woman within you. Let its enchanting and sophisticated notes become your signature scent, leaving a lasting impression wherever you go. Experience the epitome of grace and charm with this exceptional fragrance that celebrates the essence of femininity and captures the essence of a true first lady.""}' data-sheets-userformat='{""2"":15233,""3"":{""1"":0},""10"":0,""11"":4,""12"":0,""14"":{""1"":2,""2"":0},""15"":""Calibri"",""16"":11}' data-mce-fragment=""1"">La Fede First Lady, an exquisite Extrait de parfum that embodies grace, elegance, and undeniable charm. This fragrance is a tribute to the sophisticated and empowered women who leave a lasting impression wherever they go.<br data-mce-fragment=""1""><br data-mce-fragment=""1"">At the top, La Fede First Lady opens with a fresh and invigorating blend of bergamot, juniper berry, and lavender. These notes create a vibrant and uplifting opening that immediately captures attention and sets a confident tone.<br data-mce-fragment=""1""><br data-mce-fragment=""1"">As the fragrance develops, the heart notes reveal a rich and comforting embrace. The luxurious scent of cashmere intertwines with the warm and woody notes of cedarwood, creating a soft and enveloping aura. The delicate yet captivating essence of gardenia adds a touch of femininity and elegance, enhancing the overall allure of the fragrance.<br data-mce-fragment=""1""><br data-mce-fragment=""1"">In the base, La Fede First Lady settles into a sophisticated and sensual trail. The timeless and alluring notes of amber wood blend seamlessly with the subtle hints of leather, adding depth and character to the composition. The earthy and mossy notes provide a grounding and refined touch, leaving a lasting impression that lingers in the air.<br data-mce-fragment=""1""><br data-mce-fragment=""1"">La Fede First Lady is a fragrance that embodies the essence of femininity, strength, and sophistication. Its harmonious blend of bergamot, juniper berry, lavender, cashmere, cedarwood, gardenia, amber wood, leather, and moss creates a captivating scent that is both timeless and modern. Whether worn during daytime or evening occasions, this fragrance will make you feel confident, elegant, and effortlessly stylish.<br data-mce-fragment=""1""><br data-mce-fragment=""1"">Indulge in the allure and elegance of La Fede First Lady and embrace the confident and empowered woman within you. Let its enchanting and sophisticated notes become your signature scent, leaving a lasting impression wherever you go. Experience the epitome of grace and charm with this exceptional fragrance that celebrates the essence of femininity and captures the essence of a true first lady.</span>",Khadlaj-perfumes,Health & Beauty > Personal Care > Cosmetics > Perfumes & Colognes,PERFUME SPRAY,"Perfume Spray, Women",true,Size,75 ml,,,,,,,,'6291107972312,1000.0,shopify,deny,manual,210.00,,true,true,,,,,'6291107972312,https://cdn.shopify.com/s/files/1/0626/6119/8023/files/LA_FEDE_FIRST_LADY_75ML_EDP_SPRAY_-_Khadlaj_Perfumes-1965018.jpg?v=1722410308,1,LA FEDE FIRST LADY 75ML EDP SPRAY - Khadlaj Perfumes,false,,,,,,,,,,,,,,,"<div class=""pyramid-section_lists""><h6 style=""font-weight:600;"">Top Notes</h6>
<p>Bergamot, Juniper Berry, Lavender</p>
</div>
<div class=""pyramid-section_lists""><h6 style=""font-weight:600;"">Middle Notes</h6>
<p>Cashmere, Cedarwood, Gardenia</p>
</div>
<div class=""pyramid-section_lists""><h6 style=""font-weight:600;"">Base Notes</h6>
<p>Amber wood, Leather, Moss</p>
</div>",,,,,,,,,,,,,,,,,,https://cdn.shopify.com/s/files/1/0626/6119/8023/files/LA_FEDE_FIRST_LADY_75ML_EDP_SPRAY_-_Khadlaj_Perfumes-1965024.jpg?v=1722410317,g,,,true,,,true,,,true,,,true,,,true,,,true,,,true,,,active
la-fede-first-spray-shop-online-best-price-in-dubai-uae,,,,,,,,,,,,,,,,,,,,,,,,,,,,,,,https://cdn.shopify.com/s/files/1/0626/6119/8023/files/LA_FEDE_FIRST_LADY_75ML_EDP_SPRAY_-_Khadlaj_Perfumes-1965021.jpg?v=1722410313,2,LA FEDE FIRST LADY 75ML EDP SPRAY - Khadlaj Perfumes,,,,,,,,,,,,,,,,,,,,,,,,,,,,,,,,,,,,,,,,,,,,,,,,,,,,,,,,,,,
la-fede-first-spray-shop-online-best-price-in-dubai-uae,,,,,,,,,,,,,,,,,,,,,,,,,,,,,,,https://cdn.shopify.com/s/files/1/0626/6119/8023/files/LA_FEDE_FIRST_LADY_75ML_EDP_SPRAY_-_Khadlaj_Perfumes-1965024.jpg?v=1722410317,3,LA FEDE FIRST LADY 75ML EDP SPRAY - Khadlaj Perfumes,,,,,,,,,,,,,,,,,,,,,,,,,,,,,,,,,,,,,,,,,,,,,,,,,,,,,,,,,,,
oud-pour-shaikh-spray-shop-online-best-price-in-dubai-uae,OUD POUR SHAIKH 100ML EDP SPRAY,"<style type=""text/css"" data-mce-fragment=""1""><!--
td {border: 1px solid #cccccc;}br {mso-data-placement:same-cell;}
--></style>
<span data-sheets-value='{""1"":2,""2"":"" Oud Pour Shiekh, an exquisite niche eau de parfum that captures the essence of elegance and sophistication. This fragrance is a tribute to timeless style and refined taste, offering a luxurious olfactory journey for the discerning connoisseur.\n\nAt the top, Oud Pour Shiekh welcomes you with a burst of freshness and vibrancy. The citrusy and zesty notes of bergamot create a lively and invigorating opening, setting the stage for the journey ahead. The unique and captivating scent of davana adds a touch of intrigue, adding depth and complexity to the composition.\n\nAs the fragrance develops, the heart notes reveal a refined and earthy accord. The smoky and woody notes of vetiver intertwine with the warm and comforting scent of cedarwood, creating a harmonious blend that exudes confidence and sophistication. These middle notes provide a sense of grounding and balance, adding a touch of depth and richness to the fragrance.\n\nIn the base, Oud Pour Shiekh settles into a luxurious and captivating embrace. The rich and opulent notes of amber create a warm and inviting ambiance, while the majestic scent of oudh, also known as agarwood, adds a layer of mystery and allure. These base notes leave a lasting impression, enveloping you in a sensual and unforgettable aura.\n\nOud Pour Shiekh is a fragrance that speaks to the refined tastes and elegant sensibilities of those who appreciate the finer things in life. Its exquisite blend of bergamot, davana, vetiver, cedarwood, amber, and oudh creates a scent that is both timeless and alluring. Whether worn for special occasions or to make a statement of sophistication, Oud Pour Shiekh is sure to captivate and leave a lasting impression.\n\nIndulge in the opulence and refinement of Oud Pour Shiekh, and let its elegant and captivating notes transport you to a world of luxury and allure. Experience the true essence of sophistication with this exceptional fragrance that is destined to become your signature scent, making you feel like the epitome of elegance and style.""}' data-sheets-userformat='{""2"":15233,""3"":{""1"":0},""10"":0,""11"":4,""12"":0,""14"":{""1"":2,""2"":0},""15"":""Calibri"",""16"":11}' data-mce-fragment=""1""> Oud Pour Shiekh, an exquisite niche eau de parfum that captures the essence of elegance and sophistication. This fragrance is a tribute to timeless style and refined taste, offering a luxurious olfactory journey for the discerning connoisseur.<br data-mce-fragment=""1""><br data-mce-fragment=""1"">At the top, Oud Pour Shiekh welcomes you with a burst of freshness and vibrancy. The citrusy and zesty notes of bergamot create a lively and invigorating opening, setting the stage for the journey ahead. The unique and captivating scent of davana adds a touch of intrigue, adding depth and complexity to the composition.<br data-mce-fragment=""1""><br data-mce-fragment=""1"">As the fragrance develops, the heart notes reveal a refined and earthy accord. The smoky and woody notes of vetiver intertwine with the warm and comforting scent of cedarwood, creating a harmonious blend that exudes confidence and sophistication. These middle notes provide a sense of grounding and balance, adding a touch of depth and richness to the fragrance.<br data-mce-fragment=""1""><br data-mce-fragment=""1"">In the base, Oud Pour Shiekh settles into a luxurious and captivating embrace. The rich and opulent notes of amber create a warm and inviting ambiance, while the majestic scent of oudh, also known as agarwood, adds a layer of mystery and allure. These base notes leave a lasting impression, enveloping you in a sensual and unforgettable aura.<br data-mce-fragment=""1""><br data-mce-fragment=""1"">Oud Pour Shiekh is a fragrance that speaks to the refined tastes and elegant sensibilities of those who appreciate the finer things in life. Its exquisite blend of bergamot, davana, vetiver, cedarwood, amber, and oudh creates a scent that is both timeless and alluring. Whether worn for special occasions or to make a statement of sophistication, Oud Pour Shiekh is sure to captivate and leave a lasting impression.<br data-mce-fragment=""1""><br data-mce-fragment=""1"">Indulge in the opulence and refinement of Oud Pour Shiekh, and let its elegant and captivating notes transport you to a world of luxury and allure. Experience the true essence of sophistication with this exceptional fragrance that is destined to become your signature scent, making you feel like the epitome of elegance and style.</span>
<script type="""" application>
{
  """"@context"""": """"https://schema.org/"""",
  """"@type"""": """"Product"""",
  """"name"""": """"Oud Pour Shaikh Perfume | Best Eau Perfume | Khadlaj Perfumes"""",
  """"image"""": """"https://khadlaj-perfumes.com/collections/perfumes-spray/products/oud-pour-shaikh-spray-shop-online-best-price-in-dubai-uae"""",
  """"description"""": """"Shop Oud Pour Shaikh Perfume at Khadlaj Perfumes – the best Eau perfume with deep oud notes. A luxurious fragrance crafted for men who demand excellence."""",
  """"sku"""": """"Oud-Pour-Shaikh"""",
  """"brand"""": {
    """"@type"""": """"Brand"""",
    """"name"""": """"Khadlaj Perfumes""""
  }
}
</script>",Khadlaj-perfumes,Health & Beauty > Personal Care > Cosmetics > Perfumes & Colognes,PERFUME SPRAY,"Deals, Men, Perfume Spray",true,Size,100 ML,,,,,,,,,0.0,shopify,deny,manual,100.00,150.00,true,true,,,,,,https://cdn.shopify.com/s/files/1/0626/6119/8023/files/Perfume.jpg?v=1784008336,1,OUD POUR SHAIKH 100ML EDP SPRAY,false,Oud Pour Shaikh Perfume | Best Eau Perfume | Khadlaj Perfumes,Shop Oud Pour Shaikh Perfume at Khadlaj Perfumes – the best Eau perfume with deep oud notes. A luxurious fragrance crafted for men who demand excellence.,,,,,,,,,,,,,"<div class=""pyramid-section_lists""><h6 style=""font-weight:600;"">Top Notes</h6>
<p> Bergamot, Davana</p>
</div>
<div class=""pyramid-section_lists""><h6 style=""font-weight:600;"">Middle Notes</h6>
<p>Vetiver, Cedar wood</p>
</div>
<div class=""pyramid-section_lists""><h6 style=""font-weight:600;"">Base Notes</h6>
<p>Amber, Oudh</p>
</div>",,,,,,,,,,,,,,,,,,,g,,,true,,,true,,,true,,,true,,,true,,,true,,,true,,,active
oud-pour-shaikh-spray-shop-online-best-price-in-dubai-uae,,,,,,,,,,,,,,,,,,,,,,,,,,,,,,,https://cdn.shopify.com/s/files/1/0626/6119/8023/files/OUD_POUR_SHAIKH_100ML_EDP_SPRAY_-_Khadlaj_Perfumes-1965770.jpg?v=1722411793,2,OUD POUR SHAIKH 100ML EDP SPRAY - Khadlaj Perfumes,,,,,,,,,,,,,,,,,,,,,,,,,,,,,,,,,,,,,,,,,,,,,,,,,,,,,,,,,,,
oud-pour-rouge-spray-shop-online-best-price-in-dubai-uae,OUD POUR ROUGE 100ML EDP SPRAY,"<style data-mce-fragment=""1"" type=""text/css""><!--
td {border: 1px solid #cccccc;}br {mso-data-placement:same-cell;}
--></style>
<span data-mce-fragment=""1"" data-sheets-userformat='{""2"":15233,""3"":{""1"":0},""10"":0,""11"":4,""12"":0,""14"":{""1"":2,""2"":0},""15"":""Calibri"",""16"":11}' data-sheets-value='{""1"":2,""2"":""Oud Pour Rouge, a captivating and seductive niche eau de parfum that explores the rich and fiery facets of oud. This fragrance is a bold and passionate composition that embraces warmth, spice, and sensuality.\n\nAt the top, Oud Pour Rouge opens with a burst of freshness and zest. The citrusy and vibrant notes of bergamot create a lively and invigorating sensation, instantly awakening the senses. The aromatic and soothing lavender adds a touch of elegance and tranquility, balancing the vibrant energy with a sense of calm.\n\nAs the fragrance unfolds, the heart notes reveal a captivating blend of spices. The warm and spicy notes of cinnamon and cardamom intertwine, creating a mesmerizing and aromatic accord. These middle notes add depth and complexity to the composition, infusing it with an alluring and intoxicating aura.\n\nIn the base, Oud Pour Rouge settles into a rich and sensual embrace. The warm and inviting notes of amber create a cozy and comforting ambiance, while the luxurious scent of leather adds a touch of sophistication and intrigue. These base notes evoke a sense of sensuality and create a captivating and long-lasting trail.\n\nOud Pour Rouge is a fragrance that exudes passion and allure. Its unique blend of bergamot, lavender, cinnamon, cardamom, amber, and leather creates a scent that is both bold and inviting. Whether worn for special occasions or to make a statement, Oud Pour Rouge is sure to leave a lasting impression, making you feel confident and irresistible.\n\nEmbrace the warmth and sensuality of Oud Pour Rouge and let its intoxicating notes envelop you in a seductive embrace. Experience the bold and fiery side of oud and let Oud Pour Rouge become your signature scent, leaving a trail of passion and allure wherever you go.""}'>Oud Pour Rouge, a captivating and seductive niche eau de parfum that explores the rich and fiery facets of oud. This fragrance is a bold and passionate composition that embraces warmth, spice, and sensuality.<br data-mce-fragment=""1""><br data-mce-fragment=""1"">At the top, Oud Pour Rouge opens with a burst of freshness and zest. The citrusy and vibrant notes of bergamot create a lively and invigorating sensation, instantly awakening the senses. The aromatic and soothing lavender adds a touch of elegance and tranquility, balancing the vibrant energy with a sense of calm.<br data-mce-fragment=""1""><br data-mce-fragment=""1"">As the fragrance unfolds, the heart notes reveal a captivating blend of spices. The warm and spicy notes of cinnamon and cardamom intertwine, creating a mesmerizing and aromatic accord. These middle notes add depth and complexity to the composition, infusing it with an alluring and intoxicating aura.<br data-mce-fragment=""1""><br data-mce-fragment=""1"">In the base, Oud Pour Rouge settles into a rich and sensual embrace. The warm and inviting notes of amber create a cozy and comforting ambiance, while the luxurious scent of leather adds a touch of sophistication and intrigue. These base notes evoke a sense of sensuality and create a captivating and long-lasting trail.<br data-mce-fragment=""1""><br data-mce-fragment=""1"">Oud Pour Rouge is a fragrance that exudes passion and allure. Its unique blend of bergamot, lavender, cinnamon, cardamom, amber, and leather creates a scent that is both bold and inviting. Whether worn for special occasions or to make a statement, Oud Pour Rouge is sure to leave a lasting impression, making you feel confident and irresistible.<br data-mce-fragment=""1""><br data-mce-fragment=""1"">Embrace the warmth and sensuality of Oud Pour Rouge and let its intoxicating notes envelop you in a seductive embrace. Experience the bold and fiery side of oud and let Oud Pour Rouge become your signature scent, leaving a trail of passion and allure wherever you go.</span>",Khadlaj-perfumes,Health & Beauty > Personal Care > Cosmetics > Perfumes & Colognes > Eaux de Parfum,PERFUME SPRAY,"Deals, Men, Perfume Spray",true,Size,100 ML,,,,,,,,,0.0,shopify,deny,manual,100.00,150.00,true,true,,,,,,https://cdn.shopify.com/s/files/1/0626/6119/8023/files/BOTTLE_7.jpg?v=1784008049,1,OUD POUR ROUGE 100ML EDP SPRAY,false,"Oud Pour Rouge Fruity, Musk | Premium Perfume Online UAE","Oud Pour Rouge perfume blends fruity and musk notes into a rich, luxurious fragrance for men and women online in UAE.",479,,,,,,,,,,,,"<div class=""pyramid-section_lists""><h6 style=""font-weight:600;"">Top Notes</h6>
<p>Bergamot, Lavender</p>
</div>
<div class=""pyramid-section_lists""><h6 style=""font-weight:600;"">Middle Notes</h6>
<p>Cinnamon, Cardamom</p>
</div>
<div class=""pyramid-section_lists""><h6 style=""font-weight:600;"">Base Notes</h6>
<p>Amber, Leather</p>
</div>",,,,,,,,,,,,,,winter; spring; fall,,,,,g,,,true,,,true,,,true,,,true,,,true,,,true,,,true,,,active
oud-pour-rouge-spray-shop-online-best-price-in-dubai-uae,,,,,,,,,,,,,,,,,,,,,,,,,,,,,,,https://cdn.shopify.com/s/files/1/0626/6119/8023/files/OUD_POUR_ROUGE_100ML_EDP_SPRAY_-_Khadlaj_Perfumes-1965765.jpg?v=1722411787,2,OUD POUR ROUGE 100ML EDP SPRAY - Khadlaj Perfumes,,,,,,,,,,,,,,,,,,,,,,,,,,,,,,,,,,,,,,,,,,,,,,,,,,,,,,,,,,,
oud-pour-rouge-spray-shop-online-best-price-in-dubai-uae,,,,,,,,,,,,,,,,,,,,,,,,,,,,,,,https://cdn.shopify.com/s/files/1/0626/6119/8023/files/ROUGE_FRONT.jpg?v=1784008013,3,OUD POUR ROUGE 100ML EDP SPRAY - Khadlaj Perfumes,,,,,,,,,,,,,,,,,,,,,,,,,,,,,,,,,,,,,,,,,,,,,,,,,,,,,,,,,,,
oud-pour-noble-spray-shop-online-best-price-in-dubai-uae,OUD POUR NOBLE 100ML EDP SPRAY,"<p><span>Oud Pour Noble, a luxurious niche eau de parfum that embodies elegance and nobility. This exquisite fragrance is a testament to the opulence and grandeur of oud, surrounded by a harmonious blend of floral and woody notes. </span></p>
<p><span>At the top, Oud Pour Noble opens with a burst of freshness and brightness. The citrusy and uplifting notes of bergamot create a zesty and invigorating sensation, setting the stage for the captivating journey ahead. The delicate and enchanting aroma of rose adds a touch of femininity and elegance, evoking a sense of timeless beauty. </span></p>
<p><span>As the fragrance develops, the heart notes unfold, revealing a captivating floral bouquet. The delicate and ethereal freesia combines with the exotic and alluring orchid, creating a harmonious blend that enchants the senses. These middle notes add depth and complexity to the composition, evoking a sense of refinement and grace.</span></p>
<p><span> In the base, Oud Pour Noble settles into a rich and sensual embrace. The earthy and sensual patchouli infuses the fragrance with its captivating and mysterious aroma, while the oud, also known as agarwood, takes center stage, exuding its distinctive and luxurious scent. These base notes create a captivating and long-lasting finish that lingers on the skin, leaving an unforgettable impression.</span></p>
<p><span> Oud Pour Noble is a fragrance that exudes sophistication and nobility. Its unique blend of bergamot, rose, freesia, orchid, patchouli, and oud creates a scent that is both captivating and refined. Whether worn for special occasions or as a daily indulgence, Oud Pour Noble is sure to leave a lasting impression, making you feel like true royalty.</span></p>
<p><span> Embrace the opulence and grandeur of Oud Pour Noble and experience the allure of oud in its most noble form. Let its exquisite notes transport you to a world of elegance and refinement. Revel in the captivating beauty of this fragrance and let Oud Pour Noble become your signature scent, leaving a trail of sophistication and nobility wherever you go.</span></p>
<script type="""" application>
{
  """"@context"""": """"https://schema.org/"""",
  """"@type"""": """"Product"""",
  """"name"""": """"Oud Pour Noble Perfume | Perfume for Men | Khadlaj Perfumes"""",
  """"image"""": """"https://khadlaj-perfumes.com/collections/perfumes-spray/products/oud-pour-noble-spray-shop-online-best-price-in-dubai-uae"""",
  """"description"""": """"Shop Oud Pour Noble Perfume for men at Khadlaj Perfumes – a refined and luxurious oud fragrance in the UAE. Perfect for a bold, lasting impression. Order Today!"""",
  """"sku"""": """"Oud-Pour-Noble"""",
  """"brand"""": {
    """"@type"""": """"Brand"""",
    """"name"""": """"Khadlaj Perfumes""""
  }
}
</script>",Khadlaj-perfumes,Health & Beauty > Personal Care > Cosmetics > Perfumes & Colognes,PERFUME SPRAY,"Deals, Perfume Spray, unisex",true,Size,100 ML,,,,,,,,,0.0,shopify,deny,manual,100.00,150.00,true,true,,,,,,https://cdn.shopify.com/s/files/1/0626/6119/8023/files/BOTTLE_6.jpg?v=1784007947,1,"
OUD POUR NOBLE 100ML EDP SPRAY",false,Oud Pour Noble Perfume | Perfume for Men | Khadlaj Perfumes,"Shop Oud Pour Noble Perfume for men at Khadlaj Perfumes – a refined and luxurious oud fragrance in the UAE. Perfect for a bold, lasting impression. Order Today!",,,,,,,,,,,,,"<div class=""pyramid-section_lists""><h6 style=""font-weight:600;"">Top Notes</h6>
<p>Bergamot, Rose</p>
</div>
<div class=""pyramid-section_lists""><h6 style=""font-weight:600;"">Middle Notes</h6>
<p>Freesia, Orchid</p>
</div>
<div class=""pyramid-section_lists""><h6 style=""font-weight:600;"">Base Notes</h6>
<p>Patchouli, Oud</p>
</div>",,,,,,,,,,,,,,,,,,,g,,,true,,,true,,,true,,,true,,,true,,,true,,,true,,,active
oud-pour-noble-spray-shop-online-best-price-in-dubai-uae,,,,,,,,,,,,,,,,,,,,,,,,,,,,,,,https://cdn.shopify.com/s/files/1/0626/6119/8023/files/OUD_POUR_NOBLE_100ML_EDP_SPRAY_-_Khadlaj_Perfumes-1965763.jpg?v=1722411779,2,OUD POUR NOBLE 100ML EDP SPRAY - Khadlaj Perfumes,,,,,,,,,,,,,,,,,,,,,,,,,,,,,,,,,,,,,,,,,,,,,,,,,,,,,,,,,,,
oud-pour-noble-spray-shop-online-best-price-in-dubai-uae,,,,,,,,,,,,,,,,,,,,,,,,,,,,,,,https://cdn.shopify.com/s/files/1/0626/6119/8023/files/NOBLE_BOX_FRONT.jpg?v=1784007899,3,OUD POUR NOBLE 100ML EDP SPRAY - Khadlaj Perfumes,,,,,,,,,,,,,,,,,,,,,,,,,,,,,,,,,,,,,,,,,,,,,,,,,,,,,,,,,,,
oud-pour-klassik-spray-shop-online-best-price-in-dubai-uae,OUD POUR KLASSIK 100ML EDP SPRAY,"<p><span>Oud Pour Klassik, a captivating niche eau de parfum that combines the timeless allure of oud with a modern and sophisticated twist. This fragrance is a tribute to elegance and refinement, drawing you into a world of luxury and distinction. </span></p>
<p><span>At the top, Oud Pour Klassik opens with a burst of freshness and vibrancy. The citrusy and uplifting notes of bergamot create a bright and invigorating sensation. The soft musk adds a touch of sensuality and warmth, setting the stage for the captivating journey ahead.</span></p>
<p><span> As the fragrance develops, the heart notes reveal themselves, unveiling a rich and intriguing blend. The earthy and aromatic patchouli brings depth and complexity, exuding a sense of mystery and allure. The delicate floral notes of geranium add a touch of elegance and refinement, enhancing the overall composition. These middle notes create a harmonious blend of sophistication and allure, evoking a sense of timeless beauty.</span></p>
<p><span> In the base, Oud Pour Klassik settles into a captivating and long-lasting finish. The oudh, also known as agarwood, takes center stage, infusing the fragrance with its distinctive and luxurious aroma. The warm and woody notes of cedarwood provide a solid foundation, adding depth and richness to the composition. These base notes linger on the skin, creating a trail of opulence and sophistication. </span></p>
<p><span>Oud Pour Klassik is a fragrance that embodies the perfect balance between tradition and modernity. Its unique blend of bergamot, musk, patchouli, geranium, oudh, and cedarwood creates a scent that is both timeless and contemporary. Whether worn for special occasions or as an everyday indulgence, Oud Pour Klassik is sure to make a lasting impression. Immerse yourself in the captivating world of Oud Pour Klassik and experience the allure of oud in a modern and sophisticated way. Let its exquisite notes transport you to a realm of elegance and refinement. Embrace the timeless beauty of this fragrance and let Oud Pour Klassik become your signature scent, leaving a trail of sophistication and distinction wherever you go.</span></p>
<script type="""" application>
{
  """"@context"""": """"https://schema.org/"""",
  """"@type"""": """"Product"""",
  """"name"""": """"Oud Pour Klassik Perfume | Men Eau De Parfum UAE | Khadlaj Perfumes"""",
  """"image"""": """"https://khadlaj-perfumes.com/collections/perfumes-spray/products/oud-pour-klassik-spray-shop-online-best-price-in-dubai-uae"""",
  """"description"""": """"Shop Oud Pour Klassik Perfume from Khadlaj Perfumes – a bold men’s Eau De Parfum in UAE with an intense oud aroma. Perfect for timeless elegance and depth. Order Today!"""",
  """"sku"""": """"Oud-Pour-Klassik"""",
  """"brand"""": {
    """"@type"""": """"Brand"""",
    """"name"""": """"Khadlaj Perfumes""""
  }
}
</script>",Khadlaj-perfumes,Health & Beauty > Personal Care > Cosmetics > Perfumes & Colognes > Eaux de Parfum,PERFUME SPRAY,"Deals, Perfume Spray, unisex",true,Size,100 ML,,,,,,,,,0.0,shopify,deny,manual,100.00,150.00,true,true,,,,,,https://cdn.shopify.com/s/files/1/0626/6119/8023/files/Copy_of_Untitled-1.jpg?v=1784007738,1,OUD POUR KLASSIK 100ML EDP SPRAY,false,Oud Pour Klassik Perfume | Men Eau De Parfum UAE | Khadlaj Perfumes,Shop Oud Pour Klassik Perfume from Khadlaj Perfumes – a bold men’s Eau De Parfum in UAE with an intense oud aroma. Perfect for timeless elegance and depth. Order Today!,479,,,,,,,,,,,,"<div class=""pyramid-section_lists""><h6 style=""font-weight:600;"">Top Notes</h6>
<p>Bergamot, Musk</p>
</div>
<div class=""pyramid-section_lists""><h6 style=""font-weight:600;"">Middle Notes</h6>
<p>Patchouli, Geranium</p>
</div>
<div class=""pyramid-section_lists""><h6 style=""font-weight:600;"">Base Notes</h6>
<p>Oudh, Cedarwood</p>
</div>",,,,,,,,,,everyday; formal; casual; special-occasion,,,citrus; woody; spicy,fall; winter; spring; summer,unisex,,,,g,,,true,,,true,,,true,,,true,,,true,,,true,,,true,,,active
oud-pour-klassik-spray-shop-online-best-price-in-dubai-uae,,,,,,,,,,,,,,,,,,,,,,,,,,,,,,,https://cdn.shopify.com/s/files/1/0626/6119/8023/files/OUD_POUR_KLASSIK_100ML_EDP_SPRAY_-_Khadlaj_Perfumes-1965756.jpg?v=1722411765,2,OUD POUR KLASSIK 100ML EDP SPRAY - Khadlaj Perfumes,,,,,,,,,,,,,,,,,,,,,,,,,,,,,,,,,,,,,,,,,,,,,,,,,,,,,,,,,,,
oud-pour-klassik-spray-shop-online-best-price-in-dubai-uae,,,,,,,,,,,,,,,,,,,,,,,,,,,,,,,https://cdn.shopify.com/s/files/1/0626/6119/8023/files/KLASSIK_FRONT.jpg?v=1784007666,3,OUD POUR KLASSIK 100ML EDP SPRAY - Khadlaj Perfumes,,,,,,,,,,,,,,,,,,,,,,,,,,,,,,,,,,,,,,,,,,,,,,,,,,,,,,,,,,,
oud-pour-blueberry-spray-shop-online-best-price-in-dubai-uae,OUD POUR BLUEBERRY 100ML EDP SPRAY,"<p><span> Oud Pour Blueberry, a mesmerizing niche eau de parfum that combines the rich and exotic scent of oud with the tantalizing sweetness of blueberries. This unique fragrance invites you on a sensorial journey, immersing you in a world of enchantment and luxury.</span></p>
<p><span> At the top, Oud Pour Blueberry opens with a burst of freshness and vibrancy. The uplifting notes of bergamot create a citrusy and zesty accord, while the raspberry adds a juicy and succulent touch. The delicate aroma of jasmine floats in the air, lending a floral elegance to the composition. These top notes create an enticing introduction, setting the stage for the captivating journey ahead.</span></p>
<p><span> As the fragrance develops, the heart notes reveal themselves, showcasing the irresistible sweetness of blueberries. The luscious aroma of vanilla envelops the senses, creating a warm and comforting embrace. The delicate freesia adds a touch of floral femininity, enhancing the overall allure of the fragrance. Together, these middle notes create a harmonious blend of sweetness and floral elegance, evoking a sense of indulgence and sophistication.</span></p>
<p><span> In the base, Oud Pour Blueberry settles into a luxurious and captivating finish. The rich and woody notes of sandalwood provide a solid foundation, exuding warmth and depth. The amber adds a touch of sensuality and allure, while the oud brings an element of exoticism and mystery. These base notes linger on the skin, leaving a trail of opulence and intrigue.</span></p>
<p><span> Oud Pour Blueberry is a fragrance that celebrates the captivating combination of oud and blueberries. Its unique blend of bergamot, raspberry, jasmine, vanilla, freesia, sandalwood, amber, and oud creates a scent that is both alluring and sophisticated. Whether worn for special occasions or as a personal indulgence, Oud Pour Blueberry is sure to make a lasting impression. Immerse yourself in the enchanting world of Oud Pour Blueberry and experience the irresistible blend of oud and blueberries. Let its exquisite notes transport you to a realm of luxury and sensuality. Embrace the captivating power of this fragrance and let Oud Pour Blueberry become your signature scent, leaving a trail of allure and sophistication wherever you go.</span></p>",Khadlaj-perfumes,Health & Beauty > Personal Care > Cosmetics > Perfumes & Colognes > Eaux de Parfum,PERFUME SPRAY,"Deals, Perfume Spray, unisex",true,Size,100 ML,,,,,,,,,0.0,shopify,deny,manual,100.00,150.00,true,true,,,,,,https://cdn.shopify.com/s/files/1/0626/6119/8023/files/BOTTLE_5.jpg?v=1784007569,1,OUD POUR BLUEBERRY 100ML EDP SPRAY,false,Oud Pour Blueberry Perfume | Unique Oud Perfume Online | Khadlaj,"Looking to buy Oud Pour Blueberry Perfume? Khadlaj blends fruity blueberry with rich oud notes. Shop unique oud perfumes online — best price, order now!",479,,,,,,,,,,,,"<div class=""pyramid-section_lists""><h6 style=""font-weight:600;"">Top Notes</h6>
<p>Bergamot, Raspberry, Jasmine</p>
</div>
<div class=""pyramid-section_lists""><h6 style=""font-weight:600;"">Middle Notes</h6>
<p>Vanilla, Freesia</p>
</div>
<div class=""pyramid-section_lists""><h6 style=""font-weight:600;"">Base Notes</h6>
<p>Sandalwood, Amber, Oud</p>
</div>",,,,,,,,,,,,,,,,,,,g,,,true,,,true,,,true,,,true,,,true,,,true,,,true,,,active
oud-pour-blueberry-spray-shop-online-best-price-in-dubai-uae,,,,,,,,,,,,,,,,,,,,,,,,,,,,,,,https://cdn.shopify.com/s/files/1/0626/6119/8023/files/OUD_POUR_BLUEBERRY_100ML_EDP_SPRAY_-_Khadlaj_Perfumes-1965753.jpg?v=1722411758,2,OUD POUR BLUEBERRY 100ML EDP SPRAY - Khadlaj Perfumes,,,,,,,,,,,,,,,,,,,,,,,,,,,,,,,,,,,,,,,,,,,,,,,,,,,,,,,,,,,
oud-pour-blueberry-spray-shop-online-best-price-in-dubai-uae,,,,,,,,,,,,,,,,,,,,,,,,,,,,,,,https://cdn.shopify.com/s/files/1/0626/6119/8023/files/BLUEBERRY_FRONT.jpg?v=1784007486,3,OUD POUR BLUEBERRY 100ML EDP SPRAY - Khadlaj Perfumes,,,,,,,,,,,,,,,,,,,,,,,,,,,,,,,,,,,,,,,,,,,,,,,,,,,,,,,,,,,
musk-pour-narcis-spray-shop-online-best-price-in-dubai-uae,MUSK POUR NARCIS 100ML EDP SPRAY,"<p><span data-mce-fragment=""1"">Musk Pour Narcis, a captivating and sophisticated niche eau de parfum that embodies elegance and allure. This exquisite fragrance is a harmonious blend of aromatic and musky notes, with a touch of earthy richness, creating a truly captivating olfactory experience. </span></p>
<p><span data-mce-fragment=""1"">At the top, Musk Pour Narcis opens with a refreshing burst of bergamot, lending a citrusy and vibrant touch to the fragrance. The subtle notes of lavender add a soothing and aromatic quality, creating a sense of relaxation and tranquility. These top notes create a captivating introduction, setting the stage for the journey that unfolds. </span></p>
<p><span data-mce-fragment=""1"">As the fragrance develops, the heart notes reveal themselves, showcasing the captivating musky accord. The musk notes envelop you in a veil of sensuality, adding depth and allure to the composition. Green notes add a touch of freshness and crispness, creating a harmonious balance between the musky and green facets. Together, these middle notes create an intriguing and captivating aroma that entices the senses.</span></p>
<p><span data-mce-fragment=""1""> In the base, Musk Pour Narcis settles into a warm and luxurious embrace. The rich and woody notes of sandalwood provide a solid foundation, exuding a sense of sophistication and refinement. The amber adds a touch of warmth and depth, while the oud contributes a touch of earthy richness and complexity. These base notes linger on the skin, leaving a trail of elegance and sensuality.</span></p>
<p><span data-mce-fragment=""1""> Musk Pour Narcis is a fragrance that captures the essence of sophistication and allure. Its unique blend of bergamot, lavender, musk, green notes, sandalwood, amber, and oud creates a scent that is both captivating and luxurious. Whether worn for special occasions or as a personal indulgence, Musk Pour Narcis is sure to make a lasting impression. Indulge in the captivating allure of Musk Pour Narcis and experience the elegance and sophistication it embodies. Let its exquisite blend of notes transport you to a world of refined luxury and sensuality. Embrace the captivating power of musk and let Musk Pour Narcis be your signature scent, leaving a trail of allure wherever you go.</span></p>
<script type="""" application>
{
  """"@context"""": """"https://schema.org/"""",
  """"@type"""": """"Product"""",
  """"name"""": """"Musk Pour Narcis Perfume | Best Dubai Perfumes | Khadlaj Perfumes"""",
  """"image"""": """"https://khadlaj-perfumes.com/collections/perfumes-spray/products/musk-pour-narcis-spray-shop-online-best-price-in-dubai-uae"""",
  """"description"""": """"Shop Musk Pour Narcis Perfume at Khadlaj Perfumes – one of the best Dubai perfumes with a refined musk aroma. Perfect for men who value elegance and depth."""",
  """"sku"""": """"Musk-Pour-Narcis"""",
  """"brand"""": {
    """"@type"""": """"Brand"""",
    """"name"""": """"Khadlaj Perfumes""""
  }
}
</script>",Khadlaj-perfumes,Health & Beauty > Personal Care > Cosmetics > Perfumes & Colognes > Eaux de Parfum,PERFUME SPRAY,"Deals, Perfume Spray, women",true,Size,100 ML,,,,,,,,,0.0,shopify,deny,manual,110.00,150.00,true,true,,,,,,https://cdn.shopify.com/s/files/1/0626/6119/8023/files/BOTTLE_4.jpg?v=1784007371,1,MUSK POUR NARCIS 100ML EDP SPRAY,false,Musk Pour Narcis Perfume | Best Dubai Perfumes | Khadlaj Perfumes,Shop Musk Pour Narcis Perfume at Khadlaj Perfumes – one of the best Dubai perfumes with a refined musk aroma. Perfect for men who value elegance and depth.,479,,,,,,,,,,,,"<div class=""pyramid-section_lists""><h6 style=""font-weight:600;"">Top Notes</h6>
<p>Bergamot, Lavender</p>
</div>
<div class=""pyramid-section_lists""><h6 style=""font-weight:600;"">Middle Notes</h6>
<p>Musk, Green notes</p>
</div>
<div class=""pyramid-section_lists""><h6 style=""font-weight:600;"">Base Notes</h6>
<p>Sandalwood, Amber, Oud</p>
</div>",,,,,,,,,,,,,,,,,,,g,,,true,,,true,,,true,,,true,,,true,,,true,,,true,,,active
musk-pour-narcis-spray-shop-online-best-price-in-dubai-uae,,,,,,,,,,,,,,,,,,,,,,,,,,,,,,,https://cdn.shopify.com/s/files/1/0626/6119/8023/files/MUSK_POUR_NARCIS_100ML_EDP_SPRAY_-_Khadlaj_Perfumes-1965445.jpg?v=1722411170,2,MUSK POUR NARCIS 100ML EDP SPRAY - Khadlaj Perfumes,,,,,,,,,,,,,,,,,,,,,,,,,,,,,,,,,,,,,,,,,,,,,,,,,,,,,,,,,,,
musk-pour-narcis-spray-shop-online-best-price-in-dubai-uae,,,,,,,,,,,,,,,,,,,,,,,,,,,,,,,https://cdn.shopify.com/s/files/1/0626/6119/8023/files/NARCIS_FRONT.jpg?v=1784007325,3,MUSK POUR NARCIS 100ML EDP SPRAY - Khadlaj Perfumes,,,,,,,,,,,,,,,,,,,,,,,,,,,,,,,,,,,,,,,,,,,,,,,,,,,,,,,,,,,
