Handle,Title,Body (HTML),Vendor,Product Category,Type,Tags,Published,Option1 Name,Option1 Value,Option1 Linked To,Option2 Name,Option2 Value,Option2 Linked To,Option3 Name,Option3 Value,Option3 Linked To,Variant SKU,Variant Grams,Variant Inventory Tracker,Variant Inventory Policy,Variant Fulfillment Service,Variant Price,Variant Compare At Price,Variant Requires Shipping,Variant Taxable,Unit Price Total Measure,Unit Price Total Measure Unit,Unit Price Base Measure,Unit Price Base Measure Unit,Variant Barcodes,Image Src,Image Position,Image Alt Text,Gift Card,SEO Title,SEO Description,Google Shopping / Google Product Category,Google Shopping / Gender,Google Shopping / Age Group,Google Shopping / MPN,Google Shopping / Condition,Google Shopping / Custom Product,Google Shopping / Custom Label 0,Google Shopping / Custom Label 1,Google Shopping / Custom Label 2,Google Shopping / Custom Label 3,Google Shopping / Custom Label 4,PRE - ORDER DELIVERY (product.metafields.custom.pre_order_delivery),Pyramid Description (product.metafields.custom.pyramid_description),EComposer product countdown end at (product.metafields.ecomposer.countdown),EComposer product countdown start at (product.metafields.ecomposer.countdown_from),Google: Custom Product (product.metafields.mm-google-shopping.custom_product),Low stock threshold (product.metafields.sam.lowstockthreshold),Color (product.metafields.shopify.color-pattern),Dispenser type (product.metafields.shopify.dispenser-type),Fragrance (product.metafields.shopify.fragrance),Incense type (product.metafields.shopify.incense-type),Material (product.metafields.shopify.material),Occasion (product.metafields.shopify.occasion),Olfactory family (product.metafields.shopify.olfactory-family),Product form (product.metafields.shopify.product-form),Scent (product.metafields.shopify.scent),Season (product.metafields.shopify.season),Target gender (product.metafields.shopify.target-gender),Usage type (product.metafields.shopify.usage-type),EasifyBoxBuilderUrl (product.metafields._easifyboxbuilder.url),Variant Image,Variant Weight Unit,Variant Tax Code,Cost per item,Included / United Arab Emirates,Price / United Arab Emirates,Compare At Price / United Arab Emirates,Included / Bahrain,Price / Bahrain,Compare At Price / Bahrain,Included / KSA,Price / KSA,Compare At Price / KSA,Included / Kuwait,Price / Kuwait,Compare At Price / Kuwait,Included / NORTH AFRICA,Price / NORTH AFRICA,Compare At Price / NORTH AFRICA,Included / Oman,Price / Oman,Compare At Price / Oman,Included / Qatar,Price / Qatar,Compare At Price / Qatar,Status
oud-muattar-majnoon-shop-online-best-price-in-dubai-uae,OUD MUATTAR MAJNOON 50 G,"<p><span data-mce-fragment=""1"">Experience the intoxicating allure of Oud Moattar Majnoon, a fragrance that embraces passion and mystery. This captivating blend of notes is carefully curated to ignite your senses and transport you to a realm of seduction and intrigue.</span></p>
<p><span data-mce-fragment=""1""> At the top, the vibrant and citrusy notes of bergamot harmonize with the soothing essence of lavender, creating an intriguing juxtaposition of freshness and tranquility. This invigorating combination sets the stage for the olfactory journey that awaits. </span></p>
<p><span data-mce-fragment=""1"">As the fragrance unfolds, the warm and spicy accords of cinnamon and cardamom take center stage, evoking a sense of intrigue and sensuality. These aromatic spices intertwine, creating a captivating and irresistible aroma that captivates the senses.</span></p>
<p><span data-mce-fragment=""1""> Finally, at the base, the alluring blend of amber and leather leaves a lasting impression. The smooth and velvety notes of amber exude warmth and depth, while the rugged and intriguing essence of leather adds an element of seductive allure. </span><span data-mce-fragment=""1"">This harmonious combination creates a magnetic trail that entices and fascinates those around you.</span></p>
<p><span data-mce-fragment=""1""> Indulge in the captivating essence of Oud Moattar Majnoon and embrace the enigmatic allure it brings. Let the intoxicating blend of bergamot, lavender, cinnamon, cardamom, amber, and leather wrap you in a veil of intrigue and passion. Surrender to the irresistible charm of Oud Moattar Majnoon and let your senses be captivated by its spellbinding aroma. Directions for use: Place a coal on a bukhoor burner and ensure to use a foil underneath to prevent overheating. Place the Bukhoor tablet on the coal to release the captivating fragrance. Keep the burner on elevated surfaces, away from flames, direct heat, and sunlight. Remember to store it out of reach of children for safety.</span></p>",Khadlaj-perfumes,Home & Garden > Decor > Home Fragrances > Incense,OUD MUATTAR,"OUD MUATTAR, UNISEX",true,Size,50 g,,,,,,,,'6297000742670,500.0,shopify,deny,manual,27.00,,true,true,,,,,'6297000742670,https://cdn.shopify.com/s/files/1/0626/6119/8023/files/OUD_MUATTAR_MAJNOON_50_G_-_Khadlaj_Perfumes-1965690.jpg?v=1722411633,1,OUD MUATTAR MAJNOON 50 G - Khadlaj Perfumes,false,"Woody, Musk Oud Fragrance - Luxury Home Ambiance Oil",Woody and musk oud fragrance for a luxury home ambiance. Premium aroma designed for long-lasting freshness.,592,,,,,,,,,,,,"<div class=""pyramid-section_lists""><h6 style=""font-weight:600;"">Top Notes</h6>
<p>Bergamot, Lavender</p>
</div>
<div class=""pyramid-section_lists""><h6 style=""font-weight:600;"">Middle Notes</h6>
<p>Cinnamon, Cardamom</p>
</div>
<div class=""pyramid-section_lists""><h6 style=""font-weight:600;"">Base Notes</h6>
<p>Amber, Leather</p>
</div>",,,,,,,,,,,,,,,,,,https://cdn.shopify.com/s/files/1/0626/6119/8023/files/OUD_MUATTAR_MAJNOON_50_G_-_Khadlaj_Perfumes-1965690.jpg?v=1722411633,g,,,true,,,true,,,true,,,true,,,true,,,true,,,true,,,active
oud-muattar-majnoon-shop-online-best-price-in-dubai-uae,,,,,,,,,,,,,,,,,,,,,,,,,,,,,,,https://cdn.shopify.com/s/files/1/0626/6119/8023/files/OUD_MUATTAR_MAJNOON_50_G_-_Khadlaj_Perfumes-1965693.jpg?v=1722411639,2,OUD MUATTAR MAJNOON 50 G - Khadlaj Perfumes,,,,,,,,,,,,,,,,,,,,,,,,,,,,,,,,,,,,,,,,,,,,,,,,,,,,,,,,,,,
oud-muattar-badar-shop-online-best-price-in-dubai-uae,OUD MUATTAR BADAR 30 G,"<p><span>Embark on a sensory journey with Oud Moattar Badar, a fragrance that encapsulates elegance and allure. This exquisite blend of notes is meticulously crafted to transport you to a realm of luxury and enchantment.</span></p>
<p><span> At the top, the invigorating scent of bergamot harmonizes with the delicate and ethereal essence of white musk. This captivating combination creates a captivating opening that sets the stage for the olfactory experience to come.</span></p>
<p><span> As the fragrance unfolds, the intoxicating floral bouquet of jasmine and gardenia takes center stage. These blossoms exude a mesmerizing aroma that evokes femininity and grace, enveloping you in a bouquet of pure elegance. </span></p>
<p><span>Finally, at the base, the rich and aromatic tones of agarwood merge with the smooth and woody nuances of sandalwood. This foundation provides depth and longevity to the fragrance, leaving a lasting impression that lingers on the skin and in the air. </span></p>
<p><span>Oud Moattar Badar is more than just a fragrance; it is a transformative experience that awakens the senses and captivates the soul. Let the harmonious blend of bergamot, white musk, jasmine, gardenia, agarwood, and sandalwood transport you to a world of opulence and beauty. Immerse yourself in the essence of Oud Moattar Badar and embrace the allure of sophistication and elegance. Directions for use: Place a coal on a bukhoor burner and ensure to use a foil underneath to prevent overheating. Place the Bukhoor tablet on the coal to release the captivating fragrance. Keep the burner on elevated surfaces, away from flames, direct heat, and sunlight. Remember to store it out of reach of children for safety.</span></p>",Khadlaj-perfumes,Health & Beauty > Personal Care > Cosmetics > Perfumes & Colognes,OUD MUATTAR,"OUD MUATTAR, UNISEX",true,Size,30 g,,,,,,,,'6297000645544,500.0,shopify,deny,manual,21.00,,true,true,,,,,'6297000645544,https://cdn.shopify.com/s/files/1/0626/6119/8023/files/OUD_MUATTAR_BADAR_30_G_-_Khadlaj_Perfumes-1965621.jpg?v=1722411506,1,OUD MUATTAR BADAR 30 G - Khadlaj Perfumes,false,Oud Muattar Fragrance - Premium Home & Office Aroma,Oud Muattar fragrance designed for a premium home and office ambiance. Long-lasting aroma for an elegant environment.,,,,,,,,,,,,,"<div class=""pyramid-section_lists""><h6 style=""font-weight:600;"">Top Notes</h6>
<p>Bergamot, White Musk</p>
</div>
<div class=""pyramid-section_lists""><h6 style=""font-weight:600;"">Middle Notes</h6>
<p>Jasmine, Gardenia </p>
</div>
<div class=""pyramid-section_lists""><h6 style=""font-weight:600;"">Base Notes</h6>
<p>Agarwood, Sandalwood</p>
</div>",,,,,,,,,,,,,,,,,,https://cdn.shopify.com/s/files/1/0626/6119/8023/files/OUD_MUATTAR_BADAR_30_G_-_Khadlaj_Perfumes-1965621.jpg?v=1722411506,g,,,true,,,true,,,true,,,true,,,true,,,true,,,true,,,active
oud-muattar-badar-shop-online-best-price-in-dubai-uae,,,,,,,,,,,,,,,,,,,,,,,,,,,,,,,https://cdn.shopify.com/s/files/1/0626/6119/8023/files/OUD_MUATTAR_BADAR_30_G_-_Khadlaj_Perfumes-1965623.jpg?v=1722411510,2,OUD MUATTAR BADAR 30 G - Khadlaj Perfumes,,,,,,,,,,,,,,,,,,,,,,,,,,,,,,,,,,,,,,,,,,,,,,,,,,,,,,,,,,,
oud-muattar-al-azraq-shop-online-best-price-in-dubai-uae,OUD MUATTAR AL AZRAQ 40GM,"<p><span>Oud Moattar Azraq, a fragrance that embodies timeless beauty and refined allure. This exquisite blend of notes is meticulously crafted to captivate your senses and create an enchanting experience. </span></p>
<p><span>At the top, the bright and uplifting notes of bergamot dance harmoniously with the sensual embrace of musk. This invigorating combination sets the stage for the captivating journey that unfolds.</span></p>
<p><span> As the fragrance develops, the floral heart notes take center stage, revealing the delicate and enchanting bouquet of geranium, rose, and peony. These blossoms intertwine, releasing their captivating aroma and adding a touch of grace and femininity to the composition.</span></p>
<p><span> Finally, at the base, the warm and comforting blend of sandalwood, ylang-ylang, and musk lingers on the skin, creating a lasting impression. The creamy and velvety sandalwood adds a sense of depth and richness, while ylang-ylang brings a delicate sweetness. The lingering musk anchors the fragrance, leaving a trail of sensual allure.</span></p>
<p><span> Indulge in the captivating essence of Oud Moattar Azraq and immerse yourself in its elegant beauty. Let the enchanting blend of bergamot, musk, geranium, rose, peony, sandalwood, ylang-ylang, and musk transport you to a world of sophistication and allure. Surrender to the timeless elegance of Oud Moattar Azraq and embrace the captivating aura it brings. Directions for use: Place a coal on a bukhoor burner and ensure to use a foil underneath to prevent overheating. Place the Bukhoor tablet on the coal to release the captivating fragrance. Keep the burner on elevated surfaces, away from flames, direct heat, and sunlight. Remember to store it out of reach of children for safety.</span></p>",Khadlaj-perfumes,Health & Beauty > Personal Care > Cosmetics > Perfumes & Colognes,OUD MUATTAR,"OUD MUATTAR, UNISEX",true,Size,40 g,,,,,,,,'6291107974675,500.0,shopify,deny,manual,35.00,,true,true,,,,,'6291107974675,https://cdn.shopify.com/s/files/1/0626/6119/8023/files/OUD_MUATTAR_AL_AZRAQ_40GM_-_Khadlaj_Perfumes-1965615.jpg?v=1722411495,1,OUD MUATTAR AL AZRAQ 40GM - Khadlaj Perfumes,false,"Oud, Amber Fragrance | Premium Home Scent Shopping Online","Shop Khadlaj Oud Muattar Al Azraq 40g — luxurious oud bakhoor, bakhoor perfume, and perfume and fragrance. Best bakhoor in UAE for home ambiance.",,,,,,,,,,,,,"<div class=""pyramid-section_lists""><h6 style=""font-weight:600;"">Top Notes</h6>
<p>Bergamot, Musk</p>
</div>
<div class=""pyramid-section_lists""><h6 style=""font-weight:600;"">Middle Notes</h6>
<p>Geranium, Rose, Peony </p>
</div>
<div class=""pyramid-section_lists""><h6 style=""font-weight:600;"">Base Notes</h6>
<p>Sandalwood, Ylang Ylang, Musk</p>
</div>",,,,,,,,,,,,,,,,,,,g,,,true,,,true,,,true,,,true,,,true,,,true,,,true,,,active
oud-muattar-al-azraq-shop-online-best-price-in-dubai-uae,,,,,,,,,,,,,,,,,,,,,,,,,,,,,,,https://cdn.shopify.com/s/files/1/0626/6119/8023/files/OUD_MUATTAR_AL_AZRAQ_40GM_-_Khadlaj_Perfumes-1965617.jpg?v=1722411501,2,OUD MUATTAR AL AZRAQ 40GM - Khadlaj Perfumes,,,,,,,,,,,,,,,,,,,,,,,,,,,,,,,,,,,,,,,,,,,,,,,,,,,,,,,,,,,
oud-muattar-afzal-shop-online-best-price-in-dubai-uae,OUD MUATTAR AFZAL 24GM,"<p><span data-mce-fragment=""1"">Indulge in the luxurious and captivating essence of Oud Moattar Afzal, a fragrance that embodies elegance and refinement. This exquisite blend of notes is meticulously crafted to create an unforgettable olfactory experience.</span></p>
<p><span data-mce-fragment=""1""> At the top, the intoxicating scent of jasmine intertwines with the delicate floral notes of iris, creating a symphony of pure beauty and sophistication. These top notes set the stage for the journey that lies ahead, captivating your senses and drawing you deeper into the fragrance. </span></p>
<p><span data-mce-fragment=""1"">As the fragrance unfolds, the richness of vanilla mingles with the exotic allure of saffron. This enchanting combination adds depth and complexity to Oud Moattar Afzal, evoking a sense of opulence and sensuality that is truly captivating. The middle notes create a harmonious balance, enveloping you in an aura of warmth and indulgence. </span></p>
<p><span data-mce-fragment=""1"">Finally, at the base, the woody and earthy tones of cedarwood blend seamlessly with the lingering notes of musk. This foundation provides a solid and grounding presence, leaving a lasting impression that lingers in the air and on your skin.</span></p>
<p><span data-mce-fragment=""1""> Oud Moattar Afzal is more than just a fragrance; it is a sensory journey that transports you to a realm of luxury and refinement. Let the captivating blend of jasmine, iris, vanilla, saffron, cedarwood, and musk envelop your senses, creating an ambiance of sophistication and allure. Immerse yourself in the essence of Oud Moattar Afzal and experience the true essence of elegance. Directions for use: Place a coal on a bukhoor burner and ensure to use a foil underneath to prevent overheating. Place the Bukhoor tablet on the coal to release the captivating fragrance. Keep the burner on elevated surfaces, away from flames, direct heat, and sunlight. Remember to store it out of reach of children for safety.</span></p>",Khadlaj-perfumes,Health & Beauty > Personal Care > Cosmetics > Perfumes & Colognes,OUD MUATTAR,"OUD MUATTAR, UNISEX",true,Size,24 g,,,,,,,,'6297000645230,500.0,shopify,deny,manual,63.00,,true,true,,,,,'6297000645230,https://cdn.shopify.com/s/files/1/0626/6119/8023/files/OUD_MUATTAR_AFZAL_24GM_-_Khadlaj_Perfumes-1965609.jpg?v=1722411485,1,OUD MUATTAR AFZAL 24GM - Khadlaj Perfumes,false,Rich Oud Fragrance | Luxury Home Perfume Available Online,"Shop Khadlaj Oud Muattar Afzal 24g — luxurious oud perfume, bakhoor perfume, and perfume and fragrance. Best bakhoor in UAE for home ambiance.",,,,,,,,,,,,,"<div class=""pyramid-section_lists""><h6 style=""font-weight:600;"">Top Notes</h6>
<p>Jasmine, Iris</p>
</div>
<div class=""pyramid-section_lists""><h6 style=""font-weight:600;"">Middle Notes</h6>
<p>Vanilla, Saffron</p>
</div>
<div class=""pyramid-section_lists""><h6 style=""font-weight:600;"">Base Notes</h6>
<p>Cedarwood, Musk</p>
</div>",,,,,,,,,,,,,,,,,,https://cdn.shopify.com/s/files/1/0626/6119/8023/files/OUD_MUATTAR_AFZAL_24GM_-_Khadlaj_Perfumes-1965609.jpg?v=1722411485,g,,,true,,,true,,,true,,,true,,,true,,,true,,,true,,,active
oud-muattar-afzal-shop-online-best-price-in-dubai-uae,,,,,,,,,,,,,,,,,,,,,,,,,,,,,,,https://cdn.shopify.com/s/files/1/0626/6119/8023/files/OUD_MUATTAR_AFZAL_24GM_-_Khadlaj_Perfumes-1965612.jpg?v=1722411489,2,OUD MUATTAR AFZAL 24GM - Khadlaj Perfumes,,,,,,,,,,,,,,,,,,,,,,,,,,,,,,,,,,,,,,,,,,,,,,,,,,,,,,,,,,,
bakhoor-kashmeeri-120gm-shop-online-best-price-in-dubai-uae,BAKHOOR KASHMEERI 120GM,"<p><span>Experience the captivating allure of Bukhoor Kashmeri, an exquisite fragrance that encapsulates luxury and sophistication. From the moment you light the incense, you'll be transported to a world of opulence and serenity.</span></p>
<p><span> At the top, the gentle embrace of white musk intertwines with the refreshing notes of bergamot, creating an enchanting and uplifting ambiance. This harmonious blend sets the stage for the captivating journey that awaits.</span></p>
<p><span> As the fragrance unfolds, the warm and woody tones of sandalwood blend with the delicate and romantic essence of rose, enveloping your space in an aura of elegance and charm. The middle notes of Bukhoor Kashmeri add depth and complexity, evoking a sense of tranquility and serenity that transcends the ordinary.</span></p>
<p><span> Finally, at the base, the rich and earthy accords of cedarwood and agarwood merge with the sensual and captivating notes of amber. This combination creates a lingering and seductive aroma that lingers in the air, leaving a trail of sophistication and allure.</span></p>
<p><span> Bukhoor Kashmeri is more than just a fragrance; it is an invitation to indulge in the luxuries of life. Let the enchanting scent of Bukhoor Kashmeri elevate your space, creating an ambiance that exudes elegance and refinement. Immerse yourself in the captivating embrace of Bukhoor Kashmeri and let its alluring presence transport you to a world of opulence and serenity.Directions for use: Place a coal on a bukhoor burner and ensure to use a foil underneath to prevent overheating. Place the Bukhoor tablet on the coal to release the captivating fragrance. Keep the burner on elevated surfaces, away from flames, direct heat, and sunlight. Remember to store it out of reach of children for safety.</span></p>",Khadlaj-perfumes,Home & Garden > Decor > Home Fragrances > Incense,BAKHOOR,"Bakhoor, Deals, Unisex",true,Size,120 G,,,,,,,,,0.0,shopify,deny,manual,75.00,120.00,true,true,,,,,,https://cdn.shopify.com/s/files/1/0626/6119/8023/files/BAKHOOR_KASHMEERI_120GM_-_Khadlaj_Perfumes-1964106.jpg?v=1722408857,1,BAKHOOR KASHMEERI 120GM - Khadlaj Perfumes,false,Buy 120gm Kashmeeri Bakhoor Online in Uae - Khadlaj Perfumes,"Looking for Bakhoor? Khadlaj Perfumes offers Ganaa 120 grams Bakhoor, featuring top notes of tuberose and jasmine that fill the air with an intoxicating floral bouquet.",3686,,,,,,,,,,,,"<div class=""pyramid-section_lists""><h6 style=""font-weight:600;"">Top Notes</h6>
<p>White Musk, Bergamot</p>
</div>
<div class=""pyramid-section_lists""><h6 style=""font-weight:600;"">Middle Notes</h6>
<p>Sandalwood, Rose, Cashmere</p>
</div>
<div class=""pyramid-section_lists""><h6 style=""font-weight:600;"">Base Notes</h6>
<p>Cedarwood, Agarwood, Amber</p>
</div>",,,,,,,,,,,,,,,,,,,g,,,true,,,true,,,true,,,true,,,true,,,true,,,true,,,active
bakhoor-kashmeeri-120gm-shop-online-best-price-in-dubai-uae,,,,,,,,,,,,,,,,,,,,,,,,,,,,,,,https://cdn.shopify.com/s/files/1/0626/6119/8023/files/BAKHOOR_KASHMEERI_120GM_-_Khadlaj_Perfumes-1964108.jpg?v=1722408862,2,BAKHOOR KASHMEERI 120GM - Khadlaj Perfumes,,,,,,,,,,,,,,,,,,,,,,,,,,,,,,,,,,,,,,,,,,,,,,,,,,,,,,,,,,,
bakhoor-taiba-58-g-shop-online-best-price-in-dubai-uae,BAKHOOR TAIBA 58 G,"<p><span>Immerse yourself in the captivating essence of Bukhoor Taiba, a fragrance that embodies beauty, tranquility, and elegance. This exquisite blend of notes creates an enchanting and harmonious aroma that will transform your surroundings into a haven of serenity and allure.</span></p>
<p><span> At the top, the invigorating and refreshing notes of bergamot mingle with the subtle and seductive allure of musk. This combination creates a tantalizing and uplifting experience that awakens the senses and sets the stage for the enchanting journey ahead.</span></p>
<p><span> As the fragrance unfolds, the delicate and romantic essence of rose intertwines with the aromatic and earthy nuances of sage. These middle notes add depth and complexity to the composition, evoking a sense of grace and sophistication that enchants and captivates. </span></p>
<p><span>Finally, at the base, the warm and woody accord of agarwood blends harmoniously with the rich and sensual notes of amber. This combination creates a lingering and seductive aura that envelops you in a sense of comfort and luxury.</span></p>
<p><span> Bukhoor Taiba is more than just a fragrance; it is an experience that transports you to a place of tranquility and beauty. Let the captivating scent of Bukhoor Taiba fill your space, creating a serene and inviting ambiance that soothes the soul and elevates the spirit. Indulge in the alluring and captivating aura of Bukhoor Taiba and create an atmosphere of elegance and tranquility in your surroundings. Directions for use: Place a coal on a bukhoor burner and ensure to use a foil underneath to prevent overheating. Place the Bukhoor tablet on the coal to release the captivating fragrance. Keep the burner on elevated surfaces, away from flames, direct heat, and sunlight. Remember to store it out of reach of children for safety.</span></p>",Khadlaj-perfumes,Health & Beauty > Personal Care > Cosmetics > Perfumes & Colognes,BAKHOOR,"Bakhoor, Unisex",true,Size,58 g,,,,,,,,'6291107972817,500.0,shopify,deny,manual,32.00,,true,true,,,,,'6291107972817,https://cdn.shopify.com/s/files/1/0626/6119/8023/files/BAKHOOR_TAIBA_58_G_-_Khadlaj_Perfumes-1964187.jpg?v=1722408978,1,BAKHOOR TAIBA 58 G - Khadlaj Perfumes,false,Woody & Amber Bakhoor Fragrance - Luxury Home Scent,Woody and amber bakhoor fragrance for a refined home scent. Perfect for creating a luxurious and inviting atmosphere.,,,,,,,,,,,,,"<div class=""pyramid-section_lists""><h6 style=""font-weight:600;"">Top Notes</h6>
<p>Bergamot, Musk</p>
</div>
<div class=""pyramid-section_lists""><h6 style=""font-weight:600;"">Middle Notes</h6>
<p>Rose, Sage</p>
</div>
<div class=""pyramid-section_lists""><h6 style=""font-weight:600;"">Base Notes</h6>
<p>Agarwood, Amber</p>
</div>",,,,,,,,,,,,,,,,,,https://cdn.shopify.com/s/files/1/0626/6119/8023/files/BAKHOOR_TAIBA_58_G_-_Khadlaj_Perfumes-1964187.jpg?v=1722408978,g,,,true,,,true,,,true,,,true,,,true,,,true,,,true,,,active
bakhoor-taiba-58-g-shop-online-best-price-in-dubai-uae,,,,,,,,,,,,,,,,,,,,,,,,,,,,,,,https://cdn.shopify.com/s/files/1/0626/6119/8023/files/BAKHOOR_TAIBA_58_G_-_Khadlaj_Perfumes-1964192.jpg?v=1722408984,2,BAKHOOR TAIBA 58 G - Khadlaj Perfumes,,,,,,,,,,,,,,,,,,,,,,,,,,,,,,,,,,,,,,,,,,,,,,,,,,,,,,,,,,,
bakhoor-marah-55-g-shop-online-best-price-in-dubai-uae,BAKHOOR MARAH 55 G,"<p><span>Experience the enchanting allure of Bukhoor Marah, a fragrance that transports you to a world of beauty and elegance. This captivating blend of notes creates a mesmerizing and intoxicating aroma that will infuse your surroundings with a sense of sophistication and luxury. </span></p>
<p><span>At the top, the delicate and romantic essence of rose intertwines with the graceful and powdery notes of iris. This harmonious combination creates a floral symphony that captivates the senses and sets the stage for the captivating journey ahead.</span></p>
<p><span> As the fragrance develops, the earthy and sensual tones of patchouli seamlessly merge with the soft and alluring musk. These middle notes add depth and complexity to the composition, evoking a sense of mystery and intrigue that lingers in the air.</span></p>
<p><span> Finally, at the base, the rich and precious accord of agarwood and sandalwood envelops you in its warm embrace. The deep and woody aroma of agarwood blends harmoniously with the smooth and creamy nuances of sandalwood, creating a lasting impression of elegance and refinement.</span></p>
<p><span> Bukhoor Marah is more than just a fragrance; it is a sensory journey that evokes emotions and creates an unforgettable ambiance. Let this captivating scent fill your space with its alluring presence and indulge in the luxurious and captivating aura created by Bukhoor Marah. Surrender to the allure of this exquisite fragrance and elevate your surroundings to a new level of sophistication and beauty. Directions for use: Place a coal on a bukhoor burner and ensure to use a foil underneath to prevent overheating. Place the Bukhoor tablet on the coal to release the captivating fragrance. Keep the burner on elevated surfaces, away from flames, direct heat, and sunlight. Remember to store it out of reach of children for safety.</span></p>",Khadlaj-perfumes,Home & Garden > Decor > Home Fragrances > Incense,BAKHOOR,"Bakhoor, Unisex",true,Size,55 g,,,,,,,,'6297000645773,500.0,shopify,deny,manual,21.00,,true,true,,,,,'6297000645773,https://cdn.shopify.com/s/files/1/0626/6119/8023/files/BAKHOOR_MARAH_55_G_-_Khadlaj_Perfumes-1964126.jpg?v=1722408886,1,BAKHOOR MARAH 55 G - Khadlaj Perfumes,false,Bakhoor Floral & Woody Fragrance - Premium Home Aroma,Floral and woody bakhoor fragrance for a premium home ambiance. Long-lasting aroma to elevate your living environment.,3686,,,,,,,,,,,,"<div class=""pyramid-section_lists""><h6 style=""font-weight:600;"">Top Notes</h6>
<p>Rose, Iris</p>
</div>
<div class=""pyramid-section_lists""><h6 style=""font-weight:600;"">Middle Notes</h6>
<p>Patchouli, Musk</p>
</div>
<div class=""pyramid-section_lists""><h6 style=""font-weight:600;"">Base Notes</h6>
<p>Agarwood, Sandalwood</p>
</div>",,,,,,,,,,,,,,,,,,https://cdn.shopify.com/s/files/1/0626/6119/8023/files/BAKHOOR_MARAH_55_G_-_Khadlaj_Perfumes-1964126.jpg?v=1722408886,g,,,true,,,true,,,true,,,true,,,true,,,true,,,true,,,active
bakhoor-marah-55-g-shop-online-best-price-in-dubai-uae,,,,,,,,,,,,,,,,,,,,,,,,,,,,,,,https://cdn.shopify.com/s/files/1/0626/6119/8023/files/BAKHOOR_MARAH_55_G_-_Khadlaj_Perfumes-1964130.jpg?v=1722408892,2,BAKHOOR MARAH 55 G - Khadlaj Perfumes,,,,,,,,,,,,,,,,,,,,,,,,,,,,,,,,,,,,,,,,,,,,,,,,,,,,,,,,,,,
bakhoor-bu-khalifa-120-shop-online-best-price-in-dubai-uae,BAKHOOR BU KHALIFA 120 G,"<p><span>Experience the grandeur and opulence of Bukhoor Bu Khalifa, a fragrance that embodies pure luxury and sophistication. This exquisite blend of notes creates an enchanting and captivating aroma that will elevate your home ambiance to new heights.</span></p>
<p><span> At the top, the refreshing and vibrant combination of bergamot, lemon, and musk dances on your senses, leaving a trail of freshness and vitality. These invigorating notes create an uplifting atmosphere, setting the stage for the mesmerizing journey that awaits.</span></p>
<p><span> As the fragrance unfolds, the heart notes of floral, violet, and lily of the valley take center stage, infusing your space with a delicate and enchanting bouquet. The blossoming petals harmonize beautifully, creating a sense of elegance and grace that is both captivating and comforting. </span></p>
<p><span>Finally, at the base, the velvety embrace of vanilla and white musk wraps around you, leaving a warm and lingering trail. The comforting sweetness of vanilla blends seamlessly with the soft and sensual allure of white musk, creating a captivating and inviting aura that lingers in the air.</span></p>
<p><span> Bukhoor Bu Khalifa is more than just a fragrance; it is an embodiment of refined luxury and exquisite craftsmanship. Let this captivating scent weave its magic and transform your home into a sanctuary of elegance and sophistication. Immerse yourself in the essence of opulence and indulge in the extraordinary ambiance created by Bukhoor Bu Khalifa. Directions for use: Place a coal on a bukhoor burner and ensure to use a foil underneath to prevent overheating. Place the Bukhoor tablet on the coal to release the captivating fragrance. Keep the burner on elevated surfaces, away from flames, direct heat, and sunlight. Remember to store it out of reach of children for safety.</span></p>",Khadlaj-perfumes,Home & Garden > Decor > Home Fragrances > Incense,BAKHOOR,"Bakhoor, Unisex",true,Size,120 g,,,,,,,,'6291107973913,500.0,shopify,deny,manual,90.00,,true,true,,,,,'6291107973913,https://cdn.shopify.com/s/files/1/0626/6119/8023/files/BAKHOOR_BU_KHALIFA_120_G_-_Khadlaj_Perfumes-1964039.jpg?v=1722408751,1,BAKHOOR BU KHALIFA 120 G - Khadlaj Perfumes,false,Buy 120 G Bu Khalifa Bakhoor Online - Khadlaj Perfumes,"Looking for Bakhoor? Khadlaj Perfumes offers BU KHALIFA 120 grams Bakhoor, featuring a vibrant combination of bergamot, lemon & musk that delights your senses.",3686,,,,,,,,,,,,"<div class=""pyramid-section_lists""><h6 style=""font-weight:600;"">Top Notes</h6>
<p>Bergamot, Lemon, Musk</p>
</div>
<div class=""pyramid-section_lists""><h6 style=""font-weight:600;"">Middle Notes</h6>
<p>Floral, Violet, Lily of the valley</p>
</div>
<div class=""pyramid-section_lists""><h6 style=""font-weight:600;"">Base Notes</h6>
<p>Vanilla, White musk</p>
</div>",,,,,,,,,,,,,,,,,,https://cdn.shopify.com/s/files/1/0626/6119/8023/files/BAKHOOR_BU_KHALIFA_120_G_-_Khadlaj_Perfumes-1964039.jpg?v=1722408751,g,,,true,,,true,,,true,,,true,,,true,,,true,,,true,,,active
bakhoor-bu-khalifa-120-shop-online-best-price-in-dubai-uae,,,,,,,,,,,,,,,,,,,,,,,,,,,,,,,https://cdn.shopify.com/s/files/1/0626/6119/8023/files/BAKHOOR_BU_KHALIFA_120_G_-_Khadlaj_Perfumes-1964043.jpg?v=1722408756,2,BAKHOOR BU KHALIFA 120 G - Khadlaj Perfumes,,,,,,,,,,,,,,,,,,,,,,,,,,,,,,,,,,,,,,,,,,,,,,,,,,,,,,,,,,,
bakhoor-bait-al-isra-shop-online-best-price-in-dubai-uae,BAKHOOR BAIT AL ISRA 65 G,"<p><span data-mce-fragment=""1"">Bukhoor Bait Al Isra, where luxury and elegance converge to create an enchanting fragrance experience for your home. Immerse yourself in the captivating blend of notes that evoke a sense of opulence and refinement, transforming your space into a sanctuary of tranquility and beauty. </span></p>
<p><span data-mce-fragment=""1"">The top notes of bergamot and rose offer a radiant and uplifting opening, infusing your surroundings with a burst of freshness and floral allure. These delightful scents instantly uplift the ambiance, creating a welcoming and inviting atmosphere that captivates the senses. As the fragrance develops, the middle notes of peony and gardenia add a touch of elegance and sophistication to the composition. The delicate and lush peony blooms harmoniously with the intoxicating scent of gardenia, creating a mesmerizing and serene ambiance that transports you to a garden in full bloom.</span></p>
<p><span data-mce-fragment=""1""> But it is in the base notes that the true allure of Bukhoor Bait Al Isra is revealed. The warm and rich blend of amber, musk, and oud forms a solid foundation that exudes sensuality and depth. The comforting embrace of amber, the captivating allure of musk, and the woody and resinous essence of oud intertwine to create a captivating and enduring base that lingers in the air, enveloping your space with an irresistible aura. </span></p>
<p><span data-mce-fragment=""1"">Elevate your home with the captivating essence of Bukhoor Bait Al Isra. Immerse yourself in its enchanting fragrance and experience a world of timeless beauty and serenity. Let the harmonious blend of scents create an inviting atmosphere, where you can unwind and find solace. Indulge in the essence of luxury and refinement, and let Bukhoor Bait Al Isra transform your living space into a sanctuary of exquisite elegance. Directions for use: Place a coal on a bukhoor burner and ensure to use a foil underneath to prevent overheating. Place the Bukhoor tablet on the coal to release the captivating fragrance. Keep the burner on elevated surfaces, away from flames, direct heat, and sunlight. Remember to store it out of reach of children for safety.</span></p>",Khadlaj-perfumes,Home & Garden > Decor > Home Fragrances > Incense,BAKHOOR,"Bakhoor, Unisex",true,Size,65 g,,,,,,,,'6297000645315,500.0,shopify,deny,manual,21.00,,true,true,,,,,'6297000645315,https://cdn.shopify.com/s/files/1/0626/6119/8023/files/BAKHOOR_BAIT_AL_ISRA_65_G_-_Khadlaj_Perfumes-1964025.jpg?v=1722408731,1,BAKHOOR BAIT AL ISRA 65 G - Khadlaj Perfumes,false,Luxury Bakhoor Fragrance - Best Home Ambiance Online,"Luxury bakhoor fragrance crafted for a rich and lasting home aroma. Perfect for creating a warm, elegant atmosphere.",3686,,,,,,,,,,,,"<div class=""pyramid-section_lists""><h6 style=""font-weight:600;"">Top Notes</h6>
<p>Bergamot, Rose</p>
</div>
<div class=""pyramid-section_lists""><h6 style=""font-weight:600;"">Middle Notes</h6>
<p>Peony, Gardenia</p>
</div>
<div class=""pyramid-section_lists""><h6 style=""font-weight:600;"">Base Notes</h6>
<p>Amber, Musk, Oud</p>
</div>",,,,,,,,,,,,,,,,,,https://cdn.shopify.com/s/files/1/0626/6119/8023/files/BAKHOOR_BAIT_AL_ISRA_65_G_-_Khadlaj_Perfumes-1964025.jpg?v=1722408731,g,,,true,,,true,,,true,,,true,,,true,,,true,,,true,,,active
bakhoor-bait-al-isra-shop-online-best-price-in-dubai-uae,,,,,,,,,,,,,,,,,,,,,,,,,,,,,,,https://cdn.shopify.com/s/files/1/0626/6119/8023/files/BAKHOOR_BAIT_AL_ISRA_65_G_-_Khadlaj_Perfumes-1964029.jpg?v=1722408736,2,BAKHOOR BAIT AL ISRA 65 G - Khadlaj Perfumes,,,,,,,,,,,,,,,,,,,,,,,,,,,,,,,,,,,,,,,,,,,,,,,,,,,,,,,,,,,
bakhoor-bait-al-atheeq-shop-online-best-price-in-dubai-uae,BAKHOOR BAIT AL ATHEEQ 65 G,"<p><span data-mce-fragment=""1"">Bukhoor Bait Al Atheeq, where the enchanting fragrance embraces your home, creating an atmosphere of opulence and allure. Immerse yourself in the captivating blend of notes that evoke a sense of tranquility and elegance, making your space a haven of serenity and sophistication.</span></p>
<p><span data-mce-fragment=""1""> The top notes of bergamot and rose provide a fresh and vibrant opening, infusing your surroundings with a delicate floral aroma that is both uplifting and soothing. These harmonious scents instantly uplift the senses, setting a refined and inviting ambiance. As the fragrance evolves, the middle notes of eucalyptus and amber add a unique twist to the composition. The invigorating scent of eucalyptus blends seamlessly with the warm and resinous allure of amber, creating a captivating and refreshing ambiance that invites you to unwind and relax.</span></p>
<p><span data-mce-fragment=""1""> But it is in the base notes that the true essence of Bukhoor Bait Al Atheeq unfolds. The exquisite blend of agarwood and oakmoss forms a solid foundation that exudes depth and sophistication. The rich and woody notes of agarwood, combined with the earthy and mossy tones of oakmoss, create an alluring and enduring base that lingers in the air, enveloping your space with a sense of warmth and luxury.</span></p>
<p><span data-mce-fragment=""1""> Elevate your home with the captivating essence of Bukhoor Bait Al Atheeq. Immerse yourself in its enchanting fragrance and experience a world of refined beauty and tranquility. Let the harmonious blend of scents create an inviting atmosphere, where you can unwind and find solace. Indulge in the essence of elegance and allure, and let Bukhoor Bait Al Atheeq transform your living space into a sanctuary of timeless sophistication.Directions for use: Place a coal on a bukhoor burner and ensure to use a foil underneath to prevent overheating. Place the Bukhoor tablet on the coal to release the captivating fragrance. Keep the burner on elevated surfaces, away from flames, direct heat, and sunlight. Remember to store it out of reach of children for safety.</span></p>",Khadlaj-perfumes,Home & Garden > Decor > Home Fragrances > Incense,BAKHOOR,"Bakhoor, Unisex",true,Size,65 g,,,,,,,,'6297000645858,500.0,shopify,deny,manual,21.00,,true,true,,,,,'6297000645858,https://cdn.shopify.com/s/files/1/0626/6119/8023/files/BAKHOOR_BAIT_AL_ATHEEQ_65_G_-_Khadlaj_Perfumes-1964016.jpg?v=1722408721,1,BAKHOOR BAIT AL ATHEEQ 65 G - Khadlaj Perfumes,false,Bakhoor & Oud Fragrance - Premium Home Aroma Online,Bakhoor and oud fragrance for a luxurious home ambiance. Premium quality scents to enhance your living space. Shop online today.,3686,,,,,,,,,,,,"<div class=""pyramid-section_lists""><h6 style=""font-weight:600;"">Top Notes</h6>
<p>Bergamot, Rose</p>
</div>
<div class=""pyramid-section_lists""><h6 style=""font-weight:600;"">Middle Notes</h6>
<p>Eucalyptus, Amber</p>
</div>
<div class=""pyramid-section_lists""><h6 style=""font-weight:600;"">Base Notes</h6>
<p>Agarwood Oakmoss</p>
</div>",,,,,,,,,,,,,,,,,,https://cdn.shopify.com/s/files/1/0626/6119/8023/files/BAKHOOR_BAIT_AL_ATHEEQ_65_G_-_Khadlaj_Perfumes-1964016.jpg?v=1722408721,g,,,true,,,true,,,true,,,true,,,true,,,true,,,true,,,active
bakhoor-bait-al-atheeq-shop-online-best-price-in-dubai-uae,,,,,,,,,,,,,,,,,,,,,,,,,,,,,,,https://cdn.shopify.com/s/files/1/0626/6119/8023/files/BAKHOOR_BAIT_AL_ATHEEQ_65_G_-_Khadlaj_Perfumes-1964021.jpg?v=1722408727,2,BAKHOOR BAIT AL ATHEEQ 65 G - Khadlaj Perfumes,,,,,,,,,,,,,,,,,,,,,,,,,,,,,,,,,,,,,,,,,,,,,,,,,,,,,,,,,,,
bakhoor-ateeb-70-g-shop-online-best-price-in-dubai-uae,BAKHOOR ATEEB 70 G,"<p><span>Bukhoor Ateeb, a captivating home fragrance that fills your space with an enchanting and inviting aura. Immerse yourself in the delightful blend of notes that create a warm and comforting ambiance, making your home a sanctuary of relaxation and elegance.</span></p>
<p><span> The top notes of bergamot and vanilla provide a refreshing and uplifting opening, infusing your surroundings with a burst of citrusy brightness and the sweet allure of vanilla. These invigorating scents instantly uplift the atmosphere, creating a joyful and welcoming ambiance that captivates the senses. As the fragrance unfolds, the middle notes of sandalwood and amber add a touch of sophistication and tranquility to the composition. The creamy and woody tones of sandalwood blend harmoniously with the warm and resinous essence of amber, creating a serene and balanced ambiance that invites you to unwind.</span></p>
<p><span> But it is in the base notes that the true allure of Bukhoor Ateeb is revealed. The rich and luxurious agarwood, combined with the earthy and sensual patchouli, forms a solid foundation that exudes depth and elegance. This aromatic blend of base notes adds a sense of grounding and refinement to the fragrance, creating an ambiance that is both captivating and comforting.</span></p>
<p><span> Elevate your home with the captivating essence of Bukhoor Ateeb. Immerse yourself in its enchanting fragrance and experience a world of tranquility and sophistication. Let the harmonious blend of scents create an inviting atmosphere, where you can unwind and find solace. Indulge in the essence of warmth and elegance, and let Bukhoor Ateeb transform your living space into a haven of refined beauty and peacefulness.Directions for use: Place a coal on a bukhoor burner and ensure to use a foil underneath to prevent overheating. Place the Bukhoor tablet on the coal to release the captivating fragrance. Keep the burner on elevated surfaces, away from flames, direct heat, and sunlight. Remember to store it out of reach of children for safety.</span></p>",Khadlaj-perfumes,Home & Garden > Decor > Home Fragrances > Incense,BAKHOOR,"Bakhoor, Unisex",true,Size,70 g,,,,,,,,'6297000645353,500.0,shopify,deny,manual,21.00,,true,true,,,,,'6297000645353,https://cdn.shopify.com/s/files/1/0626/6119/8023/files/BAKHOOR_ATEEB_70_G_-_Khadlaj_Perfumes-1963996.jpg?v=1722408685,1,BAKHOOR ATEEB 70 G - Khadlaj Perfumes,false,"Musk, Oud, Rose Fragrance | Luxury Perfume And Fragrance Bakhoor","Oriental, oud, and spicy notes of Bakhoor Ateeb create a warm and inviting home ambiance. Buy luxury home fragrance online at best price in UAE.",3686,,,,,,,,,,,,"<div class=""pyramid-section_lists""><h6 style=""font-weight:600;"">Top Notes</h6>
<p>Bergamot, Vanilla</p>
</div>
<div class=""pyramid-section_lists""><h6 style=""font-weight:600;"">Middle Notes</h6>
<p>Sandalwood, Amber</p>
</div>
<div class=""pyramid-section_lists""><h6 style=""font-weight:600;"">Base Notes</h6>
<p>Agarwood, Patchouli</p>
</div>",,,,,,,,,,,,,,,,,,https://cdn.shopify.com/s/files/1/0626/6119/8023/files/BAKHOOR_ATEEB_70_G_-_Khadlaj_Perfumes-1963996.jpg?v=1722408685,g,,,true,,,true,,,true,,,true,,,true,,,true,,,true,,,active
bakhoor-ateeb-70-g-shop-online-best-price-in-dubai-uae,,,,,,,,,,,,,,,,,,,,,,,,,,,,,,,https://cdn.shopify.com/s/files/1/0626/6119/8023/files/BAKHOOR_ATEEB_70_G_-_Khadlaj_Perfumes-1964000.jpg?v=1722408690,2,BAKHOOR ATEEB 70 G - Khadlaj Perfumes,,,,,,,,,,,,,,,,,,,,,,,,,,,,,,,,,,,,,,,,,,,,,,,,,,,,,,,,,,,
bakhoor-asdaaf-70-g-shop-online-best-price-in-dubai-uae,BAKHOOR ASDAAF 70 G,"<p><span data-mce-fragment=""1"">Bukhoor Asdaf, a captivating fragrance that enhances the ambiance of your home with its exquisite blend of notes. Immerse yourself in the enticing scent that creates a soothing and inviting atmosphere for your living space.</span></p>
<p><span data-mce-fragment=""1""> The top notes of bergamot and rose provide a fresh and uplifting opening, infusing your surroundings with a delightful burst of floral and citrusy accords. These invigorating scents instantly uplift the senses, setting a vibrant and welcoming ambiance.</span></p>
<p><span data-mce-fragment=""1""> As the fragrance evolves, the middle notes of plumeria and musk add a touch of elegance and serenity to the composition. The delicate and captivating aroma of plumeria harmonizes beautifully with the sensuous musk, creating a captivating and enchanting ambiance. But it is in the base notes that the true allure of Bukhoor Asdaf is revealed. The rich and woody agarwood, combined with the earthy and sophisticated patchouli, forms a solid foundation that exudes warmth and depth. This aromatic blend of base notes adds a sense of grounding and tranquility to the fragrance, creating an ambiance that is both comforting and captivating.</span></p>
<p><span data-mce-fragment=""1""> Elevate your home with the captivating essence of Bukhoor Asdaf. Immerse yourself in its enchanting fragrance and experience a world of relaxation and serenity. Let the harmonious blend of scents create an inviting atmosphere, where you can unwind and find solace. Indulge in the essence of refinement and tranquility, and let Bukhoor Asdaf transform your living space into a haven of luxurious beauty and peacefulness.Directions for use: Place a coal on a bukhoor burner and ensure to use a foil underneath to prevent overheating. Place the Bukhoor tablet on the coal to release the captivating fragrance. Keep the burner on elevated surfaces, away from flames, direct heat, and sunlight. Remember to store it out of reach of children for safety.</span></p>",Khadlaj-perfumes,Health & Beauty > Personal Care > Cosmetics > Perfumes & Colognes,BAKHOOR,"Bakhoor, Unisex",true,Size,70 g,,,,,,,,'6297000645391,500.0,shopify,deny,manual,21.00,,true,true,,,,,'6297000645391,https://cdn.shopify.com/s/files/1/0626/6119/8023/files/BAKHOOR_ASDAAF_70_G_-_Khadlaj_Perfumes-1963989.jpg?v=1722408676,1,BAKHOOR ASDAAF 70 G - Khadlaj Perfumes,false,"Woody, Oriental, Amber Fragrance | Best Oud Bakhoor Perfume Online","Woody, amber, and musk notes in Bakhoor Asdaaf deliver a rich oriental luxury home fragrance. Shop premium bakhoor perfumes online in Dubai UAE.",,,,,,,,,,,,,"<div class=""pyramid-section_lists""><h6 style=""font-weight:600;"">Top Notes</h6>
<p>Bergamot, Rose</p>
</div>
<div class=""pyramid-section_lists""><h6 style=""font-weight:600;"">Middle Notes</h6>
<p>Plumeria, Musk</p>
</div>
<div class=""pyramid-section_lists""><h6 style=""font-weight:600;"">Base Notes</h6>
<p>Agarwood, Patchouli</p>
</div>",,,,,,,,,,,,,,,,,,https://cdn.shopify.com/s/files/1/0626/6119/8023/files/BAKHOOR_ASDAAF_70_G_-_Khadlaj_Perfumes-1963989.jpg?v=1722408676,g,,,true,,,true,,,true,,,true,,,true,,,true,,,true,,,active
bakhoor-asdaaf-70-g-shop-online-best-price-in-dubai-uae,,,,,,,,,,,,,,,,,,,,,,,,,,,,,,,https://cdn.shopify.com/s/files/1/0626/6119/8023/files/BAKHOOR_ASDAAF_70_G_-_Khadlaj_Perfumes-1963992.jpg?v=1722408680,2,BAKHOOR ASDAAF 70 G - Khadlaj Perfumes,,,,,,,,,,,,,,,,,,,,,,,,,,,,,,,,,,,,,,,,,,,,,,,,,,,,,,,,,,,
bakhoor-tahiya-60-g-shop-online-best-price-in-dubai-uae,BAKHOOR TAHIYA 60 G,"<p><span>Bukhoor Tahiya, a captivating fragrance that enchants your home with its alluring blend of notes. Immerse yourself in the rich and inviting scent that creates a warm and welcoming ambiance for your living space. </span></p>
<p><span>The top notes of bergamot and rose create a refreshing and uplifting opening, infusing the air with a burst of floral and citrusy freshness. These invigorating scents instantly uplift your spirits and set a joyful and inviting atmosphere. As the fragrance unfolds, the middle notes of patchouli and basil add depth and complexity to the composition. The earthy and herbal tones of these notes bring a sense of grounding and serenity to the fragrance, creating a balanced and harmonious ambiance.</span></p>
<p><span> But it is in the base notes that the true allure of Bukhoor Tahiya is revealed. The rich and exotic agarwood, combined with the soothing sandalwood, forms a solid foundation that exudes warmth and sophistication. This aromatic blend of base notes adds depth and complexity to the fragrance, creating an ambiance that is both captivating and comforting. </span></p>
<p><span>Elevate your home with the captivating essence of Bukhoor Tahiya. Immerse yourself in its enchanting fragrance and experience a world of relaxation and tranquility. Let the harmonious blend of scents create an inviting atmosphere, where you can unwind and find solace. Indulge in the essence of warmth and serenity, and let Bukhoor Tahiya transform your living space into a haven of refined beauty and peacefulness.Directions for use: Place a coal on a bukhoor burner and ensure to use a foil underneath to prevent overheating. Place the Bukhoor tablet on the coal to release the captivating fragrance. Keep the burner on elevated surfaces, away from flames, direct heat, and sunlight. Remember to store it out of reach of children for safety.</span></p>",Khadlaj-perfumes,Home & Garden > Decor > Home Fragrances > Incense,BAKHOOR,"Bakhoor, Unisex",true,Size,60 g,,,,,,,,'6297000742342,500.0,shopify,deny,manual,21.00,,true,true,,,,,'6297000742342,https://cdn.shopify.com/s/files/1/0626/6119/8023/files/BAKHOOR_TAHIYA_60_G_-_Khadlaj_Perfumes-1964178.jpg?v=1722408964,1,BAKHOOR TAHIYA 60 G - Khadlaj Perfumes,false,"Oud, Floral, Sweet Fragrance | Premium Bakhoor Perfume Online","Fresh, sweet, and floral notes of Bakhoor Tahiya bring elegance and warmth to your ambiance. Buy premium home fragrance online in UAE at best price.",3686,,,,,,,,,,,,"<div class=""pyramid-section_lists""><h6 style=""font-weight:600;"">Top Notes</h6>
<p>Bergamot, Rose </p>
</div>
<div class=""pyramid-section_lists""><h6 style=""font-weight:600;"">Middle Notes</h6>
<p>Patchouli, Basil</p>
</div>
<div class=""pyramid-section_lists""><h6 style=""font-weight:600;"">Base Notes</h6>
<p>Agarwood, Sandalwood</p>
</div>",,,,,,,,,,,,,,,,,,https://cdn.shopify.com/s/files/1/0626/6119/8023/files/BAKHOOR_TAHIYA_60_G_-_Khadlaj_Perfumes-1964178.jpg?v=1722408964,g,,,true,,,true,,,true,,,true,,,true,,,true,,,true,,,active
bakhoor-tahiya-60-g-shop-online-best-price-in-dubai-uae,,,,,,,,,,,,,,,,,,,,,,,,,,,,,,,https://cdn.shopify.com/s/files/1/0626/6119/8023/files/BAKHOOR_TAHIYA_60_G_-_Khadlaj_Perfumes-1964182.jpg?v=1722408972,2,BAKHOOR TAHIYA 60 G - Khadlaj Perfumes,,,,,,,,,,,,,,,,,,,,,,,,,,,,,,,,,,,,,,,,,,,,,,,,,,,,,,,,,,,
bakhoor-sougah-55-g-shop-online-best-price-in-dubai-uae,BAKHOOR SOUGAH 55 G,"<p><span> Bukhoor Sougah, a luxurious fragrance that brings an enchanting ambience to your home. Immerse yourself in the captivating blend of notes meticulously crafted to create a mesmerizing and inviting atmosphere for your living space.</span></p>
<p><span> The top notes of bergamot, cardamom, and saffron create a captivating opening, infusing your surroundings with a burst of freshness and warmth. These invigorating scents instantly uplift the senses, setting the stage for a truly immersive olfactory experience. As the fragrance evolves, the middle notes of rose, muget, and jasmine grace your home with their delicate and floral essence. The combination of these enchanting scents adds a touch of elegance and sophistication to your living space. </span></p>
<p><span>But it is in the base notes that the true allure of Bukhoor Sougah unfolds. The rich and woody sandalwood, combined with the deep and earthy oud, creates a strong foundation that exudes warmth and tranquility. Enhanced by the lingering embrace of musk, this aromatic blend envelops your space in a sense of luxury and comfort.</span></p>
<p><span> Elevate your home with the captivating essence of Bukhoor Sougah. Immerse yourself in its enchanting fragrance and experience a world of refined beauty and serenity. Let the harmonious blend of scents create an inviting and soothing atmosphere, where you can unwind and relax. Indulge in the essence of luxury and sophistication, and let Bukhoor Sougah transform your living space into a haven of timeless elegance and tranquility.Directions for use: Place a coal on a bukhoor burner and ensure to use a foil underneath to prevent overheating. Place the Bukhoor tablet on the coal to release the captivating fragrance. Keep the burner on elevated surfaces, away from flames, direct heat, and sunlight. Remember to store it out of reach of children for safety.</span></p>",Khadlaj-perfumes,Health & Beauty > Personal Care > Cosmetics > Perfumes & Colognes,BAKHOOR,"Bakhoor, Deals, Unisex",true,Size,55 G,,,,,,,,,0.0,shopify,deny,manual,30.00,45.00,true,true,,,,,,https://cdn.shopify.com/s/files/1/0626/6119/8023/files/BAKHOOR_SOUGAH_55_G_-_Khadlaj_Perfumes-1964170.jpg?v=1722408952,1,BAKHOOR SOUGAH 55 G - Khadlaj Perfumes,false,"Amber, Woody, Musk Fragrance | Luxury Bakhoor Perfume Collection Online","Oud, musk, and oriental notes of Bakhoor Sougah offer a luxurious touch to your home. Shop premium home fragrance perfumes online in Dubai.",,,,,,,,,,,,,"<div class=""pyramid-section_lists""><h6 style=""font-weight:600;"">Top Notes</h6>
<p>Bergamot, Cardamom, Saffron</p>
</div>
<div class=""pyramid-section_lists""><h6 style=""font-weight:600;"">Middle Notes</h6>
<p>Rose, Muget, Jasmine</p>
</div>
<div class=""pyramid-section_lists""><h6 style=""font-weight:600;"">Base Notes</h6>
<p>Jasmine, Sandalwood, Oud, Musk</p>
</div>",,,,,,,,,,,,,,,,,,,g,,,true,,,true,,,true,,,true,,,true,,,true,,,true,,,active
bakhoor-sougah-55-g-shop-online-best-price-in-dubai-uae,,,,,,,,,,,,,,,,,,,,,,,,,,,,,,,https://cdn.shopify.com/s/files/1/0626/6119/8023/files/BAKHOOR_SOUGAH_55_G_-_Khadlaj_Perfumes-1964174.jpg?v=1722408957,2,BAKHOOR SOUGAH 55 G - Khadlaj Perfumes,,,,,,,,,,,,,,,,,,,,,,,,,,,,,,,,,,,,,,,,,,,,,,,,,,,,,,,,,,,
bakhoor-rukaiya-55gm-shop-online-best-price-in-dubai-uae,BAKHOOR RUKAIYA 55GM,"<p><span data-mce-fragment=""1"">Bukhoor Rukaiya, a captivating fragrance that enhances the ambiance of your home with its alluring blend of notes. Immerse yourself in the enchanting scent that creates an inviting and soothing atmosphere for your living space. </span></p>
<p><span data-mce-fragment=""1"">The top notes of bergamot and citrus create a refreshing and uplifting opening, filling the air with a burst of energy and vitality. These invigorating scents awaken your senses and infuse the surroundings with a vibrant and lively ambiance. As the fragrance unfolds, the middle notes of heliotrope and nutmeg add depth and warmth to the composition. The aromatic blend of these notes evokes a sense of comfort and tranquility, creating a cozy and inviting atmosphere.</span></p>
<p><span data-mce-fragment=""1""> But it is in the base notes that the true allure of Bukhoor Rukaiya emerges. The earthy and woody patchouli, combined with the subtle musk, provides a solid foundation that exudes sophistication and elegance. This harmonious blend of base notes adds depth and complexity to the fragrance, creating an ambiance that is both captivating and comforting.</span></p>
<p><span data-mce-fragment=""1""> Elevate your home with the captivating essence of Bukhoor Rukaiya. Immerse yourself in its enchanting fragrance and experience a world of relaxation and serenity. Let the harmonious blend of scents create an inviting atmosphere, where you can unwind and escape from the stresses of the day. Indulge in the essence of tranquility and sophistication, and let Bukhoor Rukaiya transform your living space into a haven of refined beauty and serenity.Directions for use: Place a coal on a bukhoor burner and ensure to use a foil underneath to prevent overheating. Place the Bukhoor tablet on the coal to release the captivating fragrance. Keep the burner on elevated surfaces, away from flames, direct heat, and sunlight. Remember to store it out of reach of children for safety.</span></p>",Khadlaj-perfumes,Health & Beauty > Personal Care > Cosmetics > Perfumes & Colognes,BAKHOOR,"Bakhoor, Deals, Unisex",true,Size,55 G,,,,,,,,,0.0,shopify,deny,manual,25.00,35.00,true,true,,,,,,https://cdn.shopify.com/s/files/1/0626/6119/8023/files/BAKHOOR_RUKAIYA_55GM_-_Khadlaj_Perfumes-1964162.jpg?v=1722408938,1,BAKHOOR RUKAIYA 55GM - Khadlaj Perfumes,false,"Floral, Musk, Oriental Fragrance | Best Bakhoor Perfume In UAE Online","Floral, spicy, and warm notes of Bakhoor Rukaiya create a long-lasting home fragrance. Buy luxury ambiance perfumes online at best price UAE.",,,,,,,,,,,,,"<div class=""pyramid-section_lists""><h6 style=""font-weight:600;"">Top Notes</h6>
<p>Bergamot, Citrus</p>
</div>
<div class=""pyramid-section_lists""><h6 style=""font-weight:600;"">Middle Notes</h6>
<p>Heliotrope, Nutmeg</p>
</div>
<div class=""pyramid-section_lists""><h6 style=""font-weight:600;"">Base Notes</h6>
<p>Patchouli, Musk</p>
</div>",,,,,,,,,,,,,,,,,,,g,,,true,,,true,,,true,,,true,,,true,,,true,,,true,,,active
bakhoor-rukaiya-55gm-shop-online-best-price-in-dubai-uae,,,,,,,,,,,,,,,,,,,,,,,,,,,,,,,https://cdn.shopify.com/s/files/1/0626/6119/8023/files/BAKHOOR_RUKAIYA_55GM_-_Khadlaj_Perfumes-1964165.jpg?v=1722408945,2,BAKHOOR RUKAIYA 55GM - Khadlaj Perfumes,,,,,,,,,,,,,,,,,,,,,,,,,,,,,,,,,,,,,,,,,,,,,,,,,,,,,,,,,,,
bakhoor-nouf-100-gms-shop-online-best-price-in-dubai-uae,BAKHOOR NOUF 100 GMS,"<p><span> Bukhoor Nouf, a captivating fragrance that brings an aura of elegance and sophistication to your home. Immerse yourself in the enchanting blend of notes meticulously crafted to create a mesmerizing and inviting ambience for your living space.</span></p>
<p><span> The top notes of raspberry and saffron create a delightful and enticing opening, infusing your surroundings with a touch of sweetness and vibrancy. These uplifting scents instantly captivate the senses, setting the stage for an unforgettable olfactory journey. As the fragrance unfolds, the middle notes of rose, lavender, and vanilla intertwine, creating a bouquet of floral and aromatic notes that fill the air with grace and tranquility.</span></p>
<p><span> But it is in the base notes that the true allure of Bukhoor Nouf comes to life. The rich and earthy patchouli, combined with the warm and woody gaiac wood, provides a solid foundation that evokes a sense of grounding and stability. Enhanced by the lingering warmth of amber, this aromatic blend creates an ambiance of comfort and sophistication that envelops your space.</span></p>
<p><span> Elevate your home with the captivating essence of Bukhoor Nouf. Immerse yourself in its enchanting fragrance and experience a world of refined beauty and serenity. Let the harmonious blend of scents create an inviting atmosphere, where moments of relaxation and tranquility flourish. Indulge in the essence of sophistication and grace, and let Bukhoor Nouf transform your living space into a sanctuary of timeless elegance and serenity.Directions for use: Place a coal on a bukhoor burner and ensure to use a foil underneath to prevent overheating. Place the Bukhoor tablet on the coal to release the captivating fragrance. Keep the burner on elevated surfaces, away from flames, direct heat, and sunlight. Remember to store it out of reach of children for safety.</span></p>",Khadlaj-perfumes,Home & Garden > Decor > Home Fragrances > Incense,BAKHOOR,"Bakhoor, Unisex",true,Size,100 g,,,,,,,,'6291107974668,500.0,shopify,deny,manual,53.00,,true,true,,,,,'6291107974668,https://cdn.shopify.com/s/files/1/0626/6119/8023/files/BAKHOOR_NOUF_100_GMS_-_Khadlaj_Perfumes-1964141.jpg?v=1722408908,1,BAKHOOR NOUF 100 GMS - Khadlaj Perfumes,false,"Woody, Sweet, Amber Fragrance | Premium Oud Bakhoor Perfume Online","Fresh, oud, and woody notes in Bakhoor Nouf bring a luxurious home fragrance experience. Shop premium ambiance bakhoor online in Dubai UAE.",3686,,,,,,,,,,,,"<div class=""pyramid-section_lists""><h6 style=""font-weight:600;"">Top Notes</h6>
<p>Raspberry, Saffron</p>
</div>
<div class=""pyramid-section_lists""><h6 style=""font-weight:600;"">Middle Notes</h6>
<p>Rose, Lavender, Vanilla</p>
</div>
<div class=""pyramid-section_lists""><h6 style=""font-weight:600;"">Base Notes</h6>
<p>Patchouli, Gaiac wood, Amber</p>
</div>",,,,,,,,,,,,,,,,,,,g,,,true,,,true,,,true,,,true,,,true,,,true,,,true,,,active
bakhoor-nouf-100-gms-shop-online-best-price-in-dubai-uae,,,,,,,,,,,,,,,,,,,,,,,,,,,,,,,https://cdn.shopify.com/s/files/1/0626/6119/8023/files/BAKHOOR_NOUF_100_GMS_-_Khadlaj_Perfumes-1964145.jpg?v=1722408913,2,BAKHOOR NOUF 100 GMS - Khadlaj Perfumes,,,,,,,,,,,,,,,,,,,,,,,,,,,,,,,,,,,,,,,,,,,,,,,,,,,,,,,,,,,
bakhoor-mudhela-60-g-shop-online-best-price-in-dubai-uae,BAKHOOR MUDHELA 60 G,"<p><span>Bukhoor Mudhela, an exquisite fragrance that transforms your home into a sanctuary of elegance and tranquility. Immerse yourself in the captivating blend of notes carefully selected to create a mesmerizing and inviting ambience for your living space.</span></p>
<p><span> The top notes of bergamot and white musk awaken your senses with their refreshing and uplifting qualities. These invigorating scents infuse the air with a burst of energy, creating a vibrant and lively ambience. As the fragrance evolves, the middle notes of jasmine and violet grace your surroundings with their delicate and floral essence. The combination of these enchanting scents adds a touch of elegance and sophistication to your home.</span></p>
<p><span> However, it is in the base notes that the true allure of Bukhoor Mudhela unfolds. The rich and captivating aroma of agarwood, also known as oudh, takes center stage, bringing a sense of depth and serenity to the atmosphere. Combined with the soothing embrace of sandalwood, this aromatic blend creates a warm and inviting ambience that envelops your space in tranquility.</span></p>
<p><span> Elevate your home with the captivating essence of Bukhoor Mudhela. Immerse yourself in its enchanting fragrance and experience a world of relaxation and sophistication. Let the harmonious blend of scents create a serene and inviting atmosphere, where you can unwind and escape from the demands of the day. Indulge in the essence of luxury and tranquility, and let Bukhoor Mudhela transform your living space into a haven of refined beauty and serenity.Directions for use: Place a coal on a bukhoor burner and ensure to use a foil underneath to prevent overheating. Place the Bukhoor tablet on the coal to release the captivating fragrance. Keep the burner on elevated surfaces, away from flames, direct heat, and sunlight. Remember to store it out of reach of children for safety.</span></p>",Khadlaj-perfumes,Health & Beauty > Personal Care > Cosmetics > Perfumes & Colognes,BAKHOOR,"Bakhoor, Unisex",true,Size,60 g,,,,,,,,'6297000742151,500.0,shopify,deny,manual,21.00,,true,true,,,,,'6297000742151,https://cdn.shopify.com/s/files/1/0626/6119/8023/files/BAKHOOR_MUDHELA_60_G_-_Khadlaj_Perfumes-1964134.jpg?v=1722408897,1,BAKHOOR MUDHELA 60 G - Khadlaj Perfumes,false,"Oud, Musk, Oriental Fragrance | Luxury Bakhoor Perfume For Home","Amber, floral, and oriental notes of Bakhoor Mudhela create a rich, comforting ambiance. Buy luxury home fragrance perfumes online in UAE at best price.",,,,,,,,,,,,,"<div class=""pyramid-section_lists""><h6 style=""font-weight:600;"">Top Notes</h6>
<p>Bergamot, White Musk</p>
</div>
<div class=""pyramid-section_lists""><h6 style=""font-weight:600;"">Middle Notes</h6>
<p>Jasmine, Violet</p>
</div>
<div class=""pyramid-section_lists""><h6 style=""font-weight:600;"">Base Notes</h6>
<p>Agarwood, Sandalwood</p>
</div>",,,,,,,,,,,,,,,,,,https://cdn.shopify.com/s/files/1/0626/6119/8023/files/BAKHOOR_MUDHELA_60_G_-_Khadlaj_Perfumes-1964134.jpg?v=1722408897,g,,,true,,,true,,,true,,,true,,,true,,,true,,,true,,,active
bakhoor-mudhela-60-g-shop-online-best-price-in-dubai-uae,,,,,,,,,,,,,,,,,,,,,,,,,,,,,,,https://cdn.shopify.com/s/files/1/0626/6119/8023/files/BAKHOOR_MUDHELA_60_G_-_Khadlaj_Perfumes-1964138.jpg?v=1722408902,2,BAKHOOR MUDHELA 60 G - Khadlaj Perfumes,,,,,,,,,,,,,,,,,,,,,,,,,,,,,,,,,,,,,,,,,,,,,,,,,,,,,,,,,,,
bakhoor-khulood-72-g-shop-online-best-price-in-dubai-uae,BAKHOOR KHULOOD 72 G,"<p><span>Bukhoor Khulood, a fragrance that envelops your home with a sense of timeless beauty and serenity. Immerse yourself in the captivating blend of notes meticulously crafted to create an exquisite ambience for your living space.</span></p>
<p><span> Let the top notes of bergamot and lemon invigorate your surroundings with their refreshing and zesty allure. These vibrant scents instantly uplift the atmosphere, creating a bright and invigorating ambience. As the fragrance unfolds, the middle notes of saffron and musk add a touch of warmth and sensuality, infusing your home with a cozy and inviting aura.</span></p>
<p><span> However, it is in the base notes that the true magic of Bukhoor Khulood comes alive. The rich and captivating aroma of agarwood, also known as oudh, takes center stage, evoking a sense of depth and tranquility. Combined with the comforting embrace of cedarwood, this aromatic blend creates a serene and harmonious ambience that lingers in the air.</span></p>
<p><span> Elevate your home with the captivating allure of Bukhoor Khulood and indulge in a space filled with timeless elegance. Let the enchanting fragrance transport you to a world of relaxation and serenity, where everyday worries melt away. Immerse yourself in the essence of tranquility and luxury, and let Bukhoor Khulood infuse your living space with a soothing and inviting ambience that truly makes it a sanctuary of peace.Directions for use: Place a coal on a bukhoor burner and ensure to use a foil underneath to prevent overheating. Place the Bukhoor tablet on the coal to release the captivating fragrance. Keep the burner on elevated surfaces, away from flames, direct heat, and sunlight. Remember to store it out of reach of children for safety.</span></p>",Khadlaj-perfumes,Health & Beauty > Personal Care > Cosmetics > Perfumes & Colognes,BAKHOOR,"Bakhoor, Unisex",true,Size,72 g,,,,,,,,'6291107970677,500.0,shopify,deny,manual,27.00,,true,true,,,,,'6291107970677,https://cdn.shopify.com/s/files/1/0626/6119/8023/files/BAKHOOR_KHULOOD_72_G_-_Khadlaj_Perfumes-1964112.jpg?v=1722408867,1,BAKHOOR KHULOOD 72 G - Khadlaj Perfumes,false,"Amber, Rose, Musk Fragrance | Best Oud Bakhoor In UAE Online","Woody, spicy, and musk notes in Bakhoor Khulood enhance your living space with premium aroma. Shop online in Dubai for authentic home fragrance.",,,,,,,,,,,,,"<div class=""pyramid-section_lists""><h6 style=""font-weight:600;"">Top Notes</h6>
<p>Bergamot, Lemon</p>
</div>
<div class=""pyramid-section_lists""><h6 style=""font-weight:600;"">Middle Notes</h6>
<p>Saffron, Musk</p>
</div>
<div class=""pyramid-section_lists""><h6 style=""font-weight:600;"">Base Notes</h6>
<p> Agarwood, Cedarwood</p>
</div>",,,,,,,,,,,,,,,,,,https://cdn.shopify.com/s/files/1/0626/6119/8023/files/BAKHOOR_KHULOOD_72_G_-_Khadlaj_Perfumes-1964112.jpg?v=1722408867,g,,,true,,,true,,,true,,,true,,,true,,,true,,,true,,,active
bakhoor-khulood-72-g-shop-online-best-price-in-dubai-uae,,,,,,,,,,,,,,,,,,,,,,,,,,,,,,,https://cdn.shopify.com/s/files/1/0626/6119/8023/files/BAKHOOR_KHULOOD_72_G_-_Khadlaj_Perfumes-1964116.jpg?v=1722408872,2,BAKHOOR KHULOOD 72 G - Khadlaj Perfumes,,,,,,,,,,,,,,,,,,,,,,,,,,,,,,,,,,,,,,,,,,,,,,,,,,,,,,,,,,,
bakhoor-insherah-55gm-shop-online-best-price-in-dubai-uae,BAKHOOR INSHERAH 55GM,"<p><span>Bukhoor Insherah, a captivating fragrance designed to fill your home with a sense of joy and serenity. Immerse yourself in the exquisite blend of notes meticulously curated to create an enchanting and inviting ambience for your living space.</span></p>
<p><span> Let the top notes of bergamot and hyacinth grace your surroundings with their refreshing and uplifting aroma. These vibrant scents instantly energize the atmosphere, creating a positive and vibrant ambiance. As the fragrance develops, the middle notes of lavender and cinnamon add a touch of warmth and comfort, infusing your home with a cozy and soothing sensation. </span></p>
<p><span>But it is in the base notes that the true magic of Bukhoor Insherah unfolds. The rich and captivating agarwood, also known as oudh, takes center stage, creating an atmosphere of depth and tranquility. Combined with the subtle allure of musk, this aromatic blend wraps your space in a blanket of serenity, inviting you to unwind and relax. </span></p>
<p><span>Transform your home into a haven of tranquility and joy with Bukhoor Insherah. Immerse yourself in its captivating fragrance and experience the harmonious ambience it brings to your living environment. Let the delightful blend of scents uplift your spirits and create an inviting atmosphere that fills your heart with contentment. Indulge in the essence of relaxation and positivity with Bukhoor Insherah, and let your home radiate with warmth and serenity.Directions for use: Place a coal on a bukhoor burner and ensure to use a foil underneath to prevent overheating. Place the Bukhoor tablet on the coal to release the captivating fragrance. Keep the burner on elevated surfaces, away from flames, direct heat, and sunlight. Remember to store it out of reach of children for safety.</span></p>",Khadlaj-perfumes,Health & Beauty > Personal Care > Cosmetics > Perfumes & Colognes,BAKHOOR,"Bakhoor, Unisex",true,Size,55 g,,,,,,,,'6291107970288,500.0,shopify,deny,manual,35.00,,true,true,,,,,'6291107970288,https://cdn.shopify.com/s/files/1/0626/6119/8023/files/BAKHOOR_INSHERAH_55GM_-_Khadlaj_Perfumes-1964091.jpg?v=1722408837,1,BAKHOOR INSHERAH 55GM - Khadlaj Perfumes,false,"Woody, Floral, Musk Fragrance | Premium Bakhoor Perfume Online","Sweet, floral, and fresh notes of Bakhoor Insherah add elegance to your home ambiance. Buy luxury home fragrance online at best price in UAE.",,,,,,,,,,,,,"<div class=""pyramid-section_lists""><h6 style=""font-weight:600;"">Top Notes</h6>
<p>Bergamot, Hyacinth</p>
</div>
<div class=""pyramid-section_lists""><h6 style=""font-weight:600;"">Middle Notes</h6>
<p>Lavender, Cinnamon</p>
</div>
<div class=""pyramid-section_lists""><h6 style=""font-weight:600;"">Base Notes</h6>
<p>Agarwood, Musk</p>
</div>",,,,,,,,,,,,,,,,,,,g,,,true,,,true,,,true,,,true,,,true,,,true,,,true,,,active
bakhoor-insherah-55gm-shop-online-best-price-in-dubai-uae,,,,,,,,,,,,,,,,,,,,,,,,,,,,,,,https://cdn.shopify.com/s/files/1/0626/6119/8023/files/BAKHOOR_INSHERAH_55GM_-_Khadlaj_Perfumes-1964096.jpg?v=1722408845,2,BAKHOOR INSHERAH 55GM - Khadlaj Perfumes,,,,,,,,,,,,,,,,,,,,,,,,,,,,,,,,,,,,,,,,,,,,,,,,,,,,,,,,,,,
bakhoor-insherah-55gm-shop-online-best-price-in-dubai-uae,,,,,,,,,,,,,,,,,,,,,,,,,,,,,,,https://cdn.shopify.com/s/files/1/0626/6119/8023/files/BAKHOOR_INSHERAH_55GM_-_Khadlaj_Perfumes-1964101.jpg?v=1722408852,3,BAKHOOR INSHERAH 55GM - Khadlaj Perfumes,,,,,,,,,,,,,,,,,,,,,,,,,,,,,,,,,,,,,,,,,,,,,,,,,,,,,,,,,,,
bakhoor-hoor-al-ain-shop-online-best-price-in-dubai-uae,BAKHOOR HOOR AL AIN 72GM,"<p><span>Bukhoor Hoor Al Ain, a fragrance that embraces your home with an enchanting and captivating aura. This exquisite blend of notes is meticulously crafted to create a truly immersive and luxurious ambience for your living space.</span></p>
<p><span> Let the top notes of bergamot and lily delicately dance in the air, infusing your surroundings with a refreshing and floral allure. The combination of these uplifting scents brings a sense of vibrancy and elegance to any room. As the fragrance develops, the middle notes of vanilla and musk add a touch of warmth and sweetness, enveloping your home with a comforting and inviting atmosphere.</span></p>
<p><span> However, it is in the base notes that the true magic of Bukhoor Hoor Al Ain unfolds. The rich and alluring aroma of agarwood, also known as oudh, takes center stage, creating a sense of depth and sophistication. Combined with the woody embrace of cedarwood, this aromatic blend imparts a grounding and serene ambiance to your space, evoking a feeling of tranquility and harmony. </span></p>
<p><span>Transform your home into a sanctuary of luxury and relaxation with Bukhoor Hoor Al Ain. Immerse yourself in its captivating fragrance and experience the exquisite ambience it brings to your living environment. Indulge in the essence of opulence and elegance, and let Bukhoor Hoor Al Ain elevate your home to new heights of sophistication. Directions for use: Place a coal on a bukhoor burner and ensure to use a foil underneath to prevent overheating. Place the Bukhoor tablet on the coal to release the captivating fragrance. Keep the burner on elevated surfaces, away from flames, direct heat, and sunlight. Remember to store it out of reach of children for safety.</span></p>",Khadlaj-perfumes,Health & Beauty > Personal Care > Cosmetics > Perfumes & Colognes,BAKHOOR,"Bakhoor, Unisex",true,Size,72 g,,,,,,,,'6291107970660,500.0,shopify,deny,manual,27.00,,true,true,,,,,'6291107970660,https://cdn.shopify.com/s/files/1/0626/6119/8023/files/BAKHOOR_HOOR_AL_AIN_72GM_-_Khadlaj_Perfumes-1964082.jpg?v=1722408821,1,BAKHOOR HOOR AL AIN 72GM - Khadlaj Perfumes,false,"Oud, Amber, Oriental Fragrance | Luxury Bakhoor Perfume Collection","Oud, musk, and warm notes of Bakhoor Hoor Al Ain deliver a rich, long-lasting luxury home fragrance. Shop premium ambiance perfumes online in Dubai.",,,,,,,,,,,,,"<div class=""pyramid-section_lists""><h6 style=""font-weight:600;"">Top Notes</h6>
<p>Bergamot, Lily</p>
</div>
<div class=""pyramid-section_lists""><h6 style=""font-weight:600;"">Middle Notes</h6>
<p>Vanilla, Musk </p>
</div>
<div class=""pyramid-section_lists""><h6 style=""font-weight:600;"">Base Notes</h6>
<p>Agarwood, Cedarwood</p>
</div>",,,,,,,,,,,,,,,,,,https://cdn.shopify.com/s/files/1/0626/6119/8023/files/BAKHOOR_HOOR_AL_AIN_72GM_-_Khadlaj_Perfumes-1964082.jpg?v=1722408821,g,,,true,,,true,,,true,,,true,,,true,,,true,,,true,,,active
bakhoor-hoor-al-ain-shop-online-best-price-in-dubai-uae,,,,,,,,,,,,,,,,,,,,,,,,,,,,,,,https://cdn.shopify.com/s/files/1/0626/6119/8023/files/BAKHOOR_HOOR_AL_AIN_72GM_-_Khadlaj_Perfumes-1964087.jpg?v=1722408826,2,BAKHOOR HOOR AL AIN 72GM - Khadlaj Perfumes,,,,,,,,,,,,,,,,,,,,,,,,,,,,,,,,,,,,,,,,,,,,,,,,,,,,,,,,,,,
bakhoor-hakim-100gm-shop-online-best-price-in-dubai-uae,BAKHOOR HAKIM 100gm,"<style type=""text/css""><!--
td {border: 1px solid #cccccc;}br {mso-data-placement:same-cell;}
--></style>
<span data-sheets-userformat='{""2"":15233,""3"":{""1"":0},""10"":0,""11"":4,""12"":0,""14"":{""1"":2,""2"":0},""15"":""Calibri, sans-serif"",""16"":11}' data-sheets-value='{""1"":2,""2"":""Introducing Bukhoor Hakim, a luxurious fragrance designed to transform your home into a sanctuary of opulence and tranquility. Immerse yourself in the enchanting aura created by this exquisite blend of notes, carefully selected to elevate your surroundings with a sense of refined elegance.\n\nLet the top notes of hyacinth and jasmine infuse the air with their intoxicating floral symphony, enveloping your space with a delicate and captivating fragrance. As the scent unfolds, the middle notes of musk and amber add a layer of warmth and sensuality, creating an ambience that is both inviting and comforting.\n\nBut it is in the base notes that the true allure of Bukhoor Hakim is revealed. The rich and luxurious oudh, also known as agarwood, takes center stage, exuding an air of sophistication and indulgence. Combined with the woody embrace of cedarwood, this aromatic blend creates a captivating and timeless atmosphere that evokes a sense of grandeur and luxury.\n\nExperience the transformative power of Bukhoor Hakim as it imbues your surroundings with a refined and elegant ambience. Allow its exquisite fragrance to transport you to a world of serenity and tranquility, where everyday stresses melt away. Elevate your home with the captivating allure of Bukhoor Hakim and indulge in the opulent ambience it brings to your living space.""}'>Introducing Bukhoor Hakim, a luxurious fragrance designed to transform your home into a sanctuary of opulence and tranquility. Immerse yourself in the enchanting aura created by this exquisite blend of notes, carefully selected to elevate your surroundings with a sense of refined elegance.<br><br>Let the top notes of hyacinth and jasmine infuse the air with their intoxicating floral symphony, enveloping your space with a delicate and captivating fragrance. As the scent unfolds, the middle notes of musk and amber add a layer of warmth and sensuality, creating an ambience that is both inviting and comforting.<br><br>But it is in the base notes that the true allure of Bukhoor Hakim is revealed. The rich and luxurious oudh, also known as agarwood, takes center stage, exuding an air of sophistication and indulgence. Combined with the woody embrace of cedarwood, this aromatic blend creates a captivating and timeless atmosphere that evokes a sense of grandeur and luxury.<br><br>Experience the transformative power of Bukhoor Hakim as it imbues your surroundings with a refined and elegant ambience. Allow its exquisite fragrance to transport you to a world of serenity and tranquility, where everyday stresses melt away. Elevate your home with the captivating allure of Bukhoor Hakim and indulge in the opulent ambience it brings to your living space.</span>",Khadlaj-perfumes,Health & Beauty > Personal Care > Cosmetics > Perfumes & Colognes,BAKHOOR,"Bakhoor, Unisex",true,Size,100 g,,,,,,,,'6291107970455,500.0,shopify,deny,manual,74.00,,true,true,,,,,'6291107970455,https://cdn.shopify.com/s/files/1/0626/6119/8023/files/BAKHOOR_HAKIM_100gm_-_Khadlaj_Perfumes-1964067.jpg?v=1722408798,1,BAKHOOR HAKIM 100gm - Khadlaj Perfumes,false,"Amber, Musk Fragrance | Luxury Home Scent Shopping Online","Shop Khadlaj Bakhoor Hakim 100g — premium oud bakhoor, bakhoor perfume, and perfume and fragrance. Best bakhoor in UAE for home ambiance.",,,,,,,,,,,,,"<div class=""pyramid-section_lists""><h6 style=""font-weight:600;"">Top Notes</h6>
<p>Hyacinth, Jasmine </p>
</div>
<div class=""pyramid-section_lists""><h6 style=""font-weight:600;"">Middle Notes</h6>
<p>Musk, Amber</p>
</div>
<div class=""pyramid-section_lists""><h6 style=""font-weight:600;"">Base Notes</h6>
<p>Oudh, Cedarwood</p>
</div>",,,,,,,,,,,,,,,,,,https://cdn.shopify.com/s/files/1/0626/6119/8023/files/BAKHOOR_HAKIM_100gm_-_Khadlaj_Perfumes-1964067.jpg?v=1722408798,g,,,true,,,true,,,true,,,true,,,true,,,true,,,true,,,active
bakhoor-hakim-100gm-shop-online-best-price-in-dubai-uae,,,,,,,,,,,,,,,,,,,,,,,,,,,,,,,https://cdn.shopify.com/s/files/1/0626/6119/8023/files/BAKHOOR_HAKIM_100gm_-_Khadlaj_Perfumes-1964071.jpg?v=1722408803,2,BAKHOOR HAKIM 100gm - Khadlaj Perfumes,,,,,,,,,,,,,,,,,,,,,,,,,,,,,,,,,,,,,,,,,,,,,,,,,,,,,,,,,,,
bakhoor-ganaa-120gm-shop-online-best-price-in-dubai-uae,BAKHOOR GANAA 120GM,"<p><span data-mce-fragment=""1"">Bukhoor Ganaa, an exquisite fragrance designed to elevate your home ambiance with its enchanting aroma. Immerse yourself in a sensory journey that combines the finest ingredients to create a truly captivating experience.</span></p>
<p><span data-mce-fragment=""1""> Let the top notes of tuberose and jasmine fill the air with their intoxicating floral bouquet. These delicate and luxurious scents blend harmoniously, creating an atmosphere of elegance and beauty. As the fragrance develops, the middle notes of lotus and saffron add a touch of exoticism and intrigue, infusing your surroundings with a sense of mystique. </span></p>
<p><span data-mce-fragment=""1"">But it is in the base notes that the true magic of Bukhoor Ganaa unfolds. The rich and profound aroma of agarwood, also known as oudh, takes center stage, imparting a sense of depth and tranquility to your space. Combined with the soothing embrace of sandalwood, this aromatic blend creates a warm and inviting ambience that lingers long after the fragrance has been enjoyed.</span></p>
<p><span data-mce-fragment=""1""> Bukhoor Ganaa is more than just a scent; it is an invitation to create a sanctuary within your home. Let its captivating fragrance transport you to a place of serenity and relaxation, where everyday stresses melt away. Elevate your living space with the alluring essence of Bukhoor Ganaa, and indulge in the luxurious ambiance it brings to your home. Directions for use: Place a coal on a bukhoor burner and ensure to use a foil underneath to prevent overheating. Place the Bukhoor tablet on the coal to release the captivating fragrance. Keep the burner on elevated surfaces, away from flames, direct heat, and sunlight. Remember to store it out of reach of children for safety.</span></p>",Khadlaj-perfumes,Home & Garden > Decor > Home Fragrances > Incense,BAKHOOR,"Bakhoor, Unisex",true,Size,120 g,,,,,,,,'6291107970240,500.0,shopify,deny,manual,90.00,,true,true,,,,,'6291107970240,https://cdn.shopify.com/s/files/1/0626/6119/8023/files/BAKHOOR_GANAA_120GM_-_Khadlaj_Perfumes-1964063.jpg?v=1722408787,1,BAKHOOR GANAA 120GM - Khadlaj Perfumes,false,Buy 120gm Ganaa Bakhoor Online in Uae - Khadlaj Perfumes,"Looking for Bakhoor? Khadlaj Perfumes offers Ganaa 120 grams Bakhoor, featuring top notes of tuberose and jasmine that fill the air with an intoxicating floral bouquet.",3686,,,,,,,,,,,,"<div class=""pyramid-section_lists""><h6 style=""font-weight:600;"">Top Notes</h6>
<p>Tuberose, Jasmine</p>
</div>
<div class=""pyramid-section_lists""><h6 style=""font-weight:600;"">Middle Notes</h6>
<p>Lotus, Saffron</p>
</div>
<div class=""pyramid-section_lists""><h6 style=""font-weight:600;"">Base Notes</h6>
<p>Agarwood, Sandalwood</p>
</div>",,,,,,,,,,,,,amber,,,,,https://cdn.shopify.com/s/files/1/0626/6119/8023/files/BAKHOOR_GANAA_120GM_-_Khadlaj_Perfumes-1964063.jpg?v=1722408787,g,,,true,,,true,,,true,,,true,,,true,,,true,,,true,,,active
bakhoor-ganaa-120gm-shop-online-best-price-in-dubai-uae,,,,,,,,,,,,,,,,,,,,,,,,,,,,,,,https://cdn.shopify.com/s/files/1/0626/6119/8023/files/BAKHOOR_GANAA_120GM_-_Khadlaj_Perfumes-1964064.jpg?v=1722408792,2,BAKHOOR GANAA 120GM - Khadlaj Perfumes,,,,,,,,,,,,,,,,,,,,,,,,,,,,,,,,,,,,,,,,,,,,,,,,,,,,,,,,,,,
bakhoor-bait-al-ahlam-shop-online-best-price-in-dubai-uae,BAKHOOR BAIT AL AHLAM 45 G,"<p><span data-mce-fragment=""1""> Bukhoor Bait Al Ahlam, a captivating fragrance that transports you to a realm of dreams and fantasies. This exquisite blend of notes is carefully crafted to create a truly enchanting ambience. </span></p>
<p><span data-mce-fragment=""1"">Immerse yourself in the mystical allure of Bukhoor Bait Al Ahlam. The top notes of bergamot and rose dance together, creating an ethereal and romantic atmosphere. As the fragrance develops, the middle notes of amber and saffron add a touch of warmth and intrigue, enveloping your surroundings with an inviting and luxurious aura.</span></p>
<p><span data-mce-fragment=""1""> But it is in the base notes that the true magic unfolds. Agarwood, also known as oudh, takes center stage, infusing the air with its deep and mysterious essence. Combined with the comforting embrace of sandalwood, this aromatic blend creates an ambiance of tranquility and serenity, inviting you to relax and immerse yourself in a world of dreams.</span></p>
<p><span data-mce-fragment=""1""> Bukhoor Bait Al Ahlam is more than just a fragrance; it is an experience. Let it transport you to a realm where dreams become reality and every moment is filled with wonder. Create a captivating ambience in your home or special space with this extraordinary scent that is sure to leave a lasting impression on all who encounter it. Directions for use: Place a coal on a bukhoor burner and ensure to use a foil underneath to prevent overheating. Place the Bukhoor tablet on the coal to release the captivating fragrance. Keep the burner on elevated surfaces, away from flames, direct heat, and sunlight. Remember to store it out of reach of children for safety.</span></p>",Khadlaj-perfumes,Health & Beauty > Personal Care > Cosmetics > Perfumes & Colognes,BAKHOOR,"Bakhoor, Unisex",true,Size,45 g,,,,,,,,'6297000742076,500.0,shopify,deny,manual,21.00,,true,true,,,,,'6297000742076,https://cdn.shopify.com/s/files/1/0626/6119/8023/files/BAKHOOR_BAIT_AL_AHLAM_45_G_-_Khadlaj_Perfumes-1964003.jpg?v=1722408697,1,BAKHOOR BAIT AL AHLAM 45 G - Khadlaj Perfumes,false,"Floral, Sweet, Musk Fragrance | Best Bakhoor In UAE Online","Amber, floral, and spicy notes of Bakhoor Bait Al Ahlam create a warm and inviting home ambiance. Buy luxury home fragrance online at best price UAE.",,,,,,,,,,,,,"<div class=""pyramid-section_lists""><h6 style=""font-weight:600;"">Top Notes</h6>
<p>Bergamot, Rose </p>
</div>
<div class=""pyramid-section_lists""><h6 style=""font-weight:600;"">Middle Notes</h6>
<p>Amber, Saffron </p>
</div>
<div class=""pyramid-section_lists""><h6 style=""font-weight:600;"">Base Notes</h6>
<p>Agarwood, Sandalwood</p>
</div>",,,,,,,,,,,,,,,,,,,g,,,true,,,true,,,true,,,true,,,true,,,true,,,true,,,active
bakhoor-bait-al-ahlam-shop-online-best-price-in-dubai-uae,,,,,,,,,,,,,,,,,,,,,,,,,,,,,,,https://cdn.shopify.com/s/files/1/0626/6119/8023/files/BAKHOOR_BAIT_AL_AHLAM_45_G_-_Khadlaj_Perfumes-1964006.jpg?v=1722408714,2,BAKHOOR BAIT AL AHLAM 45 G - Khadlaj Perfumes,,,,,,,,,,,,,,,,,,,,,,,,,,,,,,,,,,,,,,,,,,,,,,,,,,,,,,,,,,,
bakhoor-al-bahaar-55g-shop-online-dubai-uae,BAKHOOR AL BAHAAR 55 G,"<p><span>Bukhoor Al Bahaar, a true cult classic from the renowned brand Khadlaj. This exceptional fragrance has been a best-seller for over 20 years, captivating the hearts of fragrance enthusiasts worldwide.</span></p>
<p><span> Bukhoor Al Bahaar is a timeless scent that exudes luxury and sophistication. Its enchanting aroma transcends time, creating an ambiance of elegance and beauty wherever it is used.</span></p>
<p><span> The top notes of bergamot and jasmine provide a refreshing and floral opening, setting the stage for the journey ahead. As the fragrance unfolds, the heart notes of patchouli, rose, and musk take center stage, delivering a harmonious blend that is both captivating and alluring. Finally, the base notes of oudh, sandalwood, and amber provide a warm and sensual foundation, leaving a lasting impression of opulence and grace.</span></p>
<p><span> Indulge in the exquisite allure of Bukhoor Al Bahaar, the fragrance that has stood the test of time. Immerse yourself in its rich and captivating scent, and experience the luxurious ambiance it creates. Let Bukhoor Al Bahaar be your companion on your journey to sophistication and elegance. Directions for use: Place a coal on a bukhoor burner and ensure to use a foil underneath to prevent overheating. Place the Bukhoor tablet on the coal to release the captivating fragrance. Keep the burner on elevated surfaces, away from flames, direct heat, and sunlight. Remember to store it out of reach of children for safety.</span></p>",Khadlaj-perfumes,Health & Beauty > Personal Care > Cosmetics > Perfumes & Colognes,BAKHOOR,"Bakhoor, Deals, Unisex",true,Size,55 G,,,,,,,,,0.0,shopify,deny,manual,30.00,50.00,true,true,,,,,,https://cdn.shopify.com/s/files/1/0626/6119/8023/files/BAKHOOR_AL_BAHAAR_55_G_-_Khadlaj_Perfumes-1963970.jpg?v=1722408647,1,BAKHOOR AL BAHAAR 55 G - Khadlaj Perfumes,false,"Woody, Musk, Oud Fragrance | Luxury Bakhoor Perfume Online","Fresh, woody, and aquatic notes in Bakhoor Al Bahaar bring a luxury home fragrance experience. Shop online in Dubai for premium ambiance scents.",,,,,,,,,,,,,"<div class=""pyramid-section_lists""><h6 style=""font-weight:600;"">Top Notes</h6>
<p>Bergamot, Jasmine</p>
</div>
<div class=""pyramid-section_lists""><h6 style=""font-weight:600;"">Middle Notes</h6>
<p>Patchouli, Rose, Musk </p>
</div>
<div class=""pyramid-section_lists""><h6 style=""font-weight:600;"">Base Notes</h6>
<p>Oudh, Sandalwood, Amber </p>
</div>",,,,,,,,,,,,,,,,,,,g,,,true,,,true,,,true,,,true,,,true,,,true,,,true,,,active
bakhoor-al-bahaar-55g-shop-online-dubai-uae,,,,,,,,,,,,,,,,,,,,,,,,,,,,,,,https://cdn.shopify.com/s/files/1/0626/6119/8023/files/BAKHOOR_AL_BAHAAR_55_G_-_Khadlaj_Perfumes-1963973.jpg?v=1722408652,2,BAKHOOR AL BAHAAR 55 G - Khadlaj Perfumes,,,,,,,,,,,,,,,,,,,,,,,,,,,,,,,,,,,,,,,,,,,,,,,,,,,,,,,,,,,
bakhoor-al-bahaar-55g-shop-online-dubai-uae,,,,,,,,,,,,,,,,,,,,,,,,,,,,,,,https://cdn.shopify.com/s/files/1/0626/6119/8023/files/BAKHOOR_AL_BAHAAR_55_G_-_Khadlaj_Perfumes-1963977.jpg?v=1722408658,3,BAKHOOR AL BAHAAR 55 G - Khadlaj Perfumes,,,,,,,,,,,,,,,,,,,,,,,,,,,,,,,,,,,,,,,,,,,,,,,,,,,,,,,,,,,
rooh-al-oud-12-ml,ROOH AL OUD 12 ML,"<p><span>Introducing Rooh Al Oud, an exquisite oud oil crafted by Khadlaj, renowned for their expertise in fragrance mastery. This opulent fragrance captures the essence of Pure Indonesian Oud, known for its unparalleled richness and complexity.</span></p>
<p><span> Indulge your senses in the luxurious embrace of Rooh Al Oud. Every drop of this meticulously crafted fragrance exudes sophistication and elegance, making it the perfect choice for those seeking a refined and captivating scent experience.</span></p>
<p><span> Rooh Al Oud is a testament to the artistry of perfumery, with each note thoughtfully selected and blended to create a harmonious symphony of olfactory delight. Its seductive allure lingers on the skin, leaving an unforgettable trail that is both captivating and enchanting.</span></p>
<p><span> Experience the epitome of luxury with Rooh Al Oud. Discover the transformative power of this remarkable fragrance and embark on a journey of opulence and self-expression. Elevate your senses and make a statement with Rooh Al Oud, the pinnacle of refined indulgence.</span></p>",khadlaj-perfumes,Health & Beauty > Personal Care > Cosmetics > Perfumes & Colognes,DEHN AL OUDH,,true,Size,12 ML,,,,,,,,KM-054,650.0,shopify,deny,manual,525.00,,true,true,,,,,'6291107970172,https://cdn.shopify.com/s/files/1/0626/6119/8023/files/ROOH_AL_OUD_12_ML_-_Khadlaj_Perfumes-1965864.jpg?v=1722411973,1,ROOH AL OUD 12 ML - Khadlaj Perfumes,false,"Oud, Amber, Woody Fragrance | Pure Perfume Oil Online","Rooh Al Oud 12ml pure perfume oil with deep woody oud notes. Non-alcoholic, luxury fragrance oil perfect for gifting and daily wear. Shop online Dubai UAE.",,,,,,,,,,,,,"<div class=""pyramid-section_lists""><h6 style=""font-weight:600;"">Notes</h6>
<p>Cambodian Oud </p>
</div>",,,,,,,,,,,,,,,,,,,g,,,true,,,true,,,true,,,true,,,true,,,true,,,true,,,active
rooh-al-oud-12-ml,,,,,,,,,,,,,,,,,,,,,,,,,,,,,,,https://cdn.shopify.com/s/files/1/0626/6119/8023/files/ROOH_AL_OUD_12_ML_-_Khadlaj_Perfumes-1965867.jpg?v=1722412002,2,ROOH AL OUD 12 ML - Khadlaj Perfumes,,,,,,,,,,,,,,,,,,,,,,,,,,,,,,,,,,,,,,,,,,,,,,,,,,,,,,,,,,,
zainab-18-ml,ZAINAB 18 ML,"<p><span data-mce-fragment=""1"">Zainab concentrated perfume oil is a luxurious fragrance that offers a captivating and indulgent scent experience. It is specially formulated to be non-alcoholic, ensuring it is safe for both skin and hair application.</span></p>
<p><span data-mce-fragment=""1""> This exquisite perfume oil opens with a harmonious blend of bergamot, gardenia, and almond, creating a refreshing and floral introduction to the scent. The middle notes feature the creamy and sweet combination of coconut and caramel, adding a delicious and comforting twist. Finally, the base notes of patchouli, vanilla, and musk provide a warm and sensual foundation, leaving a lasting and enchanting trail.</span></p>
<p><span data-mce-fragment=""1""> Zainab concentrated perfume oil is designed to offer a long-lasting fragrance experience, thanks to its high concentration of oils. Its non-alcoholic formulation makes it suitable for individuals with sensitive skin or those who prefer non-alcoholic scents. Whether applied to the skin or hair, Zainab will envelop you in its luxurious and mesmerizing aroma, leaving a captivating impression of sophistication and allure.</span></p>",khadlaj-perfumes,Health & Beauty > Personal Care > Cosmetics > Perfumes & Colognes,CPO,,true,Size,18 ML,,,,,,,,KM-037,250.0,shopify,deny,manual,45.00,,true,true,,,,,'6297000742182,https://cdn.shopify.com/s/files/1/0626/6119/8023/files/ZAINAB_18_ML_-_Khadlaj_Perfumes-1966171.jpg?v=1722412601,1,ZAINAB 18 ML - Khadlaj Perfumes,false,"Rose, Musk, Sweet Fragrance | Premium Perfume Oil Online","Rose, musk, and sweet fragrance in premium perfume oil. Elegant, alcohol-free, and perfect for refined scent lovers.",,,,,,,,,,,,,"<div class=""pyramid-section_lists""><h6 style=""font-weight:600;"">Top Notes</h6>
<p>Bergamot, Gardenia, Almond</p>
</div>
<div class=""pyramid-section_lists""><h6 style=""font-weight:600;"">Middle Notes</h6>
<p>Coconut, Caramel</p>
</div>
<div class=""pyramid-section_lists""><h6 style=""font-weight:600;"">Base Notes</h6>
<p>Patchouli, Vanilla, Musk</p>
</div>",,,,,,,,,,,,,,,,,,,g,,,true,,,true,,,true,,,true,,,true,,,true,,,true,,,active
zainab-18-ml,,,,,,,,,,,,,,,,,,,,,,,,,,,,,,,https://cdn.shopify.com/s/files/1/0626/6119/8023/files/ZAINAB_18_ML_-_Khadlaj_Perfumes-1966174.jpg?v=1722412607,2,ZAINAB 18 ML - Khadlaj Perfumes,,,,,,,,,,,,,,,,,,,,,,,,,,,,,,,,,,,,,,,,,,,,,,,,,,,,,,,,,,,
hareem-al-sultan-gold-35ml,HAREEM AL SULTAN GOLD 35ML,"<p><span>Hareem Al Sultan Gold concentrated perfume oil is a luxurious fragrance that has gained popularity on social media platforms like TikTok. It is specially formulated to be non-alcoholic, ensuring it is safe for both skin and hair application. This perfume oil has become a best-seller due to its captivating scent.</span></p>
<p><span> The fragrance opens with a captivating combination of bergamot, jasmine, and peony, creating a floral and citrusy introduction to the scent. The middle notes feature the sweet and fruity blend of pineapple, plum, and peach, adding a delightful and refreshing twist. Finally, the base notes of musk, sandalwood, and patchouli provide a warm and sensual foundation, leaving a lasting and enchanting trail.</span></p>
<p><span> Hareem Al Sultan Gold concentrated perfume oil is designed to offer a long-lasting fragrance experience, thanks to its high concentration of oils. Its non-alcoholic formulation makes it suitable for individuals with sensitive skin or those who prefer non-alcoholic scents. Whether applied to the skin or hair, Hareem Al Sultan Gold will envelop you in its luxurious and mesmerizing aroma, leaving a captivating impression.</span></p>",khadlaj-perfumes,Health & Beauty > Personal Care > Cosmetics > Perfumes & Colognes,CPO,Deals,true,Size,35 ML,,,,,,,,'6291107970875,250.0,shopify,deny,manual,65.00,80.00,true,true,,,,,'6291107970875,https://cdn.shopify.com/s/files/1/0626/6119/8023/files/HAREEM_AL_SULTAN_GOLD_35ML_-_Khadlaj_Perfumes-1964749.jpg?v=1722409816,1,HAREEM AL SULTAN GOLD 35ML - Khadlaj Perfumes,false,"Oud, Amber, Musk Fragrance | Premium Perfume Oil Online","Hareem Al Sultan Gold 35ml perfume oil with warm oriental and woody notes. Pure, alcohol-free fragrance perfect for women’s luxury collection. Shop online.",,,,,,,,,,,,,"<div class=""pyramid-section_lists""><h6 style=""font-weight:600;"">Top Notes</h6>
<p> Bergamot, Jasmine, Peony </p>
</div>
<div class=""pyramid-section_lists""><h6 style=""font-weight:600;"">Middle Notes</h6>
<p> Pineapple, Plum, Peach</p>
</div>
<div class=""pyramid-section_lists""><h6 style=""font-weight:600;"">Base Notes</h6>
<p>Musk, Sandalwood, Patchouli</p>
</div>",,,,,,,,,,,,,oriental; sandalwood; fruity,,,,,,g,,,true,,,true,,,true,,,true,,,true,,,true,,,true,,,active
hareem-al-sultan-gold-35ml,,,,,,,,,,,,,,,,,,,,,,,,,,,,,,,https://cdn.shopify.com/s/files/1/0626/6119/8023/files/HAREEM_AL_SULTAN_GOLD_35ML_-_Khadlaj_Perfumes-1964752.jpg?v=1722409823,2,HAREEM AL SULTAN GOLD 35ML - Khadlaj Perfumes,,,,,,,,,,,,,,,,,,,,,,,,,,,,,,,,,,,,,,,,,,,,,,,,,,,,,,,,,,,
hareem-al-sultan-gold-35ml,,,,,,,,,,,,,,,,,,,,,,,,,,,,,,,https://cdn.shopify.com/s/files/1/0626/6119/8023/files/HAREEM_AL_SULTAN_GOLD_35ML_-_Khadlaj_Perfumes-1964755.jpg?v=1722409829,3,HAREEM AL SULTAN GOLD 35ML - Khadlaj Perfumes,,,,,,,,,,,,,,,,,,,,,,,,,,,,,,,,,,,,,,,,,,,,,,,,,,,,,,,,,,,
hareem-al-sultan-gold-35ml,,,,,,,,,,,,,,,,,,,,,,,,,,,,,,,https://cdn.shopify.com/s/files/1/0626/6119/8023/files/HAREEM_AL_SULTAN_GOLD_35ML_-_Khadlaj_Perfumes-1964760.jpg?v=1722409851,4,HAREEM AL SULTAN GOLD 35ML - Khadlaj Perfumes,,,,,,,,,,,,,,,,,,,,,,,,,,,,,,,,,,,,,,,,,,,,,,,,,,,,,,,,,,,
hareem-al-sultan-silver-35ml,HAREEM AL SULTAN SILVER 35ML,"<p><span>Hareem Al Sultan Silver concentrated perfume oil is a luxurious fragrance that provides a captivating and indulgent scent experience. It is specially formulated to be non-alcoholic, ensuring it is safe for both skin and hair application. </span></p>
<p><span>This exquisite perfume oil opens with a captivating combination of bergamot, rose, and white musk, creating a floral and musky introduction to the scent. The middle notes feature the aromatic blend of rosemary and ylang-ylang, adding a herbal and floral depth to the fragrance. Finally, the base notes of sandalwood, amber, and frankincense provide a warm and resinous foundation, leaving a lasting and enchanting trail.</span></p>
<p><span> Hareem Al Sultan Silver concentrated perfume oil is designed to offer a long-lasting fragrance experience, thanks to its high concentration of oils. Its non-alcoholic formulation makes it suitable for individuals with sensitive skin or those who prefer non-alcoholic scents. Whether applied to the skin or hair, Hareem Al Sultan Silver will envelop you in its luxurious and mesmerizing aroma, leaving a captivating impression of sophistication and allure.</span></p>",khadlaj-perfumes,Health & Beauty > Personal Care > Cosmetics > Perfumes & Colognes,CPO,Deals,true,Size,35 ML,,,,,,,,KM-013/2,250.0,shopify,continue,manual,65.00,80.00,true,true,,,,,'6297000645100,https://cdn.shopify.com/s/files/1/0626/6119/8023/files/HAREEM_AL_SULTAN_SILVER_35ML_-_Khadlaj_Perfumes-1964773.jpg?v=1722409856,1,HAREEM AL SULTAN SILVER 35ML - Khadlaj Perfumes,false,"Woody, Musk, Oriental Fragrance | Luxury Perfume Oil Collection",Hareem Al Sultan Silver 35ml perfume oil featuring a refined mix of musk and florals. Alcohol-free perfume oil designed for timeless elegance. Order online UAE.,,,,,,,,,,,,,"<div class=""pyramid-section_lists""><h6 style=""font-weight:600;"">Top Notes</h6>
<p>Bergamot, Rose, White musk</p>
</div>
<div class=""pyramid-section_lists""><h6 style=""font-weight:600;"">Middle Notes</h6>
<p>Rosemary, Ylang Ylang</p>
</div>
<div class=""pyramid-section_lists""><h6 style=""font-weight:600;"">Base Notes</h6>
<p>Sandalwood, Amber, Frankincese </p>
</div>",,,,,,,,,,,,,,,,,,,g,,,true,,,true,,,true,,,true,,,true,,,true,,,true,,,active
hareem-al-sultan-silver-35ml,,,,,,,,,,,,,,,,,,,,,,,,,,,,,,,https://cdn.shopify.com/s/files/1/0626/6119/8023/files/HAREEM_AL_SULTAN_SILVER_35ML_-_Khadlaj_Perfumes-1964778.jpg?v=1722409861,2,HAREEM AL SULTAN SILVER 35ML - Khadlaj Perfumes,,,,,,,,,,,,,,,,,,,,,,,,,,,,,,,,,,,,,,,,,,,,,,,,,,,,,,,,,,,
hareem-al-sultan-silver-35ml,,,,,,,,,,,,,,,,,,,,,,,,,,,,,,,https://cdn.shopify.com/s/files/1/0626/6119/8023/files/HAREEM_AL_SULTAN_SILVER_35ML_-_Khadlaj_Perfumes-1964781.jpg?v=1722409866,3,HAREEM AL SULTAN SILVER 35ML - Khadlaj Perfumes,,,,,,,,,,,,,,,,,,,,,,,,,,,,,,,,,,,,,,,,,,,,,,,,,,,,,,,,,,,
hareem-al-sultan-silver-35ml,,,,,,,,,,,,,,,,,,,,,,,,,,,,,,,https://cdn.shopify.com/s/files/1/0626/6119/8023/files/HAREEM_AL_SULTAN_SILVER_35ML_-_Khadlaj_Perfumes-1964784.jpg?v=1722409871,4,HAREEM AL SULTAN SILVER 35ML - Khadlaj Perfumes,,,,,,,,,,,,,,,,,,,,,,,,,,,,,,,,,,,,,,,,,,,,,,,,,,,,,,,,,,,
jameel-25-ml,JAMEEL 25ML,"<p><span>Jameel concentrated perfume oil is a luxurious fragrance that offers a captivating and indulgent scent experience. It is specially formulated to be non-alcoholic, ensuring it is safe for both skin and hair application.</span></p>
<p><span> This exquisite perfume oil opens with a delightful blend of bergamot, violet, peach, black currant, and strawberry, creating a fruity and floral introduction to the scent. The middle notes feature the warm and spicy combination of cinnamon, jasmine, carnation, geranium, and lily of the valley, adding depth and complexity to the fragrance. Finally, the base notes of cedarwood, sandalwood, and vanilla provide a woody and creamy foundation, leaving a lasting and enchanting trail.</span></p>
<p><span> Jameel concentrated perfume oil is designed to offer a long-lasting fragrance experience, thanks to its high concentration of oils. Its non-alcoholic formulation makes it suitable for individuals with sensitive skin or those who prefer non-alcoholic scents. Whether applied to the skin or hair, Jameel will envelop you in its luxurious and mesmerizing aroma, leaving a captivating impression of elegance and allure.</span></p>",khadlaj-perfumes,Health & Beauty > Personal Care > Cosmetics > Perfumes & Colognes,CPO,,true,Size,25 ML,,,,,,,,KM-033,200.0,shopify,deny,manual,50.00,,true,true,,,,,'6297000645612,https://cdn.shopify.com/s/files/1/0626/6119/8023/files/JAMEEL_25ML_-_Khadlaj_Perfumes-1964811.jpg?v=1722409911,1,JAMEEL 25ML - Khadlaj Perfumes,false,"Floral, Musk, Woody Fragrance | Premium Perfume Oil","Floral, musk, and woody fragrance in premium perfume oil. Elegant, long-lasting, and perfect for daily wear.",,,,,,,,,,,,,"<div class=""pyramid-section_lists""><h6 style=""font-weight:600;"">Top Notes</h6>
<p> Bergamot, Violet, Peach, Black currant, Strawberry,</p>
</div>
<div class=""pyramid-section_lists""><h6 style=""font-weight:600;"">Middle Notes</h6>
<p>Cinnamon, Jasmine, Carnation, Geranium, Lily of the valley</p>
</div>
<div class=""pyramid-section_lists""><h6 style=""font-weight:600;"">Base Notes</h6>
<p>Cedarwood, Sandalwood, Vanilla</p>
</div>",,,,,,,,,,,,,,,,,,,g,,,true,,,true,,,true,,,true,,,true,,,true,,,true,,,active
jameel-25-ml,,,,,,,,,,,,,,,,,,,,,,,,,,,,,,,https://cdn.shopify.com/s/files/1/0626/6119/8023/files/JAMEEL_25ML_-_Khadlaj_Perfumes-1964815.jpg?v=1722409916,2,JAMEEL 25ML - Khadlaj Perfumes,,,,,,,,,,,,,,,,,,,,,,,,,,,,,,,,,,,,,,,,,,,,,,,,,,,,,,,,,,,
al-riyan-17ml,AL RIYAN 17ML,"<p><span>Al Riyaan concentrated perfume oil is a luxurious fragrance that provides a captivating and indulgent scent experience. It is specially formulated to be non-alcoholic, ensuring it is safe for both skin and hair application.</span></p>
<p><span> This exquisite perfume oil opens with the enchanting combination of jasmine and iris, creating a floral and sensual introduction to the scent. The middle notes feature the luxurious blend of vanilla and saffron, adding warmth and richness to the fragrance. Finally, the base notes of cedarwood and musk provide a woody and musky foundation, leaving a lasting and enchanting trail. </span></p>
<p><span>Al Riyaan concentrated perfume oil is designed to offer a long-lasting fragrance experience, thanks to its high concentration of oils. Its non-alcoholic formulation makes it suitable for individuals with sensitive skin or those who prefer non-alcoholic scents. Whether applied to the skin or hair, Al Riyaan will envelop you in its luxurious and mesmerizing aroma, leaving a captivating impression of elegance and allure.</span></p>",khadlaj-perfumes,Health & Beauty > Personal Care > Cosmetics > Perfumes & Colognes,CPO,,true,Size,17 ML,,,,,,,,KM-001,200.0,shopify,deny,manual,50.00,,true,true,,,,,'6297000645049,https://cdn.shopify.com/s/files/1/0626/6119/8023/files/AL_RIYAN_17ML_-_Khadlaj_Perfumes-1963926.jpg?v=1722408588,1,AL RIYAN 17ML - Khadlaj Perfumes,false,"Oud, Amber, Musk Fragrance | Luxury Perfume Oil Online","Oud, amber, and musk blend in a premium perfume oil for a rich and long-lasting fragrance experience. Perfect for elegance.",,,,,,,,,,,,,"<div class=""pyramid-section_lists""><h6 style=""font-weight:600;"">Top Notes</h6>
<p>Jasmine, Iris</p>
</div>
<div class=""pyramid-section_lists""><h6 style=""font-weight:600;"">Middle Notes</h6>
<p>Vanilla, Saffron</p>
</div>
<div class=""pyramid-section_lists""><h6 style=""font-weight:600;"">Base Notes</h6>
<p>Cedarwood, Musk</p>
</div>",,,,,,,,,,,,,,,,,,,g,,,true,,,true,,,true,,,true,,,true,,,true,,,true,,,active
al-riyan-17ml,,,,,,,,,,,,,,,,,,,,,,,,,,,,,,,https://cdn.shopify.com/s/files/1/0626/6119/8023/files/AL_RIYAN_17ML_-_Khadlaj_Perfumes-1963930.jpg?v=1722408593,2,AL RIYAN 17ML - Khadlaj Perfumes,,,,,,,,,,,,,,,,,,,,,,,,,,,,,,,,,,,,,,,,,,,,,,,,,,,,,,,,,,,
al-fursan-18ml,AL FURSAN 18ML,"<p><span>Al Fursan concentrated perfume oil is a luxurious fragrance that offers a captivating and indulgent scent experience. It is specially formulated to be non-alcoholic, ensuring it is safe for both skin and hair application.</span></p>
<p><span> This exquisite perfume oil opens with the delightful combination of strawberry and jasmine, creating a fresh and fruity introduction to the scent. The middle notes feature the intriguing blend of anise, neroli, and rose, adding depth and complexity to the fragrance. Finally, the base notes of sandalwood, vanilla, and ylang-ylang provide a warm and sensual foundation, leaving a lasting and enchanting trail.</span></p>
<p><span> Al Fursan concentrated perfume oil is designed to offer a long-lasting fragrance experience, thanks to its high concentration of oils. Its non-alcoholic formulation makes it suitable for individuals with sensitive skin or those who prefer non-alcoholic scents. Whether applied to the skin or hair, Al Fursan will envelop you in its luxurious and mesmerizing aroma, leaving a captivating impression of sophistication and allure.</span></p>",khadlaj-perfumes,Health & Beauty > Personal Care > Cosmetics > Perfumes & Colognes,CPO,,true,Size,18 ML,,,,,,,,KM-036,300.0,shopify,deny,manual,50.00,,true,true,,,,,'6297000742366,https://cdn.shopify.com/s/files/1/0626/6119/8023/files/AL_FURSAN_18ML_-_Khadlaj_Perfumes-1963918.jpg?v=1722408579,1,AL FURSAN 18ML - Khadlaj Perfumes,false,"Oud, Woody Fragrance | Luxury Non-Alcoholic Perfume Oil","Oud and woody fragrance blended in luxury non-alcoholic perfume oil. Elegant, long-lasting scent for everyday wear.",,,,,,,,,,,,,"<div class=""pyramid-section_lists""><h6 style=""font-weight:600;"">Top Notes</h6>
<p>Strawberry, Jasmine</p>
</div>
<div class=""pyramid-section_lists""><h6 style=""font-weight:600;"">Middle Notes</h6>
<p>Anise, Neroli, Rose</p>
</div>
<div class=""pyramid-section_lists""><h6 style=""font-weight:600;"">Base Notes</h6>
<p>Sandalwood, Vanilla, Ylang-ylang</p>
</div>",,,,,,,,,,,,,,,,,,,g,,,true,,,true,,,true,,,true,,,true,,,true,,,true,,,active
al-fursan-18ml,,,,,,,,,,,,,,,,,,,,,,,,,,,,,,,https://cdn.shopify.com/s/files/1/0626/6119/8023/files/AL_FURSAN_18ML_-_Khadlaj_Perfumes-1963922.jpg?v=1722408584,2,AL FURSAN 18ML - Khadlaj Perfumes,,,,,,,,,,,,,,,,,,,,,,,,,,,,,,,,,,,,,,,,,,,,,,,,,,,,,,,,,,,
alf-wardaat-25ml,ALF WARDAAT 30ML,"<p><span>Alf Wardaat concentrated perfume oil is a luxurious fragrance that provides a captivating and indulgent scent experience. It is specially formulated to be non-alcoholic, ensuring it is safe for both skin and hair application.</span></p>
<p><span> This exquisite perfume oil opens with the refreshing combination of bergamot and rose, creating a bright and floral introduction to the scent. The middle notes feature the intriguing blend of nutmeg, orris, and jasmine, adding depth and complexity to the fragrance. Finally, the base notes of sandalwood, vetiver, and leather provide a warm and sensual foundation, leaving a lasting and enchanting trail.</span></p>
<p><span> Alf Wardaat concentrated perfume oil is designed to offer a long-lasting fragrance experience, thanks to its high concentration of oils. Its non-alcoholic formulation makes it suitable for individuals with sensitive skin or those who prefer non-alcoholic scents. Whether applied to the skin or hair, Alf Wardaat will envelop you in its luxurious and mesmerizing aroma, leaving a captivating impression of sophistication and allure.</span></p>",Khadlaj-perfumes,Health & Beauty > Personal Care > Cosmetics > Perfumes & Colognes,CPO,,true,Size,30 ML,,,,,,,,KM-032,250.0,shopify,deny,manual,50.00,,true,true,,,,,'6297000645599,https://cdn.shopify.com/s/files/1/0626/6119/8023/files/ALF_WARDAAT_30ML_-_Khadlaj_Perfumes-1963933.jpg?v=1722408598,1,ALF WARDAAT 30ML - Khadlaj Perfumes,false,"Rose, Musk, Floral Fragrance | Premium Perfume Oil Online","Rose, musk, and floral fragrance in a concentrated perfume oil. Alcohol-free luxury scent for a refined experience.",,,,,,,,,,,,,"<div class=""pyramid-section_lists""><h6 style=""font-weight:600;"">Top Notes</h6>
<p>Bergamot, Rose</p>
</div>
<div class=""pyramid-section_lists""><h6 style=""font-weight:600;"">Middle Notes</h6>
<p>Nutmeg, Orris, Jasmine</p>
</div>
<div class=""pyramid-section_lists""><h6 style=""font-weight:600;"">Base Notes</h6>
<p>Sandalwood, Vetiver, Leather</p>
</div>",,,,,,,,,,,,,,,,,,,g,,,true,,,true,,,true,,,true,,,true,,,true,,,true,,,active
alf-wardaat-25ml,,,,,,,,,,,,,,,,,,,,,,,,,,,,,,,https://cdn.shopify.com/s/files/1/0626/6119/8023/files/ALF_WARDAAT_30ML_-_Khadlaj_Perfumes-1963937.jpg?v=1722408602,2,ALF WARDAAT 30ML - Khadlaj Perfumes,,,,,,,,,,,,,,,,,,,,,,,,,,,,,,,,,,,,,,,,,,,,,,,,,,,,,,,,,,,
roohi-wa-roohak-gold-20-ml,ROOHI WA ROOHAK GOLD 20 ML,"<p><span>Roohi wa Roohak Gold concentrated perfume oil is a luxurious fragrance that offers a captivating and indulgent scent experience. It is specially formulated to be non-alcoholic, ensuring it is safe for both skin and hair application.</span></p>
<p><span> This exquisite perfume oil opens with the refreshing combination of bergamot and grapefruit, creating a bright and invigorating introduction to the scent. The middle notes feature the delightful blend of peach and musk, adding a touch of sweetness and sensuality to the fragrance. Finally, the base notes of amber and vanilla provide a warm and comforting foundation, leaving a lasting and enchanting trail. </span></p>
<p><span>Roohi wa Roohak Gold concentrated perfume oil is designed to offer a long-lasting fragrance experience, thanks to its high concentration of oils. Its non-alcoholic formulation makes it suitable for individuals with sensitive skin or those who prefer non-alcoholic scents. Whether applied to the skin or hair, Roohi wa Roohak Gold will envelop you in its luxurious and mesmerizing aroma, leaving a captivating impression of opulence and allure.</span></p>",khadlaj-perfumes,Health & Beauty > Personal Care > Cosmetics > Perfumes & Colognes,CPO,,true,Size,20 ML,,,,,,,,KM-044/1,250.0,shopify,deny,manual,50.00,,true,true,,,,,'6291107970226,https://cdn.shopify.com/s/files/1/0626/6119/8023/files/ROOHI_WA_ROOHAK_GOLD_20_ML_-_Khadlaj_Perfumes-1965877.jpg?v=1722412009,1,ROOHI WA ROOHAK GOLD 20 ML - Khadlaj Perfumes,false,"Oud, Amber, Musk Fragrance | Luxury Perfume Oil Online","A luxurious blend of oud, amber, and musk fragrance in a concentrated perfume oil. Perfect for a lasting, premium scent.",,,,,,,,,,,,,"<div class=""pyramid-section_lists""><h6 style=""font-weight:600;"">Top Notes</h6>
<p>Bergamot, Grapefruit</p>
</div>
<div class=""pyramid-section_lists""><h6 style=""font-weight:600;"">Middle Notes</h6>
<p> Peach, Musk</p>
</div>
<div class=""pyramid-section_lists""><h6 style=""font-weight:600;"">Base Notes</h6>
<p>Amber, Vanilla</p>
</div>",,,,,,,,,,,,,,,,,,,g,,,true,,,true,,,true,,,true,,,true,,,true,,,true,,,active
roohi-wa-roohak-gold-20-ml,,,,,,,,,,,,,,,,,,,,,,,,,,,,,,,https://cdn.shopify.com/s/files/1/0626/6119/8023/files/ROOHI_WA_ROOHAK_GOLD_20_ML_-_Khadlaj_Perfumes-1965880.jpg?v=1722412014,2,ROOHI WA ROOHAK GOLD 20 ML - Khadlaj Perfumes,,,,,,,,,,,,,,,,,,,,,,,,,,,,,,,,,,,,,,,,,,,,,,,,,,,,,,,,,,,
roohi-wa-roohak-silver-20-ml,ROOHI WA ROOHAK SILVER 20 ML,"<p><span>Roohi Wa Roohak Silver concentrated perfume oil is a luxurious fragrance that provides a captivating and indulgent scent experience. It is specially formulated to be non-alcoholic, ensuring it is safe for both skin and hair application.</span></p>
<p><span> This exquisite perfume oil opens with the delicate combination of lily and bergamot, creating a fresh and floral introduction to the scent. The middle notes feature the enticing blend of orange blossom and davana, adding a touch of sweetness and exoticism to the fragrance. Finally, the base notes of sandalwood and pine provide a warm and comforting foundation, adding depth and complexity to the aroma.</span></p>
<p><span> Roohi Wa Roohak concentrated perfume oil is designed to offer a long-lasting fragrance experience, thanks to its high concentration of oils. Its non-alcoholic formulation makes it suitable for individuals with sensitive skin or those who prefer non-alcoholic scents. Whether applied to the skin or hair, Roohi Wa Roohak will envelop you in its luxurious and mesmerizing aroma, leaving a captivating and enchanting impression.</span></p>",khadlaj-perfumes,Health & Beauty > Personal Care > Cosmetics > Perfumes & Colognes,CPO,,true,Size,20 ML,,,,,,,,KM-044/2,250.0,shopify,deny,manual,50.00,,true,true,,,,,'6291107970226,https://cdn.shopify.com/s/files/1/0626/6119/8023/files/ROOHI_WA_ROOHAK_SILVER_20_ML_-_Khadlaj_Perfumes-1965884.jpg?v=1722412020,1,ROOHI WA ROOHAK SILVER 20 ML - Khadlaj Perfumes,false,"Floral, Musk Fragrance | Premium Perfume Oil Dubai","Premium floral and musk perfume oil with a smooth finish. Elegant, alcohol-free, and ideal for everyday fragrance lovers.",,,,,,,,,,,,,"<div class=""pyramid-section_lists""><h6 style=""font-weight:600;"">Top Notes</h6>
<p>Lily, Bergamot</p>
</div>
<div class=""pyramid-section_lists""><h6 style=""font-weight:600;"">Middle Notes</h6>
<p>Orange Blossom, Davana</p>
</div>
<div class=""pyramid-section_lists""><h6 style=""font-weight:600;"">Base Notes</h6>
<p>sandalwood, pine</p>
</div>",,,,,,,,,,,,,,,,,,,g,,,true,,,true,,,true,,,true,,,true,,,true,,,true,,,active
roohi-wa-roohak-silver-20-ml,,,,,,,,,,,,,,,,,,,,,,,,,,,,,,,https://cdn.shopify.com/s/files/1/0626/6119/8023/files/ROOHI_WA_ROOHAK_SILVER_20_ML_-_Khadlaj_Perfumes-1965887.jpg?v=1722412025,2,ROOHI WA ROOHAK SILVER 20 ML - Khadlaj Perfumes,,,,,,,,,,,,,,,,,,,,,,,,,,,,,,,,,,,,,,,,,,,,,,,,,,,,,,,,,,,
aaliya-27ml,AALIYA 27ML,"<p><span data-mce-fragment=""1"">Aaliya concentrated perfume oil is a luxurious fragrance that offers a captivating and indulgent scent experience. It is specially formulated to be non-alcoholic, ensuring it is safe for both skin and hair application.</span></p>
<p><span data-mce-fragment=""1""> This exquisite perfume oil opens with a refreshing combination of bergamot and peony, creating a bright and floral introduction to the scent. The middle notes feature the elegant blend of rose, musk, and cashmere, adding depth, sensuality, and a touch of luxury to the fragrance. Finally, the base notes of wood, vanilla, cedarwood, and amber create a warm and comforting foundation, leaving a lasting and enchanting trail.</span></p>
<p><span data-mce-fragment=""1""> Aaliya concentrated perfume oil is designed to offer a long-lasting fragrance experience, thanks to its high concentration of oils. Its non-alcoholic formulation makes it suitable for individuals with sensitive skin or those who prefer non-alcoholic scents. Whether applied to the skin or hair, Aaliya will envelop you in its luxurious and mesmerizing aroma, leaving a captivating impression.</span></p>",khadlaj-perfumes,Uncategorized,CPO,,true,Size,27 ML,,,,,,,,KM-79,250.0,shopify,deny,manual,50.00,,true,true,,,,,'6291107972336,https://cdn.shopify.com/s/files/1/0626/6119/8023/files/AALIYA_27ML_-_Khadlaj_Perfumes-1963911.jpg?v=1722408569,1,AALIYA 27ML - Khadlaj Perfumes,false,"Floral, Musk, Sweet Fragrance | Premium Perfume Oil","Floral, musk, and sweet fragrance in a premium perfume oil. Long-lasting and crafted for elegance. Shop online luxury scents.",,,,,,,,,,,,,"<div class=""pyramid-section_lists""><h6 style=""font-weight:600;"">Top Notes</h6>
<p>Bergamot, Peony </p>
</div>
<div class=""pyramid-section_lists""><h6 style=""font-weight:600;"">Middle Notes</h6>
<p>Rose, Musk, Cashmere</p>
</div>
<div class=""pyramid-section_lists""><h6 style=""font-weight:600;"">Base Notes</h6>
<p>Wood, Vanilla, Cedarwood, Amber</p>
</div>",,,,,,,,,,,,,,,,,,,g,,,true,,,true,,,true,,,true,,,true,,,true,,,true,,,active
aaliya-27ml,,,,,,,,,,,,,,,,,,,,,,,,,,,,,,,https://cdn.shopify.com/s/files/1/0626/6119/8023/files/AALIYA_27ML_-_Khadlaj_Perfumes-1963915.jpg?v=1722408574,2,AALIYA 27ML - Khadlaj Perfumes,,,,,,,,,,,,,,,,,,,,,,,,,,,,,,,,,,,,,,,,,,,,,,,,,,,,,,,,,,,
raniya-18ml,RANIYA 18ML,"<p><span>Raniya concentrated perfume oil is a luxurious fragrance that provides a captivating scent experience. It is specially formulated to be non-alcoholic, ensuring it is safe for both skin and hair application.</span></p>
<p><span> This exquisite perfume oil opens with a refreshing combination of bergamot and white musk, creating a bright and invigorating introduction to the scent. The middle notes feature the delightful blend of apricot and violet, adding a touch of sweetness and floral elegance to the fragrance. Finally, the base notes of tuberose and amber create a warm and sensual foundation, leaving a lasting and enchanting trail.</span></p>
<p><span> Raniya concentrated perfume oil is designed to offer a long-lasting fragrance experience with its high concentration of oils. Its non-alcoholic formulation makes it suitable for individuals with sensitive skin or those who prefer non-alcoholic scents. Whether applied to the skin or hair, Raniya will envelop you in its luxurious and mesmerizing aroma, leaving a captivating impression.</span></p>",khadlaj-perfumes,Health & Beauty > Personal Care > Cosmetics > Perfumes & Colognes,CPO,,true,Size,18 ML,,,,,,,,KM-035,250.0,shopify,deny,manual,50.00,,true,true,,,,,'6297000742311,https://cdn.shopify.com/s/files/1/0626/6119/8023/files/RANIYA_18ML_-_Khadlaj_Perfumes-1965818.jpg?v=1722411883,1,RANIYA 18ML - Khadlaj Perfumes,false,,,,,,,,,,,,,,,"<div class=""pyramid-section_lists""><h6 style=""font-weight:600;"">Top Notes</h6>
<p>Bergamot, White Musk</p>
</div>
<div class=""pyramid-section_lists""><h6 style=""font-weight:600;"">Middle Notes</h6>
<p>Apricot, violet</p>
</div>
<div class=""pyramid-section_lists""><h6 style=""font-weight:600;"">Base Notes</h6>
<p>Tuberose, Amber</p>
</div>",,,,,,,,,,,,,,,,,,,g,,,true,,,true,,,true,,,true,,,true,,,true,,,true,,,active
raniya-18ml,,,,,,,,,,,,,,,,,,,,,,,,,,,,,,,https://cdn.shopify.com/s/files/1/0626/6119/8023/files/RANIYA_18ML_-_Khadlaj_Perfumes-1965822.jpg?v=1722411890,2,RANIYA 18ML - Khadlaj Perfumes,,,,,,,,,,,,,,,,,,,,,,,,,,,,,,,,,,,,,,,,,,,,,,,,,,,,,,,,,,,
ghazlaan-20ml,GHAZLAAN 20ML,"<p><span>Ghazlaan concentrated perfume oil is a luxurious fragrance that provides a captivating scent experience. It is specially formulated to be non-alcoholic, making it safe for both skin and hair application. </span></p>
<p><span>This exquisite perfume oil opens with an intriguing blend of bergamot, apple, litchi, and rose, creating a fresh and fruity introduction to the scent. The middle notes feature the captivating combination of musk, patchouli, and leather, adding depth and sensuality to the fragrance. Finally, the base notes of labdanum, musk, and amber create a warm and inviting foundation, leaving a lasting and enchanting trail.</span></p>
<p><span> Ghazlaan concentrated perfume oil is designed to offer a long-lasting fragrance experience, thanks to its high concentration of oils. Its non-alcoholic formulation ensures it is suitable for individuals with sensitive skin or those who prefer non-alcoholic scents. Whether applied to the skin or hair, Ghazlaan will envelop you in its luxurious and mesmerizing aroma, leaving a captivating impression.</span></p>",khadlaj-perfumes,Uncategorized,CPO,,true,Size,20 ML,,,,,,,,KM-76,250.0,shopify,deny,manual,50.00,,true,true,,,,,'6291107971827,https://cdn.shopify.com/s/files/1/0626/6119/8023/files/GHAZLAAN_20ML_-_Khadlaj_Perfumes-1964689.jpg?v=1722409724,1,GHAZLAAN 20ML - Khadlaj Perfumes,false,"Amber, Musk, Floral Fragrance | Premium Perfume Oil","Amber, musk, and floral notes blended in a luxury perfume oil. Elegant and long-lasting for a refined fragrance experience.",,,,,,,,,,,,,"<div class=""pyramid-section_lists""><h6 style=""font-weight:600;"">Top Notes</h6>
<p>Bergamot Apple, Litchi, Rose</p>
</div>
<div class=""pyramid-section_lists""><h6 style=""font-weight:600;"">Middle Notes</h6>
<p>Musk, Patchouli Leather</p>
</div>
<div class=""pyramid-section_lists""><h6 style=""font-weight:600;"">Base Notes</h6>
<p>Labdanum,Musk, Amber</p>
</div>",,,,,,,,,,,,,,,,,,,g,,,true,,,true,,,true,,,true,,,true,,,true,,,true,,,active
ghazlaan-20ml,,,,,,,,,,,,,,,,,,,,,,,,,,,,,,,https://cdn.shopify.com/s/files/1/0626/6119/8023/files/GHAZLAAN_20ML_-_Khadlaj_Perfumes-1964692.jpg?v=1722409728,2,GHAZLAAN 20ML - Khadlaj Perfumes,,,,,,,,,,,,,,,,,,,,,,,,,,,,,,,,,,,,,,,,,,,,,,,,,,,,,,,,,,,
azaari-17ml,AZAARI 17ML,"<p><span data-mce-fragment=""1"">Azaari concentrated perfume oil is a luxurious fragrance that offers a captivating scent experience. It is specially crafted to be non-alcoholic, ensuring it is safe for both skin and hair application.</span></p>
<p><span data-mce-fragment=""1""> This exquisite perfume oil opens with invigorating top notes of bergamot and iris, creating a fresh and uplifting introduction to the scent. The middle notes of musk and geranium add depth and sensuality, contributing to an alluring and enticing aura. Finally, the base notes of cedarwood and tonka beans provide a warm and comforting foundation, leaving a lasting and captivating trail.</span></p>
<p><span data-mce-fragment=""1""> Azaari concentrated perfume oil is designed to offer a long-lasting fragrance experience, thanks to its high concentration of oils. Its non-alcoholic formulation makes it suitable for individuals with sensitive skin or those who prefer non-alcoholic scents. Whether applied to the skin or hair, Azaari will envelop you in its luxurious and enchanting aroma, leaving a mesmerizing impression.</span></p>",khadlaj-perfumes,Health & Beauty > Personal Care > Cosmetics > Perfumes & Colognes,CPO,,true,Size,17 ML,,,,,,,,KM-003,250.0,shopify,deny,manual,50.00,,true,true,,,,,'6297000645063,https://cdn.shopify.com/s/files/1/0626/6119/8023/files/AZAARI_17ML_-_Khadlaj_Perfumes-1963961.jpg?v=1722408638,1,AZAARI 17ML - Khadlaj Perfumes,false,,,,,,,,,,,,,,,"<div class=""pyramid-section_lists""><h6 style=""font-weight:600;"">Top Notes</h6>
<p>Bergamot, Iris</p>
</div>
<div class=""pyramid-section_lists""><h6 style=""font-weight:600;"">Middle Notes</h6>
<p>Musk, Geranium</p>
</div>
<div class=""pyramid-section_lists""><h6 style=""font-weight:600;"">Base Notes</h6>
<p>Cedar wood, Tonka beans</p>
</div>",,,,,,,,,,,,,,,,,,,g,,,true,,,true,,,true,,,true,,,true,,,true,,,true,,,active
azaari-17ml,,,,,,,,,,,,,,,,,,,,,,,,,,,,,,,https://cdn.shopify.com/s/files/1/0626/6119/8023/files/AZAARI_17ML_-_Khadlaj_Perfumes-1963965.jpg?v=1722408643,2,AZAARI 17ML - Khadlaj Perfumes,,,,,,,,,,,,,,,,,,,,,,,,,,,,,,,,,,,,,,,,,,,,,,,,,,,,,,,,,,,
anab-15ml,ANAB 18ML,"<p><span>Anab concentrated perfume oil is a luxurious fragrance that is safe for both skin and hair application. It is specially formulated to be non-alcoholic, ensuring a gentle and non-irritating experience. </span></p>
<p><span>This exquisite perfume oil opens with the delightful combination of anise and coriander, providing a unique and intriguing top note. The middle notes feature the enticing blend of black currant and pineapple, adding a fruity and vibrant touch to the fragrance. Finally, the base notes of amber and musk create a warm and sensuous foundation, enveloping you in a luxurious and lingering aroma.</span></p>
<p><span> Anab concentrated perfume oil is crafted to be long-lasting, allowing you to enjoy its captivating scent throughout the day. Its non-alcoholic formula makes it suitable for individuals with sensitive skin or those who prefer non-alcoholic fragrances. Whether applied to the skin or hair, Anab will enhance your personal aura with its luxurious and enchanting aroma.</span></p>",Khadlaj-perfumes,Health & Beauty > Personal Care > Cosmetics > Perfumes & Colognes,CPO,,true,Size,18 ML,,,,,,,,KM 23/1,250.0,shopify,deny,manual,50.00,,true,true,,,,,'6291107970983,https://cdn.shopify.com/s/files/1/0626/6119/8023/files/ANAB_18ML_-_Khadlaj_Perfumes-1963948.jpg?v=1722408617,1,ANAB 18ML - Khadlaj Perfumes,false,,,,,,,,,,,,,,,"<div class=""pyramid-section_lists""><h6 style=""font-weight:600;"">Top Notes</h6>
<p> Anise, Coriander.</p>
</div>
<div class=""pyramid-section_lists""><h6 style=""font-weight:600;"">Middle Notes</h6>
<p>Black current, Pineapple</p>
</div>
<div class=""pyramid-section_lists""><h6 style=""font-weight:600;"">Base Notes</h6>
<p>Amber, Musk</p>
</div>",,,,,,,,,,,,,,,,,,,g,,,true,,,true,,,true,,,true,,,true,,,true,,,true,,,active
anab-15ml,,,,,,,,,,,,,,,,,,,,,,,,,,,,,,,https://cdn.shopify.com/s/files/1/0626/6119/8023/files/ANAB_18ML_-_Khadlaj_Perfumes-1963951.jpg?v=1722408623,2,ANAB 18ML - Khadlaj Perfumes,,,,,,,,,,,,,,,,,,,,,,,,,,,,,,,,,,,,,,,,,,,,,,,,,,,,,,,,,,,
fatima-15ml,FATIMA 15ML,"<p><span>Fatima concentrated perfume oil is a luxurious fragrance designed to provide a captivating scent experience. It is specially formulated to be non-alcoholic, making it safe for application on both the skin and hair. </span></p>
<p><span>This exquisite perfume oil opens with invigorating top notes of bergamot and gardenia, creating a fresh and floral introduction to the scent. The middle notes of musk and amber add depth and sensuality, lending an alluring and warm quality to the fragrance. Finally, the base notes of vanilla and ylang-ylang contribute a sweet and creamy foundation, leaving a lasting and enchanting trail. </span></p>
<p><span>Fatima concentrated perfume oil is crafted to offer a long-lasting fragrance experience with a high concentration of oils. Its non-alcoholic formulation ensures it is suitable for those with sensitive skin or those who prefer non-alcoholic scents. Whether applied to the skin or hair, Fatima will envelop you in its captivating aroma, leaving a mesmerizing impression.</span></p>",Khadlaj-perfumes,Health & Beauty > Personal Care > Cosmetics > Perfumes & Colognes,CPO,,true,Size,15 ML,,,,,,,,KM 55,250.0,shopify,deny,manual,50.00,,true,true,,,,,'6291107970585,https://cdn.shopify.com/s/files/1/0626/6119/8023/files/FATIMA_15ML_-_Khadlaj_Perfumes-1964446.jpg?v=1722409371,1,FATIMA 15ML - Khadlaj Perfumes,false,"Floral, Musk, Woody Fragrance | Luxury Perfume Oil","Floral, musk, and woody fragrance in premium perfume oil. Long-lasting, alcohol-free luxury scent for everyday wear.",,,,,,,,,,,,,"<div class=""pyramid-section_lists""><h6 style=""font-weight:600;"">Top Notes</h6>
<p>Rose, Geranium</p>
</div>
<div class=""pyramid-section_lists""><h6 style=""font-weight:600;"">Middle Notes</h6>
<p>Magnolia, Musk</p>
</div>
<div class=""pyramid-section_lists""><h6 style=""font-weight:600;"">Base Notes</h6>
<p>Amber, Cedarwood</p>
</div>",,,,,,,,,,,,,,,,,,,g,,,true,,,true,,,true,,,true,,,true,,,true,,,true,,,active
fatima-15ml,,,,,,,,,,,,,,,,,,,,,,,,,,,,,,,https://cdn.shopify.com/s/files/1/0626/6119/8023/files/FATIMA_15ML_-_Khadlaj_Perfumes-1964450.jpg?v=1722409375,2,FATIMA 15ML - Khadlaj Perfumes,,,,,,,,,,,,,,,,,,,,,,,,,,,,,,,,,,,,,,,,,,,,,,,,,,,,,,,,,,,
astoora-15ml,ASTOORA 18ML,"<p><span>Astoora concentrated perfume oil is a luxurious fragrance that offers a captivating scent experience. It is specifically formulated to be non-alcoholic, ensuring it is safe for both skin and hair application. </span></p>
<p><span>This exquisite perfume oil opens with refreshing top notes of bergamot and gardenia, creating a bright and floral introduction to the scent. The middle notes of musk and amber add depth and sensuality, evoking a warm and enticing aura. Finally, the base notes of vanilla and ylang-ylang provide a creamy and aromatic foundation, leaving a lasting and enchanting trail. </span></p>
<p><span>Astoora concentrated perfume oil is designed to be applied sparingly, as its high concentration ensures a long-lasting fragrance experience. Its non-alcoholic formula makes it suitable for those with sensitive skin or those who prefer non-alcoholic scents. Indulge in the allure of Astoora, as it leaves a captivating and aromatic impression wherever you go.</span></p>",Khadlaj-perfumes,Health & Beauty > Personal Care > Cosmetics > Perfumes & Colognes,CPO,,true,Size,18 ML,,,,,,,,KM-23/4,250.0,shopify,deny,manual,50.00,,true,true,,,,,'6291107971315,https://cdn.shopify.com/s/files/1/0626/6119/8023/files/ASTOORA_18ML_-_Khadlaj_Perfumes-1963955.jpg?v=1722408627,1,ASTOORA 18ML - Khadlaj Perfumes,false,,,,,,,,,,,,,,,"<div class=""pyramid-section_lists""><h6 style=""font-weight:600;"">Top Notes</h6>
<p>Bergamot, Gardenia</p>
</div>
<div class=""pyramid-section_lists""><h6 style=""font-weight:600;"">Middle Notes</h6>
<p> Musk, Amber </p>
</div>
<div class=""pyramid-section_lists""><h6 style=""font-weight:600;"">Base Notes</h6>
<p>Vanilla, Ylang-ylang</p>
</div>",,,,,,,,,,,,,,,,,,,g,,,true,,,true,,,true,,,true,,,true,,,true,,,true,,,active
astoora-15ml,,,,,,,,,,,,,,,,,,,,,,,,,,,,,,,https://cdn.shopify.com/s/files/1/0626/6119/8023/files/ASTOORA_18ML_-_Khadlaj_Perfumes-1963959.jpg?v=1722408632,2,ASTOORA 18ML - Khadlaj Perfumes,,,,,,,,,,,,,,,,,,,,,,,,,,,,,,,,,,,,,,,,,,,,,,,,,,,,,,,,,,,
ibhaar-18ml,IBHAAR 18ML,"<span data-mce-fragment=""1"">Ibhaar is a concentrated perfume oil designed to provide a luxurious fragrance experience. It opens with invigorating top notes of bergamot and mint, creating a fresh and uplifting aura. The middle notes of musk and basil add a touch of sensuality and sophistication to the composition. Finally, the base notes of tonka bean and musk create a warm and comforting foundation, leaving a lasting and alluring trail. This perfume oil is specifically formulated to be safe for both skin and hair, allowing you to enjoy its captivating scent in various ways. It is non-alcoholic, making it suitable for those with sensitivity to alcohol-based perfumes. Ibhaar offers a concentrated and long-lasting fragrance that can be applied sparingly for a lingering aromatic experience.</span>",Khadlaj-perfumes,Uncategorized,CPO,,true,Size,18 ML,,,,,,,,KM-041,250.0,shopify,deny,manual,50.00,,true,true,,,,,'6297000742342,https://cdn.shopify.com/s/files/1/0626/6119/8023/files/IBHAAR_18ML_-_Khadlaj_Perfumes-1964788.jpg?v=1722409876,1,IBHAAR 18ML - Khadlaj Perfumes,false,"Oud, Amber, Floral Fragrance | Luxury Perfume Oil Online","Oud, amber, and floral fragrance in premium perfume oil. Luxury, alcohol-free scent for lasting elegance.",,,,,,,,,,,,,"<div class=""pyramid-section_lists""><h6 style=""font-weight:600;"">Top Notes</h6>
<p>Gardenia, Rose</p>
</div>
<div class=""pyramid-section_lists""><h6 style=""font-weight:600;"">Middle Notes</h6>
<p>Caramel , Black current</p>
</div>
<div class=""pyramid-section_lists""><h6 style=""font-weight:600;"">Base Notes</h6>
<p>Amber, Cedarwood</p>
</div>",,,,,,,,,,,,,,,,,,,g,,,true,,,true,,,true,,,true,,,true,,,true,,,true,,,active
ibhaar-18ml,,,,,,,,,,,,,,,,,,,,,,,,,,,,,,,https://cdn.shopify.com/s/files/1/0626/6119/8023/files/IBHAAR_18ML_-_Khadlaj_Perfumes-1964791.jpg?v=1722409881,2,IBHAAR 18ML - Khadlaj Perfumes,,,,,,,,,,,,,,,,,,,,,,,,,,,,,,,,,,,,,,,,,,,,,,,,,,,,,,,,,,,
mibraak-18ml,MIBRAAK 18ML,"<span>Let the captivating top notes of Bergamot and Mint awaken your curiosity, while the mesmerizing middle notes of Musk and Basil evoke a sense of intrigue. Finally, surrender to the enticing base notes of Tonka bean and Musk, as they envelop you in a warm and sensual embrace. With each breath, this fragrance unveils a world of enchantment and allure, leaving an indelible mark on your journey of exploration. This fragrance, with its blend of exotic fruits and oriental allure, is a sensory journey that tantalizes your senses and invites you to explore the unknown.</span>",Khadlaj-perfumes,Health & Beauty > Personal Care > Cosmetics > Perfumes & Colognes,CPO,,true,Size,18 ML,,,,,,,,KM-040,250.0,shopify,deny,manual,50.00,,true,true,,,,,'6297000742359,https://cdn.shopify.com/s/files/1/0626/6119/8023/files/MIBRAAK_18ML_-_Khadlaj_Perfumes-1965427.jpg?v=1722411138,1,MIBRAAK 18ML - Khadlaj Perfumes,false,"Oud, Musk, Amber Fragrance | Luxury Perfume Oil Online","Oud, musk, and amber fragrance in a luxury perfume oil. Alcohol-free and crafted for elegance and sophistication.",,,,,,,,,,,,,"<div class=""pyramid-section_lists""><h6 style=""font-weight:600;"">Top Notes</h6>
<p>Bergamot, Mint</p>
</div>
<div class=""pyramid-section_lists""><h6 style=""font-weight:600;"">Middle Notes</h6>
<p>Musk, Basil</p>
</div>
<div class=""pyramid-section_lists""><h6 style=""font-weight:600;"">Base Notes</h6>
<p>Tonka bean, Musk</p>
</div>",,,,,,,,,,,,,,,,,,,g,,,true,,,true,,,true,,,true,,,true,,,true,,,true,,,active
mibraak-18ml,,,,,,,,,,,,,,,,,,,,,,,,,,,,,,,https://cdn.shopify.com/s/files/1/0626/6119/8023/files/MIBRAAK_18ML_-_Khadlaj_Perfumes-1965429.jpg?v=1722411142,2,MIBRAAK 18ML - Khadlaj Perfumes,,,,,,,,,,,,,,,,,,,,,,,,,,,,,,,,,,,,,,,,,,,,,,,,,,,,,,,,,,,
la-fede-aura-crisp-flower-100-ml-edp-sproay-for-women,LA FEDE AURA CRISP FLOWER 100 ML EAU DE PARFUME SPRAY FOR WOMEN,"<p><span>La Fede Aura Crisp Flower perfume is a refreshing and floral fragrance that captures the essence of blooming flowers and crisp fruits. It opens with invigorating top notes of pear, bergamot, and peach, creating a bright and juicy introduction to the scent. The heart of the fragrance showcases the delicate and feminine floral notes of jasmine and peony, adding a touch of elegance and grace to the composition. Finally, the base notes of musk, vanilla, and vetiver provide a warm and comforting foundation, leaving a soft and lingering trail. </span></p>
<p><span>This fragrance combines the freshness of pear, bergamot, and peach with the timeless beauty of jasmine and peony. The base notes of musk, vanilla, and vetiver add depth and sophistication, creating a well-rounded and balanced fragrance. La Fede Aura Crisp Flower perfume is perfect for those who seek a scent that is both uplifting and feminine, making it an ideal choice for everyday wear or special occasions.</span></p>",Khadlaj-perfumes,Health & Beauty > Personal Care > Cosmetics > Perfumes & Colognes > Eaux de Parfum,PERFUME SPRAY,"Deals, Perfume Spray, Women",true,Size,100 ML,,,,,,,,KM-688,1000.0,shopify,deny,manual,55.00,70.00,true,true,,,,,'6291107975504,https://cdn.shopify.com/s/files/1/0626/6119/8023/files/LA_FEDE_AURA_CRISP_FLOWER_100_ML_EDP_SPRAY_FOR_WOMEN_-_Khadlaj_Perfumes-1964964.jpg?v=1722410213,1,LA FEDE AURA CRISP FLOWER 100 ML EDP SPRAY FOR WOMEN - Khadlaj Perfumes,false,,,479,,,,,,,,,,,,"<div class=""pyramid-section_lists""><h6 style=""font-weight:600;"">Top Notes</h6>
<p>Pear, Bergamot, Peach</p>
</div>
<div class=""pyramid-section_lists""><h6 style=""font-weight:600;"">Middle Notes</h6>
<p>Jasmine, Peony </p>
</div>
<div class=""pyramid-section_lists""><h6 style=""font-weight:600;"">Base Notes</h6>
<p>Musk,  Vanilla, Vetiver</p>
</div>",,,,,,,,,,,,,,,,,,,g,,,true,,,true,,,true,,,true,,,true,,,true,,,true,,,active
la-fede-aura-crisp-flower-100-ml-edp-sproay-for-women,,,,,,,,,,,,,,,,,,,,,,,,,,,,,,,https://cdn.shopify.com/s/files/1/0626/6119/8023/files/LA_FEDE_AURA_CRISP_FLOWER_100_ML_EDP_SPRAY_FOR_WOMEN_-_Khadlaj_Perfumes-1964968.jpg?v=1722410218,2,LA FEDE AURA CRISP FLOWER 100 ML EDP SPRAY FOR WOMEN - Khadlaj Perfumes,,,,,,,,,,,,,,,,,,,,,,,,,,,,,,,,,,,,,,,,,,,,,,,,,,,,,,,,,,,
la-fede-aura-crisp-flower-100-ml-edp-sproay-for-women,,,,,,,,,,,,,,,,,,,,,,,,,,,,,,,https://cdn.shopify.com/s/files/1/0626/6119/8023/files/LA_FEDE_AURA_CRISP_FLOWER_100_ML_EDP_SPRAY_FOR_WOMEN_-_Khadlaj_Perfumes-1964971.jpg?v=1722410224,3,LA FEDE AURA CRISP FLOWER 100 ML EDP SPRAY FOR WOMEN - Khadlaj Perfumes,,,,,,,,,,,,,,,,,,,,,,,,,,,,,,,,,,,,,,,,,,,,,,,,,,,,,,,,,,,
la-fede-aura-kiss-of-rose-100-ml-edp-spray-for-women,LA FEDE AURA KISS OF ROSE 100 ML EDP SPRAY FOR WOMEN,"<p><span>La Fede Aura Kiss of Rose perfume is a captivating fragrance that offers a delightful blend of fruity and floral notes, with a touch of warmth and sensuality. It begins with refreshing top notes of apple, black currant, grapefruit, and lychee, creating a vibrant and invigorating opening. The heart of the fragrance features the sweet and delicate essence of raspberry, along with the timeless floral notes of jasmine and rose, adding a romantic and feminine touch to the composition. Finally, the base notes of vanilla, amber, and musk provide a warm and sensual foundation, leaving a lingering and enchanting trail.</span></p>
<p><span> This fragrance combines the crispness of fruits like apple and grapefruit with the sweetness of black currant and lychee. The floral heart notes of raspberry, jasmine, and rose bring a romantic and elegant element, while the base notes of vanilla, amber, and musk provide a comforting and alluring finish. La Fede Aura Kiss of Rose perfume is perfect for those who appreciate a fragrance that is both fruity and floral, with a hint of sensuality, making it a delightful choice for any occasion.</span></p>",Khadlaj-perfumes,Health & Beauty > Personal Care > Cosmetics > Perfumes & Colognes > Eaux de Parfum,PERFUME SPRAY,"Deals, Perfume Spray, Women",true,Size,100 ML,,,,,,,,'629107975498,1000.0,shopify,deny,manual,55.00,70.00,true,true,,,,,'629107975498,https://cdn.shopify.com/s/files/1/0626/6119/8023/files/LA_FEDE_AURA_KISS_OF_ROSE_100_ML_EDP_SPRAY_FOR_WOMEN_-_Khadlaj_Perfumes-1964975.jpg?v=1722410230,1,LA FEDE AURA KISS OF ROSE 100 ML EDP SPRAY FOR WOMEN - Khadlaj Perfumes,false,,,479,,,,,,,,,,,,"<div class=""pyramid-section_lists""><h6 style=""font-weight:600;"">Top Notes</h6>
<p>Apple , Black Currant, Grapefruit, Lychee</p>
</div>
<div class=""pyramid-section_lists""><h6 style=""font-weight:600;"">Middle Notes</h6>
<p>Raspberry, Jasmin, Rose</p>
</div>
<div class=""pyramid-section_lists""><h6 style=""font-weight:600;"">Base Notes</h6>
<p>Vanilla, Amber, Musk</p>
</div>",,,,,,,,,,,,,,,,,,,g,,,true,,,true,,,true,,,true,,,true,,,true,,,true,,,active
la-fede-aura-kiss-of-rose-100-ml-edp-spray-for-women,,,,,,,,,,,,,,,,,,,,,,,,,,,,,,,https://cdn.shopify.com/s/files/1/0626/6119/8023/files/LA_FEDE_AURA_KISS_OF_ROSE_100_ML_EDP_SPRAY_FOR_WOMEN_-_Khadlaj_Perfumes-1964977.jpg?v=1722410236,2,LA FEDE AURA KISS OF ROSE 100 ML EDP SPRAY FOR WOMEN - Khadlaj Perfumes,,,,,,,,,,,,,,,,,,,,,,,,,,,,,,,,,,,,,,,,,,,,,,,,,,,,,,,,,,,
la-fede-aura-kiss-of-rose-100-ml-edp-spray-for-women,,,,,,,,,,,,,,,,,,,,,,,,,,,,,,,https://cdn.shopify.com/s/files/1/0626/6119/8023/files/LA_FEDE_AURA_KISS_OF_ROSE_100_ML_EDP_SPRAY_FOR_WOMEN_-_Khadlaj_Perfumes-1964980.jpg?v=1722410243,3,LA FEDE AURA KISS OF ROSE 100 ML EDP SPRAY FOR WOMEN - Khadlaj Perfumes,,,,,,,,,,,,,,,,,,,,,,,,,,,,,,,,,,,,,,,,,,,,,,,,,,,,,,,,,,,
cashmere-warm-oud-100-ml-edp-spray-for-men-women,CASHMERE WARM OUD 100 ML EDP SPRAY FOR MEN & WOMEN,"<p><span>Cashmere Warm Oud is a captivating fragrance that combines rich and luxurious elements to create an enticing olfactory experience. It opens with top notes of white saffron, rose, and pink peppercorn, providing a delicate and spicy introduction to the scent. The heart of the fragrance features vetiver and gaiac wood, adding depth and earthiness to the composition. Finally, the base notes of oud, cashmere, and sandalwood create a warm and enveloping foundation, leaving a lingering and comforting trail.</span></p>
<p><span> This fragrance combines the opulence of oud with the softness of cashmere and the warmth of sandalwood. The addition of white saffron, rose, and pink peppercorn adds a touch of elegance and intrigue, while vetiver and gaiac wood contribute to its depth and complexity. Cashmere Warm Oud is perfect for those who seek a scent that embodies both luxury and coziness, making it an ideal choice for special occasions or when you desire a sophisticated and comforting fragrance experience.</span></p>",Khadlaj-perfumes,Health & Beauty > Personal Care > Cosmetics > Perfumes & Colognes,PERFUME SPRAY,"Deals, Men, Perfume Spray, UNISEX, Women",true,Size,100 ML,,,,,,,,'6291107974781,1000.0,shopify,deny,manual,95.00,140.00,true,true,,,,,'6291107974781,https://cdn.shopify.com/s/files/1/0626/6119/8023/files/CASHMERE_WARM_OUD_100_ML_EDP_SPRAY_FOR_MEN_WOMEN_-_Khadlaj_Perfumes-1964248.jpg?v=1784011805,1,CASHMERE WARM OUD 100 ML EDP SPRAY FOR MEN & WOMEN - Khadlaj Perfumes,false,"Cashmere Warm Oud Woody, Musk | Perfume for Men & Women","Cashmere Warm Oud combines woody and musk tones, a luxurious unisex perfume designed for men and women online.",,,,,,,,,,,,,"<div class=""pyramid-section_lists""><h6 style=""font-weight:600;"">Top Notes</h6>
<p>White Saffron, Rose, Pink Peppercorn.</p>
</div>
<div class=""pyramid-section_lists""><h6 style=""font-weight:600;"">Middle Notes</h6>
<p>Vetiver, Gaiac wood</p>
</div>
<div class=""pyramid-section_lists""><h6 style=""font-weight:600;"">Base Notes</h6>
<p>Oud, Cashmere, Sandalwood</p>
</div>",,,,,,,,,,,,,,,,,,,g,,,true,,,true,,,true,,,true,,,true,,,true,,,true,,,active
cashmere-warm-oud-100-ml-edp-spray-for-men-women,,,,,,,,,,,,,,,,,,,,,,,,,,,,,,,https://cdn.shopify.com/s/files/1/0626/6119/8023/files/CASHMERE_WARM_OUD_100_ML_EDP_SPRAY_FOR_MEN_WOMEN_-_Khadlaj_Perfumes-1964246.jpg?v=1776230425,2,CASHMERE WARM OUD 100 ML EDP SPRAY FOR MEN & WOMEN - Khadlaj Perfumes,,,,,,,,,,,,,,,,,,,,,,,,,,,,,,,,,,,,,,,,,,,,,,,,,,,,,,,,,,,
cashmere-warm-oud-100-ml-edp-spray-for-men-women,,,,,,,,,,,,,,,,,,,,,,,,,,,,,,,https://cdn.shopify.com/s/files/1/0626/6119/8023/files/CASHMERE_WARM_OUD_100_ML_EDP_SPRAY_FOR_MEN_WOMEN_-_Khadlaj_Perfumes-1964251.jpg?v=1776230425,3,CASHMERE WARM OUD 100 ML EDP SPRAY FOR MEN & WOMEN - Khadlaj Perfumes,,,,,,,,,,,,,,,,,,,,,,,,,,,,,,,,,,,,,,,,,,,,,,,,,,,,,,,,,,,
cashmere-sunshine-musk100-ml-edp-spray-for-men-women,CASHMERE SUNSHINE MUSK 100 ML EDP SPRAY FOR MEN & WOMEN,"<p><span data-mce-fragment=""1"">Cashmere Sunshine Musk eau de parfum is a luxurious fragrance that envelops you in a warm and radiant aura. It opens with top notes of bergamot and green mandarin, providing a fresh and uplifting introduction to the scent. The heart of the fragrance showcases the exquisite floral blend of gardenia, jasmine sambac, and orange blossom, lending a sophisticated and enchanting character to the composition. Finally, the base notes of musk, amber wood, sandalwood, and cashmere create a sensuous and comforting foundation, leaving a lasting and velvety trail on the skin.</span></p>
<p><span data-mce-fragment=""1""> This fragrance is a harmonious combination of citrusy and floral notes, enhanced by the allure of musk and the richness of amber wood and sandalwood. The inclusion of cashmere adds a touch of luxury and softness to the overall experience. Cashmere Sunshine Musk eau de parfum is perfect for those who seek a fragrance that exudes both radiance and a comforting embrace, making it a wonderful choice for any occasion.</span></p>",Khadlaj-perfumes,Health & Beauty > Personal Care > Cosmetics > Perfumes & Colognes,PERFUME SPRAY,"Deals, Men, Perfume Spray, UNISEX, Women",true,Size,100 ML,,,,,,,,'6291107974798,1000.0,shopify,deny,manual,95.00,140.00,true,true,,,,,'6291107974798,https://cdn.shopify.com/s/files/1/0626/6119/8023/files/CASHMERE_SUNSHINE_MUSK_100_ML_EDP_SPRAY_FOR_MEN_WOMEN_-_Khadlaj_Perfumes-1964238.jpg?v=1784011864,1,CASHMERE SUNSHINE MUSK 100 ML EDP SPRAY FOR MEN & WOMEN - Khadlaj Perfumes,false,"Cashmere Sunshine Musk Soft Musk, Floral | Perfume Online","Cashmere Sunshine Musk offers soft musk and floral notes, delivering an elegant and subtle luxury fragrance for men and women.",,,,,,,,,,,,,"<div class=""pyramid-section_lists""><h6 style=""font-weight:600;"">Top Notes</h6>
<p>Bergamot, Green Mandarin</p>
</div>
<div class=""pyramid-section_lists""><h6 style=""font-weight:600;"">Middle Notes</h6>
<p>Gardenia, Jasmine Sambac, Orange Blossom </p>
</div>
<div class=""pyramid-section_lists""><h6 style=""font-weight:600;"">Base Notes</h6>
<p>Musk, Amber wood, Sandalwood, Cashmere </p>
</div>",,,,,,,,,,,,,,,,,,,g,,,true,,,true,,,true,,,true,,,true,,,true,,,true,,,active
cashmere-sunshine-musk100-ml-edp-spray-for-men-women,,,,,,,,,,,,,,,,,,,,,,,,,,,,,,,https://cdn.shopify.com/s/files/1/0626/6119/8023/files/CASHMERE_SUNSHINE_MUSK_100_ML_EDP_SPRAY_FOR_MEN_WOMEN_-_Khadlaj_Perfumes-1964234.jpg?v=1776230402,2,CASHMERE SUNSHINE MUSK 100 ML EDP SPRAY FOR MEN & WOMEN - Khadlaj Perfumes,,,,,,,,,,,,,,,,,,,,,,,,,,,,,,,,,,,,,,,,,,,,,,,,,,,,,,,,,,,
cashmere-sunshine-musk100-ml-edp-spray-for-men-women,,,,,,,,,,,,,,,,,,,,,,,,,,,,,,,https://cdn.shopify.com/s/files/1/0626/6119/8023/files/CASHMERE_SUNSHINE_MUSK_100_ML_EDP_SPRAY_FOR_MEN_WOMEN_-_Khadlaj_Perfumes-1964242.jpg?v=1776230402,3,CASHMERE SUNSHINE MUSK 100 ML EDP SPRAY FOR MEN & WOMEN - Khadlaj Perfumes,,,,,,,,,,,,,,,,,,,,,,,,,,,,,,,,,,,,,,,,,,,,,,,,,,,,,,,,,,,
stellar-musk-100-ml-edp-spray-for-women,STELLAR MUSK 100 ML EDP SPRAY FOR WOMEN,"<span>Stellar Musk eau de parfum is an enchanting fragrance that embodies both freshness and sensuality. It begins with invigorating top notes of bergamot and grapefruit, creating a vibrant and energetic opening. The middle notes of ginger and white musk add a spicy and alluring twist to the scent, evoking a sense of warmth and intrigue. Finally, the base notes of musk, vetiver, patchouli, and amber provide a deep and seductive foundation, leaving a lingering and captivating trail. This fragrance is perfect for those who seek a balance between zestful citrus notes and the enticing allure of musky and earthy accords.</span>",Khadlaj-perfumes,Health & Beauty > Personal Care > Cosmetics > Perfumes & Colognes,PERFUME SPRAY,"Perfume Spray, Women",true,Size,100 ML,,,,,,,,KM-689/2,1000.0,shopify,deny,manual,80.00,,true,true,,,,,'6291107975610,https://cdn.shopify.com/s/files/1/0626/6119/8023/files/STELLAR_MUSK_100_ML_EDP_SPRAY_FOR_WOMEN_-_Khadlaj_Perfumes-1965978.jpg?v=1722412205,1,STELLAR MUSK 100 ML EDP SPRAY FOR WOMEN - Khadlaj Perfumes,false,,,,,,,,,,,,,,,"<div class=""pyramid-section_lists""><h6 style=""font-weight:600;"">Top Notes</h6>
<p>Bergamot, Grapefruit</p>
</div>
<div class=""pyramid-section_lists""><h6 style=""font-weight:600;"">Middle Notes</h6>
<p>Ginger, White Musk</p>
</div>
<div class=""pyramid-section_lists""><h6 style=""font-weight:600;"">Base Notes</h6>
<p>Musk, Vetiver, Patchouli, Amber </p>
</div>",,,,,,,,,,,,,,,,,,,g,,80.00,true,,,true,,,true,,,true,,,true,,,true,,,true,,,active
stellar-musk-100-ml-edp-spray-for-women,,,,,,,,,,,,,,,,,,,,,,,,,,,,,,,https://cdn.shopify.com/s/files/1/0626/6119/8023/files/STELLAR_MUSK_100_ML_EDP_SPRAY_FOR_WOMEN_-_Khadlaj_Perfumes-1965981.jpg?v=1722412210,2,STELLAR MUSK 100 ML EDP SPRAY FOR WOMEN - Khadlaj Perfumes,,,,,,,,,,,,,,,,,,,,,,,,,,,,,,,,,,,,,,,,,,,,,,,,,,,,,,,,,,,
stellar-oud-100-ml-edp-spray-for-men-women,STELLAR OUD 100 ML EDP SPRAY FOR MEN & WOMEN,"<span data-mce-fragment=""1"">Stellar Oud eau de parfum is a captivating fragrance that offers a truly luxurious olfactory experience. It opens with top notes of bergamot and muget, providing a fresh and uplifting introduction to the scent. The middle notes of iris and patchouli bring a sophisticated and elegant touch, adding depth and complexity. Finally, the base notes of Indonesian oud and amber create a warm and rich foundation, leaving a long-lasting and enticing trail. This fragrance is perfect for those who appreciate the combination of fresh, floral, and oriental elements, resulting in a truly stellar aroma. </span>",Khadlaj-perfumes,,PERFUME SPRAY,"Men, Perfume Spray, UNISEX, Women",true,Size,100 ML,,,,,,,,KM-689,1000.0,shopify,deny,manual,80.00,,true,true,,,,,'6291107975627,https://cdn.shopify.com/s/files/1/0626/6119/8023/files/STELLAR_OUD_100_ML_EDP_SPRAY_FOR_MEN_WOMEN_-_Khadlaj_Perfumes-1965984.jpg?v=1722412237,1,STELLAR OUD 100 ML EDP SPRAY FOR MEN & WOMEN - Khadlaj Perfumes,false,,,,,,,,,,,,,,,"<div class=""pyramid-section_lists""><h6 style=""font-weight:600;"">Top Notes</h6>
<p>Bergamot, Muget </p>
</div>
<div class=""pyramid-section_lists""><h6 style=""font-weight:600;"">Middle Notes</h6>
<p>Iris, Patchouli </p>
</div>
<div class=""pyramid-section_lists""><h6 style=""font-weight:600;"">Base Notes</h6>
<p>Indonesian Oud, Amber</p>
</div>",,,,,,,,,,,,,,,,,,,g,,80.00,true,,,true,,,true,,,true,,,true,,,true,,,true,,,active
stellar-oud-100-ml-edp-spray-for-men-women,,,,,,,,,,,,,,,,,,,,,,,,,,,,,,,https://cdn.shopify.com/s/files/1/0626/6119/8023/files/STELLAR_OUD_100_ML_EDP_SPRAY_FOR_MEN_WOMEN_-_Khadlaj_Perfumes-1965994.jpg?v=1722412243,2,STELLAR OUD 100 ML EDP SPRAY FOR MEN & WOMEN - Khadlaj Perfumes,,,,,,,,,,,,,,,,,,,,,,,,,,,,,,,,,,,,,,,,,,,,,,,,,,,,,,,,,,,
oud-muattar-khawaater-35-g,OUD MUATTAR KHAWAATER 35 G,"<span>Oud Muattar Khawaater is a fragrant (incense) dukhoon that combines the rich aroma of oud with a delightful perfume blend, offering a unique bakhar (smoke fragrance) experience. Oud Muattar Khawater is an exquisite incense with a captivating fragrance. It begins with top notes of bergamot and musk, which create a refreshing and enticing opening. The middle notes of jasmine, violet, and rose add a delicate floral touch to the composition, enhancing its elegance. Finally, the base notes of oud, sandalwood, and patchouli provide a deep and rich foundation, leaving a long-lasting and enchanting aroma in the air. This incense is perfect for creating a serene and luxurious ambiance in any space. To enjoy this incense, simply place the wood chips on top of a coal and allow the smoke to fill the air, creating a pleasant ambiance in various spaces such as the living room, wardrobe, cars, or on clothes. It is important to keep the incense in a high place and out of reach of children, as it is flammable. Directions for use: Place a coal on a bukhoor burner and ensure to use a foil underneath to prevent overheating. Place the Bukhoor tablet on the coal to release the captivating fragrance. Keep the burner on elevated surfaces, away from flames, direct heat, and sunlight. Remember to store it out of reach of children for safety.</span>",khadlaj-perfumes,Home & Garden > Decor > Home Fragrances,OUD MUATTAR,,true,Size,35 G,,,,,,,,'6291107971988,500.0,shopify,deny,manual,35.00,,true,true,,,,,'6291107971988,https://cdn.shopify.com/s/files/1/0626/6119/8023/files/OUD_MUATTAR_KHAWAATER_35_G_-_Khadlaj_Perfumes-1965650.jpg?v=1722411556,1,OUD MUATTAR KHAWAATER 35 G - Khadlaj Perfumes,false,,,592,,,,,,,,,,,,"<div class=""pyramid-section_lists""><h6 style=""font-weight:600;"">Top Notes</h6>
<p>Bergamot, Musk</p>
</div>
<div class=""pyramid-section_lists""><h6 style=""font-weight:600;"">Middle Notes</h6>
<p>Jasmine, Violet, Rose</p>
</div>
<div class=""pyramid-section_lists""><h6 style=""font-weight:600;"">Base Notes</h6>
<p>Oud, Sandalwood, Patchouli</p>
</div>",,,,,,,,,,,,,,,,,,,g,,,true,,,true,,,true,,,true,,,true,,,true,,,true,,,active
oud-muattar-khawaater-35-g,,,,,,,,,,,,,,,,,,,,,,,,,,,,,,,https://cdn.shopify.com/s/files/1/0626/6119/8023/files/OUD_MUATTAR_KHAWAATER_35_G_-_Khadlaj_Perfumes-1965653.jpg?v=1722411561,2,OUD MUATTAR KHAWAATER 35 G - Khadlaj Perfumes,,,,,,,,,,,,,,,,,,,,,,,,,,,,,,,,,,,,,,,,,,,,,,,,,,,,,,,,,,,
