Handle,Title,Body (HTML),Vendor,Product Category,Type,Tags,Published,Option1 Name,Option1 Value,Option1 Linked To,Option2 Name,Option2 Value,Option2 Linked To,Option3 Name,Option3 Value,Option3 Linked To,Variant SKU,Variant Grams,Variant Inventory Tracker,Variant Inventory Policy,Variant Fulfillment Service,Variant Price,Variant Compare At Price,Variant Requires Shipping,Variant Taxable,Unit Price Total Measure,Unit Price Total Measure Unit,Unit Price Base Measure,Unit Price Base Measure Unit,Variant Barcodes,Image Src,Image Position,Image Alt Text,Gift Card,SEO Title,SEO Description,Google Shopping / Google Product Category,Google Shopping / Gender,Google Shopping / Age Group,Google Shopping / MPN,Google Shopping / Condition,Google Shopping / Custom Product,Google Shopping / Custom Label 0,Google Shopping / Custom Label 1,Google Shopping / Custom Label 2,Google Shopping / Custom Label 3,Google Shopping / Custom Label 4,PRE - ORDER DELIVERY (product.metafields.custom.pre_order_delivery),Pyramid Description (product.metafields.custom.pyramid_description),EComposer product countdown end at (product.metafields.ecomposer.countdown),EComposer product countdown start at (product.metafields.ecomposer.countdown_from),Google: Custom Product (product.metafields.mm-google-shopping.custom_product),Low stock threshold (product.metafields.sam.lowstockthreshold),Color (product.metafields.shopify.color-pattern),Dispenser type (product.metafields.shopify.dispenser-type),Fragrance (product.metafields.shopify.fragrance),Incense type (product.metafields.shopify.incense-type),Material (product.metafields.shopify.material),Occasion (product.metafields.shopify.occasion),Olfactory family (product.metafields.shopify.olfactory-family),Product form (product.metafields.shopify.product-form),Scent (product.metafields.shopify.scent),Season (product.metafields.shopify.season),Target gender (product.metafields.shopify.target-gender),Usage type (product.metafields.shopify.usage-type),EasifyBoxBuilderUrl (product.metafields._easifyboxbuilder.url),Variant Image,Variant Weight Unit,Variant Tax Code,Cost per item,Included / United Arab Emirates,Price / United Arab Emirates,Compare At Price / United Arab Emirates,Included / Bahrain,Price / Bahrain,Compare At Price / Bahrain,Included / KSA,Price / KSA,Compare At Price / KSA,Included / Kuwait,Price / Kuwait,Compare At Price / Kuwait,Included / NORTH AFRICA,Price / NORTH AFRICA,Compare At Price / NORTH AFRICA,Included / Oman,Price / Oman,Compare At Price / Oman,Included / Qatar,Price / Qatar,Compare At Price / Qatar,Status
la-fede-magnum-gold-edition-100-ml-edp-spray,LA FEDE MAGNUM GOLD EDITION 100 ML EAU DE PARFUME SPRAY,"<p data-mce-fragment=""1"">Indulge in the opulence of LA FEDE MAGNUM GOLD EDITION by Khadlaj Perfumes, a fragrance that epitomizes luxury and sophistication. Crafted with the finest ingredients and presented in a limited edition gold bottle, this scent is a tribute to the timeless allure of indulgence and refinement.</p>
<p data-mce-fragment=""1""><strong data-mce-fragment=""1"">Top Notes - Cypriol, Saffron, Bergamot, Apple:</strong> LA FEDE MAGNUM GOLD EDITION opens with an exquisite blend of Cypriol, Saffron, Bergamot, and Apple. The earthy richness of Cypriol and the aromatic warmth of Saffron are complemented by the citrusy brightness of Bergamot and the crisp sweetness of Apple. This top note ensemble sets the stage for a fragrance journey that is both luxurious and captivating.</p>
<p data-mce-fragment=""1""><strong data-mce-fragment=""1"">Middle Notes - Rose, Oud, Sandalwood, Clove, Labdanum:</strong> As the fragrance evolves, the heart notes reveal a rich and complex bouquet of florals and woods. Rose, the queen of flowers, exudes elegance and sophistication, while Oud and Sandalwood add a touch of exotic allure. Clove and Labdanum lend a spicy and resinous depth, creating a middle accord that is both sensual and inviting.</p>
<p data-mce-fragment=""1""><strong data-mce-fragment=""1"">Base Notes - Cedarwood, Musk, Guaiac Wood, Amber Wood:</strong> The grand finale of LA FEDE MAGNUM GOLD EDITION is a base that leaves a lasting impression of warmth and sensuality. Cedarwood and Guaiac Wood provide a solid foundation, while Musk adds a velvety smoothness. Amber Wood infuses the fragrance with a rich and amber-like sweetness, creating a captivating trail that lingers on the skin, evoking the essence of pure indulgence.</p>
<p data-mce-fragment=""1""><strong data-mce-fragment=""1"">Elegance in a Bottle:</strong> Encased in a limited edition gold bottle that exudes sophistication and refinement, LA FEDE MAGNUM GOLD EDITION is a testament to the luxurious experience within. The intricate detailing and ornate design pay homage to the timeless allure of Khadlaj Perfumes, making it a coveted addition to any fragrance collection.</p>
<p data-mce-fragment=""1""><strong data-mce-fragment=""1"">Indulge in Luxury:</strong> LA FEDE MAGNUM GOLD EDITION is more than just a perfume; it's an embodiment of luxury and refinement. Whether you're preparing for a special occasion or seeking a signature scent for everyday wear, let this fragrance be your reminder of the indulgence and opulence that life has to offer.</p>
<p data-mce-fragment=""1""><strong data-mce-fragment=""1"">Experience the Magnificence:</strong> With its captivating blend of notes, LA FEDE MAGNUM GOLD EDITION invites you to experience the magnificence of luxury. This fragrance is a celebration of opulence and sophistication, leaving a trail of golden allure wherever you go. Experience the essence of LA FEDE MAGNUM GOLD EDITION by Khadlaj Perfumes – a fragrance crafted for those who dare to embrace the extraordinary.</p>",Khadlaj-perfumes,Health & Beauty > Personal Care > Cosmetics > Perfumes & Colognes,PERFUME SPRAY,"Men, Perfume Spray, UNISEX, Women",true,Size,100 ML,,,,,,,,'6291107976969,1000.0,shopify,deny,manual,125.00,,true,true,,,,,'6291107976969,https://cdn.shopify.com/s/files/1/0626/6119/8023/files/LA_FEDE_MAGNUM_GOLD_EDITION_100_ML_EDP_SPRAY_-_Khadlaj_Perfumes-1965117.jpg?v=1722410535,1,LA FEDE MAGNUM GOLD EDITION 100 ML EDP SPRAY - Khadlaj Perfumes,false,,,,,,,,,,,,,,,"<div class=""pyramid-section_lists""><h6 style=""font-weight:600;"">Top Notes</h6>
<p>Cypriol, Saffron, Bergamot, Apple</p>
</div>
<div class=""pyramid-section_lists""><h6 style=""font-weight:600;"">Middle Notes</h6>
<p>Rose, Oud, Sandalwood, Clove, Labdanum</p>
</div>
<div class=""pyramid-section_lists""><h6 style=""font-weight:600;"">Base Notes</h6>
<p>Cedarwood, Musk, Guaiac wood</p>
</div>",,,,,,,,,,,,,,,,,,,g,,,true,,,true,,,true,,,true,,,true,,,true,,,true,,,active
la-fede-magnum-gold-edition-100-ml-edp-spray,,,,,,,,,,,,,,,,,,,,,,,,,,,,,,,https://cdn.shopify.com/s/files/1/0626/6119/8023/files/LA_FEDE_MAGNUM_GOLD_EDITION_100_ML_EDP_SPRAY_-_Khadlaj_Perfumes-1965121.jpg?v=1722410542,2,LA FEDE MAGNUM GOLD EDITION 100 ML EDP SPRAY - Khadlaj Perfumes,,,,,,,,,,,,,,,,,,,,,,,,,,,,,,,,,,,,,,,,,,,,,,,,,,,,,,,,,,,
la-fede-magnum-gold-edition-100-ml-edp-spray,,,,,,,,,,,,,,,,,,,,,,,,,,,,,,,https://cdn.shopify.com/s/files/1/0626/6119/8023/files/LA_FEDE_MAGNUM_GOLD_EDITION_100_ML_EDP_SPRAY_-_Khadlaj_Perfumes-1965124.jpg?v=1722410550,3,LA FEDE MAGNUM GOLD EDITION 100 ML EDP SPRAY - Khadlaj Perfumes,,,,,,,,,,,,,,,,,,,,,,,,,,,,,,,,,,,,,,,,,,,,,,,,,,,,,,,,,,,
la-fede-magnum-gold-edition-100-ml-edp-spray,,,,,,,,,,,,,,,,,,,,,,,,,,,,,,,https://cdn.shopify.com/s/files/1/0626/6119/8023/files/LA_FEDE_MAGNUM_GOLD_EDITION_100_ML_EDP_SPRAY_-_Khadlaj_Perfumes-1965128.jpg?v=1722410557,4,LA FEDE MAGNUM GOLD EDITION 100 ML EDP SPRAY - Khadlaj Perfumes,,,,,,,,,,,,,,,,,,,,,,,,,,,,,,,,,,,,,,,,,,,,,,,,,,,,,,,,,,,
le-prestige-royal-100-ml-edp-spray,LÉ PRESTIGE ROYAL 100 ML EDP SPRAY,"<p>Introducing LE PRESTIGE ROYAL by Khadlaj Perfumes, a fragrance that epitomizes regal sophistication and timeless elegance. Crafted with precision and care, this exquisite scent is a symphony of luxurious notes that captivate the senses and elevate every moment.</p>
<p><strong>Top Notes - Bergamot, Spearmint </strong></p>
<p><strong>Middle Notes - Rose, Blackcurrant, Amber </strong></p>
<p><strong>Base Notes - Vanilla, Leather, Cedarwood, Cinnamon</strong></p>
<p><strong>Experience Royalty:</strong> Indulge in the splendor of LE PRESTIGE ROYAL, where every note is a testament to luxury and refinement. Whether you're attending a grand gala or simply seeking to elevate your everyday moments, this fragrance is sure to leave a lasting impression.</p>
<p><strong>Embrace Elegance:</strong> With its exquisite blend of notes, LE PRESTIGE ROYAL embodies the essence of elegance and sophistication. Let its opulent aroma transport you to a world of luxury and indulgence, where every moment is infused with regal allure.</p>
<p><strong>Elevate Your Senses:</strong> Treat yourself to the luxury you deserve with LE PRESTIGE ROYAL by Khadlaj Perfumes. Immerse yourself in its enchanting fragrance and elevate your senses to new heights of sophistication and refinement.</p>",Khadlaj Perfumes,Health & Beauty > Personal Care > Cosmetics > Perfumes & Colognes > Eaux de Parfum,PERFUME SPRAY,"Deals, Perfume Spray, UNISEX",true,Size,100 ML,,,,,,,,'6291107975931,1000.0,shopify,deny,manual,100.00,150.00,true,true,,,,,'6291107975931,https://cdn.shopify.com/s/files/1/0626/6119/8023/files/LE_PRESTIGE_ROYAL_100_ML_EDP_SPRAY_-_Khadlaj_Perfumes-1965268.jpg?v=1783948597,1,LÉ PRESTIGE ROYAL 100 ML EDP SPRAY - Khadlaj Perfumes,false,Le Prestige Royal 100ml EDP | Premium Perfume | Khadlaj perfumes,"Looking for a premium perfume? Le Prestige Royal 100ml EDP by Khadlaj blends spearmint, rose, and leather for a regal scent. Shop now!",479,,,,,,,,,,,,"<div class=""pyramid-section_lists""><h6 style=""font-weight:600;"">Top Notes</h6>
<p>Bergamot, Spearmint</p>
</div>
<div class=""pyramid-section_lists""><h6 style=""font-weight:600;"">Middle Notes</h6>
<p>Rose, Blackcurrant, Amber</p>
</div>
<div class=""pyramid-section_lists""><h6 style=""font-weight:600;"">Base Notes</h6>
<p>Vanilla, Leather, Cedarwood, Cinnamon</p>
</div>",,,,,,,,,,,,,,,,,,,g,,,true,,,true,,,true,,,true,,,true,,,true,,,true,,,active
le-prestige-royal-100-ml-edp-spray,,,,,,,,,,,,,,,,,,,,,,,,,,,,,,,https://cdn.shopify.com/s/files/1/0626/6119/8023/files/LE_PRESTIGE_ROYAL_100_ML_EDP_SPRAY_-_Khadlaj_Perfumes-1965265.jpg?v=1722410829,2,LÉ PRESTIGE ROYAL 100 ML EDP SPRAY - Khadlaj Perfumes,,,,,,,,,,,,,,,,,,,,,,,,,,,,,,,,,,,,,,,,,,,,,,,,,,,,,,,,,,,
le-prestige-royal-100-ml-edp-spray,,,,,,,,,,,,,,,,,,,,,,,,,,,,,,,https://cdn.shopify.com/s/files/1/0626/6119/8023/files/LE_PRESTIGE_ROYAL_100_ML_EDP_SPRAY_-_Khadlaj_Perfumes-1965272.jpg?v=1722410843,3,LÉ PRESTIGE ROYAL 100 ML EDP SPRAY - Khadlaj Perfumes,,,,,,,,,,,,,,,,,,,,,,,,,,,,,,,,,,,,,,,,,,,,,,,,,,,,,,,,,,,
le-prestige-royal-100-ml-edp-spray,,,,,,,,,,,,,,,,,,,,,,,,,,,,,,,https://cdn.shopify.com/s/files/1/0626/6119/8023/files/LE_PRESTIGE_ROYAL_100_ML_EDP_SPRAY_-_Khadlaj_Perfumes-1965276.jpg?v=1722410850,4,LÉ PRESTIGE ROYAL 100 ML EDP SPRAY - Khadlaj Perfumes,,,,,,,,,,,,,,,,,,,,,,,,,,,,,,,,,,,,,,,,,,,,,,,,,,,,,,,,,,,
khadlaj-pink-musk-20-ml-perfume-oil-online-best-price-in-dubai-uae,PINK MUSK 20 ML,"<p data-mce-fragment=""1"">Introducing KHADLAJ PINK MUSK 20 ML PERFUME OIL, an exquisite concentrated perfume oil from Khadlaj Perfumes, designed to envelop you in a delicate veil of irresistible allure and sophistication. Crafted with precision and care, this fragrance is a celebration of femininity and elegance, capturing the essence of timeless beauty in every drop.</p>
<p data-mce-fragment=""1""><strong data-mce-fragment=""1"">Top Notes - Blackcurrant, Mandarin, Pear:</strong> PINK MUSK opens with a burst of fruity freshness, as the succulent notes of Blackcurrant and Mandarin mingle with the crisp sweetness of Pear. This invigorating top note combination sets the stage for a fragrance experience that is both vibrant and uplifting, awakening the senses with its youthful charm.</p>
<p data-mce-fragment=""1""><strong data-mce-fragment=""1"">Middle Notes - Rose, Plum Tree Blossoms, Jasmine:</strong> As the fragrance evolves, the heart notes reveal a lush bouquet of florals, with the queen of flowers, Rose, taking center stage. Plum Tree Blossoms add a delicate and romantic touch, while Jasmine lends a hint of seductive allure. Together, these middle notes create an intoxicating blend that captivates and enchants, evoking the feeling of walking through a blooming garden at dusk.</p>
<p data-mce-fragment=""1""><strong data-mce-fragment=""1"">Base Notes - White Musk, Dry Amber, Raspberry:</strong> The grand finale of PINK MUSK is a base that leaves a lasting impression of warmth and sensuality. White Musk envelops the fragrance in a soft and velvety embrace, while Dry Amber adds a touch of sophistication and depth. Raspberry adds a sweet and fruity twist, creating a captivating trail that lingers on the skin, leaving behind an irresistible aura of femininity and grace.</p>
<p data-mce-fragment=""1""><strong data-mce-fragment=""1"">Luxurious Packaging:</strong> Encased in an elegant and compact bottle, PINK MUSK reflects the sophistication and refinement synonymous with Khadlaj Perfumes. The sleek design and intricate detailing make it a perfect addition to any fragrance collection, while its convenient size allows for easy application on the go.</p>
<p data-mce-fragment=""1""><strong data-mce-fragment=""1"">Experience Timeless Beauty:</strong> With its captivating blend of notes, PINK MUSK invites you to experience the timeless beauty and allure of femininity. This fragrance is a celebration of elegance and sophistication, leaving a trail of delicate charm wherever you go. Experience the essence of PINK MUSK by Khadlaj Perfumes – a fragrance crafted for those who embrace their inner grace and poise with effortless charm.</p>",Khadlaj Perfumes,Health & Beauty > Personal Care > Cosmetics > Perfumes & Colognes,CPO,"Deals, perfume oil, Women",true,Size,20 ML,,,,,,,,'6291107977133,500.0,shopify,deny,manual,75.00,100.00,true,true,,,,,'6291107977133,https://cdn.shopify.com/s/files/1/0626/6119/8023/files/PINK_MUSK_20_ML_-_Khadlaj_Perfumes-1965772.jpg?v=1722411803,1,PINK MUSK 20 ML - Khadlaj Perfumes,false,Pink Musk Fragrance | Best Perfume Oil Online For Men & Women,"Shop Khadlaj Pink Musk 20 ml Perfume Oil — premium perfume oils, arabian perfume oils, and oil perfume fragrances with a soft floral musk aroma.",,,,,,,,,,,,,"<div class=""pyramid-section_lists""><h6 style=""font-weight:600;"">Top Notes</h6>
<p> Blackcurrant, Mandarin, Pear</p>
</div>
<div class=""pyramid-section_lists""><h6 style=""font-weight:600;"">Middle Notes</h6>
<p>Rose, Plum Tree Blossoms, Jasmine, Musk</p>
</div>
<div class=""pyramid-section_lists""><h6 style=""font-weight:600;"">Base Notes</h6>
<p>Musk, Dry Amber, Raspberry</p>
</div>",,,,,,,,,,everyday; casual; formal; special-occasion,,,fruity; citrus; floral,spring; fall; winter; summer,female,,,,g,,,true,,,true,,,true,,,true,,,true,,,true,,,true,,,active
khadlaj-pink-musk-20-ml-perfume-oil-online-best-price-in-dubai-uae,,,,,,,,,,,,,,,,,,,,,,,,,,,,,,,https://cdn.shopify.com/s/files/1/0626/6119/8023/files/PINK_MUSK_20_ML_-_Khadlaj_Perfumes-1965776.jpg?v=1722411810,2,PINK MUSK 20 ML - Khadlaj Perfumes,,,,,,,,,,,,,,,,,,,,,,,,,,,,,,,,,,,,,,,,,,,,,,,,,,,,,,,,,,,
khadlaj-pink-musk-20-ml-perfume-oil-online-best-price-in-dubai-uae,,,,,,,,,,,,,,,,,,,,,,,,,,,,,,,https://cdn.shopify.com/s/files/1/0626/6119/8023/files/PINK_MUSK_20_ML_-_Khadlaj_Perfumes-1965779.jpg?v=1722411818,3,PINK MUSK 20 ML - Khadlaj Perfumes,,,,,,,,,,,,,,,,,,,,,,,,,,,,,,,,,,,,,,,,,,,,,,,,,,,,,,,,,,,
purple-musk-20-ml,PURPLE MUSK 20 ML,"<p data-mce-fragment=""1"">Introducing KHADLAJ PURPLE MUSK 20 ML PERFUME OIL, a mesmerizing concentrated perfume oil from Khadlaj Perfumes, designed to envelop you in a captivating aura of exotic allure and sophistication. Crafted with meticulous attention to detail, this fragrance is a celebration of individuality and charm, capturing the essence of timeless beauty in every drop.</p>
<p data-mce-fragment=""1""><strong data-mce-fragment=""1"">Top Notes - Fruity Accord, Coconut, Peach Nectar:</strong> Packed with a burst of fruity freshness, PURPLE MUSK opens with a delightful medley of fruity notes, including a luscious Fruity Accord, creamy Coconut, and juicy Peach Nectar. This vibrant top note ensemble sets the stage for an enchanting fragrance journey that is both invigorating and uplifting, awakening the senses with its tropical charm.</p>
<p data-mce-fragment=""1""><strong data-mce-fragment=""1"">Middle Notes - Floral Accord, Tiare Blossoms:</strong> As the fragrance unfolds, the heart notes reveal a lush bouquet of florals, with a delicate Floral Accord taking center stage. The exotic allure of Tiare Blossoms adds a touch of island elegance, infusing the composition with a sense of romance and sophistication. Together, these middle notes create a harmonious blend that captivates and enchants, evoking the feeling of wandering through a blooming garden on a warm summer evening.</p>
<p data-mce-fragment=""1""><strong data-mce-fragment=""1"">Base Notes - Sandalwood, Heliotrope Blossoms:</strong> The grand finale of PURPLE MUSK is a base that leaves a lasting impression of warmth and sensuality. Rich and creamy Sandalwood envelops the fragrance in a velvety embrace, while Heliotrope Blossoms add a subtle hint of sweetness and depth. This captivating base note combination creates a mesmerizing trail that lingers on the skin, leaving behind an irresistible aura of elegance and allure.</p>
<p data-mce-fragment=""1""><strong data-mce-fragment=""1"">Luxurious Packaging:</strong> Encased in an elegant and sophisticated bottle, PURPLE MUSK reflects the exotic charm and refinement synonymous with Khadlaj Perfumes. The sleek design and intricate detailing make it a perfect addition to any fragrance collection, while its convenient size allows for easy application whenever you desire a touch of indulgence.</p>
<p data-mce-fragment=""1""><strong data-mce-fragment=""1"">Experience Exotic Elegance:</strong> With its captivating blend of notes, PURPLE MUSK invites you to experience the exotic elegance and allure of tropical paradise. This fragrance is a celebration of individuality and charm, leaving a trail of delicate charm wherever you go. Experience the essence of PURPLE MUSK by Khadlaj Perfumes – a fragrance crafted for those who embrace their unique</p>",Khadlaj Perfumes,Health & Beauty > Personal Care > Cosmetics > Perfumes & Colognes,CPO,"concentrated perfume oil, CPO, perfume oil, Women",true,Size,20 ML,,,,,,,,'6291107977126,500.0,shopify,deny,manual,100.00,,true,true,,,,,'6291107977126,https://cdn.shopify.com/s/files/1/0626/6119/8023/files/PURPLE_MUSK_20_ML_-_Khadlaj_Perfumes-1965791.jpg?v=1722411838,1,PURPLE MUSK 20 ML - Khadlaj Perfumes,false,"Fruity, Floral Musk Fragrance | Concentrated Perfume Oil Online","Discover Khadlaj Purple Musk 20 ml Concentrated Perfume Oil, a luxurious choice from our arabian perfume oils collection. Shop premium oil perfume fragrances and perfumery oils worldwide.",,,,,,,,,,,,,,,,,,,,,,,,,,,,,,,,g,,,true,,,true,,,true,,,true,,,true,,,true,,,true,,,active
purple-musk-20-ml,,,,,,,,,,,,,,,,,,,,,,,,,,,,,,,https://cdn.shopify.com/s/files/1/0626/6119/8023/files/PURPLE_MUSK_20_ML_-_Khadlaj_Perfumes-1965796.jpg?v=1722411845,2,PURPLE MUSK 20 ML - Khadlaj Perfumes,,,,,,,,,,,,,,,,,,,,,,,,,,,,,,,,,,,,,,,,,,,,,,,,,,,,,,,,,,,
purple-musk-20-ml,,,,,,,,,,,,,,,,,,,,,,,,,,,,,,,https://cdn.shopify.com/s/files/1/0626/6119/8023/files/PURPLE_MUSK_20_ML_-_Khadlaj_Perfumes-1965799.jpg?v=1722411854,3,PURPLE MUSK 20 ML - Khadlaj Perfumes,,,,,,,,,,,,,,,,,,,,,,,,,,,,,,,,,,,,,,,,,,,,,,,,,,,,,,,,,,,
malika-red-20-ml,MALIKA RED 20 ML,"<p data-mce-fragment=""1"">Introducing MALIKA RED, an enchanting concentrated perfume oil from Khadlaj Perfumes, designed to envelop you in a captivating aura of timeless elegance and allure. Crafted with precision and care, this fragrance is a celebration of femininity and sophistication, capturing the essence of pure luxury in every drop.</p>
<p data-mce-fragment=""1""><strong data-mce-fragment=""1"">Top Notes - Grapefruit, Ylang Ylang, Rhubarb, Wild Berries:</strong> MALIKA RED opens with a burst of fruity freshness, as the zesty notes of Grapefruit and the exotic allure of Ylang Ylang blend with the tangy sweetness of Rhubarb and the luscious aroma of Wild Berries. This invigorating top note combination sets the stage for a fragrance experience that is both vibrant and alluring, awakening the senses with its youthful charm.</p>
<p data-mce-fragment=""1""><strong data-mce-fragment=""1"">Middle Notes - Lily of the Valley, Jasmine, Orange Blossom, Coconut:</strong> As the fragrance evolves, the heart notes reveal a lush bouquet of florals, with Lily of the Valley, Jasmine, and Orange Blossom taking center stage. These delicate blooms are complemented by the creamy sweetness of Coconut, adding a touch of tropical elegance to the composition. Together, these middle notes create an intoxicating blend that captivates and enchants, evoking the feeling of wandering through a sun-drenched garden.</p>
<p data-mce-fragment=""1""><strong data-mce-fragment=""1"">Base Notes - Musk, Peach, Apricot, Cedarwood:</strong> The grand finale of MALIKA RED is a base that leaves a lasting impression of warmth and sensuality. Musk and Cedarwood provide a solid foundation, while the juicy sweetness of Peach and Apricot adds a touch of femininity and sophistication. This captivating base note combination creates a mesmerizing trail that lingers on the skin, leaving behind an irresistible aura of elegance and allure.</p>
<p data-mce-fragment=""1""><strong data-mce-fragment=""1"">Luxurious Packaging:</strong> Encased in an elegant and sophisticated bottle, MALIKA RED reflects the luxury and refinement synonymous with Khadlaj Perfumes. The sleek design and intricate detailing make it a perfect addition to any fragrance collection, while its convenient size allows for easy application whenever you desire a touch of indulgence.</p>
<p data-mce-fragment=""1""><strong data-mce-fragment=""1"">Experience Pure Luxury:</strong> With its captivating blend of notes, MALIKA RED invites you to experience the pure luxury and allure of timeless elegance. This fragrance is a celebration of femininity and sophistication, leaving a trail of delicate charm wherever you go. Experience the essence of MALIKA RED by Khadlaj Perfumes – a fragrance crafted for those who embrace their inner queen and radiate effortless grace.</p>",Khadlaj Perfumes,Health & Beauty > Personal Care > Cosmetics > Perfumes & Colognes,CPO,"concentrated perfume oil, CPO, Deals, perfume oil, Women",true,Size,20 ML,,,,,,,,'6291107977089,500.0,shopify,deny,manual,80.00,100.00,true,true,,,,,'6291107977089,https://cdn.shopify.com/s/files/1/0626/6119/8023/files/MALIKA_RED_20_ML_-_Khadlaj_Perfumes-1965397.jpg?v=1722411086,1,MALIKA RED 20 ML - Khadlaj Perfumes,false,"Rose, Musk, Floral Fragrance | Luxury Perfume Oil Online","Malika Red 20ml perfume oil with floral and fruity notes for women. Long-lasting, alcohol-free fragrance perfect for everyday wear. Shop online in UAE.",,,,,,,,,,,,,,,,,,,,,,,,,,,,,,,,g,,,true,,,true,,,true,,,true,,,true,,,true,,,true,,,active
malika-red-20-ml,,,,,,,,,,,,,,,,,,,,,,,,,,,,,,,https://cdn.shopify.com/s/files/1/0626/6119/8023/files/MALIKA_RED_20_ML_-_Khadlaj_Perfumes-1965402.jpg?v=1722411093,2,MALIKA RED 20 ML - Khadlaj Perfumes,,,,,,,,,,,,,,,,,,,,,,,,,,,,,,,,,,,,,,,,,,,,,,,,,,,,,,,,,,,
malika-red-20-ml,,,,,,,,,,,,,,,,,,,,,,,,,,,,,,,https://cdn.shopify.com/s/files/1/0626/6119/8023/files/MALIKA_RED_20_ML_-_Khadlaj_Perfumes-1965405.jpg?v=1722411102,3,MALIKA RED 20 ML - Khadlaj Perfumes,,,,,,,,,,,,,,,,,,,,,,,,,,,,,,,,,,,,,,,,,,,,,,,,,,,,,,,,,,,
malika-red-20-ml,,,,,,,,,,,,,,,,,,,,,,,,,,,,,,,https://cdn.shopify.com/s/files/1/0626/6119/8023/files/MALIKA_RED_20_ML_-_Khadlaj_Perfumes-1965408.jpg?v=1722411109,4,MALIKA RED 20 ML - Khadlaj Perfumes,,,,,,,,,,,,,,,,,,,,,,,,,,,,,,,,,,,,,,,,,,,,,,,,,,,,,,,,,,,
malika-green-20-ml,MALIKA GREEN 20 ML,"<p data-mce-fragment=""1"">Introducing MALIKA GREEN, an enchanting concentrated perfume oil from Khadlaj Perfumes, designed to whisk you away on a journey through lush gardens and vibrant orchards. Crafted with meticulous attention to detail, this fragrance is a celebration of freshness and sophistication, capturing the essence of natural beauty in every drop.</p>
<p data-mce-fragment=""1""><strong data-mce-fragment=""1"">Top Notes - Apple, Black Currant, Grapefruit, Lychee:</strong> MALIKA GREEN opens with a burst of fruity freshness, as the crisp notes of Apple and Black Currant mingle with the tangy sweetness of Grapefruit and the exotic allure of Lychee. This invigorating top note combination sets the stage for a fragrance experience that is both vibrant and uplifting, awakening the senses with its youthful charm.</p>
<p data-mce-fragment=""1""><strong data-mce-fragment=""1"">Middle Notes - Raspberry, Jasmine, Rose:</strong> As the fragrance unfolds, the heart notes reveal a lush bouquet of florals, with Raspberry, Jasmine, and Rose taking center stage. These delicate blooms are complemented by the juicy sweetness of Raspberry, adding a touch of romantic elegance to the composition. Together, these middle notes create an intoxicating blend that captivates and enchants, evoking the feeling of strolling through a blooming garden on a warm spring day.</p>
<p data-mce-fragment=""1""><strong data-mce-fragment=""1"">Base Notes - Sugar, Vanilla, Moss, Amber, Musk:</strong> The grand finale of MALIKA GREEN is a base that leaves a lasting impression of warmth and sensuality. Sugar and Vanilla provide a sweet and comforting embrace, while Moss and Amber add a touch of earthy sophistication. Musk envelops the fragrance in a velvety veil, creating a captivating trail that lingers on the skin, leaving behind an irresistible aura of elegance and allure.</p>
<p data-mce-fragment=""1""><strong data-mce-fragment=""1"">Luxurious Packaging:</strong> Encased in an elegant and sophisticated bottle, MALIKA GREEN reflects the natural beauty and refinement synonymous with Khadlaj Perfumes. The sleek design and intricate detailing make it a perfect addition to any fragrance collection, while its convenient size allows for easy application whenever you desire a touch of indulgence.</p>
<p data-mce-fragment=""1""><strong data-mce-fragment=""1"">Experience Natural Beauty:</strong> With its captivating blend of notes, MALIKA GREEN invites you to experience the natural beauty and allure of lush gardens and vibrant orchards. This fragrance is a celebration of freshness and sophistication, leaving a trail of delicate charm wherever you go. Experience the essence of MALIKA GREEN by Khadlaj Perfumes – a fragrance crafted for those who embrace the beauty of nature and radiate effortless grace.</p>",Khadlaj Perfumes,Health & Beauty > Personal Care > Cosmetics > Perfumes & Colognes,CPO,"concentrated perfume oil, CPO, Deals, Men, perfume oil, Women",true,Size,20 ML,,,,,,,,'6291107977096,500.0,shopify,deny,manual,80.00,100.00,true,true,,,,,'6291107977096,https://cdn.shopify.com/s/files/1/0626/6119/8023/files/MALIKA_GREEN_20_ML_-_Khadlaj_Perfumes-1965381.jpg?v=1722411049,1,MALIKA GREEN 20 ML - Khadlaj Perfumes,false,"Green, Woody, Fresh Fragrance | Premium Perfume Oil Online","Malika Green 20ml perfume oil crafted with woody, fresh, and floral notes. Non-alcoholic luxury fragrance for women to shop online in Dubai and UAE.",,,,,,,,,,,,,,,,,,,,,,,,,,,,,,,,g,,,true,,,true,,,true,,,true,,,true,,,true,,,true,,,active
malika-green-20-ml,,,,,,,,,,,,,,,,,,,,,,,,,,,,,,,https://cdn.shopify.com/s/files/1/0626/6119/8023/files/MALIKA_GREEN_20_ML_-_Khadlaj_Perfumes-1965384.jpg?v=1722411061,2,MALIKA GREEN 20 ML - Khadlaj Perfumes,,,,,,,,,,,,,,,,,,,,,,,,,,,,,,,,,,,,,,,,,,,,,,,,,,,,,,,,,,,
malika-green-20-ml,,,,,,,,,,,,,,,,,,,,,,,,,,,,,,,https://cdn.shopify.com/s/files/1/0626/6119/8023/files/MALIKA_GREEN_20_ML_-_Khadlaj_Perfumes-1965389.jpg?v=1722411070,3,MALIKA GREEN 20 ML - Khadlaj Perfumes,,,,,,,,,,,,,,,,,,,,,,,,,,,,,,,,,,,,,,,,,,,,,,,,,,,,,,,,,,,
malika-green-20-ml,,,,,,,,,,,,,,,,,,,,,,,,,,,,,,,https://cdn.shopify.com/s/files/1/0626/6119/8023/files/MALIKA_GREEN_20_ML_-_Khadlaj_Perfumes-1965393.jpg?v=1722411078,4,MALIKA GREEN 20 ML - Khadlaj Perfumes,,,,,,,,,,,,,,,,,,,,,,,,,,,,,,,,,,,,,,,,,,,,,,,,,,,,,,,,,,,
frash-shamookh-air-freshener-320ml,FRASH SHAMOOKH AIR FRESHENER 320ML,"<p>Introducing FRASH SHAMOOKH AIR FRESHENER by Khadlaj Perfumes, a delightful fusion of refreshing scents that invigorate your surroundings with every spritz. Crafted with a blend of carefully selected notes, this air freshener is designed to elevate your space and transport you to a realm of tranquility and serenity.</p>
<p><strong>Top Notes - Watermelon, Lavender, Bergamot:</strong> FRASH SHAMOOKH opens with a burst of fruity freshness, as the juicy notes of Watermelon mingle with the soothing aroma of Lavender and the citrusy brightness of Bergamot. This invigorating top note combination sets the stage for a refreshing fragrance experience that awakens the senses and uplifts the mood.</p>
<p><strong>Middle Notes - Lotus, Jasmine:</strong> As the fragrance unfolds, the heart notes reveal a delicate floral bouquet, with Lotus and Jasmine taking center stage. These fragrant blooms infuse the air with their intoxicating aroma, adding a touch of elegance and sophistication to your surroundings. The combination of Lotus and Jasmine creates a harmonious blend that captivates the senses and evokes a sense of calm and relaxation.</p>
<p><strong>Base Notes - Sandalwood, Amber, Musk:</strong> The base notes of FRASH SHAMOOKH are warm and inviting, with Sandalwood, Amber, and Musk providing a solid foundation. Sandalwood adds a creamy richness, while Amber brings a sense of warmth and depth to the fragrance. Musk envelops the scent in a velvety embrace, creating a lingering trail that leaves a lasting impression.</p>
<p><strong>Elevate Your Space:</strong> Whether you're at home, in the office, or on the go, FRASH SHAMOOKH AIR FRESHENER is the perfect way to elevate your space and create an inviting atmosphere. With its refreshing blend of notes, this air freshener is sure to rejuvenate your surroundings and leave them smelling fresh and delightful.</p>
<p><strong>Experience Tranquility:</strong> Indulge your senses and experience the tranquility of FRASH SHAMOOKH AIR FRESHENER by Khadlaj Perfumes. With its invigorating scent and long-lasting freshness, this air freshener is the perfect way to infuse your space with a sense of serenity and relaxation.</p>
<p><strong>Spritz and Refresh:</strong> Simply spritz FRASH SHAMOOKH AIR FRESHENER in any room to instantly refresh the air and create a welcoming ambiance. Whether you're entertaining guests, working from home, or simply unwinding after a long day, let FRASH SHAMOOKH envelop you in its refreshing embrace.</p>",Khadlaj Perfumes,Home & Garden > Decor > Home Fragrances > Air Fresheners,AIR FRESHENER,AIR FRESHNER,true,Size,320 ML,,,,,,,,'6291107976884,500.0,shopify,deny,manual,35.00,,true,true,,,,,'6291107976884,https://cdn.shopify.com/s/files/1/0626/6119/8023/files/FRASH_SHAMOOKH_AIR_FRESHENER_320ML_-_Khadlaj_Perfumes-1964639.jpg?v=1722409649,1,FRASH SHAMOOKH AIR FRESHENER 320ML - Khadlaj Perfumes,false,Fresh Floral Home Fragrance - Luxury Air Freshener Oil,Fresh floral home fragrance with long-lasting aroma. Premium air freshener for a luxurious ambiance.,,,,,,,,,,,,,"<div class=""pyramid-section_lists""><h6 style=""font-weight:600;"">Top Notes</h6>
<p>Watermelon, Lavender and Bergamot</p>
</div>
<div class=""pyramid-section_lists""><h6 style=""font-weight:600;"">Middle Notes</h6>
<p>Lotus and Jasmine</p>
</div>
<div class=""pyramid-section_lists""><h6 style=""font-weight:600;"">Base Notes</h6>
<p>Sandalwood, Amber and Musk</p>
</div>",,,,,,,,,,,,,,,,,,,g,,,true,,,true,,,true,,,true,,,true,,,true,,,true,,,active
frash-shamookh-air-freshener-320ml,,,,,,,,,,,,,,,,,,,,,,,,,,,,,,,https://cdn.shopify.com/s/files/1/0626/6119/8023/files/FRASH_SHAMOOKH_AIR_FRESHENER_320ML_-_Khadlaj_Perfumes-1964643.jpg?v=1722409655,2,FRASH SHAMOOKH AIR FRESHENER 320ML - Khadlaj Perfumes,,,,,,,,,,,,,,,,,,,,,,,,,,,,,,,,,,,,,,,,,,,,,,,,,,,,,,,,,,,
frash-shamookh-air-freshener-320ml,,,,,,,,,,,,,,,,,,,,,,,,,,,,,,,https://cdn.shopify.com/s/files/1/0626/6119/8023/files/FRASH_SHAMOOKH_AIR_FRESHENER_320ML_-_Khadlaj_Perfumes-1964647.jpg?v=1722409662,3,FRASH SHAMOOKH AIR FRESHENER 320ML - Khadlaj Perfumes,,,,,,,,,,,,,,,,,,,,,,,,,,,,,,,,,,,,,,,,,,,,,,,,,,,,,,,,,,,
frash-al-majalis-air-freshener-320ml,FRASH AL MAJALIS AIR FRESHENER 320ML,"<p>Introducing FRASH AL MAJALIS AIR FRESHENER 320ML by Khadlaj Perfumes, a luxurious fragrance experience designed to elevate your surroundings with a captivating blend of notes. Crafted with care and precision, this air freshener infuses your space with an enchanting aroma that transforms any room into a sanctuary of opulence and sophistication.</p>
<p><strong>Top Notes - Saffron:</strong> FRASH AL MAJALIS opens with the rich and exotic scent of Saffron, a prized ingredient known for its warm and spicy aroma. This top note sets the stage for an indulgent fragrance journey, enveloping your senses in a veil of luxury from the very first spritz.</p>
<p><strong>Middle Notes - Orris, Rose:</strong> As the fragrance unfolds, the heart notes reveal a delicate floral bouquet, with Orris and Rose taking center stage. Orris lends a powdery and elegant quality, while Rose adds a touch of romance and femininity. Together, these middle notes create a harmonious blend that evokes feelings of grace and sophistication.</p>
<p><strong>Base Notes - Oud, Vanilla, Leather:</strong> The base notes of FRASH AL MAJALIS are warm and inviting, with Oud, Vanilla, and Leather providing a luxurious foundation. Oud adds depth and complexity, while Vanilla brings a sweet and comforting warmth. Leather adds a touch of rugged elegance, creating a captivating aroma that lingers in the air long after the initial spray.</p>
<p><strong>Elevate Your Space:</strong> Whether you're hosting guests, relaxing at home, or creating a welcoming atmosphere in your office, FRASH AL MAJALIS AIR FRESHENER 320ML is the perfect way to elevate your space. With its luxurious scent and long-lasting freshness, this air freshener transforms any room into a haven of comfort and indulgence.</p>
<p><strong>Experience Luxury:</strong> Indulge your senses and experience the luxury of FRASH AL MAJALIS AIR FRESHENER 320ML by Khadlaj Perfumes. With its exquisite blend of notes, this air freshener brings a touch of opulence to your everyday life, creating an atmosphere of refinement and sophistication.</p>
<p><strong>Spritz and Refresh:</strong> Simply spritz FRASH AL MAJALIS AIR FRESHENER 320ML in any room to instantly refresh the air and infuse your space with its enchanting aroma. Whether you're seeking relaxation, inspiration, or simply a moment of indulgence, let FRASH AL MAJALIS transport you to a world of luxury and elegance.</p>",Khadlaj Perfumes,Home & Garden > Decor > Home Fragrances > Air Fresheners,AIR FRESHENER,AIR FRESHNER,true,Size,320 ML,,,,,,,,'6291107976914,500.0,shopify,deny,manual,35.00,,true,true,,,,,'6291107976914,https://cdn.shopify.com/s/files/1/0626/6119/8023/files/FRASH_AL_MAJALIS_AIR_FRESHENER_320ML_-_Khadlaj_Perfumes-1964465.jpg?v=1722409395,1,FRASH AL MAJALIS AIR FRESHENER 320ML - Khadlaj Perfumes,false,,,,,,,,,,,,,,,"<div class=""pyramid-section_lists""><h6 style=""font-weight:600;"">Top Notes</h6>
<p>Saffron</p>
</div>
<div class=""pyramid-section_lists""><h6 style=""font-weight:600;"">Middle Notes</h6>
<p>Orris, rose</p>
</div>
<div class=""pyramid-section_lists""><h6 style=""font-weight:600;"">Base Notes</h6>
<p>Oud, Vanilla, Leather</p>
</div>",,,,,,,,,,,,,,,,,,,g,,,true,,,true,,,true,,,true,,,true,,,true,,,true,,,active
frash-al-majalis-air-freshener-320ml,,,,,,,,,,,,,,,,,,,,,,,,,,,,,,,https://cdn.shopify.com/s/files/1/0626/6119/8023/files/FRASH_AL_MAJALIS_AIR_FRESHENER_320ML_-_Khadlaj_Perfumes-1964470.jpg?v=1722409402,2,FRASH AL MAJALIS AIR FRESHENER 320ML - Khadlaj Perfumes,,,,,,,,,,,,,,,,,,,,,,,,,,,,,,,,,,,,,,,,,,,,,,,,,,,,,,,,,,,
frash-al-majalis-air-freshener-320ml,,,,,,,,,,,,,,,,,,,,,,,,,,,,,,,https://cdn.shopify.com/s/files/1/0626/6119/8023/files/FRASH_AL_MAJALIS_AIR_FRESHENER_320ML_-_Khadlaj_Perfumes-1964474.jpg?v=1722409409,3,FRASH AL MAJALIS AIR FRESHENER 320ML - Khadlaj Perfumes,,,,,,,,,,,,,,,,,,,,,,,,,,,,,,,,,,,,,,,,,,,,,,,,,,,,,,,,,,,
le-prestige-bold-100-ml-edp-spray-trending-perfume-for-women,LE PRESTIGE BOLD 100 ML EDP SPRAY,"<p>Introducing LÉ PRESTIGE BOLD by Khadlaj Perfumes, a fragrance that embodies strength, confidence, and sophistication. Crafted with a blend of luxurious notes, this scent is designed to make a bold statement and leave a lasting impression.</p>
<p><strong>Top Notes - Bergamot, Jasmine</strong></p>
<p><strong>Middle Notes - Amber, Saffron </strong></p>
<p><strong>Base Notes - Fir, Cedarwood</strong></p>
<p><strong>Make a Statement:</strong> With its bold blend of notes, LÉ PRESTIGE BOLD is the perfect fragrance for those who want to make a statement and stand out from the crowd. Whether you're heading to a formal event or simply want to leave a lasting impression, this scent is sure to turn heads and command attention.</p>
<p><strong>Embrace Confidence:</strong> Embrace your inner confidence and sophistication with LÉ PRESTIGE BOLD by Khadlaj Perfumes. With its luxurious blend of notes and undeniable allure, this fragrance is the perfect choice for those who aren't afraid to make a bold statement and leave their mark wherever they go.</p>
<p><strong>Experience Boldness:</strong> Treat yourself to the luxurious experience of LÉ PRESTIGE BOLD and elevate your senses to new heights of sophistication and refinement. Whether you're dressing up for a special occasion or simply want to feel your best every day, this fragrance is sure to inspire confidence and leave you feeling bold and empowered.</p>",Khadlaj Perfumes,Health & Beauty > Personal Care > Cosmetics > Perfumes & Colognes,PERFUME SPRAY,"30% offer, Deals, Perfume Spray, UNISEX, Women",true,Size,100 ML,,,,,,,,'6291107975924,1000.0,shopify,deny,manual,100.00,150.00,true,true,,,,,'6291107975924,https://cdn.shopify.com/s/files/1/0626/6119/8023/files/LE_PRESTIGE_BOLD_100_ML_EDP_SPRAY_-_Khadlaj_Perfumes-1965224.jpg?v=1783948762,1,LÉ PRESTIGE BOLD 100 ML EDP SPRAY - Khadlaj Perfumes,false,Le Prestige Bold 100ml EDP | Trending Perfume | Khadlaj Perfumes,"Looking for a trending perfume? Le Prestige Bold 100ml EDP by Khadlaj Perfumes blends bergamot, jasmine, amber, and saffron for a bold, lasting impression. Shop now!",,,,,,,,,,,,,"<div class=""pyramid-section_lists""><h6 style=""font-weight:600;"">Top Notes</h6>
<p>Bergamot, Jasmine</p>
</div>
<div class=""pyramid-section_lists""><h6 style=""font-weight:600;"">Middle Notes</h6>
<p>Amber, Saffron</p>
</div>
<div class=""pyramid-section_lists""><h6 style=""font-weight:600;"">Base Notes</h6>
<p>Fir, Cedarwood</p>
</div>",,,,,,,,,,special-occasion; casual; formal,,,jasmine; citrus,spring; fall; winter,female,,,,g,,,true,,,true,,,true,,,true,,,true,,,true,,,true,,,active
le-prestige-bold-100-ml-edp-spray-trending-perfume-for-women,,,,,,,,,,,,,,,,,,,,,,,,,,,,,,,https://cdn.shopify.com/s/files/1/0626/6119/8023/files/LE_PRESTIGE_BOLD_100_ML_EDP_SPRAY_-_Khadlaj_Perfumes-1965219.jpg?v=1722410739,2,LÉ PRESTIGE BOLD 100 ML EDP SPRAY - Khadlaj Perfumes,,,,,,,,,,,,,,,,,,,,,,,,,,,,,,,,,,,,,,,,,,,,,,,,,,,,,,,,,,,
le-prestige-bold-100-ml-edp-spray-trending-perfume-for-women,,,,,,,,,,,,,,,,,,,,,,,,,,,,,,,https://cdn.shopify.com/s/files/1/0626/6119/8023/files/LE_PRESTIGE_BOLD_100_ML_EDP_SPRAY_-_Khadlaj_Perfumes-1965227.jpg?v=1722410755,3,LÉ PRESTIGE BOLD 100 ML EDP SPRAY - Khadlaj Perfumes,,,,,,,,,,,,,,,,,,,,,,,,,,,,,,,,,,,,,,,,,,,,,,,,,,,,,,,,,,,
le-prestige-bold-100-ml-edp-spray-trending-perfume-for-women,,,,,,,,,,,,,,,,,,,,,,,,,,,,,,,https://cdn.shopify.com/s/files/1/0626/6119/8023/files/LE_PRESTIGE_BOLD_100_ML_EDP_SPRAY_-_Khadlaj_Perfumes-1965231.jpg?v=1722410765,4,LÉ PRESTIGE BOLD 100 ML EDP SPRAY - Khadlaj Perfumes,,,,,,,,,,,,,,,,,,,,,,,,,,,,,,,,,,,,,,,,,,,,,,,,,,,,,,,,,,,
kayaan-gold-20-ml-for-women,KAYAAN GOLD 20 ML,"<p data-mce-fragment=""1"">Introducing KAYAAN GOLD oil by Khadlaj Perfumes, a luxurious and captivating fragrance oil that embodies sophistication and allure. Crafted with a harmonious blend of exquisite notes, KAYAAN GOLD oil promises to elevate your scent experience to new heights.</p>
<p data-mce-fragment=""1""><strong data-mce-fragment=""1"">Top Notes: Bergamot, Pink Pepper, Incense</strong> The journey begins with a burst of Pink Pepper, lending a spicy and vibrant aroma that tantalizes the senses. This is complemented by the rich and smoky notes of Incense, balanced by the citrusy freshness of Bergamot, creating an enticing opening that sets the stage for the opulent layers to come.</p>
<p data-mce-fragment=""1""><strong data-mce-fragment=""1"">Middle Notes: Oud, Leather, Cashmere Wood</strong> As the fragrance evolves, the heart reveals a lavish blend of Oud, renowned for its deep and earthy richness, intertwined with the luxurious sensuality of Leather accord. Cashmere Wood adds a touch of warmth and sophistication, enveloping you in a veil of elegance and allure.</p>
<p data-mce-fragment=""1""><strong data-mce-fragment=""1"">Base Notes: Vanilla, Patchouli, Moss</strong> The journey culminates in a base of unparalleled richness and depth. Vanilla brings a creamy sweetness, while Patchouli adds an earthy complexity. Moss adds a green and mossy aroma, grounding the fragrance with a touch of natural freshness.</p>
<p data-mce-fragment=""1"">Indulge in the opulence of KAYAAN GOLD oil and experience a scent that is as captivating as it is luxurious. Whether worn alone or layered with your favorite fragrance, KAYAAN GOLD oil is sure to leave a lasting impression, making every moment an unforgettable one.</p>",Khadlaj Perfumes,Health & Beauty > Personal Care > Cosmetics > Perfumes & Colognes,CPO,"concentrated perfume oil, CPO, Deals, Men, UNISEX",true,Size,20 ML,,,,,,,,'6291107977102,500.0,shopify,deny,manual,80.00,100.00,true,true,,,,,'6291107977102,https://cdn.shopify.com/s/files/1/0626/6119/8023/files/KAYAAN_GOLD_20_ML_-_Khadlaj_Perfumes-1964860.jpg?v=1722410013,1,KAYAAN GOLD 20 ML - Khadlaj Perfumes,false,"Bergamot, Oud Fragrance | Luxury Perfume Oil For Women","Shop Khadlaj Kayaan Gold 20 ml Perfume Oil — premium perfume oils, arabian perfume oils, oil perfume fragrances, perfumery oils with luxurious floral & amber tones.",,,,,,,,,,,,,"<div class=""pyramid-section_lists""><h6 style=""font-weight:600;"">Top Notes</h6>
<p> Bergamot, Pink Pepper, Incense </p>
</div>
<div class=""pyramid-section_lists""><h6 style=""font-weight:600;"">Middle Notes</h6>
<p> Oud, Leather, Cashmere Wood </p>
</div>
<div class=""pyramid-section_lists""><h6 style=""font-weight:600;"">Base Notes</h6>
<p>Vanilla, Patchouli, Moss </p>
</div>",,,,,,,,,,everyday; formal; casual; special-occasion,,,woody; vanilla; spicy,fall; winter; spring,unisex; male,,,,g,,,true,,,true,,,true,,,true,,,true,,,true,,,true,,,active
kayaan-gold-20-ml-for-women,,,,,,,,,,,,,,,,,,,,,,,,,,,,,,,https://cdn.shopify.com/s/files/1/0626/6119/8023/files/KAYAAN_GOLD_20_ML_-_Khadlaj_Perfumes-1964865.jpg?v=1722410025,2,KAYAAN GOLD 20 ML - Khadlaj Perfumes,,,,,,,,,,,,,,,,,,,,,,,,,,,,,,,,,,,,,,,,,,,,,,,,,,,,,,,,,,,
kayaan-gold-20-ml-for-women,,,,,,,,,,,,,,,,,,,,,,,,,,,,,,,https://cdn.shopify.com/s/files/1/0626/6119/8023/files/KAYAAN_GOLD_20_ML_-_Khadlaj_Perfumes-1964871.jpg?v=1722410033,3,KAYAAN GOLD 20 ML - Khadlaj Perfumes,,,,,,,,,,,,,,,,,,,,,,,,,,,,,,,,,,,,,,,,,,,,,,,,,,,,,,,,,,,
kayaan-gold-20-ml-for-women,,,,,,,,,,,,,,,,,,,,,,,,,,,,,,,https://cdn.shopify.com/s/files/1/0626/6119/8023/files/KAYAAN_GOLD_20_ML_-_Khadlaj_Perfumes-1964876.jpg?v=1722410041,4,KAYAAN GOLD 20 ML - Khadlaj Perfumes,,,,,,,,,,,,,,,,,,,,,,,,,,,,,,,,,,,,,,,,,,,,,,,,,,,,,,,,,,,
frash-qissa-air-freshener-320ml,FRASH QISSA AIR FRESHENER 320ML,"<p>Introducing FRASH QISSA AIR FRESHENER 320ML by Khadlaj Perfumes, a captivating blend of exquisite notes that elevate your surroundings to new heights of luxury and sophistication.</p>
<p><strong>Top notes: Bergamot, Davana, and Pink Pepper</strong> The journey begins with a burst of freshness, as Bergamot and Davana mingle with the spicy allure of Pink Pepper. This invigorating combination sets the stage for a vibrant and uplifting experience.</p>
<p><strong>Middle notes: Agarwood, White Amber, and Rosemary</strong> As the fragrance unfolds, the heart reveals a rich and aromatic blend of Agarwood and White Amber, adding depth and complexity to the composition. Rosemary lends a herbal freshness, evoking a sense of tranquility and serenity.</p>
<p><strong>Base notes: Leather, Haitian Vetiver, and Musk</strong> The journey culminates in a base of unparalleled richness and sophistication. Leather adds a touch of elegance, while Haitian Vetiver brings a smoky earthiness. Musk adds a warm and sensual allure, leaving a lasting impression.</p>
<p>Indulge in the luxurious aroma of FRASH QISSA AIR FRESHENER 320ML and transform any space into a haven of opulence and refinement. Whether used in your home, office, or car, this exquisite air freshener promises to elevate your surroundings and leave a lasting impression.</p>",Khadlaj Perfumes,Home & Garden > Decor > Home Fragrances > Air Fresheners,AIR FRESHENER,AIR FRESHNER,true,Size,320 ML,,,,,,,,'6291107976907,500.0,shopify,deny,manual,35.00,,true,true,,,,,'6291107976907,https://cdn.shopify.com/s/files/1/0626/6119/8023/files/FRASH_QISSA_AIR_FRESHENER_320ML_-_Khadlaj_Perfumes-1964615.jpg?v=1722409613,1,FRASH QISSA AIR FRESHENER 320ML - Khadlaj Perfumes,false,Luxury Air Freshener - Floral & Musk Home Fragrance,Luxury air freshener with floral and musk fragrance for a premium home ambiance. Long-lasting and elegant.,,,,,,,,,,,,,"<div class=""pyramid-section_lists""><h6 style=""font-weight:600;"">Top Notes</h6>
<p>Bergamot, Davana and Pink Pepper</p>
</div>
<div class=""pyramid-section_lists""><h6 style=""font-weight:600;"">Middle Notes</h6>
<p>Agarwood, White Amber and Rosemary</p>
</div>
<div class=""pyramid-section_lists""><h6 style=""font-weight:600;"">Base Notes</h6>
<p>Leather, Haitian Vetiver and Musk</p>
</div>",,,,,,,,,,,,,,,,,,,g,,,true,,,true,,,true,,,true,,,true,,,true,,,true,,,active
frash-qissa-air-freshener-320ml,,,,,,,,,,,,,,,,,,,,,,,,,,,,,,,https://cdn.shopify.com/s/files/1/0626/6119/8023/files/FRASH_QISSA_AIR_FRESHENER_320ML_-_Khadlaj_Perfumes-1964618.jpg?v=1722409619,2,FRASH QISSA AIR FRESHENER 320ML - Khadlaj Perfumes,,,,,,,,,,,,,,,,,,,,,,,,,,,,,,,,,,,,,,,,,,,,,,,,,,,,,,,,,,,
frash-qissa-air-freshener-320ml,,,,,,,,,,,,,,,,,,,,,,,,,,,,,,,https://cdn.shopify.com/s/files/1/0626/6119/8023/files/FRASH_QISSA_AIR_FRESHENER_320ML_-_Khadlaj_Perfumes-1964622.jpg?v=1722409626,3,FRASH QISSA AIR FRESHENER 320ML - Khadlaj Perfumes,,,,,,,,,,,,,,,,,,,,,,,,,,,,,,,,,,,,,,,,,,,,,,,,,,,,,,,,,,,
frash-qissa-air-freshener-320ml,,,,,,,,,,,,,,,,,,,,,,,,,,,,,,,https://cdn.shopify.com/s/files/1/0626/6119/8023/files/FRASH_QISSA_AIR_FRESHENER_320ML_-_Khadlaj_Perfumes-1964627.jpg?v=1722409633,4,FRASH QISSA AIR FRESHENER 320ML - Khadlaj Perfumes,,,,,,,,,,,,,,,,,,,,,,,,,,,,,,,,,,,,,,,,,,,,,,,,,,,,,,,,,,,
qalbi-lak-2-pcs-edp-gift-set,QALBI LAK 2 PCS EDP GIFT SET,"<p>Introducing the QALBI LAK gift set by Khadlaj Perfumes, a captivating ensemble crafted to enchant the senses and warm the heart. Encased in a luxurious package, this set features our signature QALBI LAK fragrance, designed to evoke love and passion with every spritz. Accompanied by complementary body care essentials, this gift set is the perfect gesture to express your affection and admiration for someone special. Let the enchanting aroma of QALBI LAK envelop you and your loved ones, creating cherished memories that last a lifetime.</p>
<script type="""" application>
{
  """"@context"""": """"https://schema.org"""",
  """"@type"""": """"Product"""",
  """"name"""": """"Qalbi Lak Gift Set | Perfume Gift for Women | Khadlaj Perfumes"""",
  """"url"""": """"https://khadlaj-perfumes.com/collections/gift-sets-perfect-for-loved-ones-best-for-any-occassion/products/qalbi-lak-2-pcs-edp-gift-set"""",
  """"description"""": """"Searching for a perfect perfume gift for women? Khadlaj Perfumes presents the Qalbi Lak 2-piece EDP gift set—graceful, elegant, and timeless. Shop now!"""",
  """"brand"""": {
    """"@type"""": """"Brand"""",
    """"name"""": """"Khadlaj Perfumes""""
  },
  """"offers"""": {
    """"@type"""": """"Offer"""",
    """"url"""": """"https://khadlaj-perfumes.com/collections/gift-sets-perfect-for-loved-ones-best-for-any-occassion/products/qalbi-lak-2-pcs-edp-gift-set"""",
    """"availability"""": """"https://schema.org/InStock""""
  }
}
</script>",Khadlaj Perfumes,Health & Beauty > Personal Care > Cosmetics > Perfumes & Colognes,Gift Sets,giftset,true,Size,Gift Set,,,,,,,,'6291107977904,1095.0,shopify,deny,manual,110.00,,true,true,,,,,'6291107977904,https://cdn.shopify.com/s/files/1/0626/6119/8023/files/QALBI_LAK_2_PCS_EDP_GIFT_SET_-_Khadlaj_Perfumes-1965804.jpg?v=1722411860,1,QALBI LAK 2 PCS EDP GIFT SET - Khadlaj Perfumes,false,Qalbi Lak Gift Set | Perfume Gift for Women | Khadlaj Perfumes,"Searching for a perfect perfume gift for women? Khadlaj Perfumes presents the Qalbi Lak 2-piece EDP gift set—graceful, elegant, and timeless. Shop now!",,,,,,,,,,,,,,,,,,,,,,,,,,,,,,,,g,,,true,,,true,,,true,,,true,,,true,,,true,,,true,,,active
qalbi-lak-2-pcs-edp-gift-set,,,,,,,,,,,,,,,,,,,,,,,,,,,,,,,https://cdn.shopify.com/s/files/1/0626/6119/8023/files/QALBI_LAK_2_PCS_EDP_GIFT_SET_-_Khadlaj_Perfumes-1965808.jpg?v=1722411865,2,QALBI LAK 2 PCS EDP GIFT SET - Khadlaj Perfumes,,,,,,,,,,,,,,,,,,,,,,,,,,,,,,,,,,,,,,,,,,,,,,,,,,,,,,,,,,,
qalbi-lak-2-pcs-edp-gift-set,,,,,,,,,,,,,,,,,,,,,,,,,,,,,,,https://cdn.shopify.com/s/files/1/0626/6119/8023/files/QALBI_LAK_2_PCS_EDP_GIFT_SET_-_Khadlaj_Perfumes-1965811.jpg?v=1722411871,3,QALBI LAK 2 PCS EDP GIFT SET - Khadlaj Perfumes,,,,,,,,,,,,,,,,,,,,,,,,,,,,,,,,,,,,,,,,,,,,,,,,,,,,,,,,,,,
qalbi-lak-2-pcs-edp-gift-set,,,,,,,,,,,,,,,,,,,,,,,,,,,,,,,https://cdn.shopify.com/s/files/1/0626/6119/8023/files/QALBI_LAK_2_PCS_EDP_GIFT_SET_-_Khadlaj_Perfumes-1965815.jpg?v=1722411877,4,QALBI LAK 2 PCS EDP GIFT SET - Khadlaj Perfumes,,,,,,,,,,,,,,,,,,,,,,,,,,,,,,,,,,,,,,,,,,,,,,,,,,,,,,,,,,,
frash-aster-ecstacy-air-freshener-320ml,FRASH AFTER ECSTACY AIR FRESHENER 320ML,"<p>Introducing After Ecstacy air freshener by Khadlaj Perfumes, a divine concoction crafted to elevate your space into a realm of refreshing bliss. With its captivating blend of citrusy, floral, musk, and woody notes, this air freshener is more than just a scent; it's an experience.</p>
<p>As the top notes of zesty citrus dance through the air, they invigorate your senses, awakening your spirit with a burst of energy and vitality. Gradually, the middle notes of delicate florals emerge, infusing the atmosphere with a soft, enchanting bouquet that soothes and calms the mind.</p>
<p>But the journey doesn't end there. As the fragrance settles, the base notes of musk and wood add depth and warmth, creating a comforting embrace that lingers long after the initial spray. Each whiff of After Ecstacy air freshener is like a moment of serenity, transporting you to a place of pure tranquility.</p>
<p>Revitalize your surroundings and indulge in the luxurious essence of After Ecstacy air freshener by Khadlaj Perfumes. Let its harmonious blend of notes transform your space into a sanctuary of relaxation and renewal.</p>",Khadlaj Perfumes,Home & Garden > Decor > Home Fragrances > Air Fresheners,AIR FRESHENER,AIR FRESHNER,true,Size,320 ML,,,,,,,,'6291107976914,500.0,shopify,deny,manual,35.00,,true,true,,,,,,https://cdn.shopify.com/s/files/1/0626/6119/8023/files/FRASH_ASTER_ECSTACY_AIR_FRESHENER_320ML_-_Khadlaj_Perfumes-1964479.jpg?v=1722409415,1,FRASH ASTER ECSTACY AIR FRESHENER 320ML - Khadlaj Perfumes,false,,,,,,,,,,,,,,,"<div class=""pyramid-section_lists""><h6 style=""font-weight:600;"">Top Notes</h6>
<p>Citrusy</p>
</div>
<div class=""pyramid-section_lists""><h6 style=""font-weight:600;"">Middle Notes</h6>
<p>Floral</p>
</div>
<div class=""pyramid-section_lists""><h6 style=""font-weight:600;"">Base Notes</h6>
<p>Musk, Woody</p>
</div>",,,,,,,,,,,,,,,,,,,g,,,true,,,true,,,true,,,true,,,true,,,true,,,true,,,active
frash-aster-ecstacy-air-freshener-320ml,,,,,,,,,,,,,,,,,,,,,,,,,,,,,,,https://cdn.shopify.com/s/files/1/0626/6119/8023/files/FRASH_ASTER_ECSTACY_AIR_FRESHENER_320ML_-_Khadlaj_Perfumes-1964483.jpg?v=1722409420,2,FRASH ASTER ECSTACY AIR FRESHENER 320ML - Khadlaj Perfumes,,,,,,,,,,,,,,,,,,,,,,,,,,,,,,,,,,,,,,,,,,,,,,,,,,,,,,,,,,,
frash-aster-ecstacy-air-freshener-320ml,,,,,,,,,,,,,,,,,,,,,,,,,,,,,,,https://cdn.shopify.com/s/files/1/0626/6119/8023/files/FRASH_ASTER_ECSTACY_AIR_FRESHENER_320ML_-_Khadlaj_Perfumes-1964486.jpg?v=1722409424,3,FRASH ASTER ECSTACY AIR FRESHENER 320ML - Khadlaj Perfumes,,,,,,,,,,,,,,,,,,,,,,,,,,,,,,,,,,,,,,,,,,,,,,,,,,,,,,,,,,,
la-fede-crystallia-imperio-100-ml-edp-spray,LA FEDE CRYSTALLIA IMPERIO 100 ML EAU DE PARFUME SPRAY,"<p>Introducing LA FEDE CRYSTALLIA IMPERIO by Khadlaj Perfumes, an opulent fragrance that embodies the essence of sophistication and allure. With its luxurious blend of top notes of crisp apple, middle notes of playful bubble gum intertwined with indulgent caramel and delicate jasmine, and base notes of exquisite crystal amber and soothing sandalwood, this perfume is an ode to elegance and refinement.</p>
<p>At first spritz, the tantalizing aroma of fresh apple tantalizes the senses, instantly captivating attention with its crisp and juicy allure. As the fragrance unfolds, the heart reveals a delightful fusion of bubble gum sweetness harmonizing with the rich indulgence of caramel, creating an irresistible temptation that lingers in the air.</p>
<p>But it's the base notes that truly elevate LA FEDE CRYSTALLIA IMPERIO to unparalleled heights of luxury. The warm embrace of crystal amber exudes sophistication, while the earthy depth of sandalwood adds a touch of timeless elegance, leaving a lasting impression that is both captivating and unforgettable.</p>
<p>Indulge in the allure of LA FEDE CRYSTALLIA IMPERIO by Khadlaj Perfumes and immerse yourself in a world of refined luxury and timeless beauty. Let its enchanting aroma envelop you in an aura of sophistication and grace, leaving a trail of elegance wherever you go.</p>",Khadlaj Perfumes,Health & Beauty > Personal Care > Cosmetics > Perfumes & Colognes > Eaux de Parfum,PERFUME SPRAY,"Deals, Perfume Spray",true,Size,100 ML,,,,,,,,'6291107977058,1000.0,shopify,deny,manual,75.00,100.00,true,true,,,,,'6291107977058,https://cdn.shopify.com/s/files/1/0626/6119/8023/files/LA_FEDE_CRYSTALLIA_IMPERIO_100_ML_EDP_SPRAY_-_Khadlaj_Perfumes-1964995.jpg?v=1776230499,1,LA FEDE CRYSTALLIA IMPERIO 100 ML EDP SPRAY - Khadlaj Perfumes,false,,,479,,,,,,,,,,,,"<div class=""pyramid-section_lists""><h6 style=""font-weight:600;"">Top Notes</h6>
<p>Apple</p>
</div>
<div class=""pyramid-section_lists""><h6 style=""font-weight:600;"">Middle Notes</h6>
<p>Bubble Gum, Caramel and Jasmine</p>
</div>
<div class=""pyramid-section_lists""><h6 style=""font-weight:600;"">Base Notes</h6>
<p>Crystal Amber and Sandalwood</p>
</div>",,,,,,,,,,,,,,,,,,,g,,,true,,,true,,,true,,,true,,,true,,,true,,,true,,,active
la-fede-crystallia-imperio-100-ml-edp-spray,,,,,,,,,,,,,,,,,,,,,,,,,,,,,,,https://cdn.shopify.com/s/files/1/0626/6119/8023/files/LA_FEDE_CRYSTALLIA_IMPERIO_100_ML_EDP_SPRAY_-_Khadlaj_Perfumes-1964998.jpg?v=1776230499,2,LA FEDE CRYSTALLIA IMPERIO 100 ML EDP SPRAY - Khadlaj Perfumes,,,,,,,,,,,,,,,,,,,,,,,,,,,,,,,,,,,,,,,,,,,,,,,,,,,,,,,,,,,
la-fede-crystallia-imperio-100-ml-edp-spray,,,,,,,,,,,,,,,,,,,,,,,,,,,,,,,https://cdn.shopify.com/s/files/1/0626/6119/8023/files/LA_FEDE_CRYSTALLIA_IMPERIO_100_ML_EDP_SPRAY_-_Khadlaj_Perfumes-1965001.jpg?v=1776230499,3,LA FEDE CRYSTALLIA IMPERIO 100 ML EDP SPRAY - Khadlaj Perfumes,,,,,,,,,,,,,,,,,,,,,,,,,,,,,,,,,,,,,,,,,,,,,,,,,,,,,,,,,,,
la-fede-crystallia-imperio-100-ml-edp-spray,,,,,,,,,,,,,,,,,,,,,,,,,,,,,,,https://cdn.shopify.com/s/files/1/0626/6119/8023/files/LA_FEDE_CRYSTALLIA_IMPERIO_100_ML_EDP_SPRAY_-_Khadlaj_Perfumes-1965003.jpg?v=1776230499,4,LA FEDE CRYSTALLIA IMPERIO 100 ML EDP SPRAY - Khadlaj Perfumes,,,,,,,,,,,,,,,,,,,,,,,,,,,,,,,,,,,,,,,,,,,,,,,,,,,,,,,,,,,
la-fede-crystallia-primaso-100-ml-edp-spray,LA FEDE CRYSTALLIA PRIMASO 100 ML EAU DE PARFUME SPRAY,"<p>Introducing LA FEDE CRYSTALLIA PRIMASO by Khadlaj Perfumes, a fragrance that embodies the essence of timeless elegance and sophistication. With its harmonious blend of top notes featuring crisp apple, succulent litchi, and delicate rose, complemented by middle notes of juicy plum and luxurious jasmine, and anchored by base notes of earthy moss, creamy vanilla, and sensual patchouli, this perfume is a symphony of captivating scents.</p>
<p>From the very first spritz, the refreshing aroma of apple and litchi dances on the skin, invigorating the senses with its vibrant energy. As the fragrance unfolds, the floral heart of rose and jasmine blossoms, adding a touch of romance and allure to the composition.</p>
<p>But it is the base notes of moss, vanilla, and patchouli that lend LA FEDE CRYSTALLIA PRIMASO its distinctive charm and sophistication. The earthy richness of moss intertwines with the creamy sweetness of vanilla, creating a warm and inviting aura, while the exotic spice of patchouli adds depth and complexity, leaving a lasting impression that is both memorable and irresistible.</p>
<p>Indulge in the luxurious allure of LA FEDE CRYSTALLIA PRIMASO by Khadlaj Perfumes and adorn yourself in a veil of timeless elegance. Let its captivating scent envelop you in a sense of refinement and grace, turning every moment into a celebration of beauty and sophistication.</p>",Khadlaj Perfumes,Health & Beauty > Personal Care > Cosmetics > Perfumes & Colognes,PERFUME SPRAY,"Deals, Perfume Spray",true,Size,100 ML,,,,,,,,'6291107977041,1000.0,shopify,deny,manual,75.00,130.00,true,true,,,,,'6291107977041,https://cdn.shopify.com/s/files/1/0626/6119/8023/files/LA_FEDE_CRYSTALLIA_PRIMASO_100_ML_EDP_SPRAY_-_Khadlaj_Perfumes-1965006.jpg?v=1776230465,1,LA FEDE CRYSTALLIA PRIMASO 100 ML EDP SPRAY - Khadlaj Perfumes,false,,,,,,,,,,,,,,,"<div class=""pyramid-section_lists""><h6 style=""font-weight:600;"">Top Notes</h6>
<p>Apple, Litchi and Rose</p>
</div>
<div class=""pyramid-section_lists""><h6 style=""font-weight:600;"">Middle Notes</h6>
<p>Plum and Jasmine</p>
</div>
<div class=""pyramid-section_lists""><h6 style=""font-weight:600;"">Base Notes</h6>
<p>Moss, Vanilla and Patchouli</p>
</div>",,,,,,,,,,,,,,,,,,,g,,,true,,,true,,,true,,,true,,,true,,,true,,,true,,,active
la-fede-crystallia-primaso-100-ml-edp-spray,,,,,,,,,,,,,,,,,,,,,,,,,,,,,,,https://cdn.shopify.com/s/files/1/0626/6119/8023/files/LA_FEDE_CRYSTALLIA_PRIMASO_100_ML_EDP_SPRAY_-_Khadlaj_Perfumes-1965010.jpg?v=1776230465,2,LA FEDE CRYSTALLIA PRIMASO 100 ML EDP SPRAY - Khadlaj Perfumes,,,,,,,,,,,,,,,,,,,,,,,,,,,,,,,,,,,,,,,,,,,,,,,,,,,,,,,,,,,
la-fede-crystallia-primaso-100-ml-edp-spray,,,,,,,,,,,,,,,,,,,,,,,,,,,,,,,https://cdn.shopify.com/s/files/1/0626/6119/8023/files/LA_FEDE_CRYSTALLIA_PRIMASO_100_ML_EDP_SPRAY_-_Khadlaj_Perfumes-1965013.jpg?v=1776230465,3,LA FEDE CRYSTALLIA PRIMASO 100 ML EDP SPRAY - Khadlaj Perfumes,,,,,,,,,,,,,,,,,,,,,,,,,,,,,,,,,,,,,,,,,,,,,,,,,,,,,,,,,,,
la-fede-crystallia-primaso-100-ml-edp-spray,,,,,,,,,,,,,,,,,,,,,,,,,,,,,,,https://cdn.shopify.com/s/files/1/0626/6119/8023/files/LA_FEDE_CRYSTALLIA_PRIMASO_100_ML_EDP_SPRAY_-_Khadlaj_Perfumes-1965015.jpg?v=1776230465,4,LA FEDE CRYSTALLIA PRIMASO 100 ML EDP SPRAY - Khadlaj Perfumes,,,,,,,,,,,,,,,,,,,,,,,,,,,,,,,,,,,,,,,,,,,,,,,,,,,,,,,,,,,
oud-muattar-maamul-dahabi-48-g,OUD MUATTAR MAAMUL DAHABI 48 G,"<p>Introducing OUD MUATTAR MAAMUL DAHABI by Khadlaj Perfumes, an exquisite blend of perfumed oud wood chips that encapsulates the essence of luxury and tradition. Each chip is meticulously infused with a rich, captivating fragrance, designed to transform your surroundings into an oasis of opulence and serenity.</p>
<p>These premium oud wood chips release a mesmerizing aroma upon gentle heating, filling your space with a symphony of deep, woody notes complemented by subtle hints of exotic spices and delicate florals. The result is a multi-layered fragrance that evolves beautifully, creating an atmosphere of tranquility and sophistication.</p>
<p>OUD MUATTAR MAAMUL DAHABI is perfect for enhancing your home, office, or any cherished space. Ideal for special occasions or everyday indulgence, these perfumed oud wood chips elevate your environment with an air of refinement and grace. The luxurious scent lingers long after the chips have cooled, leaving a lasting impression of elegance and warmth.</p>
<p>Indulge in the unparalleled richness of OUD MUATTAR MAAMUL DAHABI by Khadlaj Perfumes. Let its enchanting fragrance transport you to a world of timeless beauty and exquisite tradition, where every moment is a celebration of fine living. Experience the art of perfumery at its finest with OUD MUATTAR MAAMUL DAHABI, and let your surroundings be enveloped in the embrace of true luxury.</p>
<!---->",Khadlaj Perfumes,Home & Garden > Decor > Home Fragrances,OUD MUATTAR,OUD MUATTAR,true,Size,48 G,,,,,,,,'291107975597,342.0,shopify,deny,manual,21.00,,true,true,,,,,'291107975597,https://cdn.shopify.com/s/files/1/0626/6119/8023/files/OUD_MUATTAR_MAAMUL_DAHABI_48_G_-_Khadlaj_Perfumes-1965656.jpg?v=1722411566,1,OUD MUATTAR MAAMUL DAHABI 48 G - Khadlaj Perfumes,false,Oud Muattar Golden Aroma - Premium Home Fragrance,"Golden oud Muattar aroma for a luxurious home fragrance experience. Elegant, long-lasting scent for living spaces.",,,,,,,,,,,,,,,,,,,,,,,,,,,,,,,,g,,,true,,,true,,,true,,,true,,,true,,,true,,,true,,,active
oud-muattar-maamul-dahabi-48-g,,,,,,,,,,,,,,,,,,,,,,,,,,,,,,,https://cdn.shopify.com/s/files/1/0626/6119/8023/files/OUD_MUATTAR_MAAMUL_DAHABI_48_G_-_Khadlaj_Perfumes-1965659.jpg?v=1722411572,2,OUD MUATTAR MAAMUL DAHABI 48 G - Khadlaj Perfumes,,,,,,,,,,,,,,,,,,,,,,,,,,,,,,,,,,,,,,,,,,,,,,,,,,,,,,,,,,,
oud-muattar-maamul-dahabi-48-g,,,,,,,,,,,,,,,,,,,,,,,,,,,,,,,https://cdn.shopify.com/s/files/1/0626/6119/8023/files/OUD_MUATTAR_MAAMUL_DAHABI_48_G_-_Khadlaj_Perfumes-1965662.jpg?v=1722411577,3,OUD MUATTAR MAAMUL DAHABI 48 G - Khadlaj Perfumes,,,,,,,,,,,,,,,,,,,,,,,,,,,,,,,,,,,,,,,,,,,,,,,,,,,,,,,,,,,
oud-muattar-maamul-dahabi-48-g,,,,,,,,,,,,,,,,,,,,,,,,,,,,,,,https://cdn.shopify.com/s/files/1/0626/6119/8023/files/OUD_MUATTAR_MAAMUL_DAHABI_48_G_-_Khadlaj_Perfumes-1965665.jpg?v=1722411583,4,OUD MUATTAR MAAMUL DAHABI 48 G - Khadlaj Perfumes,,,,,,,,,,,,,,,,,,,,,,,,,,,,,,,,,,,,,,,,,,,,,,,,,,,,,,,,,,,
oud-muattar-maamul-dahabi-48-g-copy,OUD MUATTAR MAAMUL WARDI 48 G,"<div class=""flex flex-grow flex-col max-w-full"">
<div data-message-author-role=""assistant"" data-message-id=""3ef12014-918f-425f-b356-cb2a7f185bd8"" dir=""auto"" class=""min-h-[20px] text-message flex flex-col items-start whitespace-pre-wrap break-words [.text-message+&amp;]:mt-5 juice:w-full juice:items-end overflow-x-auto gap-2"">
<div class=""flex w-full flex-col gap-1 juice:empty:hidden juice:first:pt-[3px]"">
<div class=""markdown prose w-full break-words dark:prose-invert dark"">
<p>Introducing OUD MUATTAR MAAMUL WARDI by Khadlaj Perfumes, a luxurious collection of perfumed oud wood chips infused with the enchanting essence of roses. Each meticulously crafted chip embodies the perfect harmony of rich oud and the timeless elegance of roses, designed to transform your surroundings into a sanctuary of sophistication and tranquility.</p>
<p>When gently heated, these premium oud wood chips release a captivating aroma that fills the air with deep, woody notes intertwined with the romantic and floral scent of roses. The result is a multifaceted fragrance experience that evolves gracefully, creating an atmosphere that is both serene and opulent.</p>
<p>OUD MUATTAR MAAMUL WARDI is ideal for enhancing your home, office, or any cherished space, adding a touch of refined luxury to everyday moments or special occasions. The lingering scent continues to enchant long after the chips have cooled, leaving a lasting impression of elegance and warmth.</p>
<p>Immerse yourself in the unparalleled richness of OUD MUATTAR MAAMUL WARDI by Khadlaj Perfumes. Let its exquisite blend of oud and rose transport you to a world of timeless beauty and sophistication, where each moment is elevated by the art of fine perfumery. Experience the essence of true luxury with OUD MUATTAR MAAMUL WARDI and let your surroundings be enveloped in a fragrant embrace of elegance and grace.</p>
</div>
</div>
</div>
</div>
<!---->",Khadlaj Perfumes,Home & Garden > Decor > Home Fragrances,OUD MUATTAR,OUD MUATTAR,true,Size,48 G,,,,,,,,'6291107975511,342.0,shopify,deny,manual,21.00,,true,true,,,,,'6291107975511,https://cdn.shopify.com/s/files/1/0626/6119/8023/files/OUD_MUATTAR_MAAMUL_WARDI_48_G_-_Khadlaj_Perfumes-1965678.jpg?v=1722411608,1,OUD MUATTAR MAAMUL WARDI 48 G - Khadlaj Perfumes,false,Luxury Oud Muattar Aroma - Premium Home Fragrance Oil,Premium oud Muattar aroma with a woody and musk blend for luxury home ambiance. Long-lasting and refined.,,,,,,,,,,,,,,,,,,,,,,,,,,,,,,,,g,,,true,,,true,,,true,,,true,,,true,,,true,,,true,,,active
oud-muattar-maamul-dahabi-48-g-copy,,,,,,,,,,,,,,,,,,,,,,,,,,,,,,,https://cdn.shopify.com/s/files/1/0626/6119/8023/files/OUD_MUATTAR_MAAMUL_WARDI_48_G_-_Khadlaj_Perfumes-1965681.jpg?v=1722411615,2,OUD MUATTAR MAAMUL WARDI 48 G - Khadlaj Perfumes,,,,,,,,,,,,,,,,,,,,,,,,,,,,,,,,,,,,,,,,,,,,,,,,,,,,,,,,,,,
oud-muattar-maamul-dahabi-48-g-copy,,,,,,,,,,,,,,,,,,,,,,,,,,,,,,,https://cdn.shopify.com/s/files/1/0626/6119/8023/files/OUD_MUATTAR_MAAMUL_WARDI_48_G_-_Khadlaj_Perfumes-1965684.jpg?v=1722411621,3,OUD MUATTAR MAAMUL WARDI 48 G - Khadlaj Perfumes,,,,,,,,,,,,,,,,,,,,,,,,,,,,,,,,,,,,,,,,,,,,,,,,,,,,,,,,,,,
oud-muattar-maamul-dahabi-48-g-copy,,,,,,,,,,,,,,,,,,,,,,,,,,,,,,,https://cdn.shopify.com/s/files/1/0626/6119/8023/files/OUD_MUATTAR_MAAMUL_WARDI_48_G_-_Khadlaj_Perfumes-1965687.jpg?v=1722411627,4,OUD MUATTAR MAAMUL WARDI 48 G - Khadlaj Perfumes,,,,,,,,,,,,,,,,,,,,,,,,,,,,,,,,,,,,,,,,,,,,,,,,,,,,,,,,,,,
oud-muattar-maamul-wardi-48-g-copy,OUD MUATTAR MAAMUL HANEEN 48 G,"<div class=""flex flex-grow flex-col max-w-full"">
<div data-message-author-role=""assistant"" data-message-id=""3ef12014-918f-425f-b356-cb2a7f185bd8"" dir=""auto"" class=""min-h-[20px] text-message flex flex-col items-start whitespace-pre-wrap break-words [.text-message+&amp;]:mt-5 juice:w-full juice:items-end overflow-x-auto gap-2"">
<div class=""flex w-full flex-col gap-1 juice:empty:hidden juice:first:pt-[3px]"">
<div class=""markdown prose w-full break-words dark:prose-invert dark"">
<p>Introducing OUD MUATTAR MAAMUL HANEEN by Khadlaj Perfumes, an exquisite collection of perfumed oud wood chips designed to envelop your space in a captivating and luxurious fragrance. Each chip is meticulously infused with a harmonious blend of rich oud and enchanting floral and spice notes, creating an aromatic experience that is both timeless and sophisticated.</p>
<p>Upon gentle heating, these premium oud wood chips release a mesmerizing scent that fills the air with deep, woody undertones complemented by a symphony of floral and spice nuances. The result is a multifaceted fragrance that evolves gracefully, imbuing your surroundings with an aura of tranquility and elegance.</p>
<p>OUD MUATTAR MAAMUL HANEEN is perfect for transforming your home, office, or any cherished space into a sanctuary of refined luxury. Ideal for special occasions or everyday indulgence, these perfumed oud wood chips create an atmosphere of serenity and warmth that lingers long after the chips have cooled.</p>
<p>Immerse yourself in the unparalleled richness of OUD MUATTAR MAAMUL HANEEN by Khadlaj Perfumes. Let its enchanting blend transport you to a world of timeless beauty and sophisticated charm, where every moment is elevated by the art of fine perfumery. Experience the essence of true luxury with OUD MUATTAR MAAMUL HANEEN and let your surroundings be enveloped in a fragrant embrace of elegance and grace.</p>
</div>
</div>
</div>
</div>
<!---->",Khadlaj Perfumes,Home & Garden > Decor > Home Fragrances,OUD MUATTAR,OUD MUATTAR,true,Size,48 G,,,,,,,,'6291107975528,342.0,shopify,deny,manual,21.00,,true,true,,,,,'6291107975528,https://cdn.shopify.com/s/files/1/0626/6119/8023/files/OUD_MUATTAR_MAAMUL_HANEEN_48_G_-_Khadlaj_Perfumes-1965668.jpg?v=1722411588,1,OUD MUATTAR MAAMUL HANEEN 48 G - Khadlaj Perfumes,false,Oud Muattar Rose Aroma - Luxury Home Ambiance Oil,Rose oud Muattar aroma for a luxury home ambiance. Elegant scent crafted for long-lasting fragrance.,,,,,,,,,,,,,,,,,,,,,,,,,,,,,,,,g,,,true,,,true,,,true,,,true,,,true,,,true,,,true,,,active
oud-muattar-maamul-wardi-48-g-copy,,,,,,,,,,,,,,,,,,,,,,,,,,,,,,,https://cdn.shopify.com/s/files/1/0626/6119/8023/files/OUD_MUATTAR_MAAMUL_HANEEN_48_G_-_Khadlaj_Perfumes-1965670.jpg?v=1722411593,2,OUD MUATTAR MAAMUL HANEEN 48 G - Khadlaj Perfumes,,,,,,,,,,,,,,,,,,,,,,,,,,,,,,,,,,,,,,,,,,,,,,,,,,,,,,,,,,,
oud-muattar-maamul-wardi-48-g-copy,,,,,,,,,,,,,,,,,,,,,,,,,,,,,,,https://cdn.shopify.com/s/files/1/0626/6119/8023/files/OUD_MUATTAR_MAAMUL_HANEEN_48_G_-_Khadlaj_Perfumes-1965673.jpg?v=1722411598,3,OUD MUATTAR MAAMUL HANEEN 48 G - Khadlaj Perfumes,,,,,,,,,,,,,,,,,,,,,,,,,,,,,,,,,,,,,,,,,,,,,,,,,,,,,,,,,,,
oud-muattar-maamul-wardi-48-g-copy,,,,,,,,,,,,,,,,,,,,,,,,,,,,,,,https://cdn.shopify.com/s/files/1/0626/6119/8023/files/OUD_MUATTAR_MAAMUL_HANEEN_48_G_-_Khadlaj_Perfumes-1965676.jpg?v=1722411603,4,OUD MUATTAR MAAMUL HANEEN 48 G - Khadlaj Perfumes,,,,,,,,,,,,,,,,,,,,,,,,,,,,,,,,,,,,,,,,,,,,,,,,,,,,,,,,,,,
frash-hareem-al-sultan-gold-air-freshener-viral-sensantional-scent,FRASH HAREEM AL SULTAN AIR FRESHENER 320ML,"<p>Introducing the viral sensation HAREEM AL SULTAN, now available as an air freshener by Khadlaj Perfumes. Elevate your surroundings with the luxurious and enchanting fragrance that has captured the hearts of many. This exquisite air freshener brings the opulence and mystique of HAREEM AL SULTAN into your home, creating an atmosphere of regal elegance and timeless allure.</p>
<p>The HAREEM AL SULTAN air freshener blends a rich tapestry of notes that dance through the air, transforming any space into a palace of tranquility and sophistication. Top notes of fresh citrus and delicate florals greet you with a burst of invigorating freshness, while the heart reveals a captivating bouquet of exotic spices and lush blooms. As the fragrance settles, warm and sensual base notes of amber, musk, and precious woods linger, leaving a trail of irresistible charm.</p>
<p>Ideal for any room, the HAREEM AL SULTAN air freshener is perfect for adding a touch of luxury to your daily life or enhancing special occasions. Whether used in your living room, bedroom, office, or car, this air freshener infuses your environment with a fragrance that is both enchanting and enduring.</p>
<p>Experience the viral phenomenon of HAREEM AL SULTAN in a new, convenient form. Let Khadlaj Perfumes transport you to a world of timeless beauty and sophistication with the HAREEM AL SULTAN air freshener, and enjoy a fragrant ambiance that exudes elegance and grace.</p>
<!---->",Khadlaj Perfumes,Home & Garden > Decor > Home Fragrances > Air Fresheners,AIR FRESHENER,AIR FRESHNER,true,Size,320 ML,,,,,,,,'6291107976105,500.0,shopify,deny,manual,35.00,,true,true,,,,,'6291107976105,https://cdn.shopify.com/s/files/1/0626/6119/8023/files/FRASH_HAREEM_AL_SULTAN_AIR_FRESHENER_320ML_-_Khadlaj_Perfumes-1964514.jpg?v=1722409470,1,FRASH HAREEM AL SULTAN AIR FRESHENER 320ML - Khadlaj Perfumes,false,"Premium Air Freshener - Floral, Musk Home Fragrance",Premium air freshener with floral and musk fragrance for a refined home ambiance. Long-lasting and luxurious.,,,,,,,,,,,,,,,,,,,,,,,,,,fruity; sandalwood; jasmine; floral,,,,,,g,,,true,,,true,,,true,,,true,,,true,,,true,,,true,,,active
frash-hareem-al-sultan-gold-air-freshener-viral-sensantional-scent,,,,,,,,,,,,,,,,,,,,,,,,,,,,,,,https://cdn.shopify.com/s/files/1/0626/6119/8023/files/FRASH_HAREEM_AL_SULTAN_AIR_FRESHENER_320ML_-_Khadlaj_Perfumes-1964518.jpg?v=1722409478,2,FRASH HAREEM AL SULTAN AIR FRESHENER 320ML - Khadlaj Perfumes,,,,,,,,,,,,,,,,,,,,,,,,,,,,,,,,,,,,,,,,,,,,,,,,,,,,,,,,,,,
frash-hareem-al-sultan-gold-air-freshener-viral-sensantional-scent,,,,,,,,,,,,,,,,,,,,,,,,,,,,,,,https://cdn.shopify.com/s/files/1/0626/6119/8023/files/FRASH_HAREEM_AL_SULTAN_AIR_FRESHENER_320ML_-_Khadlaj_Perfumes-1964522.jpg?v=1722409483,3,FRASH HAREEM AL SULTAN AIR FRESHENER 320ML - Khadlaj Perfumes,,,,,,,,,,,,,,,,,,,,,,,,,,,,,,,,,,,,,,,,,,,,,,,,,,,,,,,,,,,
frash-hareem-al-sultan-gold-air-freshener-viral-sensantional-scent,,,,,,,,,,,,,,,,,,,,,,,,,,,,,,,https://cdn.shopify.com/s/files/1/0626/6119/8023/files/FRASH_HAREEM_AL_SULTAN_AIR_FRESHENER_320ML_-_Khadlaj_Perfumes-1964526.jpg?v=1722409488,4,FRASH HAREEM AL SULTAN AIR FRESHENER 320ML - Khadlaj Perfumes,,,,,,,,,,,,,,,,,,,,,,,,,,,,,,,,,,,,,,,,,,,,,,,,,,,,,,,,,,,
la-fede-lavish-edp-spray-100-ml,LA FEDE LAVISH LUNA EDP SPRAY 100 ML,"<p>Discover the captivating essence of nature with Enchanted La Fede Lavish Luna Eau De Parfum, an alluring fragrance that transports you to a serene, sun-drenched haven. This exquisite scent is a harmonious blend of refreshing citrus, aromatic herbs, and indulgent sweet accords, creating a truly unforgettable olfactory experience.</p>
<p>Top Notes:<br>A burst of fresh Lemon, Grapefruit, and Mandarin awakens your senses, while the soothing touch of Lavender and the subtle spice of Pepper add a refined complexity, setting the stage for a vibrant and lively journey.</p>
<p>Middle Notes:<br>As the fragrance evolves, the heart reveals an enchanting medley of Sage and Fig, perfectly balanced by the gentle sweetness of Orange Tree blossoms. Anise and a hint of creamy Coconut weave together, evoking the warmth and tranquility of a hidden tropical oasis.</p>
<p>Base Notes:<br>The scent's foundation is a luxurious blend of Caramel and Moss, intertwined with the rich, comforting notes of Vanilla and Tonka Bean. The smooth, woody undertones of Sandalwood provide a lasting, sophisticated finish that lingers on the skin, inviting you to bask in its enchanting embrace.</p>
<p>Enchanted La Fede Lavish Luna Eau De Parfum is a versatile fragrance, perfect for any occasion, whether you're seeking an invigorating start to your day or a soothing companion for your evening. Embrace the magic of this captivating scent.</p>
<p> </p>
<p> </p>
<p> </p>
<!---->",Khadlaj Perfumes,Health & Beauty > Personal Care > Cosmetics > Perfumes & Colognes,PERFUME SPRAY,"Perfume Spray, UNISEX, Women",true,Size,100 ML,,,,,,,,'6291107974088,500.0,shopify,deny,manual,38.00,,true,true,,,,,'6291107974088,https://cdn.shopify.com/s/files/1/0626/6119/8023/files/LA_FEDE_LAVISH_LUNA_EDP_SPRAY_100_ML_-_Khadlaj_Perfumes-1965055.png?v=1722410385,1,LA FEDE LAVISH LUNA EDP SPRAY 100 ML - Khadlaj Perfumes,false,,,479,,,,,,,,,,,,,,,,,,,,,,,,,,,,,,,g,,,true,,,true,,,true,,,true,,,true,,,true,,,true,,,active
la-fede-lavish-edp-spray-100-ml,,,,,,,,,,,,,,,,,,,,,,,,,,,,,,,https://cdn.shopify.com/s/files/1/0626/6119/8023/files/LA_FEDE_LAVISH_LUNA_EDP_SPRAY_100_ML_-_Khadlaj_Perfumes-1965060.png?v=1722410395,2,LA FEDE LAVISH LUNA EDP SPRAY 100 ML - Khadlaj Perfumes,,,,,,,,,,,,,,,,,,,,,,,,,,,,,,,,,,,,,,,,,,,,,,,,,,,,,,,,,,,
la-fede-lavish-edp-spray-100-ml,,,,,,,,,,,,,,,,,,,,,,,,,,,,,,,https://cdn.shopify.com/s/files/1/0626/6119/8023/files/LA_FEDE_LAVISH_LUNA_EDP_SPRAY_100_ML_-_Khadlaj_Perfumes-1965064.jpg?v=1722410401,3,LA FEDE LAVISH LUNA EDP SPRAY 100 ML - Khadlaj Perfumes,,,,,,,,,,,,,,,,,,,,,,,,,,,,,,,,,,,,,,,,,,,,,,,,,,,,,,,,,,,
la-fede-lavish-rouge-edp-spray-100-ml,LA FEDE LAVISH ROUGE EDP SPRAY 100 ML,"<p>Immerse yourself in the enchanting embrace of LA FEDE LAVISH ROUGE Eau de Parfum, a fragrance that captures the essence of a sunlit coastal paradise. This captivating scent combines fresh citrus, delicate florals, and rich, warm undertones, offering a harmonious blend that evokes the serenity and beauty of the sea.</p>
<p>Top Notes:<br>Begin your journey with a refreshing burst of Lemon, Mandarin Orange, and Grapefruit, complemented by the crisp sweetness of Green Apple and the refreshing touch of Marine Aspic. These vibrant notes create an exhilarating and uplifting introduction, reminiscent of a cool ocean breeze.</p>
<p>Middle Notes:<br>The heart of the fragrance unfolds with a delicate bouquet of Freesia, Rose, Lily of the Valley, Jasmine, and Magnolia. These exquisite florals, enriched by the subtle elegance of Orange Tree blossoms, paint a serene and romantic picture of blooming seaside gardens.</p>
<p>Base Notes:<br>As the scent settles, the warm and sensual base notes emerge, featuring the soft, velvety touch of Peach Skin and Accord Coconut. Earthy Cedarwood and Sandalwood blend seamlessly with the exotic depth of Vetiver and the alluring richness of Amber and Musks, leaving a lasting, captivating trail that embodies the spirit of an endless summer.</p>
<p>LA FEDE LAVISH ROUGE Eau de Parfum is perfect for any occasion, whether you're strolling along the shore or enjoying an evening under the stars. Embrace the tranquility and allure of the ocean with this exquisite fragrance and let it transport you to your own coastal haven.</p>
<!---->",Khadlaj Perfumes,Health & Beauty > Personal Care > Cosmetics > Perfumes & Colognes,PERFUME SPRAY,"Perfume Spray, Women",true,Size,100 ML,,,,,,,,'6291107974071,500.0,shopify,deny,manual,50.00,,true,true,,,,,'6291107974071,https://cdn.shopify.com/s/files/1/0626/6119/8023/files/LA_FEDE_LAVISH_ROUGE_EDP_SPRAY_100_ML_-_Khadlaj_Perfumes-1965067.png?v=1722410410,1,LA FEDE LAVISH ROUGE EDP SPRAY 100 ML - Khadlaj Perfumes,false,,,479,,,,,,,,,,,,,,,,,,,,,,,,,,,,,,,g,,,true,,,true,,,true,,,true,,,true,,,true,,,true,,,active
la-fede-lavish-rouge-edp-spray-100-ml,,,,,,,,,,,,,,,,,,,,,,,,,,,,,,,https://cdn.shopify.com/s/files/1/0626/6119/8023/files/LA_FEDE_LAVISH_ROUGE_EDP_SPRAY_100_ML_-_Khadlaj_Perfumes-1965071.png?v=1722410443,2,LA FEDE LAVISH ROUGE EDP SPRAY 100 ML - Khadlaj Perfumes,,,,,,,,,,,,,,,,,,,,,,,,,,,,,,,,,,,,,,,,,,,,,,,,,,,,,,,,,,,
la-fede-lavish-rouge-edp-spray-100-ml,,,,,,,,,,,,,,,,,,,,,,,,,,,,,,,https://cdn.shopify.com/s/files/1/0626/6119/8023/files/LA_FEDE_LAVISH_ROUGE_EDP_SPRAY_100_ML_-_Khadlaj_Perfumes-1965084.png?v=1722410458,3,LA FEDE LAVISH ROUGE EDP SPRAY 100 ML - Khadlaj Perfumes,,,,,,,,,,,,,,,,,,,,,,,,,,,,,,,,,,,,,,,,,,,,,,,,,,,,,,,,,,,
la-fede-lavish-blush-edp-spray-100-ml,LA FEDE LAVISH BLUSH EDP SPRAY 100 ML,"<p>Step into a world of vibrant elegance with LA FEDE LAVISH BLUSH  Eau de Parfum, a mesmerizing fragrance that perfectly balances fruity freshness, floral sophistication, and warm, seductive undertones. This enchanting scent captures the essence of a blooming garden at dawn, creating an unforgettable olfactory experience.</p>
<p>Top Notes:<br>Begin your journey with the sparkling freshness of Pear and Bergamot, harmonized by the subtle heat of Black Pepper and the juicy sweetness of Red Fruits. These invigorating top notes create a delightful and lively opening, setting the stage for a truly radiant fragrance.</p>
<p>Middle Notes:<br>The heart of the fragrance blossoms with the timeless beauty of Lily of the Valley, Rose, and Jasmine, enriched by subtle Woody undertones. This exquisite floral bouquet evokes a sense of elegance and grace, reminiscent of a sunlit garden in full bloom.</p>
<p>Base Notes:<br>As the fragrance deepens, the base notes reveal a warm and alluring blend of Ambery and Musk, intertwined with the earthy richness of Patchouli. The sweet, luscious notes of Raspberry and a hint of delicate Floral accents complete the composition, leaving a lasting impression that is both captivating and refined.</p>
<p>LA FEDE LAVISH BLUSH Eau de Parfum is perfect for any occasion, whether you're enjoying a casual day out or an elegant evening affair. Embrace the vibrant and enchanting spirit of this exquisite fragrance and let it illuminate your world with its radiant charm.</p>
<!---->",Khadlaj Perfumes,Health & Beauty > Personal Care > Cosmetics > Perfumes & Colognes,PERFUME SPRAY,"Perfume Spray, Women",true,Size,100 ML,,,,,,,,'6291107974064,500.0,shopify,deny,manual,50.00,,true,true,,,,,'6291107974064,https://cdn.shopify.com/s/files/1/0626/6119/8023/files/LA_FEDE_LAVISH_BLUSH_EDP_SPRAY_100_ML_-_Khadlaj_Perfumes-1965043.png?v=1722410357,1,LA FEDE LAVISH BLUSH EDP SPRAY 100 ML - Khadlaj Perfumes,false,,,479,,,,,,,,,,,,,,,,,,,,,,,,,,,,,,,g,,,true,,,true,,,true,,,true,,,true,,,true,,,true,,,active
la-fede-lavish-blush-edp-spray-100-ml,,,,,,,,,,,,,,,,,,,,,,,,,,,,,,,https://cdn.shopify.com/s/files/1/0626/6119/8023/files/LA_FEDE_LAVISH_BLUSH_EDP_SPRAY_100_ML_-_Khadlaj_Perfumes-1965047.png?v=1722410368,2,LA FEDE LAVISH BLUSH EDP SPRAY 100 ML - Khadlaj Perfumes,,,,,,,,,,,,,,,,,,,,,,,,,,,,,,,,,,,,,,,,,,,,,,,,,,,,,,,,,,,
la-fede-lavish-blush-edp-spray-100-ml,,,,,,,,,,,,,,,,,,,,,,,,,,,,,,,https://cdn.shopify.com/s/files/1/0626/6119/8023/files/LA_FEDE_LAVISH_BLUSH_EDP_SPRAY_100_ML_-_Khadlaj_Perfumes-1965051.png?v=1722410378,3,LA FEDE LAVISH BLUSH EDP SPRAY 100 ML - Khadlaj Perfumes,,,,,,,,,,,,,,,,,,,,,,,,,,,,,,,,,,,,,,,,,,,,,,,,,,,,,,,,,,,
la-fede-opera-noir-lor-100-ml-edp-spray,LA FEDE OPERA NOIR L'OR 100 ML EAU DE PARFUME SPRAY,"<p>Indulge in the mysterious allure of LA FEDE OPERA NOIR L'OR Eau de Parfum, a captivating fragrance that weaves together the freshness of fruity accords, the delicate beauty of florals, and the deep warmth of rich, oriental notes. This enchanting scent is a tribute to the elegance and complexity of a midnight garden, creating an unforgettable and mesmerizing experience.</p>
<p>Top Notes:<br>Begin your sensory journey with the luscious and intoxicating sweetness of Blackcurrant Syrup, complemented by refreshing Watery accords. These invigorating top notes set a vibrant and dynamic stage, reminiscent of the first sip of a cool, fruity elixir.</p>
<p>Middle Notes:<br>As the fragrance unfolds, the heart reveals a stunning floral bouquet featuring the timeless elegance of Rose, the delicate charm of Cyclamen, the enchanting presence of Narcissus, and the exotic allure of Jasmine Sambac. These floral notes create a harmonious and romantic essence, evoking the serene beauty of a moonlit garden.</p>
<p>Base Notes:<br>The fragrance's foundation is a rich and opulent blend of Agarwood (Oud), Patchouli, and Incense, intertwined with the warm, resinous notes of Benzoin and the indulgent sweetness of Caramel. This deep, sensual base provides a lasting and sophisticated finish, leaving a trail of mysterious elegance that lingers on the skin.</p>
<p>LA FEDE OPERA NOIR L'OR Eau de Parfum is perfect for evening wear or special occasions, adding a touch of mystery and sophistication to any moment. Embrace the enchanting spirit of this exquisite fragrance and let it transport you to a world of midnight blooms and timeless beauty.</p>
<!---->",Khadlaj Perfumes,Health & Beauty > Personal Care > Cosmetics > Perfumes & Colognes,PERFUME SPRAY,"Deals, Perfume Spray, UNISEX, Women",true,Size,100 ML,,,,,,,,'6291107976990,1000.0,shopify,deny,manual,75.00,100.00,true,true,,,,,'6291107976990,https://cdn.shopify.com/s/files/1/0626/6119/8023/files/LA_FEDE_OPERA_NOIR_L_OR_100_ML_EDP_SPRAY_-_Khadlaj_Perfumes-1965173.png?v=1722410643,1,LA FEDE OPERA NOIR L'OR 100 ML EDP SPRAY - Khadlaj Perfumes,false,,,479,,,,,,,,,,,,,,,,,,,,,,special-occasion; casual,,,,spring; summer,unisex,,,,g,,,true,,,true,,,true,,,true,,,true,,,true,,,true,,,active
la-fede-opera-noir-lor-100-ml-edp-spray,,,,,,,,,,,,,,,,,,,,,,,,,,,,,,,https://cdn.shopify.com/s/files/1/0626/6119/8023/files/LA_FEDE_OPERA_NOIR_L_OR_100_ML_EDP_SPRAY_-_Khadlaj_Perfumes-1965177.png?v=1722410680,2,LA FEDE OPERA NOIR L'OR 100 ML EDP SPRAY - Khadlaj Perfumes,,,,,,,,,,,,,,,,,,,,,,,,,,,,,,,,,,,,,,,,,,,,,,,,,,,,,,,,,,,
la-fede-opera-noir-lor-100-ml-edp-spray,,,,,,,,,,,,,,,,,,,,,,,,,,,,,,,https://cdn.shopify.com/s/files/1/0626/6119/8023/files/LA_FEDE_OPERA_NOIR_L_OR_100_ML_EDP_SPRAY_-_Khadlaj_Perfumes-1965191.png?v=1722410688,3,LA FEDE OPERA NOIR L'OR 100 ML EDP SPRAY - Khadlaj Perfumes,,,,,,,,,,,,,,,,,,,,,,,,,,,,,,,,,,,,,,,,,,,,,,,,,,,,,,,,,,,
la-fede-opera-rose-lor-100-ml-edp-spray,LA FEDE OPERA ROSE L'OR 100 ML EAU DE PARFUME SPRAY,"<p>Experience the timeless elegance of LA FEDE OPERA ROSE L'OR Eau de Parfum, a sophisticated fragrance that harmoniously blends luscious fruits, delicate florals, and warm, sensual undertones. This enchanting scent captures the essence of refined beauty and romantic allure, creating an unforgettable olfactory journey.</p>
<p>Top Notes:<br>Begin your journey with the vibrant and juicy freshness of Raspberry, Lychee, and Pear. These tantalizing top notes create an invigorating and delightful introduction, reminiscent of a sweet, sun-kissed orchard.</p>
<p>Middle Notes:<br>As the fragrance evolves, the heart reveals a captivating bouquet of Rose, enriched by the woody depth of Cedarwood and the subtle sweetness of Fruit's Sugar. These middle notes form a harmonious and elegant composition, evoking the charm of a blooming garden in full splendor.</p>
<p>Base Notes:<br>The scent's foundation is a luxurious blend of Vanilla, Patchouli, and Musk. These warm and sensual base notes provide a lasting and sophisticated finish, enveloping you in a soft, velvety embrace that lingers on the skin.</p>
<p>LA FEDE OPERA ROSE L'OR Eau de Parfum is perfect for any occasion, whether it's a romantic evening out or an elegant daytime affair. Embrace the timeless beauty and enchanting spirit of this exquisite fragrance and let it become your signature scent.</p>
<!---->",Khadlaj Perfumes,Health & Beauty > Personal Care > Cosmetics > Perfumes & Colognes,PERFUME SPRAY,"Deals, Perfume Spray, Women",true,Size,100 ML,,,,,,,,'6291107976983,1000.0,shopify,deny,manual,75.00,100.00,true,true,,,,,'6291107976983,https://cdn.shopify.com/s/files/1/0626/6119/8023/files/LA_FEDE_OPERA_ROSE_L_OR_100_ML_EDP_SPRAY_-_Khadlaj_Perfumes-1965196.png?v=1722410696,1,LA FEDE OPERA ROSE L'OR 100 ML EDP SPRAY - Khadlaj Perfumes,false,,,479,,,,,,,,,,,,,,,,,,,,,,formal; special-occasion; casual; everyday,,,,spring; summer,female,,,,g,,,true,,,true,,,true,,,true,,,true,,,true,,,true,,,active
la-fede-opera-rose-lor-100-ml-edp-spray,,,,,,,,,,,,,,,,,,,,,,,,,,,,,,,https://cdn.shopify.com/s/files/1/0626/6119/8023/files/LA_FEDE_OPERA_ROSE_L_OR_100_ML_EDP_SPRAY_-_Khadlaj_Perfumes-1965199.png?v=1722410704,2,LA FEDE OPERA ROSE L'OR 100 ML EDP SPRAY - Khadlaj Perfumes,,,,,,,,,,,,,,,,,,,,,,,,,,,,,,,,,,,,,,,,,,,,,,,,,,,,,,,,,,,
la-fede-opera-rose-lor-100-ml-edp-spray,,,,,,,,,,,,,,,,,,,,,,,,,,,,,,,https://cdn.shopify.com/s/files/1/0626/6119/8023/files/LA_FEDE_OPERA_ROSE_L_OR_100_ML_EDP_SPRAY_-_Khadlaj_Perfumes-1965204.png?v=1722410711,3,LA FEDE OPERA ROSE L'OR 100 ML EDP SPRAY - Khadlaj Perfumes,,,,,,,,,,,,,,,,,,,,,,,,,,,,,,,,,,,,,,,,,,,,,,,,,,,,,,,,,,,
la-fede-magnum-wild-green-100ml-edp-spray,LA FEDE MAGNUM WILD GREEN 100ML EAU DE PARFUME SPRAY,"<p>Unleash your inner adventurer with Magnum Wild Green Eau de Parfum, a bold and invigorating fragrance that captures the essence of untamed nature. This dynamic scent is a masterful blend of fresh citrus, aromatic spices, enchanting florals, and warm, earthy undertones, creating a truly unforgettable experience.</p>
<p>Top Notes:<br>Embark on a vibrant journey with the refreshing and zesty notes of Cassis, Lemon, and Lime. These citrusy top notes are invigorated by the cool touch of Mint, the green freshness of Petitgrain, and the spicy warmth of Nutmeg and Saffron, creating an exciting and multifaceted opening.</p>
<p>Middle Notes:<br>As the fragrance unfolds, the heart reveals an exquisite bouquet of Jasmine, Rose, Mimosa, and Gardenia, intertwined with a Watery Accord that adds a fresh, dewy essence. The subtle presence of Sandalwood provides a creamy, woody balance, enhancing the floral notes with its soothing depth.</p>
<p>Base Notes:<br>The foundation of the fragrance is a rich and luxurious blend of Patchouli, Musk, and Amber, accented by the sweet, comforting touch of Vanilla. These base notes create a lasting, sensual finish that lingers on the skin, evoking the mystery and allure of a wild, green landscape.</p>
<p>Magnum Wild Green Eau de Parfum is perfect for the modern explorer, whether you're navigating the urban jungle or seeking solace in nature. Embrace the wild, untamed spirit of this captivating fragrance and let it inspire your adventures.</p>
<!---->",Khadlaj Perfumes,Health & Beauty > Personal Care > Cosmetics > Perfumes & Colognes,PERFUME SPRAY,"Men, Perfume Spray",true,Size,100 ML,,,,,,,,'6291107976921,1000.0,shopify,deny,manual,95.00,,true,true,,,,,'6291107976921,https://cdn.shopify.com/s/files/1/0626/6119/8023/files/LA_FEDE_MAGNUM_WILD_GREEN_100ML_EDP_SPRAY_-_Khadlaj_Perfumes-1965148.png?v=1722410593,1,LA FEDE MAGNUM WILD GREEN 100ML EDP SPRAY - Khadlaj Perfumes,false,,,479,,,,,,,,,,,,,,,,,,,,,,special-occasion; everyday; formal; casual,,,,spring; summer,male,,,,g,,,true,,,true,,,true,,,true,,,true,,,true,,,true,,,active
la-fede-magnum-wild-green-100ml-edp-spray,,,,,,,,,,,,,,,,,,,,,,,,,,,,,,,https://cdn.shopify.com/s/files/1/0626/6119/8023/files/LA_FEDE_MAGNUM_WILD_GREEN_100ML_EDP_SPRAY_-_Khadlaj_Perfumes-1965152.png?v=1722410612,2,LA FEDE MAGNUM WILD GREEN 100ML EDP SPRAY - Khadlaj Perfumes,,,,,,,,,,,,,,,,,,,,,,,,,,,,,,,,,,,,,,,,,,,,,,,,,,,,,,,,,,,
la-fede-magnum-wild-green-100ml-edp-spray,,,,,,,,,,,,,,,,,,,,,,,,,,,,,,,https://cdn.shopify.com/s/files/1/0626/6119/8023/files/LA_FEDE_MAGNUM_WILD_GREEN_100ML_EDP_SPRAY_-_Khadlaj_Perfumes-1965161.png?v=1722410622,3,LA FEDE MAGNUM WILD GREEN 100ML EDP SPRAY - Khadlaj Perfumes,,,,,,,,,,,,,,,,,,,,,,,,,,,,,,,,,,,,,,,,,,,,,,,,,,,,,,,,,,,
la-fede-magnum-extreme-blue-100-ml-edp-spray,LA FEDE MAGNUM EXTREME BLUE 100 ML EAU DE PARFUME SPRAY,"<p>Dive into the refreshing and invigorating depths of LA FEDE MAGNUM EXTREME BLUE Eau de Parfum, a sophisticated fragrance that embodies the essence of cool elegance and timeless charm. This captivating scent is a perfect blend of crisp, aromatic, and warm notes, creating an unforgettable olfactory experience that resonates with both strength and serenity.</p>
<p>Top Notes:<br>Begin your sensory journey with the sharp, refreshing aroma of Juniper Berries, seamlessly paired with the vibrant, spicy kick of Ginger. These invigorating top notes create a crisp and exhilarating opening, reminiscent of a brisk sea breeze.</p>
<p>Middle Notes:<br>At the heart of the fragrance lies the classic and soothing scent of Lavender. This aromatic middle note adds a layer of calm and sophistication, evoking a serene and tranquil ambiance that balances the fragrance perfectly.</p>
<p>Base Notes:<br>As the scent settles, the warm and comforting base notes of Vanilla and Tonka Bean emerge. These rich, sweet accords provide a lasting and sensual finish, enveloping you in a soft, velvety embrace that lingers on the skin.</p>
<p>LA FEDE MAGNUM EXTREME BLUE Eau de Parfum is ideal for any occasion, whether you're navigating a busy day or unwinding in the evening. Embrace the cool, refined spirit of this exquisite fragrance and let it become a signature part of your style.</p>
<!---->",Khadlaj Perfumes,Health & Beauty > Personal Care > Cosmetics > Perfumes & Colognes,PERFUME SPRAY,"Men, Perfume Spray",true,Size,100 ML,,,,,,,,'6291107976938,1000.0,shopify,deny,manual,125.00,,true,true,,,,,'6291107976938,https://cdn.shopify.com/s/files/1/0626/6119/8023/files/LA_FEDE_MAGNUM_EXTREME_BLUE_100_ML_EDP_SPRAY_-_Khadlaj_Perfumes-1965091.png?v=1722410514,1,LA FEDE MAGNUM EXTREME BLUE 100 ML EDP SPRAY - Khadlaj Perfumes,false,,,479,,,,,,,,,,,,,,,,,,,,,,everyday; formal; casual; special-occasion,,,,spring; summer,male,,,,g,,,true,,,true,,,true,,,true,,,true,,,true,,,true,,,active
la-fede-magnum-extreme-blue-100-ml-edp-spray,,,,,,,,,,,,,,,,,,,,,,,,,,,,,,,https://cdn.shopify.com/s/files/1/0626/6119/8023/files/LA_FEDE_MAGNUM_EXTREME_BLUE_100_ML_EDP_SPRAY_-_Khadlaj_Perfumes-1965110.png?v=1722410520,2,LA FEDE MAGNUM EXTREME BLUE 100 ML EDP SPRAY - Khadlaj Perfumes,,,,,,,,,,,,,,,,,,,,,,,,,,,,,,,,,,,,,,,,,,,,,,,,,,,,,,,,,,,
la-fede-magnum-extreme-blue-100-ml-edp-spray,,,,,,,,,,,,,,,,,,,,,,,,,,,,,,,https://cdn.shopify.com/s/files/1/0626/6119/8023/files/LA_FEDE_MAGNUM_EXTREME_BLUE_100_ML_EDP_SPRAY_-_Khadlaj_Perfumes-1965113.png?v=1722410527,3,LA FEDE MAGNUM EXTREME BLUE 100 ML EDP SPRAY - Khadlaj Perfumes,,,,,,,,,,,,,,,,,,,,,,,,,,,,,,,,,,,,,,,,,,,,,,,,,,,,,,,,,,,
kayaan-silver-20-ml,KAYAAN SILVER 20 ML,"<p>Indulge in the opulent elegance of Kayaan Silver Concentrated Perfume Oil, a luxurious fragrance From the house of Khadlaj Perfumes that exudes sophistication and depth. This exquisite scent masterfully blends aromatic spices, rich incense, and warm, sweet undertones, creating a timeless and captivating aroma.</p>
<p>Top Notes:<br>The fragrance opens with a vibrant and aromatic blend of Lavender, Cardamom, and Black Pepper. The soothing and floral essence of Lavender is enlivened by the spicy, exotic touch of Cardamom and the bold, fiery note of Black Pepper, creating a dynamic and stimulating introduction.</p>
<p>Middle Notes:<br>As the fragrance evolves, the heart reveals a rich and enigmatic blend of Incense and Patchouli. The smoky, resinous scent of Incense intertwines with Patchouli's earthy, woody depth, adding a layer of mystery and sophistication that enchants the senses.</p>
<p>Base Notes:<br>The foundation of the fragrance is a luxurious and comforting blend of Vanilla and Tonka Bean. These warm, sweet accords provide a lasting and sensual finish, enveloping you in a velvety embrace that lingers on the skin, leaving a trail of elegance and allure.</p>
<p>Kayaan Silver Concentrated Perfume Oil is perfect for those who appreciate the finer things in life and seek a fragrance that embodies both strength and grace. Whether worn for a special occasion or as an everyday signature scent, this perfume oil will leave a lasting impression of refined luxury and timeless beauty.</p>
<p>Top Notes:  Bergamot, Lavender, Cardamom, Black Pepper.<br>Middle Notes: Incense, Patchouli.<br>Base Notes: Vanilla, Tonka Bean.</p>
<p> </p>
<p> </p>
<!---->",Khadlaj Perfumes,Health & Beauty > Personal Care > Cosmetics > Perfumes & Colognes,CPO,"concentrated perfume oil, CPO, Deals, Men, perfume oil, UNISEX",true,Size,20 ML,,,,,,,,'6291107977119,500.0,shopify,deny,manual,80.00,100.00,true,true,,,,,'6291107977119,https://cdn.shopify.com/s/files/1/0626/6119/8023/files/KAYAAN_SILVER_20_ML_-_Khadlaj_Perfumes-1964880.png?v=1722410049,1,KAYAAN SILVER 20 ML - Khadlaj Perfumes,false,"Woody, Leather Fragrance | Luxury Concentrated Perfume Oil","Shop Khadlaj Kayaan Silver 20 ml Perfume Oil — premium perfume oils, arabian perfume oils, oil perfume fragrances with crisp metallic notes and rich aroma.",479,,,,,,,,,,,,"<div class=""pyramid-section_lists""><h6 style=""font-weight:600;"">Top Notes</h6>
<p> Bergamot, Lavender, Cardamom, Black Pepper </p>
</div>
<div class=""pyramid-section_lists""><h6 style=""font-weight:600;"">Middle Notes</h6>
<p> Incense, Patchouli </p>
</div>
<div class=""pyramid-section_lists""><h6 style=""font-weight:600;"">Base Notes</h6>
<p>Vanilla, Tonka Bean</p>
</div>",,,,,,,,,,everyday; special-occasion,,,vanilla; spicy,spring; fall; winter,unisex; male; female,,,,g,,,true,,,true,,,true,,,true,,,true,,,true,,,true,,,active
kayaan-silver-20-ml,,,,,,,,,,,,,,,,,,,,,,,,,,,,,,,https://cdn.shopify.com/s/files/1/0626/6119/8023/files/KAYAAN_SILVER_20_ML_-_Khadlaj_Perfumes-1964884.png?v=1722410054,2,KAYAAN SILVER 20 ML - Khadlaj Perfumes,,,,,,,,,,,,,,,,,,,,,,,,,,,,,,,,,,,,,,,,,,,,,,,,,,,,,,,,,,,
kayaan-silver-20-ml,,,,,,,,,,,,,,,,,,,,,,,,,,,,,,,https://cdn.shopify.com/s/files/1/0626/6119/8023/files/KAYAAN_SILVER_20_ML_-_Khadlaj_Perfumes-1964888.png?v=1722410062,3,KAYAAN SILVER 20 ML - Khadlaj Perfumes,,,,,,,,,,,,,,,,,,,,,,,,,,,,,,,,,,,,,,,,,,,,,,,,,,,,,,,,,,,
kayaan-silver-20-ml,,,,,,,,,,,,,,,,,,,,,,,,,,,,,,,https://cdn.shopify.com/s/files/1/0626/6119/8023/files/KAYAAN_SILVER_20_ML_-_Khadlaj_Perfumes-1964892.png?v=1722410069,4,KAYAAN SILVER 20 ML - Khadlaj Perfumes,,,,,,,,,,,,,,,,,,,,,,,,,,,,,,,,,,,,,,,,,,,,,,,,,,,,,,,,,,,
musk-pure-musk-blend-creation-of-iqbal-65-ml-edp-spray-perfume-for-men-and-women-online-dubai-uae,MUSK PURE MUSK BLEND CREATION OF IQBAL 60 ML EDP SPRAY,"<p style=""text-align: left;"">Created by Our Founder &amp; Master Perfumer, Mr. Mohamed Iqbal Abdul Sattar, Musk Pure Musk Blend is a masterpiece of bespoke perfumery, where artistry meets elegance. This exquisite fragrance weaves delicate florals, fresh green nuances, and deep, sensuous musky undertones into a harmonious symphony that captivates the senses. The top notes of Musk and White Musk open with a subtle allure, flowing into a heart of Pure Soul of Rose and Pure Orange Blossom, and settling on a base of Pure Musk Blend with a whisper of Cashmeran, leaving an unforgettable trail of sophistication. Crafted for connoisseurs of refined luxury, Musk Pure Musk Blend elevates every moment, enveloping the wearer in timeless elegance and a signature scent that speaks of artistry, grace, and individuality.</p>
<!---->",Khadlaj-perfumes,Health & Beauty > Personal Care > Cosmetics > Perfumes & Colognes > Eaux de Parfum,PERFUME SPRAY,"Deals, Men, Perfume Spray, UNISEX, Women",true,Size,60 ML,,,,,,,,'6291107978154,1000.0,shopify,deny,manual,150.00,200.00,true,true,,,,,'6291107978154,https://cdn.shopify.com/s/files/1/0626/6119/8023/files/MUSK_PURE_MUSK_BLEND_CREATION_OF_IQBAL_60_ML_EDP_SPRAY_-_Khadlaj_Perfumes-1965450.jpg?v=1783948198,1,MUSK PURE MUSK BLEND CREATION OF IQBAL 60 ML EDP SPRAY - Khadlaj Perfumes,false,Musk Pure 65ml EDP | Best Signature Scent | Khadlaj Perfumes,Searching for a signature scent? Khadlaj Musk Pure 65ml EDP offers a rich musk blend with floral and green notes—crafted by Iqbal. Shop premium fragrances now!,479,,,,,,,,,,,,"<div class=""pyramid-section_lists""><h6 style=""font-weight:600;"">Top Notes</h6>
<p> Musk, White Musk </p>
</div>
<div class=""pyramid-section_lists""><h6 style=""font-weight:600;"">Middle Notes</h6>
<p> Pure Soul Of Rose, Pure Orange Blossom </p>
</div>
<div class=""pyramid-section_lists""><h6 style=""font-weight:600;"">Base Notes</h6>
<p>Pure Musk Blend, Hint Of Cashmeran</p>
</div>",,,,,,,,,,formal; special-occasion,,,jasmine; vanilla,spring; fall; winter,unisex,,,,g,,,true,,,true,,,true,,,true,,,true,,,true,,,true,,,active
musk-pure-musk-blend-creation-of-iqbal-65-ml-edp-spray-perfume-for-men-and-women-online-dubai-uae,,,,,,,,,,,,,,,,,,,,,,,,,,,,,,,https://cdn.shopify.com/s/files/1/0626/6119/8023/files/MUSK_PURE_MUSK_BLEND_CREATION_OF_IQBAL_60_ML_EDP_SPRAY_-_Khadlaj_Perfumes-1965448.jpg?v=1722411175,2,MUSK PURE MUSK BLEND CREATION OF IQBAL 60 ML EDP SPRAY - Khadlaj Perfumes,,,,,,,,,,,,,,,,,,,,,,,,,,,,,,,,,,,,,,,,,,,,,,,,,,,,,,,,,,,
musk-pure-musk-blend-creation-of-iqbal-65-ml-edp-spray-perfume-for-men-and-women-online-dubai-uae,,,,,,,,,,,,,,,,,,,,,,,,,,,,,,,https://cdn.shopify.com/s/files/1/0626/6119/8023/files/MUSK_PURE_MUSK_BLEND_CREATION_OF_IQBAL_60_ML_EDP_SPRAY_-_Khadlaj_Perfumes-1965453.jpg?v=1722411187,3,MUSK PURE MUSK BLEND CREATION OF IQBAL 60 ML EDP SPRAY - Khadlaj Perfumes,,,,,,,,,,,,,,,,,,,,,,,,,,,,,,,,,,,,,,,,,,,,,,,,,,,,,,,,,,,
musk-pure-musk-blend-creation-of-iqbal-65-ml-edp-spray-perfume-for-men-and-women-online-dubai-uae,,,,,,,,,,,,,,,,,,,,,,,,,,,,,,,https://cdn.shopify.com/s/files/1/0626/6119/8023/files/MUSK_PURE_MUSK_BLEND_CREATION_OF_IQBAL_60_ML_EDP_SPRAY_-_Khadlaj_Perfumes-1965456.jpg?v=1722411194,4,MUSK PURE MUSK BLEND CREATION OF IQBAL 60 ML EDP SPRAY - Khadlaj Perfumes,,,,,,,,,,,,,,,,,,,,,,,,,,,,,,,,,,,,,,,,,,,,,,,,,,,,,,,,,,,
island-100-ml-extrait-de-parfum-spray-for-men-and-women,KHADLAJ ISLAND 100 ML EXTRAIT DE PARFUM SPRAY FOR MEN & WOMEN,"<p>Introducing <strong>Khadlaj Island Extrait de Parfum</strong>, a luxurious 100 ml fragrance inspired by tropical escape, warm sunshine, and effortless sophistication.</p>
<p>The fragrance opens with a vibrant blend of pineapple, iris, and ginger cypress. Juicy pineapple brings a bright tropical freshness, while the powdery elegance of iris adds refinement. Ginger cypress introduces an aromatic, lightly spicy character that gives the opening a distinctive and refreshing twist.</p>
<p>At the heart, creamy coconut blends with smooth woody notes, creating a warm and exotic accord that captures the relaxed elegance of an island paradise. The balance of soft coconut and woods gives the fragrance a sophisticated depth without losing its tropical charm.</p>
<p>As it settles, Khadlaj Island reveals a rich and sensual base of amber, tonka beans, and sandalwood. Warm amber adds a golden glow, tonka beans bring a smooth sweetness, and sandalwood leaves a soft, creamy woody trail that lingers beautifully on the skin.</p>
<p>Khadlaj Island is a captivating fragrance for those who enjoy tropical freshness balanced with warm woods and sensual sweetness. Perfect for everyday wear, holidays, or evenings when you want to carry the feeling of paradise with you.</p>
<p> </p>",Khadlaj-perfumes,Health & Beauty > Personal Care > Cosmetics > Perfumes & Colognes,PERFUME SPRAY,"Deals, Men, Perfume Spray, UNISEX, Women",true,Size,100 ML,,,,,,,,'6291107978789,1000.0,shopify,deny,manual,125.00,180.00,true,true,,,,,'6291107978789,https://cdn.shopify.com/s/files/1/0626/6119/8023/files/KHADLAJ_ISLAND_100_ML.jpg?v=1783946296,1,KHADLAJ ISLAND 100 ML EXTRAIT DE PARFUM SPRAY FOR MEN & WOMEN - Khadlaj Perfumes,false,Island 100ml Extrait | Buy Tropical Perfume | Khadlaj Perfumes,"Looking for a tropical perfume? Khadlaj Island 100ml Extrait blends bergamot, coconut, and sandalwood for a luxurious scent. Shop now!​",,,,,,,,,,,,,"<div class=""pyramid-section_lists"">
  <h6 style=""font-weight:600;"">Top Notes</h6>
  <p>Pineapple, Iris, Ginger Cypress</p>
</div>

<div class=""pyramid-section_lists"">
  <h6 style=""font-weight:600;"">Middle Notes</h6>
  <p>Coconut, Woody Notes</p>
</div>

<div class=""pyramid-section_lists"">
  <h6 style=""font-weight:600;"">Base Notes</h6>
  <p>Amber, Tonka Beans, Sandalwood</p>
</div>",,,,,,,,,,everyday; casual; formal; special-occasion,,,fresh; spicy; sandalwood,winter; fall; spring,unisex,,,,g,,,true,,,true,,,true,,,true,,,true,,,true,,,true,,,active
island-100-ml-extrait-de-parfum-spray-for-men-and-women,,,,,,,,,,,,,,,,,,,,,,,,,,,,,,,https://cdn.shopify.com/s/files/1/0626/6119/8023/files/1.jpg?v=1724330180,2,KHADLAJ ISLAND 100 ML EXTRAIT DE PARFUM SPRAY FOR MEN & WOMEN - Khadlaj Perfumes,,,,,,,,,,,,,,,,,,,,,,,,,,,,,,,,,,,,,,,,,,,,,,,,,,,,,,,,,,,
island-100-ml-extrait-de-parfum-spray-for-men-and-women,,,,,,,,,,,,,,,,,,,,,,,,,,,,,,,https://cdn.shopify.com/s/files/1/0626/6119/8023/files/5.jpg?v=1724330621,3,KHADLAJ ISLAND 100 ML EXTRAIT DE PARFUM SPRAY FOR MEN & WOMEN - Khadlaj Perfumes,,,,,,,,,,,,,,,,,,,,,,,,,,,,,,,,,,,,,,,,,,,,,,,,,,,,,,,,,,,
island-100-ml-extrait-de-parfum-spray-for-men-and-women,,,,,,,,,,,,,,,,,,,,,,,,,,,,,,,https://cdn.shopify.com/s/files/1/0626/6119/8023/files/Island_2.jpg?v=1771044501,4,KHADLAJ ISLAND 100 ML EXTRAIT DE PARFUM SPRAY FOR MEN & WOMEN - Khadlaj Perfumes,,,,,,,,,,,,,,,,,,,,,,,,,,,,,,,,,,,,,,,,,,,,,,,,,,,,,,,,,,,
island-100-ml-extrait-de-parfum-spray-for-men-and-women,,,,,,,,,,,,,,,,,,,,,,,,,,,,,,,https://cdn.shopify.com/s/files/1/0626/6119/8023/files/island_jpg.jpg?v=1783432153,5,KHADLAJ ISLAND 100 ML EXTRAIT DE PARFUM SPRAY FOR MEN & WOMEN - Khadlaj Perfumes,,,,,,,,,,,,,,,,,,,,,,,,,,,,,,,,,,,,,,,,,,,,,,,,,,,,,,,,,,,
la-fede-intoxicate-blue-elixir-100-ml-edp-spray-for-men-best-perfumes-dubai-uae-usa-uk-worldwide,LA FEDE INTOXICATE BLUE ELIXIR 100 ML EAU DE PARFUME SPRAY FOR MEN,"<p>Introducing La Fede Intoxicate Blue Elixir Eau de Parfum – a mesmerizing 100 ml fragrance that combines freshness, warmth, and depth in an irresistible blend.</p>
<p>Top Notes: The fragrance opens with a lively combination of bergamot, lavender, and mint, delivering a fresh and invigorating start that captivates the senses.</p>
<p>Middle Notes: The heart of the scent unfolds with the rich sweetness of vanilla and honey, creating a warm and comforting allure.</p>
<p>Base Notes: The fragrance deepens with a captivating base of tonka bean and tobacco, adding a smooth and smoky finish that leaves a lasting impression.</p>
<p>Experience the seductive charm of La Fede Intoxicate Blue Elixir, a fragrance that embodies timeless elegance and undeniable allure.</p>
<p> </p>",Khadlaj-perfumes,Health & Beauty > Personal Care > Cosmetics > Perfumes & Colognes > Eaux de Parfum,PERFUME SPRAY,"Deals, Men, Perfume Spray",true,Size,100 ML,,,,,,,,'6291107978796,1000.0,shopify,continue,manual,130.00,150.00,true,true,,,,,'6291107978796,https://cdn.shopify.com/s/files/1/0626/6119/8023/files/1_d331f9af-ebe5-4823-bdf4-42b99508b851.jpg?v=1724332648,1,LA FEDE INTOXICATE BLUE ELIXIR 100 ML EAU DE PARFUME SPRAY FOR MEN - Khadlaj Perfumes,false,,,479,,,,,,,,,,,,"<div class=""pyramid-section_lists""><h6 style=""font-weight:600;"">Top Notes</h6>
<p>Lavender, Mint</p>
</div>
<div class=""pyramid-section_lists""><h6 style=""font-weight:600;"">Middle Notes</h6>
<p>Vanilla, Honey</p>
</div>
<div class=""pyramid-section_lists""><h6 style=""font-weight:600;"">Base Notes</h6>
<p> Honey, Tonka Bean, Tobacco</p>
</div>",,,,,,,,,,everyday; casual; formal; special-occasion,,,vanilla; lavender; spicy,winter; fall; spring,male,,,,g,,,true,,,true,,,true,,,true,,,true,,,true,,,true,,,active
la-fede-intoxicate-blue-elixir-100-ml-edp-spray-for-men-best-perfumes-dubai-uae-usa-uk-worldwide,,,,,,,,,,,,,,,,,,,,,,,,,,,,,,,https://cdn.shopify.com/s/files/1/0626/6119/8023/files/3_55be8249-3248-4936-b049-844c95abe87e.jpg?v=1724332903,2,LA FEDE INTOXICATE BLUE ELIXIR 100 ML EAU DE PARFUME SPRAY FOR MEN - Khadlaj Perfumes,,,,,,,,,,,,,,,,,,,,,,,,,,,,,,,,,,,,,,,,,,,,,,,,,,,,,,,,,,,
la-fede-intoxicate-blue-elixir-100-ml-edp-spray-for-men-best-perfumes-dubai-uae-usa-uk-worldwide,,,,,,,,,,,,,,,,,,,,,,,,,,,,,,,https://cdn.shopify.com/s/files/1/0626/6119/8023/files/5_c4a13b95-26a4-4cc9-88a2-95f2bc49601a.jpg?v=1724333212,3,LA FEDE INTOXICATE BLUE ELIXIR 100 ML EAU DE PARFUME SPRAY FOR MEN - Khadlaj Perfumes,,,,,,,,,,,,,,,,,,,,,,,,,,,,,,,,,,,,,,,,,,,,,,,,,,,,,,,,,,,
johayna-green-20ml-best-non-alcoholic-perfume-oil-dubai-uae-usa-uk-worldwide,JOHAYNA GREEN 20 ML,"<p>Johayna Green 20ml from the house of Khadlaj Perfumes is a compact yet luxurious fragrance that captivates with its unique blend of sweet, floral, and gourmand notes.</p>
<p>Top Notes: The fragrance opens with a delightful mix of bergamot, caramel, and pistachio, creating an irresistible and creamy introduction.</p>
<p>Middle Notes: At the heart, the fresh and floral scents of pear, jasmine, and peony come to life, adding a touch of elegance and sophistication.</p>
<p>Base Notes: The fragrance finishes with a warm and indulgent base of almond, tonka bean, and chocolate, leaving a lingering sweetness that is both comforting and alluring.</p>
<p>Experience the enchanting allure of Johayna Green in a convenient 20ml size, perfect for carrying your favorite scent wherever you go.</p>
<p> </p>
<p> </p>",Khadlaj Perfumes,Health & Beauty > Personal Care > Cosmetics > Perfumes & Colognes,CPO,"concentrated perfume oil, perfume oil, UNISEX, Women",true,Size,20 ML,,,,,,,,'6291107977317,500.0,shopify,deny,manual,35.00,,true,true,,,,,'6291107977317,https://cdn.shopify.com/s/files/1/0626/6119/8023/files/1_37.jpg?v=1724745876,1,JOHAYNA GREEN 20 ML - Khadlaj Perfumes,false,"Floral, Fruity, Musk Fragrance | Non-Alcoholic Perfume Oil","Shop Khadlaj Johayna Green 20 ml Perfume Oil — premium perfume oils, arabian perfume oils, oil perfume fragrances by Khadlaj.",,,,,,,,,,,,,"<div class=""pyramid-section_lists""><h6 style=""font-weight:600;"">Top Notes</h6>
<p> Bergamot, Caramel, Pistachio </p>
</div>
<div class=""pyramid-section_lists""><h6 style=""font-weight:600;"">Middle Notes</h6>
<p> Pear, Jasmine, Peony </p>
</div>
<div class=""pyramid-section_lists""><h6 style=""font-weight:600;"">Base Notes</h6>
<p>Almond, Tonka Bean, Chocolate</p>
</div>",,,,,,,,,,everyday; special-occasion; casual; formal,,,fruity; jasmine; citrus,fall; spring; summer,unisex; female,,,,g,,,true,,,true,,,true,,,true,,,true,,,true,,,true,,,active
johayna-green-20ml-best-non-alcoholic-perfume-oil-dubai-uae-usa-uk-worldwide,,,,,,,,,,,,,,,,,,,,,,,,,,,,,,,https://cdn.shopify.com/s/files/1/0626/6119/8023/files/3_19.jpg?v=1724745977,2,JOHAYNA GREEN 20 ML - Khadlaj Perfumes,,,,,,,,,,,,,,,,,,,,,,,,,,,,,,,,,,,,,,,,,,,,,,,,,,,,,,,,,,,
johayna-green-20ml-best-non-alcoholic-perfume-oil-dubai-uae-usa-uk-worldwide,,,,,,,,,,,,,,,,,,,,,,,,,,,,,,,https://cdn.shopify.com/s/files/1/0626/6119/8023/files/2_18.jpg?v=1724746085,3,JOHAYNA GREEN 20 ML - Khadlaj Perfumes,,,,,,,,,,,,,,,,,,,,,,,,,,,,,,,,,,,,,,,,,,,,,,,,,,,,,,,,,,,
pure-musk-20-ml-best-concentrated-perfume-scent-for-him-and-her-in-dubai-usa-uk-europe-worldwide,PURE MUSK 20 ML,"<p>Discover the pure elegance of our Pure Musk 20 ml fragrance, a luxurious scent that embodies simplicity and sophistication.</p>
<p>The journey begins with the fresh and uplifting top notes of Bergamot, Lilac, and Freesia, creating an inviting introduction.</p>
<p>As the fragrance unfolds, the heart reveals the soft and delicate middle notes of Iris and White Musk, adding a touch of gentle warmth.</p>
<p>Finally, the scent settles into the deep and sensual base notes of Musk and Amber, leaving a lasting impression of refined allure.</p>
<p>Pure Musk is a captivating blend that enhances your natural grace, perfect for those seeking a timeless and versatile fragrance.</p>
<p> </p>
<p> </p>",Khadlaj Perfumes,Health & Beauty > Personal Care > Cosmetics > Perfumes & Colognes,CPO,"concentrated perfume oil, perfume oil, UNISEX, Women",true,Size,20 ML,,,,,,,,'6291107977737,500.0,shopify,deny,manual,50.00,,true,true,,,,,'6291107977737,https://cdn.shopify.com/s/files/1/0626/6119/8023/files/1_38.jpg?v=1724748527,1,PURE MUSK 20 ML - Khadlaj Perfumes,false,Musk Fragrance | Best Concentrated Perfume Oil For Men & Women,"Shop Khadlaj Pure Musk 20 ml Perfume Oil — premium perfume oils, arabian perfume oils, oil perfume fragrances with sensual musk aroma for him & her.",,,,,,,,,,,,,"<div class=""pyramid-section_lists""><h6 style=""font-weight:600;"">Top Notes</h6>
<p> Bergamot, Lilac, Freesia </p>
</div>
<div class=""pyramid-section_lists""><h6 style=""font-weight:600;"">Middle Notes</h6>
<p> Iris, White Musk </p>
</div>
<div class=""pyramid-section_lists""><h6 style=""font-weight:600;"">Base Notes</h6>
<p>Musk, Amber</p>
</div>",,,,,,,,,,everyday; special-occasion; casual; formal,,,vanilla; citrus; jasmine,fall; spring; summer,unisex; female,,,,g,,,true,,,true,,,true,,,true,,,true,,,true,,,true,,,active
pure-musk-20-ml-best-concentrated-perfume-scent-for-him-and-her-in-dubai-usa-uk-europe-worldwide,,,,,,,,,,,,,,,,,,,,,,,,,,,,,,,https://cdn.shopify.com/s/files/1/0626/6119/8023/files/3_20_0f509639-2732-49a2-8cb2-cbe70945f2dc.jpg?v=1724748841,2,PURE MUSK 20 ML - Khadlaj Perfumes,,,,,,,,,,,,,,,,,,,,,,,,,,,,,,,,,,,,,,,,,,,,,,,,,,,,,,,,,,,
pure-musk-20-ml-best-concentrated-perfume-scent-for-him-and-her-in-dubai-usa-uk-europe-worldwide,,,,,,,,,,,,,,,,,,,,,,,,,,,,,,,https://cdn.shopify.com/s/files/1/0626/6119/8023/files/4_16.jpg?v=1724749017,3,PURE MUSK 20 ML - Khadlaj Perfumes,,,,,,,,,,,,,,,,,,,,,,,,,,,,,,,,,,,,,,,,,,,,,,,,,,,,,,,,,,,
oud-al-sabah-100-ml-edp-spray-dubai-uae-amber-oud-fragrance,OUD AL SABAH 100 ML EDP SPRAY,"<p>Experience the allure of Oud Al Sabah 100 ml EDP Spray, a luxurious fragrance that exudes warmth and elegance. The scent opens with the rich, golden notes of Amber, creating an inviting and opulent introduction. The heart of the fragrance reveals the creamy sweetness of Vanilla, adding depth and sophistication. Finally, the base notes of Lavender &amp; cedarwood provide a soothing and aromatic finish, perfectly balancing the richness of the other elements. Oud Al Sabah is a captivating blend, ideal for those who seek a refined and long-lasting fragrance that leaves a memorable impression.</p>",Khadlaj Perfumes,Health & Beauty > Personal Care > Cosmetics > Perfumes & Colognes > Eaux de Parfum,PERFUME SPRAY,"Men, Perfume Spray, UNISEX, Women",true,Size,100 ML,,,,,,,,'6291107977034,1000.0,shopify,deny,manual,85.00,,true,true,,,,,'6291107977034,https://cdn.shopify.com/s/files/1/0626/6119/8023/files/3_21.jpg?v=1784368894,1,OUD AL SABAH 100 ML EDP SPRAY - Khadlaj Perfumes,false,Oud Al Sabah Amber Oud Woody Perfume Online Dubai UAE,"Oud Al Sabah combines rich amber and oud with woody notes, creating an exotic and luxurious fragrance for men online in Dubai, UAE.",479,,,,,,,,,,,,"<div class=""pyramid-section_lists""><h6 style=""font-weight:600;"">Top Notes</h6>
<p>Bergamot</p>
</div>
<div class=""pyramid-section_lists""><h6 style=""font-weight:600;"">Middle Notes</h6>
<p>Vanilla</p>
</div>
<div class=""pyramid-section_lists""><h6 style=""font-weight:600;"">Base Notes</h6>
<p>Lavender, Cedarwood</p>
</div>",,,,,,,,,,formal; everyday; casual; special-occasion,,,woody; vanilla,fall; winter; spring,unisex,,,,g,,,true,,,true,,,true,,,true,,,true,,,true,,,true,,,active
oud-al-sabah-100-ml-edp-spray-dubai-uae-amber-oud-fragrance,,,,,,,,,,,,,,,,,,,,,,,,,,,,,,,https://cdn.shopify.com/s/files/1/0626/6119/8023/files/1_40.jpg?v=1776231101,2,OUD AL SABAH 100 ML EDP SPRAY - Khadlaj Perfumes,,,,,,,,,,,,,,,,,,,,,,,,,,,,,,,,,,,,,,,,,,,,,,,,,,,,,,,,,,,
oud-al-sabah-100-ml-edp-spray-dubai-uae-amber-oud-fragrance,,,,,,,,,,,,,,,,,,,,,,,,,,,,,,,https://cdn.shopify.com/s/files/1/0626/6119/8023/files/Oud_Alsabah_copy.jpg?v=1776231101,3,OUD AL SABAH 100 ML EDP SPRAY - Khadlaj Perfumes,,,,,,,,,,,,,,,,,,,,,,,,,,,,,,,,,,,,,,,,,,,,,,,,,,,,,,,,,,,
musk-al-sabah-100-ml-edp-spray-buy-online-best-price-dubai-uae,MUSK AL SABAH 100 ML EDP SPRAY,"<div class=""flex max-w-full flex-col flex-grow"">
<div data-message-author-role=""assistant"" data-message-id=""5028f356-8bb1-44f5-9d36-784d13cdaf0c"" dir=""auto"" class=""min-h-[20px] text-message flex w-full flex-col items-end gap-2 break-words [.text-message+&amp;]:mt-5 overflow-x-auto whitespace-normal"">
<div class=""flex w-full flex-col gap-1 empty:hidden first:pt-[3px]"">
<div class=""markdown prose w-full break-words dark:prose-invert light"">
<p>Discover the enchanting allure of Musk Al Sabah 100 ml EDP Spray, a fragrance that beautifully balances freshness and warmth. The scent opens with the invigorating notes of Bergamot and rich Amber, setting a vibrant and luxurious tone. The heart reveals a delightful blend of Toffee, Apple, and Coconut, adding a sweet and exotic twist. Finally, the base notes of Musk and Amber create a smooth, sensual finish that lingers on the skin. Musk Al Sabah is the perfect choice for those who seek a unique and captivating fragrance that leaves a lasting impression.</p>
</div>
</div>
</div>
</div>
<div class=""mt-1 flex gap-3 empty:hidden -ml-2"">
<div class=""items-center justify-start rounded-xl p-1 flex"">
<div class=""flex items-center justify-center rounded-lg text-token-text-secondary"">
<button class=""flex h-[30px] w-[30px] items-center justify-center rounded-md hover:bg-token-main-surface-secondary disabled:opacity-50 disabled:hover:bg-transparent"" aria-label=""Previous response""><svg width=""24"" height=""24"" viewbox=""0 0 24 24"" fill=""none"" xmlns=""http://www.w3.org/2000/svg"" class=""icon-md-heavy""><path fill-rule=""evenodd"" clip-rule=""evenodd"" d=""M14.7071 5.29289C15.0976 5.68342 15.0976 6.31658 14.7071 6.70711L9.41421 12L14.7071 17.2929C15.0976 17.6834 15.0976 18.3166 14.7071 18.7071C14.3166 19.0976 13.6834 19.0976 13.2929 18.7071L7.29289 12.7071C7.10536 12.5196 7 12.2652 7 12C7 11.7348 7.10536 11.4804 7.29289 11.2929L13.2929 5.29289C13.6834 4.90237 14.3166 4.90237 14.7071 5.29289Z"" fill=""currentColor""></path></svg></button>
<div class=""px-0.5 text-sm font-semibold tabular-nums""><br></div>
</div>
</div>
</div>",Khadlaj-perfumes,Health & Beauty > Personal Care > Cosmetics > Perfumes & Colognes > Eaux de Parfum,PERFUME SPRAY,"Deals, Men, Perfume Spray, UNISEX, Women",true,Size,100 ML,,,,,,,,'6291107977027,1000.0,shopify,deny,manual,75.00,120.00,true,true,,,,,'6291107977027,https://cdn.shopify.com/s/files/1/0626/6119/8023/files/2_19.jpg?v=1784368941,1,MUSK AL SABAH 100 ML EDP SPRAY - Khadlaj Perfumes,false,Musk Al Sabah Soft Musk Amber Perfume Online Dubai UAE,"Musk Al Sabah crafted with soft musk and amber tones, delivering a premium perfume for men and women online in Dubai, UAE.",479,,,,,,,,,,,,"<div class=""pyramid-section_lists""><h6 style=""font-weight:600;"">Top Notes</h6>
<p>Bergamot, Amber</p>
</div>
<div class=""pyramid-section_lists""><h6 style=""font-weight:600;"">Middle Notes</h6>
<p>Toffee, Apple, Coconut </p>
</div>
<div class=""pyramid-section_lists""><h6 style=""font-weight:600;"">Base Notes</h6>
<p>Musk, Amber</p>
</div>",,,,,,,,,,formal; everyday,,,citrus; fruity; vanilla,winter; fall,female; male; unisex,,,,g,,,true,,,true,,,true,,,true,,,true,,,true,,,true,,,active
musk-al-sabah-100-ml-edp-spray-buy-online-best-price-dubai-uae,,,,,,,,,,,,,,,,,,,,,,,,,,,,,,,https://cdn.shopify.com/s/files/1/0626/6119/8023/files/1_41.jpg?v=1776231033,2,MUSK AL SABAH 100 ML EDP SPRAY - Khadlaj Perfumes,,,,,,,,,,,,,,,,,,,,,,,,,,,,,,,,,,,,,,,,,,,,,,,,,,,,,,,,,,,
musk-al-sabah-100-ml-edp-spray-buy-online-best-price-dubai-uae,,,,,,,,,,,,,,,,,,,,,,,,,,,,,,,https://cdn.shopify.com/s/files/1/0626/6119/8023/files/Musk_Alsabah_copy.jpg?v=1776231033,3,MUSK AL SABAH 100 ML EDP SPRAY - Khadlaj Perfumes,,,,,,,,,,,,,,,,,,,,,,,,,,,,,,,,,,,,,,,,,,,,,,,,,,,,,,,,,,,
ghadeer-silver-100-ml-edp-spray-for-men-women-best-edp-perfume-dubai-uae,GHADEER SILVER 100 ML EDP SPRAY FOR MEN & WOMEN,"<p>Experience the refined elegance of Ghadeer Silver 100 ml EDP Spray, a fragrance that captures both freshness and sophistication. It opens with the crisp and aromatic notes of Bergamot and Lavender, creating a refreshing and vibrant start. The heart of the fragrance blooms with the delicate floral scents of Lotus and Jasmine, complemented by the juicy sweetness of Watermelon. The scent then settles into a warm and sensual base of Sandalwood, Amber, and Musk, leaving a captivating and long-lasting impression. Ghadeer Silver is a perfect choice for those who appreciate a balanced and distinguished fragrance</p>",Khadlaj-perfumes,Health & Beauty > Personal Care > Cosmetics > Perfumes & Colognes > Eaux de Parfum,PERFUME SPRAY,"Men, Perfume Spray, UNISEX, Women",true,Size,100 ML,,,,,,,,'6291107977010,1000.0,shopify,deny,manual,80.00,,true,true,,,,,'6291107977010,https://cdn.shopify.com/s/files/1/0626/6119/8023/files/2_20.jpg?v=1784368631,1,GHADEER SILVER 100 ML EDP SPRAY FOR MEN & WOMEN - Khadlaj Perfumes,false,Ghadeer Silver Woody Floral Musk Perfume for Men & Women Online,"Ghadeer Silver perfume blends woody, floral, and musk notes, offering a luxurious fragrance for men and women who enjoy elegance and sophistication.",479,,,,,,,,,,,,"<div class=""pyramid-section_lists""><h6 style=""font-weight:600;"">Top Notes</h6>
<p>Bergamot, Lavender</p>
</div>
<div class=""pyramid-section_lists""><h6 style=""font-weight:600;"">Middle Notes</h6>
<p>Lotus, Jasmine, Watermelon</p>
</div>
<div class=""pyramid-section_lists""><h6 style=""font-weight:600;"">Base Notes</h6>
<p>Sandalwood, Amber, Musk</p>
</div>",,,,,,,,,,formal; everyday,,,sandalwood; fresh; lavender,spring; fall; summer,male; unisex,,,,g,,,true,,,true,,,true,,,true,,,true,,,true,,,true,,,active
ghadeer-silver-100-ml-edp-spray-for-men-women-best-edp-perfume-dubai-uae,,,,,,,,,,,,,,,,,,,,,,,,,,,,,,,https://cdn.shopify.com/s/files/1/0626/6119/8023/files/1_42.jpg?v=1776230585,2,GHADEER SILVER 100 ML EDP SPRAY FOR MEN & WOMEN - Khadlaj Perfumes,,,,,,,,,,,,,,,,,,,,,,,,,,,,,,,,,,,,,,,,,,,,,,,,,,,,,,,,,,,
ghadeer-silver-100-ml-edp-spray-for-men-women-best-edp-perfume-dubai-uae,,,,,,,,,,,,,,,,,,,,,,,,,,,,,,,https://cdn.shopify.com/s/files/1/0626/6119/8023/files/Ghadeer_Silver_copy.jpg?v=1776230585,3,GHADEER SILVER 100 ML EDP SPRAY FOR MEN & WOMEN - Khadlaj Perfumes,,,,,,,,,,,,,,,,,,,,,,,,,,,,,,,,,,,,,,,,,,,,,,,,,,,,,,,,,,,
ghadeer-gold-100-ml-edp-spray-for-women-best-price-perfume-online-dubai-uae,GHADEER GOLD 100 ML EDP SPRAY FOR WOMEN,"<p>Discover the luxurious essence of Ghadeer Gold 100 ml EDP Spray, a fragrance that embodies opulence and sophistication. The scent opens with the fresh and aromatic blend of Basil, Bergamot, and Citrus, offering a vibrant and invigorating start. The heart of the fragrance features the spicy warmth of Caraway, adding a unique and intriguing depth. Finally, the base notes of Musk and Amber provide a rich, sensual finish that lingers elegantly. Ghadeer Gold is a perfect choice for those who seek a bold and refined fragrance that makes a lasting impression</p>",Khadlaj-perfumes,Health & Beauty > Personal Care > Cosmetics > Perfumes & Colognes > Eaux de Parfum,PERFUME SPRAY,"Perfume Spray, Women",true,Size,100 ML,,,,,,,,'6291107977003,1000.0,shopify,deny,manual,80.00,,true,true,,,,,'6291107977003,https://cdn.shopify.com/s/files/1/0626/6119/8023/files/3_24.jpg?v=1784368680,1,GHADEER GOLD 100 ML EDP SPRAY FOR WOMEN - Khadlaj Perfumes,false,BUY GHADEER GOLD 100 ML EDP SPRAY FOR WOMEN - KHADLAJ PERFUMES UAE,,479,,,,,,,,,,,,"<div class=""pyramid-section_lists""><h6 style=""font-weight:600;"">Top Notes</h6>
<p>Basil, Bergamot, Citrus</p>
</div>
<div class=""pyramid-section_lists""><h6 style=""font-weight:600;"">Middle Notes</h6>
<p>Caraway</p>
</div>
<div class=""pyramid-section_lists""><h6 style=""font-weight:600;"">Base Notes</h6>
<p>Musk, Amber</p>
</div>",,,,,,,,,,everyday; formal; casual,,,woody; citrus,summer; spring; fall,unisex; female,,,,g,,,true,,,true,,,true,,,true,,,true,,,true,,,true,,,active
ghadeer-gold-100-ml-edp-spray-for-women-best-price-perfume-online-dubai-uae,,,,,,,,,,,,,,,,,,,,,,,,,,,,,,,https://cdn.shopify.com/s/files/1/0626/6119/8023/files/1_43.jpg?v=1776230546,2,GHADEER GOLD 100 ML EDP SPRAY FOR WOMEN - Khadlaj Perfumes,,,,,,,,,,,,,,,,,,,,,,,,,,,,,,,,,,,,,,,,,,,,,,,,,,,,,,,,,,,
ghadeer-gold-100-ml-edp-spray-for-women-best-price-perfume-online-dubai-uae,,,,,,,,,,,,,,,,,,,,,,,,,,,,,,,https://cdn.shopify.com/s/files/1/0626/6119/8023/files/Ghadeer_Gold_copy.jpg?v=1776230546,3,GHADEER GOLD 100 ML EDP SPRAY FOR WOMEN - Khadlaj Perfumes,,,,,,,,,,,,,,,,,,,,,,,,,,,,,,,,,,,,,,,,,,,,,,,,,,,,,,,,,,,
khadlaj-sara-100-ml-extrait-de-parfum-spray-for-women-best-price-dubai-uae,SARA 100 ML EXTRAIT DE PARFUM SPRAY FOR WOMEN,"<p>Unveil the essence of sophistication with Sara 100ml Extrait De Parfum, a luxurious and captivating fragrance that lingers in the air and on the skin. Designed for those with a refined sense of elegance, this perfume brings together a harmonious blend of vibrant florals, fresh fruits, and warm, sensual undertones.</p>
<p>Top Notes: A sparkling introduction of Bergamot, Jasmine, and Berries immediately invigorates the senses, offering a fresh and fruity start with a touch of delicate floral allure.</p>
<p>Middle Notes: At the heart of the fragrance, the richness of Rose and Geranium unfolds, evoking a soft yet powerful floral bouquet that exudes timeless grace.</p>
<p>Base Notes: As the scent settles, the seductive warmth of Musk and Amber creates a lasting, elegant finish, leaving a sensual and enveloping trail that resonates with charm.</p>
<p>Sara 100ml Extrait De Parfum is an opulent fragrance that transforms every moment into a statement of luxury.</p>",Khadlaj-perfumes,Health & Beauty > Personal Care > Cosmetics > Perfumes & Colognes > Eaux de Parfum,PERFUME SPRAY,"Deals, Perfume Spray, Women",true,Size,100 ML,,,,,,,,'6291107978772,1000.0,shopify,deny,manual,75.00,100.00,true,true,,,,,'6291107978772,https://cdn.shopify.com/s/files/1/0626/6119/8023/files/3_34647ca0-413e-49af-a7d4-042b6d78a207.jpg?v=1783948104,1,SARA 100 ML EDP SPRAY FOR WOMEN - Khadlaj Perfumes,false,Sara 100ml EDP | Buy Long-lasting Fragrance | Khadlaj Perfumes,"Looking for a long-lasting fragrance for women? Discover Khadlaj Sara 100ml EDP—elegant notes of bergamot, jasmine & amber. Shop the scent now!",,,,,,,,,,,,,"<div class=""pyramid-section_lists""><h6 style=""font-weight:600;"">Top Notes</h6>
<p>Bergamot, Jasmine, Berries</p>
</div>
<div class=""pyramid-section_lists""><h6 style=""font-weight:600;"">Middle Notes</h6>
<p>Rose, Geranium</p>
</div>
<div class=""pyramid-section_lists""><h6 style=""font-weight:600;"">Base Notes</h6>
<p>Musk, Amber</p>
</div>",,,,,,,,,,everyday,,,fruity; jasmine; spicy,fall; spring; winter,,,,,g,,,true,,,true,,,true,,,true,,,true,,,true,,,true,,,active
khadlaj-sara-100-ml-extrait-de-parfum-spray-for-women-best-price-dubai-uae,,,,,,,,,,,,,,,,,,,,,,,,,,,,,,,https://cdn.shopify.com/s/files/1/0626/6119/8023/files/1_fa064b96-ba01-41bf-8b04-a780ac24fd1b.jpg?v=1725709491,2,SARA 100 ML EDP SPRAY FOR WOMEN - Khadlaj Perfumes,,,,,,,,,,,,,,,,,,,,,,,,,,,,,,,,,,,,,,,,,,,,,,,,,,,,,,,,,,,
khadlaj-sara-100-ml-extrait-de-parfum-spray-for-women-best-price-dubai-uae,,,,,,,,,,,,,,,,,,,,,,,,,,,,,,,https://cdn.shopify.com/s/files/1/0626/6119/8023/files/4_74d0bea6-1a4a-4977-9f87-347704104d0a.jpg?v=1725710763,3,SARA 100 ML EDP SPRAY FOR WOMEN - Khadlaj Perfumes,,,,,,,,,,,,,,,,,,,,,,,,,,,,,,,,,,,,,,,,,,,,,,,,,,,,,,,,,,,
khadlaj-oud-and-musk-20-ml-alcohol-free-perfume-oil,OUD & MUSK 20 ML,"<p>Oud &amp; Musk 20ml By Khadlaj Perfumes is a luxurious fragrance, ideal for those who appreciate a refined blend of fresh, spicy, and woody accords. Perfect for special occasions or adding a touch of sophistication to everyday wear.</p>",Khadlaj-perfumes,Health & Beauty > Personal Care > Cosmetics > Perfumes & Colognes,CPO,"concentrated perfume oil, CPO, Men, perfume oil, UNISEX, Women",true,Size,20 ML,,,,,,,,'6291107977744,500.0,shopify,deny,manual,50.00,,true,true,,,,,'6291107977744,https://cdn.shopify.com/s/files/1/0626/6119/8023/files/1_c215fdec-c154-47a6-84c8-77fcdb7cc332.jpg?v=1725714588,1,OUD & MUSK 20 ML - Khadlaj Perfumes,false,"Oud, Musk Fragrance | Alcohol-Free Perfume Oil For Men & Women","Shop Khadlaj Oud & Musk 20 ml Alcohol-Free Perfume Oil — premium perfume oils, arabian perfume oils, oil perfume fragrances with rich oud & musk aromas.",,,,,,,,,,,,,"<div class=""pyramid-section_lists""><h6 style=""font-weight:600;"">Top Notes</h6>
<p> Lemon, Bergamot, Coriander, Cardamom, Mandarin Orange; Pink Pepper, Nutmeg, Saffron. </p>
</div>
<div class=""pyramid-section_lists""><h6 style=""font-weight:600;"">Middle Notes</h6>
<p>Cypress, Patchouli, Amber, Geranium, Jasmine </p>
</div>
<div class=""pyramid-section_lists""><h6 style=""font-weight:600;"">Base Notes</h6>
<p>Sandalwood, Oakmoss Musk, Cedar</p>
</div>",,,,,,,,,,special-occasion; formal; everyday,,,spicy; jasmine; sandalwood,fall; winter; spring,male; female; unisex,,,,g,,,true,,,true,,,true,,,true,,,true,,,true,,,true,,,active
khadlaj-oud-and-musk-20-ml-alcohol-free-perfume-oil,,,,,,,,,,,,,,,,,,,,,,,,,,,,,,,https://cdn.shopify.com/s/files/1/0626/6119/8023/files/3_60f1207b-0529-4e44-903b-5b75f67b8184.jpg?v=1725714648,2,OUD & MUSK 20 ML - Khadlaj Perfumes,,,,,,,,,,,,,,,,,,,,,,,,,,,,,,,,,,,,,,,,,,,,,,,,,,,,,,,,,,,
khadlaj-oud-and-musk-20-ml-alcohol-free-perfume-oil,,,,,,,,,,,,,,,,,,,,,,,,,,,,,,,https://cdn.shopify.com/s/files/1/0626/6119/8023/files/2_f895ab7a-b9fd-4508-86e0-c6862c3323c2.jpg?v=1725714735,3,OUD & MUSK 20 ML - Khadlaj Perfumes,,,,,,,,,,,,,,,,,,,,,,,,,,,,,,,,,,,,,,,,,,,,,,,,,,,,,,,,,,,
khadlaj-oud-and-musk-20-ml-alcohol-free-perfume-oil,,,,,,,,,,,,,,,,,,,,,,,,,,,,,,,https://cdn.shopify.com/s/files/1/0626/6119/8023/files/4_0debe46c-5cb0-4014-8d4a-0671a6027277.jpg?v=1725714809,4,OUD & MUSK 20 ML - Khadlaj Perfumes,,,,,,,,,,,,,,,,,,,,,,,,,,,,,,,,,,,,,,,,,,,,,,,,,,,,,,,,,,,
musk-couture-edp-spray-100-ml-best-perfume-for-men-and-women-in-dubai-uae,MUSK COUTURE EDP SPRAY 100 ML,"<p>Musk Couture is a luxurious and sophisticated fragrance that exudes elegance and charm with every note. Perfect for those with a refined taste, this scent brings together an exquisite blend of fresh florals and warm, sensual undertones.</p>
<p>Top Notes: The fragrance opens with a vibrant combination of Bergamot, Jasmine, Hyacinth, and a unique touch of Rhubarb, creating a fresh, bright, and slightly tart introduction.</p>
<p>Middle Notes: At its heart, the soft and delicate scent of Lily of the Valley intertwines with the rich warmth of Amber, offering a gentle floral touch with a hint of depth.</p>
<p>Base Notes: As the fragrance settles, the sensual and long-lasting base of Musk and Tonka Bean creates a captivating and luxurious finish.</p>
<p>Musk Couture is a timeless fragrance that envelops you in an aura of sophistication and warmth, leaving a lasting impression</p>",Khadlaj-perfumes,Health & Beauty > Personal Care > Cosmetics > Perfumes & Colognes,PERFUME SPRAY,"Deals, Men, Perfume Spray, UNISEX, Women",true,Size,100 ML,,,,,,,,'6291107976976,500.0,shopify,deny,manual,50.00,118.00,true,true,,,,,'6291107976976,https://cdn.shopify.com/s/files/1/0626/6119/8023/files/3_cbe4f164-57ee-4f48-9832-89e3371dbc54.jpg?v=1784369644,1,MUSK COUTURE EDP SPRAY 100 ML - Khadlaj Perfumes,false,KHADLAJ MUSK COUTURE EDP SPRAY 100 ML PERFUME FOR MEN & WOMEN,,479,,,,,,,,,,,,"<div class=""pyramid-section_lists""><h6 style=""font-weight:600;"">Top Notes</h6>
<p>Bergmot, Jasmine, Hyacinth, Rhubarb</p>
</div>
<div class=""pyramid-section_lists""><h6 style=""font-weight:600;"">Middle Notes</h6>
<p>Liliy of the valley, Amber </p>
</div>
<div class=""pyramid-section_lists""><h6 style=""font-weight:600;"">Base Notes</h6>
<Musk, Tonka Bean</p>
</div>",,,,,,,,,,everyday; formal; casual,,,fresh,fall; winter; spring,unisex; male; female,,,,g,,,true,,,true,,,true,,,true,,,true,,,true,,,true,,,active
musk-couture-edp-spray-100-ml-best-perfume-for-men-and-women-in-dubai-uae,,,,,,,,,,,,,,,,,,,,,,,,,,,,,,,https://cdn.shopify.com/s/files/1/0626/6119/8023/files/1_e3549e50-6589-4d09-8809-83043709aa6c.jpg?v=1727096635,2,MUSK COUTURE EDP SPRAY 100 ML - Khadlaj Perfumes,,,,,,,,,,,,,,,,,,,,,,,,,,,,,,,,,,,,,,,,,,,,,,,,,,,,,,,,,,,
musk-couture-edp-spray-100-ml-best-perfume-for-men-and-women-in-dubai-uae,,,,,,,,,,,,,,,,,,,,,,,,,,,,,,,https://cdn.shopify.com/s/files/1/0626/6119/8023/files/4_7efce928-5bee-410e-b72d-fd43e3f00849.jpg?v=1727096635,3,MUSK COUTURE EDP SPRAY 100 ML - Khadlaj Perfumes,,,,,,,,,,,,,,,,,,,,,,,,,,,,,,,,,,,,,,,,,,,,,,,,,,,,,,,,,,,
khadlaj-fursan-white-100-ml-edp-spray-perfume-for-women-best-price-in-dubai-uae,FURSAN WHITE 100 ML EDP SPRAY,"<p>Discover the allure of Fursan White 100ml Eau de Parfum, a fragrance that perfectly balances freshness with warm, exotic undertones. This luxurious scent is crafted for those who appreciate subtle elegance and timeless sophistication.</p>
<p>Top Notes: The fragrance opens with a refreshing burst of Bergamot and the delicate allure of Jasmine, creating a fresh and floral introduction that captivates the senses.</p>
<p>Middle Notes: At its heart, the creamy richness of Coconut blends seamlessly with the warmth of Musk and the nutty smoothness of Almond, delivering a soft and indulgent middle.</p>
<p>Base Notes: As the fragrance settles, a comforting and spicy base of Vanilla, Cedarwood, and Nutmeg lingers, leaving a lasting impression of warmth and refinement.</p>
<p>Fursan White is a sophisticated scent that evokes elegance and comfort, perfect for those seeking an enchanting fragrance that is both fresh and creamy with a touch of spice.</p>
<script type="""" application>
{
  """"@context"""": """"https://schema.org"""",
  """"@type"""": """"BreadcrumbList"""",
  """"itemListElement"""": [
    {
      """"@type"""": """"ListItem"""",
      """"position"""": 1,
      """"name"""": """"Home"""",
      """"item"""": """"https://khadlaj-perfumes.com/""""
    },
    {
      """"@type"""": """"ListItem"""",
      """"position"""": 2,
      """"name"""": """"Products"""",
      """"item"""": """"https://khadlaj-perfumes.com/products/""""
    },
    {
      """"@type"""": """"ListItem"""",
      """"position"""": 3,
      """"name"""": """"Khadlaj Fursan White 100 ML EDP Spray"""",
      """"item"""": """"https://khadlaj-perfumes.com/products/khadlaj-fursan-white-100-ml-edp-spray-perfume-for-women-best-price-in-dubai-uae""""
    }
  ]
}
</script>",Khadlaj-perfumes,Health & Beauty > Personal Care > Cosmetics > Perfumes & Colognes > Eaux de Parfum,PERFUME SPRAY,"Deals, Perfume Spray, Women",true,Size,100 ML,,,,,,,,'6291107977751,1000.0,shopify,deny,manual,75.00,100.00,true,true,,,,,'6291107977751,https://cdn.shopify.com/s/files/1/0626/6119/8023/files/3_e7287acf-841a-4e28-a898-549b1e89d2a2.jpg?v=1783948020,1,FURSAN WHITE 100 ML EDP SPRAY - Khadlaj Perfumes,false,Fursan White 100ml EDP | Perfume for Women | Khadlaj Perfumes,"Looking for a luxurious women's perfume? Khadlaj Perfumes offers Fursan White 100ml EDP—fresh bergamot, creamy coconut, and warm vanilla. Shop now!​",479,,,,,,,,,,,,"<div class=""pyramid-section_lists""><h6 style=""font-weight:600;"">Top Notes</h6>
<p>Bergomot, Jasmine</p>
</div>
<div class=""pyramid-section_lists""><h6 style=""font-weight:600;"">Middle Notes</h6>
<p>Musk, Coconut, Almond</p>
</div>
<div class=""pyramid-section_lists""><h6 style=""font-weight:600;"">Base Notes</h6>
<p>Vanilla, Cedarwood, Nutmeg</p>
</div>",,,,,,,,,,everyday; formal; casual,,,floral; fresh; vanilla,winter; fall,,,,,g,,,true,,,true,,,true,,,true,,,true,,,true,,,true,,,active
khadlaj-fursan-white-100-ml-edp-spray-perfume-for-women-best-price-in-dubai-uae,,,,,,,,,,,,,,,,,,,,,,,,,,,,,,,https://cdn.shopify.com/s/files/1/0626/6119/8023/files/1_08ca34cd-f744-4dd8-b81b-8f1a33b488f7.jpg?v=1727182480,2,FURSAN WHITE 100 ML EDP SPRAY - Khadlaj Perfumes,,,,,,,,,,,,,,,,,,,,,,,,,,,,,,,,,,,,,,,,,,,,,,,,,,,,,,,,,,,
khadlaj-fursan-white-100-ml-edp-spray-perfume-for-women-best-price-in-dubai-uae,,,,,,,,,,,,,,,,,,,,,,,,,,,,,,,https://cdn.shopify.com/s/files/1/0626/6119/8023/files/4_17b65424-fa65-4e41-ab16-fce8aee4ddba.jpg?v=1727182710,3,FURSAN WHITE 100 ML EDP SPRAY - Khadlaj Perfumes,,,,,,,,,,,,,,,,,,,,,,,,,,,,,,,,,,,,,,,,,,,,,,,,,,,,,,,,,,,
khadlaj-fursan-brown-100-ml-edp-spray-perfume-for-him-and-her,FURSAN BROWN 100 ML EDP SPRAY,"<p>Immerse yourself in the rich, bold scent of FURSAN BROWN 100 ML EDP SPRAY By KHADLAJ PERFUMES a fragrance that exudes warmth and sophistication with every spritz.</p>
<p>Top Notes: The fragrance opens with the fresh, zesty scent of Bergamot, perfectly balanced by the smoky, woody essence of Cade, creating an intriguing and bold introduction.</p>
<p>Middle Notes: As the fragrance evolves, the spicy warmth of Nutmeg melds seamlessly with the creamy, earthy tones of Sandalwood, adding depth and richness to the heart of the scent.</p>
<p>Base Notes: Finally, the fragrance settles into a long-lasting, warm base of Cedarwood, Amber, and the earthy sophistication of Patchouli, leaving a memorable trail of elegance.</p>
<p>FURSAN BROWN 100 ML EDP SPRAY is an alluring fragrance, ideal for those who appreciate a perfect balance of woody, spicy, and amber accords. A refined scent for everyday wear or special occasions.</p>",Khadlaj Perfumes,Health & Beauty > Personal Care > Cosmetics > Perfumes & Colognes > Eaux de Parfum,PERFUME SPRAY,"Men, Perfume Spray, UNISEX, Women",true,Size,100 ML,,,,,,,,'6291107977768,1000.0,shopify,deny,manual,95.00,,true,true,,,,,'6291107977768,https://cdn.shopify.com/s/files/1/0626/6119/8023/files/3_651eba7e-7275-416f-b294-45ea01b0149a.jpg?v=1783947945,1,FURSAN BROWN 100 ML EDP SPRAY - Khadlaj Perfumes,false,Fursan Brown Perfume | Perfume for Him and Her | Khadlaj Perfumes,Looking for Unisex Perfume? Khadlaj Perfumes Offers Fursan Brown EDP with Deep Woody & Oriental Notes for a Bold Signature Scent. Shop Online in UAE Now!,479,,,,,,,,,,,,"<div class=""pyramid-section_lists""><h6 style=""font-weight:600;"">Top Notes</h6>
<p>Bergomot, Cade</p>
</div>
<div class=""pyramid-section_lists""><h6 style=""font-weight:600;"">Middle Notes</h6>
<p>Nutmeg, Sandalwood</p>
</div>
<div class=""pyramid-section_lists""><h6 style=""font-weight:600;"">Base Notes</h6>
<p>Cedarwood, Amber, Patchouli</p>
</div>",,,,,,,,,,everyday; formal; casual; special-occasion,,,spicy,fall; winter,,,,,g,,,true,,,true,,,true,,,true,,,true,,,true,,,true,,,active
khadlaj-fursan-brown-100-ml-edp-spray-perfume-for-him-and-her,,,,,,,,,,,,,,,,,,,,,,,,,,,,,,,https://cdn.shopify.com/s/files/1/0626/6119/8023/files/1_ca041667-393c-4fb9-adac-2130aca0cb94.jpg?v=1727705124,2,FURSAN BROWN 100 ML EDP SPRAY - Khadlaj Perfumes,,,,,,,,,,,,,,,,,,,,,,,,,,,,,,,,,,,,,,,,,,,,,,,,,,,,,,,,,,,
khadlaj-fursan-brown-100-ml-edp-spray-perfume-for-him-and-her,,,,,,,,,,,,,,,,,,,,,,,,,,,,,,,https://cdn.shopify.com/s/files/1/0626/6119/8023/files/4_24df1924-f42f-49c4-a952-3baafb11cfaa.jpg?v=1727705273,3,FURSAN BROWN 100 ML EDP SPRAY - Khadlaj Perfumes,,,,,,,,,,,,,,,,,,,,,,,,,,,,,,,,,,,,,,,,,,,,,,,,,,,,,,,,,,,
khadlaj-fursan-brown-100-ml-edp-spray-perfume-for-him-and-her,,,,,,,,,,,,,,,,,,,,,,,,,,,,,,,https://cdn.shopify.com/s/files/1/0626/6119/8023/files/5_d0d12ab0-36ce-44b3-beb5-8d6f6c3acbe8.jpg?v=1727704590,4,FURSAN BROWN 100 ML EDP SPRAY - Khadlaj Perfumes,,,,,,,,,,,,,,,,,,,,,,,,,,,,,,,,,,,,,,,,,,,,,,,,,,,,,,,,,,,
floral-collection-2-pcs-edp-gift-set-khadlaj-perfumes-gifting-ideas,FLORAL COLLECTION 2 PCS EDP GIFT SET,"<p>Floral Collection 2 PCS EDP Gift Set is the perfect gift for those who love delicate, nature-inspired fragrances. This exquisite set features two enchanting Eau de Parfums, each infused with a bouquet of floral notes that capture the essence of elegance and femininity. Whether for a special occasion or everyday wear, this gift set offers a timeless, fragrant experience that’s sure to delight. Ideal for gifting or indulging in a personal scent collection.</p>
<script type="""" application>
{
  """"@context"""": """"https://schema.org"""",
  """"@type"""": """"Product"""",
  """"name"""": """"Floral Collection Gift Set | Perfume in UAE | Khadlaj Perfumes"""",
  """"url"""": """"https://khadlaj-perfumes.com/collections/gift-sets-perfect-for-loved-ones-best-for-any-occassion/products/floral-collection-2-pcs-edp-gift-set-khadlaj-perfumes-gifting-ideas"""",
  """"description"""": """"Searching for perfumes in UAE? Khadlaj Perfumes presents the Floral Collection Gift Set—fresh, elegant fragrances perfect for gifting. Shop your signature scent now!"""",
  """"brand"""": {
    """"@type"""": """"Brand"""",
    """"name"""": """"Khadlaj Perfumes""""
  },
  """"offers"""": {
    """"@type"""": """"Offer"""",
    """"url"""": """"https://khadlaj-perfumes.com/collections/gift-sets-perfect-for-loved-ones-best-for-any-occassion/products/floral-collection-2-pcs-edp-gift-set-khadlaj-perfumes-gifting-ideas"""",
    """"availability"""": """"https://schema.org/InStock""""
  }
}
</script>",Khadlaj-perfumes,Health & Beauty > Personal Care > Cosmetics > Perfumes & Colognes,Gift Sets,"giftset, luxurygiftset, Men, Perfume Spray, Women",true,Size,Gift Set,,,,,,,,'6291107977898,1000.0,shopify,deny,manual,110.00,,true,true,,,,,'6291107977898,https://cdn.shopify.com/s/files/1/0626/6119/8023/files/1_3a2f964d-7677-459a-8ead-78182a5174eb.jpg?v=1728472953,1,FLORAL COLLECTION 2 PCS EDP GIFT SET - Khadlaj Perfumes,false,Floral Collection Gift Set | Perfume in UAE | Khadlaj Perfumes,"Searching for perfumes in UAE? Khadlaj Perfumes presents the Floral Collection Gift Set—fresh, elegant fragrances perfect for gifting. Shop your signature scent now!",479,,,,,,,,,,,,,,,,,,,,,,special-occasion; casual; formal,,,floral,fall; spring,unisex,,,,g,,,true,,,true,,,true,,,true,,,true,,,true,,,true,,,active
floral-collection-2-pcs-edp-gift-set-khadlaj-perfumes-gifting-ideas,,,,,,,,,,,,,,,,,,,,,,,,,,,,,,,https://cdn.shopify.com/s/files/1/0626/6119/8023/files/8.jpg?v=1728473163,2,FLORAL COLLECTION 2 PCS EDP GIFT SET - Khadlaj Perfumes,,,,,,,,,,,,,,,,,,,,,,,,,,,,,,,,,,,,,,,,,,,,,,,,,,,,,,,,,,,
faakhar-2-pieces-gift-set-best-giftsets-for-him-and-her-dubai-uae,FAAKHAR 2 PIECES GIFT SET,"<p>FAAKHAR 2 Pieces Gift Set combines luxury and tradition, offering an exquisite 100ml Eau de Parfum and 24g Oud Muattar. The Eau de Parfum captivates with its rich and refined fragrance, while the Oud Muattar provides an authentic aromatic experience, perfect for special occasions or enhancing your living space. This elegant set is ideal for those who appreciate both modern scents and the timeless allure of traditional oud. A perfect gift for loved ones or a luxurious addition to your own fragrance collection.</p>
<script type="""" application>{
  """"@context"""": """"https://schema.org"""",
  """"@type"""": """"Product"""",
  """"name"""": """"Faakhar Gift Set | Perfume Gift for Men | Khadlaj Perfumes"""",
  """"url"""": """"https://khadlaj-perfumes.com/collections/gift-sets-perfect-for-loved-ones-best-for-any-occassion/products/faakhar-2-pieces-gift-set-best-giftsets-for-him-and-her-dubai-uae"""",
  """"description"""": """"Looking for a luxurious perfume gift for men? Khadlaj Perfumes offers the Faakhar 2-piece gift set—bold, elegant, and unforgettable. Shop the perfect gift now!"""",
  """"brand"""": {
    """"@type"""": """"Brand"""",
    """"name"""": """"Khadlaj Perfumes""""
  },
  """"offers"""": {
    """"@type"""": """"Offer"""",
    """"url"""": """"https://khadlaj-perfumes.com/collections/gift-sets-perfect-for-loved-ones-best-for-any-occassion/products/faakhar-2-pieces-gift-set-best-giftsets-for-him-and-her-dubai-uae"""",
    """"availability"""": """"https://schema.org/InStock""""
  }
}
</script>",Khadlaj-perfumes,Health & Beauty > Personal Care > Cosmetics > Perfumes & Colognes,Gift Sets,"Bakhoor, giftset, luxurygiftset, Perfume Spray, UNISEX",true,Size,Gift Set,,,,,,,,'6291107977881,1000.0,shopify,deny,manual,110.00,,true,true,,,,,'6291107977881,https://cdn.shopify.com/s/files/1/0626/6119/8023/files/faakhar_gift_set_khadlaj.jpg?v=1728474020,1,FAAKHAR 2 PIECES GIFT SET - Khadlaj Perfumes,false,Faakhar Gift Set | Perfume Gift for Men | Khadlaj Perfumes,"Looking for a luxurious perfume gift for men? Khadlaj Perfumes offers the Faakhar 2-piece gift set—bold, elegant, and unforgettable. Shop the perfect gift now!",479,,,,,,,,,,,,,,,,,,,,,,special-occasion; formal,,,sandalwood; oriental,fall; winter,unisex,,,,g,,,true,,,true,,,true,,,true,,,true,,,true,,,true,,,active
faakhar-2-pieces-gift-set-best-giftsets-for-him-and-her-dubai-uae,,,,,,,,,,,,,,,,,,,,,,,,,,,,,,,https://cdn.shopify.com/s/files/1/0626/6119/8023/files/Faakhar_Gift_Set_Bakhoor.jpg?v=1728474598,2,FAAKHAR 2 PIECES GIFT SET - Khadlaj Perfumes,,,,,,,,,,,,,,,,,,,,,,,,,,,,,,,,,,,,,,,,,,,,,,,,,,,,,,,,,,,
faakhar-2-pieces-gift-set-best-giftsets-for-him-and-her-dubai-uae,,,,,,,,,,,,,,,,,,,,,,,,,,,,,,,https://cdn.shopify.com/s/files/1/0626/6119/8023/files/Faakhar_Gift_Set_edp.jpg?v=1728475392,3,FAAKHAR 2 PIECES GIFT SET - Khadlaj Perfumes,,,,,,,,,,,,,,,,,,,,,,,,,,,,,,,,,,,,,,,,,,,,,,,,,,,,,,,,,,,
oud-pour-collection-3-pieces-discovery-travel-gift-set,OUD POUR COLLECTION 3 PIECES DISCOVERY GIFT SET,"<p>Oud Pour Collection 3 Pieces Discovery Gift Set by Khadlaj Perfumes showcases the best-selling fragrances from the iconic Oud Pour series. This luxurious set includes three travel-sized scents of 50 ml each: Oud Pour Klassik, Musk Pour Narcis, and Oud Pour Blueberry. Each fragrance offers a unique and captivating blend, perfect for oud lovers seeking variety and sophistication. </p>
<p>Ideal for gifting or indulging in a personal fragrance journey, this set brings the finest of the Oud Pour series in a convenient, travel-friendly size.</p>
<script type="""" application>
{
  """"@context"""": """"https://schema.org"""",
  """"@type"""": """"CollectionPage"""",
  """"name"""": """"Bakhoor Collection | Best Bakhoor in UAE | Khadlaj Perfumes"""",
  """"url"""": """"https://khadlaj-perfumes.com/collections/home-and-ambiance/bakhoor"""",
  """"description"""": """"Looking for the best bakhoor in the UAE? Khadlaj Perfumes offers premium home fragrances with long-lasting aroma. Discover your signature scent today!""""
}
</script>",Khadlaj-perfumes,Health & Beauty > Personal Care > Cosmetics > Perfumes & Colognes > Eaux de Parfum,Gift Sets,"giftset, luxurygiftset, Men, Perfume Spray, UNISEX, Women",true,Size,Gift Set,,,,,,,,'6291107978277,1500.0,shopify,deny,manual,185.00,,true,true,,,,,'6291107978277,https://cdn.shopify.com/s/files/1/0626/6119/8023/files/oud_pour_collection_discovery_gift_set_1e02c92c-bb05-4591-8f30-e7bd410e72c8.jpg?v=1728480539,1,OUD POUR COLLECTION 3 PIECES DISCOVERY GIFT SET - Khadlaj Perfumes,false,Oud Pour Gift Set | Buy Perfume Online | Khadlaj Perfumes,"Looking for the perfect perfume gift set? Khadlaj Perfumes offers the Oud Pour Collection—ideal for travel or gifting. Buy premium fragrance online now!
",479,,,,,,,,,,,,,,,,,,,,,,casual; special-occasion; formal,,,oriental; woody; rose; jasmine; vanilla; floral; fresh,fall; winter; spring,unisex,,,,g,,,true,,,true,,,true,,,true,,,true,,,true,,,true,,,active
oud-pour-collection-3-pieces-discovery-travel-gift-set,,,,,,,,,,,,,,,,,,,,,,,,,,,,,,,https://cdn.shopify.com/s/files/1/0626/6119/8023/files/oud_pour_collection_discovery_travel_gift_set.jpg?v=1728478532,2,OUD POUR COLLECTION 3 PIECES DISCOVERY GIFT SET - Khadlaj Perfumes,,,,,,,,,,,,,,,,,,,,,,,,,,,,,,,,,,,,,,,,,,,,,,,,,,,,,,,,,,,
oud-pour-collection-3-pieces-discovery-travel-gift-set,,,,,,,,,,,,,,,,,,,,,,,,,,,,,,,https://cdn.shopify.com/s/files/1/0626/6119/8023/files/oud_pour_collection_discovery_gift_set1.jpg?v=1728478348,3,OUD POUR COLLECTION 3 PIECES DISCOVERY GIFT SET - Khadlaj Perfumes,,,,,,,,,,,,,,,,,,,,,,,,,,,,,,,,,,,,,,,,,,,,,,,,,,,,,,,,,,,
oud-pour-collection-3-pieces-discovery-travel-gift-set,,,,,,,,,,,,,,,,,,,,,,,,,,,,,,,https://cdn.shopify.com/s/files/1/0626/6119/8023/files/oud_pour_collection_discovery_travel_gift_set2.jpg?v=1728478634,4,OUD POUR COLLECTION 3 PIECES DISCOVERY GIFT SET - Khadlaj Perfumes,,,,,,,,,,,,,,,,,,,,,,,,,,,,,,,,,,,,,,,,,,,,,,,,,,,,,,,,,,,
khadlaj-celebration-3-pieces-gift-set-fragrance-collection,KHADLAJ CELEBRATION 3 PIECES GIFT SET,"<p>Experience the essence of luxury with the Khadlaj Celebration 3 Pieces Gift Set. This exquisite collection features three meticulously crafted fragrances, perfect for any occasion. Whether you’re treating yourself or gifting a loved one, this set embodies elegance and sophistication, making it an ideal choice for celebrations and special moments. Indulge in the captivating aromas that will leave a lasting impression. </p>
<p>This exquisite collection includes</p>
<ul>
<li>
<strong>Oud Muattar (48 g)</strong>: A rich and aromatic traditional fragrance that embodies the depth of oud.</li>
<li>
<strong>Bakhoor (50 g)</strong>: A blend of fragrant wood chips infused with essential oils, perfect for creating a warm and inviting atmosphere.</li>
<li>
<strong>Eau de Parfum (100 ml)</strong>: A beautifully crafted fragrance that captures elegance and sophistication, ideal for any occasion.</li>
</ul>
<script type="""" application>
{
  """"@context"""": """"https://schema.org"""",
  """"@type"""": """"Product"""",
  """"name"""": """"Celebration Gift Set | Perfumes in UAE | Khadlaj Perfumes"""",
  """"url"""": """"https://khadlaj-perfumes.com/collections/gift-sets-perfect-for-loved-ones-best-for-any-occassion/products/khadlaj-celebration-3-pieces-gift-set-fragrance-collection"""",
  """"description"""": """"Searching for perfumes in the UAE? Khadlaj Perfumes offers the elegant Celebration Gift Set—3 luxurious fragrances for any occasion. Shop the perfect gift now!"""",
  """"brand"""": {
    """"@type"""": """"Brand"""",
    """"name"""": """"Khadlaj Perfumes""""
  },
  """"offers"""": {
    """"@type"""": """"Offer"""",
    """"url"""": """"https://khadlaj-perfumes.com/collections/gift-sets-perfect-for-loved-ones-best-for-any-occassion/products/khadlaj-celebration-3-pieces-gift-set-fragrance-collection"""",
    """"availability"""": """"https://schema.org/InStock""""
  }
}
</script>",Khadlaj-perfumes,Health & Beauty > Personal Care > Cosmetics > Perfumes & Colognes,Gift Sets,"giftset, luxurygiftset, UNISEX",true,Size,Gift Set,,,,,,,,'6291107974750,1500.0,shopify,deny,manual,150.00,,true,true,,,,,'6291107974750,https://cdn.shopify.com/s/files/1/0626/6119/8023/files/khadlaj-celebration-gift-set.jpg?v=1728481767,1,KHADLAJ CELEBRATION 3 PIECES GIFT SET - Khadlaj Perfumes,false,Celebration Gift Set | Perfumes in UAE | Khadlaj Perfumes,Searching for perfumes in the UAE? Khadlaj Perfumes offers the elegant Celebration Gift Set—3 luxurious fragrances for any occasion. Shop the perfect gift now!,479,,,,,,,,,,,,,,,,,,,,,,special-occasion,,,oriental; woody; rose; sandalwood; spicy,fall; winter; spring,unisex,,,,g,,,true,,,true,,,true,,,true,,,true,,,true,,,true,,,active
khadlaj-celebration-3-pieces-gift-set-fragrance-collection,,,,,,,,,,,,,,,,,,,,,,,,,,,,,,,https://cdn.shopify.com/s/files/1/0626/6119/8023/files/khadlaj-celebration-gift-set.2jpg.jpg?v=1728481899,2,KHADLAJ CELEBRATION 3 PIECES GIFT SET - Khadlaj Perfumes,,,,,,,,,,,,,,,,,,,,,,,,,,,,,,,,,,,,,,,,,,,,,,,,,,,,,,,,,,,
khadlaj-celebration-3-pieces-gift-set-fragrance-collection,,,,,,,,,,,,,,,,,,,,,,,,,,,,,,,https://cdn.shopify.com/s/files/1/0626/6119/8023/files/khadlaj-celebration-gift-set.3jpg.jpg?v=1728482147,3,KHADLAJ CELEBRATION 3 PIECES GIFT SET - Khadlaj Perfumes,,,,,,,,,,,,,,,,,,,,,,,,,,,,,,,,,,,,,,,,,,,,,,,,,,,,,,,,,,,
musk-pour-amber-edp-spray-best-designer-perfume-for-women-online-dubai-uae,MUSK POUR AMBER 100ML EDP SPRAY,"<p>Musk Pour Amber by Khadlaj Perfumes is an enchanting blend of rich, warm, and captivating scents. The top notes feature a refreshing combination of bergamot, pear, and frankincense, creating a vibrant yet mysterious opening. As the fragrance unfolds, the heart reveals luxurious hazelnut, rose, and jasmine sambac, adding a touch of floral elegance. Finally, the base settles into a soothing embrace of vanilla and cedarwood, leaving a lasting impression of warmth and sophistication. Perfect for those who appreciate a refined, amber-infused fragrance with a touch of musk.</p>
<script type="""" application>
{
  """"@context"""": """"https://schema.org"""",
  """"@type"""": """"BreadcrumbList"""",
  """"itemListElement"""": [
    {
      """"@type"""": """"ListItem"""",
      """"position"""": 1,
      """"name"""": """"Home"""",
      """"item"""": """"https://khadlaj-perfumes.com/""""
    },
    {
      """"@type"""": """"ListItem"""",
      """"position"""": 2,
      """"name"""": """"Products"""",
      """"item"""": """"https://khadlaj-perfumes.com/products/""""
    },
    {
      """"@type"""": """"ListItem"""",
      """"position"""": 3,
      """"name"""": """"Musk Pour Amber EDP Spray"""",
      """"item"""": """"https://khadlaj-perfumes.com/products/musk-pour-amber-edp-spray-best-designer-perfume-for-women-online-dubai-uae""""
    }
  ]
}
</script>",Khadlaj-perfumes,Health & Beauty > Personal Care > Cosmetics > Perfumes & Colognes > Eaux de Parfum,PERFUME SPRAY,"Deals, Perfume Spray, Women",true,Size,100 ML,,,,,,,,'6291107977850,1000.0,shopify,deny,manual,110.00,150.00,true,true,,,,,'6291107977850,https://cdn.shopify.com/s/files/1/0626/6119/8023/files/3_34.jpg?v=1783947834,1,MUSK POUR AMBER 100ML EDP SPRAY - Khadlaj Perfumes,false,Musk Pour Amber Perfume | Perfume for Women | Khadlaj Perfumes,Looking for Women's Perfume? Khadlaj Perfumes Offers Musk Pour Amber EDP with Warm Amber and Musk Notes for a Lasting Impression. Shop Online in UAE Now!,479,,,,,,,,,,,,"<div class=""pyramid-section_lists""><h6 style=""font-weight:600;"">Top Notes</h6>
<p>Bergamot, Pear, frankincese</p>
</div>
<div class=""pyramid-section_lists""><h6 style=""font-weight:600;"">Middle Notes</h6>
<p>Hazelnut, Rose, Jasmine, Sambac</p>
</div>
<div class=""pyramid-section_lists""><h6 style=""font-weight:600;"">Base Notes</h6>
<p>Vanilla, Cedarwood</p>
</div>",,,,,,,,,,formal; everyday; casual; special-occasion,,,jasmine; rose; citrus; floral; vanilla,fall; winter; spring,,,,,g,,,true,,,true,,,true,,,true,,,true,,,true,,,true,,,active
musk-pour-amber-edp-spray-best-designer-perfume-for-women-online-dubai-uae,,,,,,,,,,,,,,,,,,,,,,,,,,,,,,,https://cdn.shopify.com/s/files/1/0626/6119/8023/files/1_51_1_1.jpg?v=1729333336,2,MUSK POUR AMBER 100ML EDP SPRAY - Khadlaj Perfumes,,,,,,,,,,,,,,,,,,,,,,,,,,,,,,,,,,,,,,,,,,,,,,,,,,,,,,,,,,,
musk-pour-amber-edp-spray-best-designer-perfume-for-women-online-dubai-uae,,,,,,,,,,,,,,,,,,,,,,,,,,,,,,,https://cdn.shopify.com/s/files/1/0626/6119/8023/files/4_22.jpg?v=1729333485,3,MUSK POUR AMBER 100ML EDP SPRAY - Khadlaj Perfumes,,,,,,,,,,,,,,,,,,,,,,,,,,,,,,,,,,,,,,,,,,,,,,,,,,,,,,,,,,,
anabia-blue-20ml-concentrated-perfume-oil-attars-by-khadlaj-atyaab,ANABIA BLUE 20ML,"<p>Experience a captivating blend of sophistication and charm with Anabia Blue 20ml. This exquisite fragrance opens with invigorating top notes of bergamot and tea, transitioning into a heart of lavender and exotic saffron. The scent concludes with a rich base of leather, cedarwood, and a touch of sweet honey.</p>
<p>Perfectly crafted for those who appreciate timeless elegance and depth in every drop</p>",Khadlaj-perfumes,Health & Beauty > Personal Care > Cosmetics > Perfumes & Colognes,CPO,"concentrated perfume oil, CPO, perfume oil, UNISEX",true,Size,20 ML,,,,,,,,'6291107977782,500.0,shopify,deny,manual,32.00,,true,true,,,,,'6291107977782,https://cdn.shopify.com/s/files/1/0626/6119/8023/files/2_911b03aa-5fb7-42fb-8d7e-287cf3ca5ec8.jpg?v=1732197984,1,ANABIA BLUE 20ML - Khadlaj Perfumes,false,"Floral, Fruity Fragrance | Alcohol-Free Perfume Oil Online","Shop Khadlaj Anabia Blue 20 ml Concentrated Perfume Oil — premium perfume oils, arabian perfume oils & oil perfume fragrances in a concentrated attar by Khadlaj.",479,,,,,,,,,,,,"<div class=""pyramid-section_lists""><h6 style=""font-weight:600;"">Top Notes</h6>
<p>bergamot, Tea</p>
</div>
<div class=""pyramid-section_lists""><h6 style=""font-weight:600;"">Middle Notes</h6>
<p>Lavender, Saffron</p>
</div>
<div class=""pyramid-section_lists""><h6 style=""font-weight:600;"">Base Notes</h6>
<p>Leather, Cedarwood, Honey.</p>
</div>",,,,,,,,,,everyday; formal; casual,,,citrus; spicy; floral; fresh,fall; winter; spring; summer,unisex,,,,g,,,true,,,true,,,true,,,true,,,true,,,true,,,true,,,active
anabia-blue-20ml-concentrated-perfume-oil-attars-by-khadlaj-atyaab,,,,,,,,,,,,,,,,,,,,,,,,,,,,,,,https://cdn.shopify.com/s/files/1/0626/6119/8023/files/3_0fda46e3-b76b-4eeb-86d0-70981ce7cb19.jpg?v=1732252986,2,ANABIA BLUE 20ML - Khadlaj Perfumes,,,,,,,,,,,,,,,,,,,,,,,,,,,,,,,,,,,,,,,,,,,,,,,,,,,,,,,,,,,
caffe-latte-100-ml-extrait-de-parfum-spray,CAFFE LATTE 100 ML EXTRAIT DE PARFUM SPRAY,"<p>Indulge in the irresistible allure of <strong>Khadlaj Caffe Latte</strong>, a fragrance that blends the comforting warmth of a perfect cup of coffee with sophisticated elegance.</p>
<ul>
<li>
<strong>Top Notes:</strong> Sweet Almond, Coffee, Milk</li>
<li>
<strong>Heart Notes:</strong> Amber, Vanilla, Ice Cream Accord</li>
<li>
<strong>Base Notes:</strong> Caramel, Vanilla, Almond Cream</li>
</ul>
<p>A masterpiece for coffee lovers and fragrance connoisseurs, Khadlaj Caffe Latte envelops you in a cozy yet luxurious aura. Perfect for those who seek a unique, gourmand-inspired scent.</p>
<script type="""" application>
{
  """"@context"""": """"https://schema.org"""",
  """"@type"""": """"BreadcrumbList"""",
  """"itemListElement"""": [
    {
      """"@type"""": """"ListItem"""",
      """"position"""": 1,
      """"name"""": """"Home"""",
      """"item"""": """"https://khadlaj-perfumes.com/""""
    },
    {
      """"@type"""": """"ListItem"""",
      """"position"""": 2,
      """"name"""": """"Products"""",
      """"item"""": """"https://khadlaj-perfumes.com/products/""""
    },
    {
      """"@type"""": """"ListItem"""",
      """"position"""": 3,
      """"name"""": """"Caffe Latte 100 ML Extrait De Parfum"""",
      """"item"""": """"https://khadlaj-perfumes.com/products/caffe-latte-100-ml-extrait-de-parfum-spray""""
    }
  ]
}
</script>",Khadlaj-perfumes,Health & Beauty > Personal Care > Cosmetics > Perfumes & Colognes > Eaux de Parfum,PERFUME SPRAY,"Deals, Men, Perfume Spray, UNISEX, Women",true,Size,100 ML,,,,,,,,'6291107979311,500.0,shopify,deny,manual,75.00,100.00,true,true,,,,,'6291107979311,https://cdn.shopify.com/s/files/1/0626/6119/8023/files/Cafe_Latte_03.jpg?v=1783947469,1,CAFFE LATTE 100 ML EXTRAIT DE PARFUM SPRAY - Khadlaj Perfumes,false,Buy Caffe Latte Perfume Spray Online in UAE | Khadlaj Perfumes,Looking for Unique Perfume? Khadlaj Perfumes Offers Caffe Latte Extrait de Parfum with Rich Coffee Notes and Sweet Warmth. Shop Online in Dubai Now!,479,,,,,,,,,,,,"<div class=""pyramid-section_lists""><h6 style=""font-weight:600;"">Top Notes</h6>
<p>Sweet Almond, Coffee, Milk</p>
</div>
<div class=""pyramid-section_lists""><h6 style=""font-weight:600;"">Middle Notes</h6>
<p>Amber, Vanilla, Ice Cream Accord </p>
</div>
<div class=""pyramid-section_lists""><h6 style=""font-weight:600;"">Base Notes</h6>
<p>Caramel, Vanilla, Almond Cream</p>
</div>",,,,,,,,,,everyday; formal; casual; special-occasion,,,coffee; amber; musk,fall; winter; spring,,,,,g,,,true,,,true,,,true,,,true,,,true,,,true,,,true,,,active
caffe-latte-100-ml-extrait-de-parfum-spray,,,,,,,,,,,,,,,,,,,,,,,,,,,,,,,https://cdn.shopify.com/s/files/1/0626/6119/8023/files/CafeLatte01.jpg?v=1732860304,2,CAFFE LATTE 100 ML EXTRAIT DE PARFUM SPRAY - Khadlaj Perfumes,,,,,,,,,,,,,,,,,,,,,,,,,,,,,,,,,,,,,,,,,,,,,,,,,,,,,,,,,,,
caffe-latte-100-ml-extrait-de-parfum-spray,,,,,,,,,,,,,,,,,,,,,,,,,,,,,,,https://cdn.shopify.com/s/files/1/0626/6119/8023/files/Cafe_Latte_02.jpg?v=1732860441,3,CAFFE LATTE 100 ML EXTRAIT DE PARFUM SPRAY - Khadlaj Perfumes,,,,,,,,,,,,,,,,,,,,,,,,,,,,,,,,,,,,,,,,,,,,,,,,,,,,,,,,,,,
mocha-latte-100-ml-extrait-de-parfum-spray-for-unisex-coffee-fragrance-dubai-uae,MOCHA LATTE 100 ML EXTRAIT DE PARFUM SPRAY,"<p>Indulge in the irresistible warmth of <strong>Khadlaj Mocha Latte</strong> Extrait De Parfum, a rich and aromatic fragrance that combines the best of comforting gourmand notes. The fragrance opens with the spicy sweetness of cinnamon and cardamom, blended with the zesty freshness of orange. At its heart, the captivating essence of coffee, chocolate, and a touch of liquor creates a smooth and inviting allure. The base is a deep, luxurious blend of benzoin, vanilla, and tonka bean, leaving a sensual, long-lasting trail. </p>
<ul>
<li>
<strong>Top Notes:</strong> Cinnamon, Cardamom, Orange</li>
<li>
<strong>Heart Notes:</strong> Coffee, Chocolate, Liquorous</li>
<li>
<strong>Base Notes:</strong> Benzoin, Vanilla, Tonka Bean</li>
</ul>
<p>It is perfect for those who cherish a cozy, indulgent scent experience.</p>
<p> </p>",Khadlaj-perfumes,Health & Beauty > Personal Care > Cosmetics > Perfumes & Colognes > Eaux de Parfum,PERFUME SPRAY,"Deals, Men, Perfume Spray, UNISEX, Women",true,Size,100 ML,,,,,,,,'6291107979328,500.0,shopify,deny,manual,75.00,100.00,true,true,,,,,'6291107979328,https://cdn.shopify.com/s/files/1/0626/6119/8023/files/Mocha_Latte_03.jpg?v=1784382482,1,MOCHA LATTE 100 ML EXTRAIT DE PARFUM SPRAY - Khadlaj Perfumes,false,KHADLAJ MOCHA LATTE 100 ML EXTRAIT DE PARFUM SPRAY UNISEX FRAGRANCE,,479,,,,,,,,,,,,"<div class=""pyramid-section_lists""><h6 style=""font-weight:600;"">Top Notes</h6>
<p>Cinnamon, Cardamom, Orange</p>
</div>
<div class=""pyramid-section_lists""><h6 style=""font-weight:600;"">Middle Notes</h6>
<p>Coffee, Chocolate, Liquorace</p>
</div>
<div class=""pyramid-section_lists""><h6 style=""font-weight:600;"">Base Notes</h6>
<p>Benzoin, Vanilla, Tonka Bean </p>
</div>",,,,,,,,,,everyday; formal; casual; special-occasion,,,coffee; cinnamon; chocolate; vanilla,fall; winter; spring,,,,,g,,,true,,,true,,,true,,,true,,,true,,,true,,,true,,,active
mocha-latte-100-ml-extrait-de-parfum-spray-for-unisex-coffee-fragrance-dubai-uae,,,,,,,,,,,,,,,,,,,,,,,,,,,,,,,https://cdn.shopify.com/s/files/1/0626/6119/8023/files/MochaLatte01.jpg?v=1732862706,2,MOCHA LATTE 100 ML EXTRAIT DE PARFUM SPRAY - Khadlaj Perfumes,,,,,,,,,,,,,,,,,,,,,,,,,,,,,,,,,,,,,,,,,,,,,,,,,,,,,,,,,,,
mocha-latte-100-ml-extrait-de-parfum-spray-for-unisex-coffee-fragrance-dubai-uae,,,,,,,,,,,,,,,,,,,,,,,,,,,,,,,https://cdn.shopify.com/s/files/1/0626/6119/8023/files/Mocha_Latte_02.jpg?v=1732862837,3,MOCHA LATTE 100 ML EXTRAIT DE PARFUM SPRAY - Khadlaj Perfumes,,,,,,,,,,,,,,,,,,,,,,,,,,,,,,,,,,,,,,,,,,,,,,,,,,,,,,,,,,,
khadlaj-exl-pouch-filled-with-surprises-not-for-individual-sale,KHADLAJ EXCLUSIVE POUCH - FILLED WITH SAMPLES,"<p>NOT FOR SALE INDIVIDUALLY I ONLY FOR FREE GIFTING PROMOTION PURPOSE</p>
<p>Unwrap joy with the Khadlaj Exclusive Pouch — a delightful collection filled with surprises! Perfectly curated to bring you an assortment of premium product samples, this Exclusive Pouch is an exciting treat for fragrance enthusiasts. Whether it's a gift for a loved one or a special indulgence for yourself, the Khadlaj Exclusive Pouch promises luxury and charm in every item. Dive into a world of aromatic treasures and discover the magic of Khadlaj.</p>",Khadlaj-perfumes,Health & Beauty > Personal Care > Cosmetics > Perfumes & Colognes,Gift Sets,"Bakhoor, gift, Men, Perfume Spray, UNISEX, Women",false,Size,100 ML,,,,,,,,exl_pouch_khadlaj,500.0,shopify,deny,manual,0.00,,true,true,,,,,,https://cdn.shopify.com/s/files/1/0626/6119/8023/files/WhatsAppImage2024-12-10at1.49.05PM.jpg?v=1733980532,1,NOT FOR  SALE INDIVIDUALLY,false,KHADLAJ PERFUMES EXCLUSIVE POUCH - FILLED WITH SAMPLES - NOT FOR SALE ,,479,,,,,,,,,,,,,,,,,,,,,,,,,,,unisex,,,,g,,,true,,,true,,,true,,,true,,,true,,,true,,,true,,,draft
