Handle,Title,Body (HTML),Vendor,Product Category,Type,Tags,Published,Option1 Name,Option1 Value,Option1 Linked To,Option2 Name,Option2 Value,Option2 Linked To,Option3 Name,Option3 Value,Option3 Linked To,Variant SKU,Variant Grams,Variant Inventory Tracker,Variant Inventory Policy,Variant Fulfillment Service,Variant Price,Variant Compare At Price,Variant Requires Shipping,Variant Taxable,Unit Price Total Measure,Unit Price Total Measure Unit,Unit Price Base Measure,Unit Price Base Measure Unit,Variant Barcodes,Image Src,Image Position,Image Alt Text,Gift Card,SEO Title,SEO Description,Google Shopping / Google Product Category,Google Shopping / Gender,Google Shopping / Age Group,Google Shopping / MPN,Google Shopping / Condition,Google Shopping / Custom Product,Google Shopping / Custom Label 0,Google Shopping / Custom Label 1,Google Shopping / Custom Label 2,Google Shopping / Custom Label 3,Google Shopping / Custom Label 4,PRE - ORDER DELIVERY (product.metafields.custom.pre_order_delivery),Pyramid Description (product.metafields.custom.pyramid_description),EComposer product countdown end at (product.metafields.ecomposer.countdown),EComposer product countdown start at (product.metafields.ecomposer.countdown_from),Google: Custom Product (product.metafields.mm-google-shopping.custom_product),Low stock threshold (product.metafields.sam.lowstockthreshold),Color (product.metafields.shopify.color-pattern),Dispenser type (product.metafields.shopify.dispenser-type),Fragrance (product.metafields.shopify.fragrance),Incense type (product.metafields.shopify.incense-type),Material (product.metafields.shopify.material),Occasion (product.metafields.shopify.occasion),Olfactory family (product.metafields.shopify.olfactory-family),Product form (product.metafields.shopify.product-form),Scent (product.metafields.shopify.scent),Season (product.metafields.shopify.season),Target gender (product.metafields.shopify.target-gender),Usage type (product.metafields.shopify.usage-type),EasifyBoxBuilderUrl (product.metafields._easifyboxbuilder.url),Variant Image,Variant Weight Unit,Variant Tax Code,Cost per item,Included / United Arab Emirates,Price / United Arab Emirates,Compare At Price / United Arab Emirates,Included / Bahrain,Price / Bahrain,Compare At Price / Bahrain,Included / KSA,Price / KSA,Compare At Price / KSA,Included / Kuwait,Price / Kuwait,Compare At Price / Kuwait,Included / NORTH AFRICA,Price / NORTH AFRICA,Compare At Price / NORTH AFRICA,Included / Oman,Price / Oman,Compare At Price / Oman,Included / Qatar,Price / Qatar,Compare At Price / Qatar,Status
oud-muattar-ghanaati-100-g,OUD MUATTAR GHANAATI 100 G,"<span>Oud Muattar Ghanaati is a fragrant (incense) dukhoon that combines the rich aroma of oud with a delightful perfume blend, offering a unique bakhar (smoke fragrance) experience. This particular scent features a captivating composition with top notes of pineapple, bergamot, orange, saffron, plum, and lemon. Its heart notes consist of the floral essences of rose, jasmine, and lily of the valley, while the base notes provide a warm and lasting impression with tonka, amber, and cedarwood. To enjoy this incense, simply place the wood chips on top of a coal and allow the smoke to fill the air, creating a pleasant ambiance in various spaces such as the living room, wardrobe, cars, or on clothes. It is important to keep the incense in a high place and out of reach of children, as it is flammable. Directions for use: Place a coal on a bukhoor burner and ensure to use a foil underneath to prevent overheating. Place the Bukhoor tablet on the coal to release the captivating fragrance. Keep the burner on elevated surfaces, away from flames, direct heat, and sunlight. Remember to store it out of reach of children for safety.</span>",khadlaj-perfumes,Home & Garden > Decor > Home Fragrances > Incense,OUD MUATTAR,,true,Size,100 G,,,,,,,,'6291107971940,600.0,shopify,deny,manual,60.00,,true,true,,,,,'6291107971940,https://cdn.shopify.com/s/files/1/0626/6119/8023/files/OUD_MUATTAR_GHANAATI_100_G_-_Khadlaj_Perfumes-1965632.jpg?v=1722411528,1,OUD MUATTAR GHANAATI 100 G - Khadlaj Perfumes,false,Oud Muattar Rich Musk Aroma - Luxury Home Fragrance,Rich musk oud Muattar aroma for a luxurious home ambiance. Perfect for long-lasting fragrance and elegance.,3686,,,,,,,,,,,,"<div class=""pyramid-section_lists""><h6 style=""font-weight:600;"">Top Notes</h6>
<p> Pineapple, Bergamot, Orange, Saffron, Plum, Lemon</p>
</div>
<div class=""pyramid-section_lists""><h6 style=""font-weight:600;"">Middle Notes</h6>
<p>Rose, Jasmine, Lily of the Valley</p>
</div>
<div class=""pyramid-section_lists""><h6 style=""font-weight:600;"">Base Notes</h6>
<p>Tonka,  Amber, Cedarwood</p>
</div>",,,,,,,,,,,,,,,,,,,g,,,true,,,true,,,true,,,true,,,true,,,true,,,true,75.00,,active
oud-muattar-ghanaati-100-g,,,,,,,,,,,,,,,,,,,,,,,,,,,,,,,https://cdn.shopify.com/s/files/1/0626/6119/8023/files/OUD_MUATTAR_GHANAATI_100_G_-_Khadlaj_Perfumes-1965637.jpg?v=1722411534,2,OUD MUATTAR GHANAATI 100 G - Khadlaj Perfumes,,,,,,,,,,,,,,,,,,,,,,,,,,,,,,,,,,,,,,,,,,,,,,,,,,,,,,,,,,,
oud-muattar-ghanaati-100-g,,,,,,,,,,,,,,,,,,,,,,,,,,,,,,,https://cdn.shopify.com/s/files/1/0626/6119/8023/files/OUD_MUATTAR_GHANAATI_100_G_-_Khadlaj_Perfumes-1965640.jpg?v=1722411540,3,OUD MUATTAR GHANAATI 100 G - Khadlaj Perfumes,,,,,,,,,,,,,,,,,,,,,,,,,,,,,,,,,,,,,,,,,,,,,,,,,,,,,,,,,,,
bukhoor-al-bahaar-gold-55-g,BUKHOOR AL BAHAAR GOLD 55 G,"<style type=""text/css"" data-mce-fragment=""1""><!--
td {border: 1px solid #cccccc;}br {mso-data-placement:same-cell;}
--></style>
<span data-sheets-value=""{&quot;1&quot;:2,&quot;2&quot;:&quot;Introducing Bukhoor Al Bahar Gold - a luxurious addition to Khadlaj's prestigious bukhoor collection. Crafted with high-quality Indian oud blends, this exceptional fragrance envelops you in a heavenly aroma that lasts. Perfect for enhancing clothes, living spaces, and cars with a touch of pure luxury.\n\nExperience the captivating top notes of bergamot and iris, followed by the harmonious blend of rose, jasmine, and musk at the heart of the scent. As the fragrance settles, enjoy the comforting base notes of sandalwood and oudh, creating a warm and enchanting ambiance.\n\nBukhoor Al Bahar Gold is a testament to Khadlaj's commitment to quality, with meticulous craftsmanship using pure ingredients. Immerse yourself in the opulent world of fragrances with Bukhoor Al Bahar Gold, an extraordinary addition to your olfactory journey.                                                                                                                                Directions for use: Place a coal on a bukhoor burner and ensure to use a foil underneath to prevent overheating. Place the Bukhoor tablet on the coal to release the captivating fragrance. Keep the burner on elevated surfaces, away from flames, direct heat, and sunlight. Remember to store it out of reach of children for safety.  Directions for use: Place a coal on a bukhoor burner and ensure to use a foil underneath to prevent overheating. Place the Bukhoor tablet on the coal to release the captivating fragrance. Keep the burner on elevated surfaces, away from flames, direct heat, and sunlight. Remember to store it out of reach of children for safety.&quot;}"" data-sheets-userformat='{""2"":15235,""3"":{""1"":0},""4"":{""1"":2,""2"":16776960},""10"":0,""11"":4,""12"":0,""14"":{""1"":2,""2"":0},""15"":""Calibri, sans-serif"",""16"":11}' data-mce-fragment=""1"">Introducing Bukhoor Al Bahar Gold - a luxurious addition to Khadlaj's prestigious bukhoor collection. Crafted with high-quality Indian oud blends, this exceptional fragrance envelops you in a heavenly aroma that lasts. Perfect for enhancing clothes, living spaces, and cars with a touch of pure luxury.<br data-mce-fragment=""1""><br data-mce-fragment=""1"">Experience the captivating top notes of bergamot and iris, followed by the harmonious blend of rose, jasmine, and musk at the heart of the scent. As the fragrance settles, enjoy the comforting base notes of sandalwood and oudh, creating a warm and enchanting ambiance.<br data-mce-fragment=""1""><br data-mce-fragment=""1"">Bukhoor Al Bahar Gold is a testament to Khadlaj's commitment to quality, with meticulous craftsmanship using pure ingredients. Immerse yourself in the opulent world of fragrances with Bukhoor Al Bahar Gold, an extraordinary addition to your olfactory journey. Directions for use: Place a coal on a bukhoor burner and ensure to use a foil underneath to prevent overheating. Place the Bukhoor tablet on the coal to release the captivating fragrance. Keep the burner on elevated surfaces, away from flames, direct heat, and sunlight. Remember to store it out of reach of children for safety. Directions for use: Place a coal on a bukhoor burner and ensure to use a foil underneath to prevent overheating. Place the Bukhoor tablet on the coal to release the captivating fragrance. Keep the burner on elevated surfaces, away from flames, direct heat, and sunlight. Remember to store it out of reach of children for safety.</span>",khadlaj-perfumes,Home & Garden > Decor > Home Fragrances > Incense,BAKHOOR,"Bakhoor, Deals, Perfume Spray, UNISEX",true,Size,55 G,,,,,,,,'6291107974736,500.0,shopify,deny,manual,30.00,50.00,true,true,,,,,'6291107974736,https://cdn.shopify.com/s/files/1/0626/6119/8023/files/BUKHOOR_AL_BAHAAR_GOLD_55_G_-_Khadlaj_Perfumes-1964226.jpg?v=1722409036,1,BUKHOOR AL BAHAAR GOLD 55 G - Khadlaj Perfumes,false,Bakhoor Gold Floral Aroma - Premium Home Fragrance,Gold floral bakhoor aroma for a premium home fragrance. Elegant and long-lasting scent experience.,3686,,,,,,,,,,,,"<div class=""pyramid-section_lists""><h6 style=""font-weight:600;"">Top Notes</h6>
<p>Bergamot, Iris</p>
</div>
<div class=""pyramid-section_lists""><h6 style=""font-weight:600;"">Middle Notes</h6>
<p>Rose, Jasmine, Musk</p>
</div>
<div class=""pyramid-section_lists""><h6 style=""font-weight:600;"">Base Notes</h6>
<p>Oudh, Sandalwood</p>
</div>",,,,,,,,,,,,,,,,,,,g,,,true,,,true,,,true,,,true,,,true,,,true,,,true,,,active
bukhoor-al-bahaar-gold-55-g,,,,,,,,,,,,,,,,,,,,,,,,,,,,,,,https://cdn.shopify.com/s/files/1/0626/6119/8023/files/BUKHOOR_AL_BAHAAR_GOLD_55_G_-_Khadlaj_Perfumes-1964230.jpg?v=1722409041,2,BUKHOOR AL BAHAAR GOLD 55 G - Khadlaj Perfumes,,,,,,,,,,,,,,,,,,,,,,,,,,,,,,,,,,,,,,,,,,,,,,,,,,,,,,,,,,,
la-fede-intoxicate-100-ml-edp-spray,LA FEDE INTOXICATE 100 ML EDP SPRAY,"<p><span>Introducing the newly launched LA FEDE INTOXICATE, a luxurious western fragrance crafted exclusively for men. Immerse yourself in the captivating blend of notes that embodies the essence of sophistication and allure. Experience the opulent top notes of Cognac, Lily of the Valley, Almond, Bergamot, Mandarin, and Freesia, which create a harmonious symphony of enticing aromas. Delve into the heart of the fragrance, where the warm and sensual Middle Notes of Cinnamon, Tonka Bean, Coconut, Caramel, Plum Blossom, Peony, and Ylang captivate your senses and leave a lasting impression. As the scent evolves, indulge in the seductive Base Notes of Praline, Vanilla, Amber, Musk and Sandalwood, which exude a sense of refinement and elegance. </span></p>
<p><span>LA FEDE INTOXICATE is the epitome of sophistication, offering a luxurious fragrance experience that complements the modern man's style and charm. Elevate your presence with this captivating scent, designed to make a statement wherever you go.</span></p>",khadlaj-perfumes,Health & Beauty > Personal Care > Cosmetics > Perfumes & Colognes > Eaux de Parfum,PERFUME SPRAY,"Deals, Men, Perfume Spray",true,Size,100 ML,,,,,,,,'6291107975405,1000.0,shopify,deny,manual,130.00,150.00,true,true,,,,,'6291107975405,https://cdn.shopify.com/s/files/1/0626/6119/8023/files/LA_FEDE_INTOXICATE_100_ML_EDP_SPRAY_-_Khadlaj_Perfumes-1965026.jpg?v=1722410324,1,LA FEDE INTOXICATE 100 ML EDP SPRAY - Khadlaj Perfumes,false,,,479,,,,,,,,,,,,"<div class=""pyramid-section_lists""><h6 style=""font-weight:600;"">Top Notes</h6>
<p>Cognac , Lily of the valley, Almond, Bergamot, Mandarin, freesia</p>
</div>
<div class=""pyramid-section_lists""><h6 style=""font-weight:600;"">Middle Notes</h6>
<p>Cinnamon, Tonka Bean, Oak,  coconut, Caramel, Plum blossom, Peony, ylang</p>
</div>
<div class=""pyramid-section_lists""><h6 style=""font-weight:600;"">Base Notes</h6>
<p> Vanilla, Amber, Musk, Sandalwood</p>
</div>",,,,,,,,,,,,,,,,,,,g,,,true,,,true,,,true,,,true,,,true,,,true,,,true,,,active
la-fede-intoxicate-100-ml-edp-spray,,,,,,,,,,,,,,,,,,,,,,,,,,,,,,,https://cdn.shopify.com/s/files/1/0626/6119/8023/files/LA_FEDE_INTOXICATE_100_ML_EDP_SPRAY_-_Khadlaj_Perfumes-1965029.jpg?v=1722410329,2,LA FEDE INTOXICATE 100 ML EDP SPRAY - Khadlaj Perfumes,,,,,,,,,,,,,,,,,,,,,,,,,,,,,,,,,,,,,,,,,,,,,,,,,,,,,,,,,,,
la-fede-intoxicate-100-ml-edp-spray,,,,,,,,,,,,,,,,,,,,,,,,,,,,,,,https://cdn.shopify.com/s/files/1/0626/6119/8023/files/LA_FEDE_INTOXICATE_100_ML_EDP_SPRAY_-_Khadlaj_Perfumes-1965032.jpg?v=1722410335,3,LA FEDE INTOXICATE 100 ML EDP SPRAY - Khadlaj Perfumes,,,,,,,,,,,,,,,,,,,,,,,,,,,,,,,,,,,,,,,,,,,,,,,,,,,,,,,,,,,
haneen-gold-20-ml,HANEEN GOLD 20 ML,"<p><span data-mce-fragment=""1"">Haneen Gold Perfume Oil - a luxurious, non-alcoholic concentrated fragrance oil that is completely safe for both your skin and hair. Immerse yourself in the captivating scent created by a meticulous selection of notes. </span></p>
<p><span data-mce-fragment=""1"">Experience the refreshing top notes of Bergamot and Lemon, which provide a vibrant and uplifting essence. Journey into the heart of the fragrance with the enchanting middle notes of Gardenia, Orris, and Rose, adding a touch of floral elegance. As the scent settles, indulge in the warm and alluring base notes of Amber, Musk, and Vanilla, leaving a lasting impression of sophistication and sensuality. Elevate your fragrance experience with Haneen Gold Perfume Oil and embrace the captivating allure it brings.</span></p>",khadlaj-perfumes,Health & Beauty > Personal Care > Cosmetics > Perfumes & Colognes,CPO,"CPO, Men, UNISEX, Women",true,Size,20 ML,,,,,,,,'6291107975795,300.0,shopify,deny,manual,50.00,,true,true,,,,,'6291107975795,https://cdn.shopify.com/s/files/1/0626/6119/8023/files/HANEEN_GOLD_20_ML_-_Khadlaj_Perfumes-1964693.jpg?v=1722409734,1,HANEEN GOLD 20 ML - Khadlaj Perfumes,false,"Amber, Musk, Woody Fragrance | Luxury Perfume Oil Online",Haneen Gold 20ml perfume oil with oriental and musky notes. Alcohol-free fragrance crafted for sophistication and elegance. Shop online best price UAE.,,,,,,,,,,,,,"<div class=""pyramid-section_lists""><h6 style=""font-weight:600;"">Top Notes</h6>
<p>Bergamot, Lemon </p>
</div>
<div class=""pyramid-section_lists""><h6 style=""font-weight:600;"">Middle Notes</h6>
<p>Gardenia, Orris, Rose </p>
</div>
<div class=""pyramid-section_lists""><h6 style=""font-weight:600;"">Base Notes</h6>
<p>Amber, Musk, Vanilla</p>
</div>",,,,,,,,,,,,,,,,,,,g,,,true,,,true,,,true,,,true,,,true,,,true,,,true,,,active
haneen-gold-20-ml,,,,,,,,,,,,,,,,,,,,,,,,,,,,,,,https://cdn.shopify.com/s/files/1/0626/6119/8023/files/HANEEN_GOLD_20_ML_-_Khadlaj_Perfumes-1964697.jpg?v=1722409739,2,HANEEN GOLD 20 ML - Khadlaj Perfumes,,,,,,,,,,,,,,,,,,,,,,,,,,,,,,,,,,,,,,,,,,,,,,,,,,,,,,,,,,,
haneen-rose-gold-20-ml,HANEEN ROSE GOLD 20 ML,"<span>Haneen Rose Gold Perfume Oil - a non-alcoholic concentrated perfume oil specially formulated to be safe for both your skin and hair. Immerse yourself in the captivating blend of notes that make this fragrance truly enchanting. Experience the delightful top notes of bergamot and Pear, followed by the alluring middle notes of Rose, Jasmine, and Amber. As the fragrance settles, indulge in the enticing base notes of Musk, Moss, Cashmere, and Vanilla. This exquisite combination creates a harmonious symphony of scents that will leave you feeling luxurious and confident.</span>",khadlaj-perfumes,Health & Beauty > Personal Care > Cosmetics > Perfumes & Colognes,CPO,,true,Size,20 ML,,,,,,,,'6291107975801,300.0,shopify,deny,manual,50.00,,true,true,,,,,'6291107975801,https://cdn.shopify.com/s/files/1/0626/6119/8023/files/HANEEN_ROSE_GOLD_20_ML_-_Khadlaj_Perfumes-1964702.jpg?v=1722409746,1,HANEEN ROSE GOLD 20 ML - Khadlaj Perfumes,false,"Rose, Musk, Sweet Fragrance | Premium Perfume Oil For Women Online","Haneen Rose Gold 20ml perfume oil, a floral oriental blend with hints of rose and musk. Alcohol-free, long-lasting fragrance. Buy online Dubai UAE.",,,,,,,,,,,,,"<div class=""pyramid-section_lists""><h6 style=""font-weight:600;"">Top Notes</h6>
<p>Bergamot, Pear </p>
</div>
<div class=""pyramid-section_lists""><h6 style=""font-weight:600;"">Middle Notes</h6>
<p>Rose, Jasmin, Amber</p>
</div>
<div class=""pyramid-section_lists""><h6 style=""font-weight:600;"">Base Notes</h6>
<p>Musk, Moss, Cashmere, Vanilla</p>
</div>",,,,,,,,,,,,,,,,,,,g,,,true,,,true,,,true,,,true,,,true,,,true,,,true,,,active
haneen-rose-gold-20-ml,,,,,,,,,,,,,,,,,,,,,,,,,,,,,,,https://cdn.shopify.com/s/files/1/0626/6119/8023/files/HANEEN_ROSE_GOLD_20_ML_-_Khadlaj_Perfumes-1964707.jpg?v=1722409751,2,HANEEN ROSE GOLD 20 ML - Khadlaj Perfumes,,,,,,,,,,,,,,,,,,,,,,,,,,,,,,,,,,,,,,,,,,,,,,,,,,,,,,,,,,,
mystical-indian-oud-pure-60-ml-edp-spray,MYSTICAL INDIAN OUD PURE 60 ML EDP SPRAY,"<p>Created by our Founder &amp; Master Perfumer, Mr. Mohamed Iqbal Abdul Sattar, Mystical Indian Oud Pure EDP Spray invites you to immerse yourself in the captivating world of luxury fragrance.</p>
<p>This exceptional creation from Khadlaj’s premium niche collection showcases the exquisite essence of pure Indian oudh, sourced exclusively from the revered regions of Assam and Manipur. With an extraordinary 80% oudh concentration, this fragrance delivers a deep, rich, and long-lasting olfactory experience that embodies true refinement and opulence.</p>
<p>Indulge in the ultimate expression of craftsmanship, heritage, and luxury with this remarkable oud creation.</p>
<p> </p>",khadlaj-perfumes,Health & Beauty > Personal Care > Cosmetics > Perfumes & Colognes > Eaux de Parfum,PERFUME SPRAY,"Deals, Men, Perfume Spray, UNISEX, Women",true,Size,60 ML,,,,,,,,'6291107974613,1000.0,shopify,deny,manual,200.00,,true,true,,,,,'6291107974613,https://cdn.shopify.com/s/files/1/0626/6119/8023/files/MYSTICAL_INDIAN-1.jpg?v=1762347051,1,MYSTICAL INDIAN OUD PURE 60 ML EDP SPRAY - Khadlaj Perfumes,false,Mystical Indian Oud Perfume | EDP Perfume in UAE | Khadlaj Perfumes,"Shop Mystical Indian Oud Perfume from Khadlaj Perfumes – a premium EDP perfume in UAE with deep oud notes. Perfect for those who appreciate rich, elegant scents.",479,,,,,,,,,,,,"<div class=""pyramid-section_lists""><h6 style=""font-weight:600;"">Top Notes</h6>
<p>Oudh from Assam and Manipur </p>
</div>",,,,,,,,,,,,,,,unisex,,,,g,,,true,,,true,,,true,,,true,,,true,,,true,,,true,,,active
mystical-indian-oud-pure-60-ml-edp-spray,,,,,,,,,,,,,,,,,,,,,,,,,,,,,,,https://cdn.shopify.com/s/files/1/0626/6119/8023/files/MYSTICAL_INDIAN-3.jpg?v=1762347159,2,MYSTICAL INDIAN OUD PURE 60 ML EDP SPRAY - Khadlaj Perfumes,,,,,,,,,,,,,,,,,,,,,,,,,,,,,,,,,,,,,,,,,,,,,,,,,,,,,,,,,,,
mystical-indian-oud-pure-60-ml-edp-spray,,,,,,,,,,,,,,,,,,,,,,,,,,,,,,,https://cdn.shopify.com/s/files/1/0626/6119/8023/files/MYSTICAL_INDIAN-2.jpg?v=1762347212,3,MYSTICAL INDIAN OUD PURE 60 ML EDP SPRAY - Khadlaj Perfumes,,,,,,,,,,,,,,,,,,,,,,,,,,,,,,,,,,,,,,,,,,,,,,,,,,,,,,,,,,,
la-fede-bella-reev-dolce-flore-100-ml-edp-spray,LA FEDE BELLA REVE DOLCE FLORE 100 ML EDP SPRAY,"<p><span><br></span></p>
<p>Top notes: Raspberry, Rose<br>Middle notes: Blackcurrant bud, Pink pepper, Peony, Jasmine<br>Base notes: Vanilla, Musk, Cedarwood</p>",khadlaj-perfumes,Health & Beauty > Personal Care > Cosmetics > Perfumes & Colognes,PERFUME SPRAY,Perfume Spray,true,Size,100 ML,,,,,,,,'6291107975788,1000.0,shopify,deny,manual,45.00,,true,true,,,,,'6291107975788,https://cdn.shopify.com/s/files/1/0626/6119/8023/files/LA_FEDE_BELLA_REVE_DOLCE_FLORE_100_ML_EDP_SPRAY_-_Khadlaj_Perfumes-1964984.jpg?v=1722410248,1,LA FEDE BELLA REVE DOLCE FLORE 100 ML EDP SPRAY - Khadlaj Perfumes,false,,,,,,,,,,,,,,,"<div class=""pyramid-section_lists""><h6 style=""font-weight:600;"">Top Notes</h6>
<p>Raspberry, Rose</p>
</div>
<div class=""pyramid-section_lists""><h6 style=""font-weight:600;"">Middle Notes</h6>
<p>Blackcurrant bud, Pink pepper, Peony, Jasmine</p>
</div>
<div class=""pyramid-section_lists""><h6 style=""font-weight:600;"">Base Notes</h6>
<p>Vanilla, Musk, Cedarwood</p>
</div>",,,,,,,,,,,,,,,,,,,g,,,true,,,true,,,true,,,true,,,true,,,true,,,true,,,active
la-fede-bella-reev-dolce-flore-100-ml-edp-spray,,,,,,,,,,,,,,,,,,,,,,,,,,,,,,,https://cdn.shopify.com/s/files/1/0626/6119/8023/files/LA_FEDE_BELLA_REVE_DOLCE_FLORE_100_ML_EDP_SPRAY_-_Khadlaj_Perfumes-1964987.jpg?v=1722410253,2,LA FEDE BELLA REVE DOLCE FLORE 100 ML EDP SPRAY - Khadlaj Perfumes,,,,,,,,,,,,,,,,,,,,,,,,,,,,,,,,,,,,,,,,,,,,,,,,,,,,,,,,,,,
la-fede-belle-reve-segrato-viola-100-ml-edp-spray,LA FEDE BELLE REVE SEGRATO VIOLA 100 ML EDP SPRAY,"<p> </p>
<p>Top notes: Violet leaves<br>Middle notes: Jasmine, Lily of the valley, Rose<br>Base notes: Ambroxan, Pachouli, Oakmoss</p>",khadlaj-perfumes,Health & Beauty > Personal Care > Cosmetics > Perfumes & Colognes,PERFUME SPRAY,Perfume Spray,true,Size,100 ML,,,,,,,,'6291107975771,1000.0,shopify,deny,manual,45.00,,true,true,,,,,'6291107975771,https://cdn.shopify.com/s/files/1/0626/6119/8023/files/LA_FEDE_BELLE_REVE_SEGRATO_VIOLA_100_ML_EDP_SPRAY_-_Khadlaj_Perfumes-1964990.jpg?v=1722410259,1,LA FEDE BELLE REVE SEGRATO VIOLA 100 ML EDP SPRAY - Khadlaj Perfumes,false,,,,,,,,,,,,,,,"<div class=""pyramid-section_lists""><h6 style=""font-weight:600;"">Top Notes</h6>
<p>Violet leaves</p>
</div>
<div class=""pyramid-section_lists""><h6 style=""font-weight:600;"">Middle Notes</h6>
<p>Jasmine, Lily of the valley, Rose</p>
</div>
<div class=""pyramid-section_lists""><h6 style=""font-weight:600;"">Base Notes</h6>
<p>Ambroxan, Pachouli, Oakmoss</p>
</div>",,,,,,,,,,,,,,,,,,,g,,,true,,,true,,,true,,,true,,,true,,,true,,,true,,,active
la-fede-belle-reve-segrato-viola-100-ml-edp-spray,,,,,,,,,,,,,,,,,,,,,,,,,,,,,,,https://cdn.shopify.com/s/files/1/0626/6119/8023/files/LA_FEDE_BELLE_REVE_SEGRATO_VIOLA_100_ML_EDP_SPRAY_-_Khadlaj_Perfumes-1964993.jpg?v=1722410264,2,LA FEDE BELLE REVE SEGRATO VIOLA 100 ML EDP SPRAY - Khadlaj Perfumes,,,,,,,,,,,,,,,,,,,,,,,,,,,,,,,,,,,,,,,,,,,,,,,,,,,,,,,,,,,
oud-muattar-oud-al-saada-40-g,OUD MUATTAR OUD AL SAADA 40 G,"<p> </p>
<p><span>Top Notes: Lime, Lavender, Basil, Bergamot</span><br><span>Middle Notes: Jasmine, Lily of the valley, Rose</span><br><span>Base Notes: White musk, Patchouli, Vanilla</span></p>",khadlaj-perfumes,Home & Garden > Decor > Home Fragrances,OUD MUATTAR,"OUD MUATTAR, UNISEX",true,Size,40 G,,,,,,,,'6291107979995,250.0,shopify,deny,manual,35.00,,true,true,,,,,'6291107979995,https://cdn.shopify.com/s/files/1/0626/6119/8023/files/OUD_MUATTAR_OUD_AL_SAADA_40_G_-_Khadlaj_Perfumes-1965708.jpg?v=1722411675,1,OUD MUATTAR OUD AL SAADA 40 G - Khadlaj Perfumes,false,Oud Muattar Amber Aroma - Luxury Home Ambiance Oil,Amber oud Muattar aroma for a luxury home ambiance. Crafted for long-lasting elegance and refinement.,592,,,,,,,,,,,,"<div class=""pyramid-section_lists""><h6 style=""font-weight:600;"">Top Notes</h6>
<p>Lime, Lavender, Basil, Bergamot</p>
</div>
<div class=""pyramid-section_lists""><h6 style=""font-weight:600;"">Middle Notes</h6>
<p>Jasmine, Lily of the valley, Rose</p>
</div>
<div class=""pyramid-section_lists""><h6 style=""font-weight:600;"">Base Notes</h6>
<p>White musk, Patchouli, Vanilla</p>
</div>",,,,,,,,,,,,,,,,,,,g,,,true,,,true,,,true,,,true,,,true,,,true,,,true,,,active
oud-muattar-oud-al-saada-40-g,,,,,,,,,,,,,,,,,,,,,,,,,,,,,,,https://cdn.shopify.com/s/files/1/0626/6119/8023/files/OUD_MUATTAR_OUD_AL_SAADA_40_G_-_Khadlaj_Perfumes-1965711.jpg?v=1722411681,2,OUD MUATTAR OUD AL SAADA 40 G - Khadlaj Perfumes,,,,,,,,,,,,,,,,,,,,,,,,,,,,,,,,,,,,,,,,,,,,,,,,,,,,,,,,,,,
oud-muattar-oud-al-maqaam-40-g,OUD MUATTAR OUD AL MAQAAM 40 G,"<p>Top Notes: Saffron<br>Middle Notes: Rose, Violet, Labdanum<br>Base Notes: Patchouli, Sandalwood, Dry wood</p>",khadlaj-perfumes,Home & Garden > Decor > Home Fragrances > Incense,OUD MUATTAR,"OUD MUATTAR, UNISEX",true,Size,40 G,,,,,,,,'6291107975535,250.0,shopify,deny,manual,35.00,,true,true,,,,,'6291107975535,https://cdn.shopify.com/s/files/1/0626/6119/8023/files/OUD_MUATTAR_OUD_AL_MAQAAM_40_G_-_Khadlaj_Perfumes-1965702.jpg?v=1722411662,1,OUD MUATTAR OUD AL MAQAAM 40 G - Khadlaj Perfumes,false,,,592,,,,,,,,,,,,"<div class=""pyramid-section_lists""><h6 style=""font-weight:600;"">Top Notes</h6>
<p>Saffron</p>
</div>
<div class=""pyramid-section_lists""><h6 style=""font-weight:600;"">Middle Notes</h6>
<p>Rose, Violet, Labdanum</p>
</div>
<div class=""pyramid-section_lists""><h6 style=""font-weight:600;"">Base Notes</h6>
<p>Patchouli, Sandalwood, Dry wood</p>
</div>",,,,,,,,,,,,,,,,,,,g,,,true,,,true,,,true,,,true,,,true,,,true,,,true,,,active
oud-muattar-oud-al-maqaam-40-g,,,,,,,,,,,,,,,,,,,,,,,,,,,,,,,https://cdn.shopify.com/s/files/1/0626/6119/8023/files/OUD_MUATTAR_OUD_AL_MAQAAM_40_G_-_Khadlaj_Perfumes-1965705.jpg?v=1722411668,2,OUD MUATTAR OUD AL MAQAAM 40 G - Khadlaj Perfumes,,,,,,,,,,,,,,,,,,,,,,,,,,,,,,,,,,,,,,,,,,,,,,,,,,,,,,,,,,,
magnate-premier-100ml-edp-spray,MAGNATE PREMIER 100ML EDP SPRAY,"<p data-mce-fragment=""1"">Introducing a new captivating fragrance from the house of Khadlaj Perfumes that opens with a burst of citrus freshness, enticing your senses with a harmonious blend of top notes. The lively and zesty combination of mandarin, lemon, grapefruit, and bergamot creates an invigorating and uplifting experience, like the first rays of sunshine on a bright morning.</p>
<p data-mce-fragment=""1"">As the fragrance evolves, it reveals its heart, composed of elemi and a spicy accord. Elemi adds a touch of resinous, balsamic warmth, while the spicy accord infuses the scent with a tantalizing allure. The middle notes bring a sense of intrigue and complexity, captivating those around you with a mysterious charm.</p>
<p data-mce-fragment=""1"">Finally, as the fragrance settles, it embraces you in a comforting and elegant embrace. The base notes of cedarwood provide a woody and aromatic foundation, grounding the scent in sophistication and depth. Accompanying the cedarwood, the presence of white musk adds a touch of sensuality, leaving a gentle, lingering trail that intrigues and entices anyone who catches a whiff.</p>
<p data-mce-fragment=""1"">This fragrance is an exquisite balance of fresh, spicy, and woody notes, making it perfect for those seeking a scent that embodies both sophistication and allure. Whether worn during the day or evening, it is a fragrance that leaves a lasting impression and reflects the multifaceted nature of the individual wearing it.</p>",khadlaj-perfumes,Health & Beauty > Personal Care > Cosmetics > Perfumes & Colognes,PERFUME SPRAY,"Men, Perfume Spray, UNISEX, Women",true,Size,100 ML,,,,,,,,'6291107975061,1000.0,shopify,deny,manual,60.00,,true,true,,,,,'6291107975061,https://cdn.shopify.com/s/files/1/0626/6119/8023/files/MAGNATE_PREMIER_100ML_EDP_SPRAY_-_Khadlaj_Perfumes-1965293.jpg?v=1784369126,1,MAGNATE PREMIER 100ML EDP SPRAY - Khadlaj Perfumes,false,Magnate Premier Woody Amber Musk Luxury Perfume Online,"Magnate Premier blends woody, amber, and musk notes, delivering a premium luxury perfume designed for confident individuals.",479,,,,,,,,,,,,"<div class=""pyramid-section_lists""><h6 style=""font-weight:600;"">Top Notes</h6>
<p>Mandarin, Lemon, Grapefruit, Bergamot </p>
</div>
<div class=""pyramid-section_lists""><h6 style=""font-weight:600;"">Middle Notes</h6>
<p>Elemi, Spicy Accord</p>
</div>
<div class=""pyramid-section_lists""><h6 style=""font-weight:600;"">Base Notes</h6>
<p> Cedarwood, White Musk</p>
</div>",,,,,,,,,,,,,,,,,,,g,,,true,,,true,,,true,,,true,,,true,,,true,,,true,,,active
magnate-premier-100ml-edp-spray,,,,,,,,,,,,,,,,,,,,,,,,,,,,,,,https://cdn.shopify.com/s/files/1/0626/6119/8023/files/MAGNATE_PREMIER_100ML_EDP_SPRAY_-_Khadlaj_Perfumes-1965288.jpg?v=1722410878,2,MAGNATE PREMIER 100ML EDP SPRAY - Khadlaj Perfumes,,,,,,,,,,,,,,,,,,,,,,,,,,,,,,,,,,,,,,,,,,,,,,,,,,,,,,,,,,,
magnate-noble-100ml-edp-spray,MAGNATE NOBLE 100ML EDP SPRAY,"Step into an enchanting world of olfactory delight with this captivating fragrance that weaves a story of mystery and allure. The top notes create an exhilarating opening, where the zestiness of pink pepper and grapefruit harmoniously blend with the smoky allure of incense. The vibrant and spicy notes of ginger add a touch of invigorating warmth, while the jungle essence adds an exotic and lush facet to the composition. This intriguing combination immediately captures attention and piques curiosity.<br data-mce-fragment=""1""><br data-mce-fragment=""1"">As the fragrance evolves, it unravels a sophisticated heart, where the aromatic and soothing essence of lavender mingles with the alluring spiciness of nutmeg. The unexpected twist of coffee adds a unique and addictive quality, creating an intoxicating aura that is both comforting and enticing. This aromatic core invites you to immerse yourself further into the fragrance, revealing its depth and complexity.<br data-mce-fragment=""1""><br data-mce-fragment=""1"">Finally, the fragrance settles into a luxurious and warm embrace, with a base built upon a foundation of amber, cashmeran, patchouli, and vetiver. The richness of amber creates a sumptuous and sensual aura, while the velvety softness of cashmeran adds a touch of elegance. Earthy and woody patchouli and vetiver bring depth and grounding to the composition, adding an element of sophistication that lingers on the skin, leaving a trail of captivating allure wherever you go.<br data-mce-fragment=""1""><br data-mce-fragment=""1"">This fragrance is a journey through lush forests and exotic lands, evoking a sense of adventure and mystery. Its complex interplay of spices, woods, and aromatic notes creates a mesmerizing and unforgettable experience. Perfect for the free-spirited and sophisticated individual, it is a scent that embraces both the mystical and the contemporary, making it a true expression of refined allure and charm.",khadlaj-perfumes,Health & Beauty > Personal Care > Cosmetics > Perfumes & Colognes,PERFUME SPRAY,"Men, Perfume Spray",true,Size,100 ML,,,,,,,,'6291107975054,1000.0,shopify,deny,manual,60.00,,true,true,,,,,'6291107975054,https://cdn.shopify.com/s/files/1/0626/6119/8023/files/MAGNATE_NOBLE_100ML_EDP_SPRAY_-_Khadlaj_Perfumes-1965285.jpg?v=1784369081,1,MAGNATE NOBLE 100ML EDP SPRAY - Khadlaj Perfumes,false,Magnate Noble Spicy Woody Musk Perfume Online,"Magnate Noble perfume offers spicy, woody, and musk notes, a luxurious fragrance for men and women who love bold scents.",,,,,,,,,,,,,,,,,,,,,,,,,,,,,,,,g,,,true,,,true,,,true,,,true,,,true,,,true,,,true,,,active
magnate-noble-100ml-edp-spray,,,,,,,,,,,,,,,,,,,,,,,,,,,,,,,https://cdn.shopify.com/s/files/1/0626/6119/8023/files/MAGNATE_NOBLE_100ML_EDP_SPRAY_-_Khadlaj_Perfumes-1965282.jpg?v=1722410859,2,MAGNATE NOBLE 100ML EDP SPRAY - Khadlaj Perfumes,,,,,,,,,,,,,,,,,,,,,,,,,,,,,,,,,,,,,,,,,,,,,,,,,,,,,,,,,,,
mukhalath-maa-ward-taiba-12-ml,MUKHALATH MA'A WARD TAIBA 12 ML,"<p data-mce-fragment=""1"">Introducing ""Mukhalath Ma'a Ward Taiba,"" the epitome of ultra-luxury Arabic perfume, a true masterpiece crafted to captivate the senses and leave an unforgettable impression. Inspired by the opulence of Arabian palaces and the mystique of ancient traditions, this exquisite fragrance embodies the essence of regality and elegance.</p>
<p data-mce-fragment=""1"">Top Notes: The fragrance opens with an enticing blend of aromatic spices, enchanting caramel, and a burst of freshness from zesty bergamot and juicy mandarin. These top notes immediately immerse you in a refreshing and uplifting aura that sets the stage for the majestic journey to come.</p>
<p data-mce-fragment=""1"">Heart Notes: At the heart of ""Mukhalath Ma'a Ward Taiba"" lies a lush bouquet of velvety Damascus roses, tantalizing ylang-ylang, and the intoxicating allure of jasmine from the gardens of Shiraz. These precious floral essences create an aura of timeless beauty and romance, embracing the wearer with a sense of passion and sensuality.</p>
<p data-mce-fragment=""1"">Middle Eastern Oudh: At the core of this luxurious perfume is the legendary Middle Eastern Oudh, sourced from the rarest and most mature agarwood trees. This precious ingredient adds a captivating smokiness and a deep, woody complexity that evokes the warmth of the desert sands and the grandeur of ancient trade routes.</p>
<p data-mce-fragment=""1"">Base Notes: The base notes are a rich symphony of ambery accords, earthy moss, and a tantalizing musk, interwoven with creamy vanilla and hints of smooth, aged leather. These opulent base notes provide depth and longevity, ensuring that the fragrance lingers on the skin like an enchanting memory.</p>
<p data-mce-fragment=""1"">Overall, ""Mukhalath Ma'a Ward Taiba"" is a luxurious Arabic perfume that exudes sophistication, allure, and prestige. Its harmonious blend of top-quality ingredients captures the very essence of Arabian elegance and offers an olfactory experience that transports you to a world of grandeur and refinement. With just a single spritz, you'll be enveloped in a cloud of regal beauty that leaves an indelible mark on anyone who crosses your path.</p>",khadlaj-perfumes,Health & Beauty > Personal Care > Cosmetics > Perfumes & Colognes,CPO,"concentrated perfume oil, CPO, perfume oil",true,Size,12 ML,,,,,,,,'6291107970165,1000.0,shopify,deny,manual,280.00,,true,true,,,,,'6291107970165,https://cdn.shopify.com/s/files/1/0626/6119/8023/files/MUKHALATH_MA_A_WARD_TAIBA_12_ML_-_Khadlaj_Perfumes-1965432.jpg?v=1722411147,1,MUKHALATH MA'A WARD TAIBA 12 ML - Khadlaj Perfumes,false,"Rose, Floral, Musk Fragrance | Premium Perfume Oil Online","Mukhalath Maa Ward Taiba 12ml perfume oil, a blend of rose, musk, and oriental notes. Non-alcoholic, long-lasting fragrance oil. Available online in UAE.",,,,,,,,,,,,,,,,,,,,,,,,,,,,,,,,g,,,true,,,true,,,true,,,true,,,true,,,true,,,true,,,active
mukhalath-maa-ward-taiba-12-ml,,,,,,,,,,,,,,,,,,,,,,,,,,,,,,,https://cdn.shopify.com/s/files/1/0626/6119/8023/files/MUKHALATH_MA_A_WARD_TAIBA_12_ML_-_Khadlaj_Perfumes-1965435.jpg?v=1722411153,2,MUKHALATH MA'A WARD TAIBA 12 ML - Khadlaj Perfumes,,,,,,,,,,,,,,,,,,,,,,,,,,,,,,,,,,,,,,,,,,,,,,,,,,,,,,,,,,,
mukhalath-maa-ward-taiba-12-ml,,,,,,,,,,,,,,,,,,,,,,,,,,,,,,,https://cdn.shopify.com/s/files/1/0626/6119/8023/files/MUKHALATH_MA_A_WARD_TAIBA_12_ML_-_Khadlaj_Perfumes-1965438.jpg?v=1722411160,3,MUKHALATH MA'A WARD TAIBA 12 ML - Khadlaj Perfumes,,,,,,,,,,,,,,,,,,,,,,,,,,,,,,,,,,,,,,,,,,,,,,,,,,,,,,,,,,,
mukhalath-maa-ward-taiba-12-ml,,,,,,,,,,,,,,,,,,,,,,,,,,,,,,,https://cdn.shopify.com/s/files/1/0626/6119/8023/files/MUKHALATH_MA_A_WARD_TAIBA_12_ML_-_Khadlaj_Perfumes-1965441.jpg?v=1722411166,4,MUKHALATH MA'A WARD TAIBA 12 ML - Khadlaj Perfumes,,,,,,,,,,,,,,,,,,,,,,,,,,,,,,,,,,,,,,,,,,,,,,,,,,,,,,,,,,,
oud-luxury-4-piece-gift-set,OUD LUXURY 4 PCS GIFT SET,"<p data-mce-fragment=""1"">Introducing the Oud Luxury Gift Set - an exquisite and captivating fragrance collection designed to mesmerize the senses and elevate your gifting experience. This opulent gift set is carefully curated to delight perfume enthusiasts, making it the perfect choice for any special occasion.</p>
<p data-mce-fragment=""1"">Top Notes: The Oud Luxury Gift Set opens with a burst of freshness and warmth, combining the invigorating essence of bergamot, the alluring sweetness of cinnamon, and the rich spice of saffron. This harmonious blend of top notes creates an enticing and welcoming first impression, drawing you into a world of luxury and sophistication.</p>
<p data-mce-fragment=""1"">Heart Notes: At the heart of this luxurious fragrance lies a captivating blend of gurjum, patchouli, and cashmeran. The gurjum note adds a unique woody and balsamic touch, while the enchanting aroma of patchouli infuses a sense of mystery and sensuality. The smooth and velvety essence of cashmeran adds depth and complexity, creating a heart that is both alluring and unforgettable.</p>
<p data-mce-fragment=""1"">Base Notes: The Oud Luxury Gift Set reaches its crescendo with an exquisite base composed of oud, sandalwood, and drywood. Oud, known as ""liquid gold,"" emanates a majestic and hypnotic fragrance that exudes luxury and prestige. The timeless allure of sandalwood brings a creamy and soothing note, while the drywood note adds a hint of earthiness and depth, leaving a lasting impression of elegance and refinement.</p>
<p data-mce-fragment=""1"">Crafted with the finest ingredients and blended to perfection, the Oud Luxury Gift Set is a symphony of scents that harmonize to create an aura of sophistication and allure. Encased in an elegantly designed gift box, this fragrance gift set makes for a thoughtful and cherished present for your loved ones or a cherished treat for yourself.</p>
<p data-mce-fragment=""1"">Indulge in the world of exclusive aromas with the Oud Luxury Gift Set and embrace the essence of luxury in every spritz. Whether it's a birthday, anniversary, or any special occasion, this gift set is a true expression of refinement and elegance, making it a truly memorable and cherished present for that special someone in your life.</p>",khadlaj-perfumes,Health & Beauty > Personal Care > Cosmetics > Perfumes & Colognes,Gift Sets,"giftset, luxurygiftset",true,Size,Gift Set,,,,,,,,'6291107974767,1000.0,shopify,deny,manual,165.00,,true,true,,,,,'6291107974767,https://cdn.shopify.com/s/files/1/0626/6119/8023/files/OUD_LUXURY_4_PCS_GIFT_SET_-_Khadlaj_Perfumes-1965584.jpg?v=1722411440,1,OUD LUXURY 4 PCS GIFT SET - Khadlaj Perfumes,false,"Oud, Woody, Amber Gift Fragrance | Luxury Gift Sets For Men Online","Oud Luxury 4 Piece Gift Set – A premium oud-inspired fragrance gift collection, designed for men and women. Perfect for luxury gifting, corporate presents, and online shopping in Dubai & UAE.",,,,,,,,,,,,,,,,,,,,,,,,,,,,,,,,g,,,true,,,true,,,true,,,true,,,true,,,true,,,true,,,active
oud-luxury-4-piece-gift-set,,,,,,,,,,,,,,,,,,,,,,,,,,,,,,,https://cdn.shopify.com/s/files/1/0626/6119/8023/files/OUD_LUXURY_4_PCS_GIFT_SET_-_Khadlaj_Perfumes-1965587.jpg?v=1722411446,2,OUD LUXURY 4 PCS GIFT SET - Khadlaj Perfumes,,,,,,,,,,,,,,,,,,,,,,,,,,,,,,,,,,,,,,,,,,,,,,,,,,,,,,,,,,,
oud-luxury-4-piece-gift-set,,,,,,,,,,,,,,,,,,,,,,,,,,,,,,,https://cdn.shopify.com/s/files/1/0626/6119/8023/files/OUD_LUXURY_4_PCS_GIFT_SET_-_Khadlaj_Perfumes-1965592.jpg?v=1722411453,3,OUD LUXURY 4 PCS GIFT SET - Khadlaj Perfumes,,,,,,,,,,,,,,,,,,,,,,,,,,,,,,,,,,,,,,,,,,,,,,,,,,,,,,,,,,,
oud-luxury-4-piece-gift-set,,,,,,,,,,,,,,,,,,,,,,,,,,,,,,,https://cdn.shopify.com/s/files/1/0626/6119/8023/files/OUD_LUXURY_4_PCS_GIFT_SET_-_Khadlaj_Perfumes-1965595.jpg?v=1722411459,4,OUD LUXURY 4 PCS GIFT SET - Khadlaj Perfumes,,,,,,,,,,,,,,,,,,,,,,,,,,,,,,,,,,,,,,,,,,,,,,,,,,,,,,,,,,,
oud-luxury-4-piece-gift-set,,,,,,,,,,,,,,,,,,,,,,,,,,,,,,,https://cdn.shopify.com/s/files/1/0626/6119/8023/files/OUD_LUXURY_4_PCS_GIFT_SET_-_Khadlaj_Perfumes-1965598.jpg?v=1722411465,5,OUD LUXURY 4 PCS GIFT SET - Khadlaj Perfumes,,,,,,,,,,,,,,,,,,,,,,,,,,,,,,,,,,,,,,,,,,,,,,,,,,,,,,,,,,,
oud-luxury-4-piece-gift-set,,,,,,,,,,,,,,,,,,,,,,,,,,,,,,,https://cdn.shopify.com/s/files/1/0626/6119/8023/files/OUD_LUXURY_4_PCS_GIFT_SET_-_Khadlaj_Perfumes-1965602.jpg?v=1722411474,6,OUD LUXURY 4 PCS GIFT SET - Khadlaj Perfumes,,,,,,,,,,,,,,,,,,,,,,,,,,,,,,,,,,,,,,,,,,,,,,,,,,,,,,,,,,,
oud-luxury-4-piece-gift-set,,,,,,,,,,,,,,,,,,,,,,,,,,,,,,,https://cdn.shopify.com/s/files/1/0626/6119/8023/files/OUD_LUXURY_4_PCS_GIFT_SET_-_Khadlaj_Perfumes-1965606.jpg?v=1722411480,7,OUD LUXURY 4 PCS GIFT SET - Khadlaj Perfumes,,,,,,,,,,,,,,,,,,,,,,,,,,,,,,,,,,,,,,,,,,,,,,,,,,,,,,,,,,,
infini-absolute-edp-spray-100-ml,INFINI ABSOLUTE EDP SPRAY 100 ML,"Introducing the Infini Absolute EDP Spray, a captivating fragrance that takes you on an exhilarating olfactory journey. This exquisite perfume is carefully crafted to envelop you in an aura of timeless elegance and sophistication, leaving an unforgettable impression wherever you go.<br data-mce-fragment=""1""><br data-mce-fragment=""1"">The top notes of this fragrance are an invigorating blend of zesty lemon and succulent pineapple, instantly awakening your senses with a burst of refreshing citrus and sweet tropical fruit. To add an aquatic touch to the composition, marine notes are intertwined, evoking the sensation of a gentle sea breeze, lending an air of freshness to the overall experience.<br data-mce-fragment=""1""><br data-mce-fragment=""1"">At the heart of Infini Absolute lies a harmonious bouquet of delicate lavender and intoxicating jasmine. Lavender's calming and soothing aroma intertwines with the alluring floral richness of jasmine, creating a captivating and balanced accord that speaks of both sensuality and tranquility.<br data-mce-fragment=""1""><br data-mce-fragment=""1"">The fragrance's base notes anchor the composition in a warm and embracing embrace. Ambroxan, with its woody and ambary facets, infuses the scent with a touch of modernity and sophistication. Amber, with its resinous sweetness, contributes a sense of timeless allure to the blend. And finally, musk provides a soft and comforting trail, leaving a lingering, seductive presence that is bound to leave a lasting impression on those around you.<br data-mce-fragment=""1""><br data-mce-fragment=""1"">Infini Absolute EDP Spray is a symphony of notes that perfectly blend together to create a fragrance that is versatile enough for both formal and casual occasions. Whether worn during daytime adventures or evening soirées, this perfume will gracefully accompany you, accentuating your unique personality and leaving you feeling empowered and confident. With its exquisite fusion of fresh and aromatic elements, this fragrance is a true expression of beauty and sophistication, making it a must-have addition to any perfume collection.",khadlaj-perfumes,Health & Beauty > Personal Care > Cosmetics > Perfumes & Colognes,PERFUME SPRAY,30% offer,true,Size,100 ML,,,,,,,,'6291107975481,1000.0,shopify,deny,manual,130.00,,true,true,,,,,'6291107975481,https://cdn.shopify.com/s/files/1/0626/6119/8023/files/INFINI_ABSOLUTE_EDP_SPRAY_100_ML_-_Khadlaj_Perfumes-1964798.jpg?v=1784011705,1,INFINI ABSOLUTE EDP SPRAY 100 ML - Khadlaj Perfumes,false,"Infini Absolute Spicy, Amber | Luxury Perfume for Men","Infini Absolute crafted with spicy and amber notes, a premium luxury perfume for men who embrace bold elegance.",,,,,,,,,,,,,"<div class=""pyramid-section_lists""><h6 style=""font-weight:600;"">Top Notes</h6>
<p>Citrus, Fruity, Spicy </p>
</div>
<div class=""pyramid-section_lists""><h6 style=""font-weight:600;"">Middle Notes</h6>
<p>Floral, Leather, Patchouli</p>
</div>
<div class=""pyramid-section_lists""><h6 style=""font-weight:600;"">Base Notes</h6>
<p>Ambergris, Moss musk</p>
</div>",,,,,,,,,,,,,,,,,,,g,,,true,,,true,,,true,,,true,,,true,,,true,,,true,,,active
infini-absolute-edp-spray-100-ml,,,,,,,,,,,,,,,,,,,,,,,,,,,,,,,https://cdn.shopify.com/s/files/1/0626/6119/8023/files/INFINI_ABSOLUTE_EDP_SPRAY_100_ML_-_Khadlaj_Perfumes-1964794.jpg?v=1722409887,2,INFINI ABSOLUTE EDP SPRAY 100 ML - Khadlaj Perfumes,,,,,,,,,,,,,,,,,,,,,,,,,,,,,,,,,,,,,,,,,,,,,,,,,,,,,,,,,,,
infini-absolute-edp-spray-100-ml,,,,,,,,,,,,,,,,,,,,,,,,,,,,,,,https://cdn.shopify.com/s/files/1/0626/6119/8023/files/INFINI_ABSOLUTE_EDP_SPRAY_100_ML_-_Khadlaj_Perfumes-1964802.jpg?v=1722409897,3,INFINI ABSOLUTE EDP SPRAY 100 ML - Khadlaj Perfumes,,,,,,,,,,,,,,,,,,,,,,,,,,,,,,,,,,,,,,,,,,,,,,,,,,,,,,,,,,,
maison-creation-de-reve-100ml,MAISON CREATION DE REVE 100ML EDP SPRAY,"<p>Introducing MAISON CRÉATION DE RÊVE 100ML - a Khadlaj masterpiece that transcends ordinary fragrance experiences. Immerse yourself in a symphony of scents that evoke dreams and awaken your senses. <br data-mce-fragment=""1""><br data-mce-fragment=""1"">Top Notes: Pepper, Incense<br data-mce-fragment=""1"">The journey begins with an invigorating burst of fiery pepper, igniting your senses with its spicy allure. The richness of incense soon emerges, weaving an enigmatic veil of mystique around you. This top note combination sets the stage for a captivating olfactory voyage that unfolds like a vivid dream.<br data-mce-fragment=""1""><br data-mce-fragment=""1"">Heart Notes: Ambroxan, Vetiver<br data-mce-fragment=""1"">As the fragrance evolves, the heart notes emerge, deepening the narrative. Ambroxan, with its alluring and warm embrace, casts an irresistible spell, drawing you further into the dream-like realm of MAISON CRÉATION DE RÊVE. Vetiver adds an earthy elegance, grounding the composition while allowing the dreamy aura to persist.<br data-mce-fragment=""1""><br data-mce-fragment=""1"">Base Notes: Cedarwood, Patchouli, Gaiac Wood<br data-mce-fragment=""1"">The dream crescendos into the base notes, where the fragrance finds its harmonious conclusion. Cedarwood brings a sense of sophistication and timelessness, while patchouli infuses a touch of the exotic, reminiscent of far-off lands. Gaiac wood adds depth and intensity, anchoring the fragrance in an ethereal dream world that lingers on the skin.<br data-mce-fragment=""1""><br data-mce-fragment=""1"">Experience the Unforgettable<br data-mce-fragment=""1"">MAISON CRÉATION DE RÊVE is not just a perfume; it's an embodiment of dreams, desires, and the unexplored. With its meticulously crafted notes, this fragrance transcends mere scent to become an immersive experience. Each spray is an invitation to journey beyond the ordinary and embrace the extraordinary.<br data-mce-fragment=""1""><br data-mce-fragment=""1"">Elegance in a Bottle<br data-mce-fragment=""1"">Housed in a luxurious 100ml bottle, MAISON CRÉATION DE RÊVE is not just a fragrance but a work of art. The sleek design reflects the exquisite craftsmanship that went into creating the scent within. Its elegant presence on your vanity is a testament to your appreciation for the finer things in life.<br data-mce-fragment=""1""><br data-mce-fragment=""1"">Indulge Your Senses<br data-mce-fragment=""1"">Immerse yourself in the captivating world of MAISON CRÉATION DE RÊVE 100ML and let your senses embark on an unforgettable odyssey. With its masterful blend of notes, it's not just a perfume; it's a dream captured in a bottle, ready to accompany you on every step of your journey.<br data-mce-fragment=""1""><br data-mce-fragment=""1"">Elevate your fragrance collection to new heights with MAISON CRÉATION DE RÊVE - where dreams and reality intertwine in the most enchanting way.</p>",khadlaj-perfumes,Health & Beauty > Personal Care > Cosmetics > Perfumes & Colognes > Eaux de Parfum,PERFUME SPRAY,Deals,true,Size,100 ML,,,,,,,,'6291107976037,1000.0,shopify,deny,manual,120.00,180.00,true,true,,,,,'6291107976037,https://cdn.shopify.com/s/files/1/0626/6119/8023/files/MAISON_CREATION_DE_REVE_100ML_EDP_SPRAY_-_Khadlaj_Perfumes-1965299.jpg?v=1783950976,1,MAISON CREATION DE REVE 100ML EDP SPRAY - Khadlaj Perfumes,false,Maison Creation De Reve EDP | Best Perfume UAE | Khadlaj Perfumes,Looking for the best perfume in the UAE? Khadlaj Perfumes presents Maison Creation De Reve EDP – a luxurious fragrance for every occasion. Shop now!,479,,,,,,,,,,,,"<div class=""pyramid-section_lists""><h6 style=""font-weight:600;"">Top Notes</h6>
<p>Pepper, Incense </p>
</div>
<div class=""pyramid-section_lists""><h6 style=""font-weight:600;"">Middle Notes</h6>
<p>Ambroxan, Vetiver</p>
</div>
<div class=""pyramid-section_lists""><h6 style=""font-weight:600;"">Base Notes</h6>
<p>Cedarwood, Patchouli, Gaiac Wood</p>
</div>",,,,,,,,,,,,,,,,,,,g,,,true,,,true,,,true,,,true,,,true,,,true,,,true,,,active
maison-creation-de-reve-100ml,,,,,,,,,,,,,,,,,,,,,,,,,,,,,,,https://cdn.shopify.com/s/files/1/0626/6119/8023/files/MAISON_CREATION_DE_REVE_100ML_EDP_SPRAY_-_Khadlaj_Perfumes-1965296.jpg?v=1722410889,2,MAISON CREATION DE REVE 100ML EDP SPRAY - Khadlaj Perfumes,,,,,,,,,,,,,,,,,,,,,,,,,,,,,,,,,,,,,,,,,,,,,,,,,,,,,,,,,,,
maison-creation-de-reve-100ml,,,,,,,,,,,,,,,,,,,,,,,,,,,,,,,https://cdn.shopify.com/s/files/1/0626/6119/8023/files/MAISON_CREATION_DE_REVE_100ML_EDP_SPRAY_-_Khadlaj_Perfumes-1965302.jpg?v=1722410900,3,MAISON CREATION DE REVE 100ML EDP SPRAY - Khadlaj Perfumes,,,,,,,,,,,,,,,,,,,,,,,,,,,,,,,,,,,,,,,,,,,,,,,,,,,,,,,,,,,
maison-creation-de-reve-100ml,,,,,,,,,,,,,,,,,,,,,,,,,,,,,,,https://cdn.shopify.com/s/files/1/0626/6119/8023/files/MAISON_CREATION_DE_REVE_100ML_EDP_SPRAY_-_Khadlaj_Perfumes-1965305.jpg?v=1722410904,4,MAISON CREATION DE REVE 100ML EDP SPRAY - Khadlaj Perfumes,,,,,,,,,,,,,,,,,,,,,,,,,,,,,,,,,,,,,,,,,,,,,,,,,,,,,,,,,,,
maison-creation-de-reve-100ml,,,,,,,,,,,,,,,,,,,,,,,,,,,,,,,https://cdn.shopify.com/s/files/1/0626/6119/8023/files/MAISON_CREATION_DE_REVE_100ML_EDP_SPRAY_-_Khadlaj_Perfumes-1965308.jpg?v=1722410915,5,MAISON CREATION DE REVE 100ML EDP SPRAY - Khadlaj Perfumes,,,,,,,,,,,,,,,,,,,,,,,,,,,,,,,,,,,,,,,,,,,,,,,,,,,,,,,,,,,
maison-flor-oud-100ml-edp-spray,MAISON FLOR OUD 100ML EDP SPRAY,"Introducing MAISON FLOR OUD: A Floral Oud Symphony<br data-mce-fragment=""1""><br data-mce-fragment=""1"">Elevate your senses and immerse yourself in the opulent world of MAISON FLOR OUD. This exquisite perfume is a harmonious blend of precious ingredients that come together to create a captivating olfactory masterpiece.<br data-mce-fragment=""1""><br data-mce-fragment=""1"">Top Notes: Mandarin, Rose<br data-mce-fragment=""1"">The journey begins with a burst of citrusy mandarin, invigorating and bright, like the first rays of sunlight. As the initial impression settles, the delicate aroma of roses unfurls, adding an elegant touch of romance to the composition. This top note pairing sets the stage for the intricate symphony that follows.<br data-mce-fragment=""1""><br data-mce-fragment=""1"">Heart Notes: Pear, Orange Blossom, Jasmine<br data-mce-fragment=""1"">As the fragrance evolves, the heart notes bloom, weaving a tapestry of floral opulence. The lush sweetness of pear is embraced by the sensual allure of orange blossom, creating an enticing dance of contrasts. Intertwining with finesse, jasmine adds an element of timeless femininity, evoking images of moonlit gardens and whispered secrets.<br data-mce-fragment=""1""><br data-mce-fragment=""1"">Base Notes: Amber wood Scented, Sandalwood, Peruvian Balsam<br data-mce-fragment=""1"">The journey reaches its crescendo in the base notes, where the perfume's depth and longevity truly shine. The rare richness of amber wood scented notes envelopes you like a soft, comforting embrace, while sandalwood infuses a creamy warmth that caresses the senses. The final touch, Peruvian balsam, lends a hint of exotic mystique, leaving an indelible trail that lingers in memory.<br data-mce-fragment=""1""><br data-mce-fragment=""1"">A Fragrance That Tells a Story<br data-mce-fragment=""1"">MAISON FLOR OUD is more than a perfume; it's a story told in scents. Each note weaves together to create an unforgettable narrative that captures the essence of love, beauty, and intrigue. With every wear, you invite others to experience this captivating tale that unfolds on your skin.<br data-mce-fragment=""1""><br data-mce-fragment=""1"">Elegance and Luxury Redefined<br data-mce-fragment=""1"">Housed in a regal 100ml bottle, MAISON FLOR OUD is a statement of refined taste and luxurious living. The design is an ode to elegance, a visual representation of the sophisticated blend of fragrant elements within. Placing this bottle on your vanity is a testament to your appreciation for the finer things in life.<br data-mce-fragment=""1""><br data-mce-fragment=""1"">Evoke Emotions, Leave an Impression<br data-mce-fragment=""1"">MAISON FLOR OUD 100ML is not just a perfume; it's an emotion bottled for you to experience and share. From its vibrant opening to its lingering, sensuous trail, this fragrance is designed to leave an impression that's as unforgettable as you are.<br data-mce-fragment=""1""><br data-mce-fragment=""1"">Indulge your senses in the world of MAISON FLOR OUD, where each note is a brushstroke in the portrait of a fragrant masterpiece.
<script type="""" application>
{
  """"@context"""": """"https://schema.org/"""",
  """"@type"""": """"Product"""",
  """"name"""": """"Maison Flor Oud Perfume | Oud Perfume for Men | Khadlaj Perfumes"""",
  """"image"""": """"https://khadlaj-perfumes.com/collections/perfumes-spray/products/maison-flor-oud-100ml-edp-spray"""",
  """"description"""": """"Shop Maison Flor Oud Perfume for men from Khadlaj Perfumes. A bold and luxurious oud fragrance crafted for long-lasting elegance in Dubai and across the UAE. Order Today!"""",
  """"sku"""": """"Maison-Flor-Oud"""",
  """"brand"""": {
    """"@type"""": """"Brand"""",
    """"name"""": """"Khadlaj Perfumes""""
  }
}
</script>",khadlaj-perfumes,Health & Beauty > Personal Care > Cosmetics > Perfumes & Colognes,PERFUME SPRAY,Deals,true,Size,100 ML,,,,,,,,'6291107976068,1000.0,shopify,deny,manual,120.00,180.00,true,true,,,,,'6291107976068,https://cdn.shopify.com/s/files/1/0626/6119/8023/files/MAISON_FLOR_OUD_100ML_EDP_SPRAY_-_Khadlaj_Perfumes-1965335.jpg?v=1783950845,1,MAISON FLOR OUD 100ML EDP SPRAY - Khadlaj Perfumes,false,Maison Flor Oud Perfume | Oud Perfume for Men | Khadlaj Perfumes,Shop Maison Flor Oud Perfume for men from Khadlaj Perfumes. A bold and luxurious oud fragrance crafted for long-lasting elegance in Dubai and across the UAE. Order Today!,,,,,,,,,,,,,"<div class=""pyramid-section_lists""><h6 style=""font-weight:600;"">Top Notes</h6>
<p>Mandarin, Rose</p>
</div>
<div class=""pyramid-section_lists""><h6 style=""font-weight:600;"">Middle Notes</h6>
<p>Musk and Geranium</p>
</div>
<div class=""pyramid-section_lists""><h6 style=""font-weight:600;"">Base Notes</h6>
<p>Vanilla, Tonka Beans, Woody Note, and Amber</p>
</div>",,,,,,,,,,,,,,,,,,,g,,,true,,,true,,,true,,,true,,,true,,,true,,,true,,,active
maison-flor-oud-100ml-edp-spray,,,,,,,,,,,,,,,,,,,,,,,,,,,,,,,https://cdn.shopify.com/s/files/1/0626/6119/8023/files/MAISON_FLOR_OUD_100ML_EDP_SPRAY_-_Khadlaj_Perfumes-1965332.jpg?v=1722410955,2,MAISON FLOR OUD 100ML EDP SPRAY - Khadlaj Perfumes,,,,,,,,,,,,,,,,,,,,,,,,,,,,,,,,,,,,,,,,,,,,,,,,,,,,,,,,,,,
maison-flor-oud-100ml-edp-spray,,,,,,,,,,,,,,,,,,,,,,,,,,,,,,,https://cdn.shopify.com/s/files/1/0626/6119/8023/files/MAISON_FLOR_OUD_100ML_EDP_SPRAY_-_Khadlaj_Perfumes-1965338.jpg?v=1722410965,3,MAISON FLOR OUD 100ML EDP SPRAY - Khadlaj Perfumes,,,,,,,,,,,,,,,,,,,,,,,,,,,,,,,,,,,,,,,,,,,,,,,,,,,,,,,,,,,
maison-flor-oud-100ml-edp-spray,,,,,,,,,,,,,,,,,,,,,,,,,,,,,,,https://cdn.shopify.com/s/files/1/0626/6119/8023/files/MAISON_FLOR_OUD_100ML_EDP_SPRAY_-_Khadlaj_Perfumes-1965341.jpg?v=1722410972,4,MAISON FLOR OUD 100ML EDP SPRAY - Khadlaj Perfumes,,,,,,,,,,,,,,,,,,,,,,,,,,,,,,,,,,,,,,,,,,,,,,,,,,,,,,,,,,,
maison-flor-oud-100ml-edp-spray,,,,,,,,,,,,,,,,,,,,,,,,,,,,,,,https://cdn.shopify.com/s/files/1/0626/6119/8023/files/MAISON_FLOR_OUD_100ML_EDP_SPRAY_-_Khadlaj_Perfumes-1965345.jpg?v=1722410979,5,MAISON FLOR OUD 100ML EDP SPRAY - Khadlaj Perfumes,,,,,,,,,,,,,,,,,,,,,,,,,,,,,,,,,,,,,,,,,,,,,,,,,,,,,,,,,,,
maison-l-or-noir-100ml-edp-spray,MAISON L' OR NOIR 100ML EDP SPRAY,"Introducing the epitome of luxury and sophistication, the MAISON L'OR NOIR Perfume by Khadlaj Perfumes. Crafted with meticulous care and an unwavering commitment to excellence, this exquisite fragrance embodies the artistry of perfumery, inviting you to immerse yourself in a world of opulence.<br data-mce-fragment=""1""><br data-mce-fragment=""1"">Scent Journey:<br data-mce-fragment=""1"">Unveil the captivating layers of MAISON L'OR NOIR as it takes you on an olfactory journey through its harmonious notes.<br data-mce-fragment=""1""><br data-mce-fragment=""1"">Top Notes - Raspberry and Rose:<br data-mce-fragment=""1"">The fragrance unfolds with a burst of vivacious raspberries, lending a fruity and succulent opening that awakens the senses. Delicate roses intertwine, infusing a floral allure that's both timeless and enchanting.<br data-mce-fragment=""1""><br data-mce-fragment=""1"">Heart Notes - Incense and Cade Wood:<br data-mce-fragment=""1"">As the scent evolves, the heart notes of rich incense swirl with the aromatic embrace of cade wood. This combination creates a smoky, resinous accord that adds depth and intrigue to the fragrance, evoking an air of mystery.<br data-mce-fragment=""1""><br data-mce-fragment=""1"">Base Notes - Vanilla, Amberxtreme, and Oud Accord:<br data-mce-fragment=""1"">The final act of MAISON L'OR NOIR is a symphony of luxurious base notes. Velvety vanilla envelopes you in a warm and comforting embrace, while amberxtreme exudes an aura of sensuality and elegance. The fragrance reaches its crescendo with the profound resonance of oud accord, a rare and precious ingredient that exudes an earthy and woody richness.<br data-mce-fragment=""1""><br data-mce-fragment=""1"">Craftsmanship and Elegance:<br data-mce-fragment=""1"">Housed in an artfully designed bottle that reflects the essence of refined aesthetics, MAISON L'OR NOIR is not just a perfume; it's a statement of your discerning taste and appreciation for the finer things in life. With every spritz, you'll be transported to a realm where luxury knows no bounds.<br data-mce-fragment=""1""><br data-mce-fragment=""1"">Unveil Your Aura:<br data-mce-fragment=""1"">MAISON L'OR NOIR is more than a fragrance – it's an extension of your personality, an embodiment of your innermost desires. Whether you're stepping into a grand soirée or indulging in a moment of self-care, this perfume becomes your loyal companion, leaving a trail of elegance and allure wherever you go.<br data-mce-fragment=""1""><br data-mce-fragment=""1"">Experience the Unparalleled:<br data-mce-fragment=""1"">Elevate your sensory experience with the MAISON L'OR NOIR Perfume by Khadlaj Perfumes. Let its harmonious notes dance upon your skin, transforming every moment into a masterpiece of olfactory artistry. Discover the allure of raspberry and rose, the intrigue of incense and cade wood, and the richness of vanilla, amberxtreme, and oud accord – all in one exquisitely crafted bottle.
<script type="""" application>
{
  """"@context"""": """"https://schema.org/"""",
  """"@type"""": """"Product"""",
  """"name"""": """"Maison L’Or Noir Perfume | Eau De Parfum for Men | Khadlaj Perfumes"""",
  """"image"""": """"https://khadlaj-perfumes.com/collections/perfumes-spray/products/maison-l-or-noir-100ml-edp-spray"""",
  """"description"""": """"Shop Maison L’Or Noir Perfume from Khadlaj Perfumes – a premium Eau De Parfum for men in the UAE. Bold, elegant, and perfect for your signature scent. Order Today!"""",
  """"sku"""": """"Maison-Lor-Noir"""",
  """"brand"""": {
    """"@type"""": """"Brand"""",
    """"name"""": """"Khadlaj Perfumes""""
  }
}
</script>",khadlaj-perfumes,Health & Beauty > Personal Care > Cosmetics > Perfumes & Colognes,PERFUME SPRAY,Deals,true,Size,100 ML,,,,,,,,'6291107976020,1000.0,shopify,deny,manual,120.00,180.00,true,true,,,,,'6291107976020,https://cdn.shopify.com/s/files/1/0626/6119/8023/files/MAISON_L_OR_NOIR_100ML_EDP_SPRAY_-_Khadlaj_Perfumes-1965370.jpg?v=1783950815,1,MAISON L' OR NOIR 100ML EDP SPRAY - Khadlaj Perfumes,false,Maison L’Or Noir Perfume | Eau De Parfum for Men | Khadlaj Perfumes,"Shop Maison L’Or Noir Perfume from Khadlaj Perfumes – a premium Eau De Parfum for men in the UAE. Bold, elegant, and perfect for your signature scent. Order Today!",,,,,,,,,,,,,"<div class=""pyramid-section_lists""><h6 style=""font-weight:600;"">Top Notes</h6>
<p>Raspberry and Rose</p>
</div>
<div class=""pyramid-section_lists""><h6 style=""font-weight:600;"">Middle Notes</h6>
<p>Incense and Cade Wood</p>
</div>
<div class=""pyramid-section_lists""><h6 style=""font-weight:600;"">Base Notes</h6>
<p>Vanilla, Amberxtreme, Oud Accord</p>
</div>",,,,,,,,,,,,,,,,,,,g,,,true,,,true,,,true,,,true,,,true,,,true,,,true,,,active
maison-l-or-noir-100ml-edp-spray,,,,,,,,,,,,,,,,,,,,,,,,,,,,,,,https://cdn.shopify.com/s/files/1/0626/6119/8023/files/MAISON_L_OR_NOIR_100ML_EDP_SPRAY_-_Khadlaj_Perfumes-1965366.jpg?v=1722411021,2,MAISON L' OR NOIR 100ML EDP SPRAY - Khadlaj Perfumes,,,,,,,,,,,,,,,,,,,,,,,,,,,,,,,,,,,,,,,,,,,,,,,,,,,,,,,,,,,
maison-l-or-noir-100ml-edp-spray,,,,,,,,,,,,,,,,,,,,,,,,,,,,,,,https://cdn.shopify.com/s/files/1/0626/6119/8023/files/MAISON_L_OR_NOIR_100ML_EDP_SPRAY_-_Khadlaj_Perfumes-1965373.jpg?v=1722411031,3,MAISON L' OR NOIR 100ML EDP SPRAY - Khadlaj Perfumes,,,,,,,,,,,,,,,,,,,,,,,,,,,,,,,,,,,,,,,,,,,,,,,,,,,,,,,,,,,
maison-l-or-noir-100ml-edp-spray,,,,,,,,,,,,,,,,,,,,,,,,,,,,,,,https://cdn.shopify.com/s/files/1/0626/6119/8023/files/MAISON_L_OR_NOIR_100ML_EDP_SPRAY_-_Khadlaj_Perfumes-1965376.jpg?v=1722411036,4,MAISON L' OR NOIR 100ML EDP SPRAY - Khadlaj Perfumes,,,,,,,,,,,,,,,,,,,,,,,,,,,,,,,,,,,,,,,,,,,,,,,,,,,,,,,,,,,
maison-l-or-noir-100ml-edp-spray,,,,,,,,,,,,,,,,,,,,,,,,,,,,,,,https://cdn.shopify.com/s/files/1/0626/6119/8023/files/MAISON_L_OR_NOIR_100ML_EDP_SPRAY_-_Khadlaj_Perfumes-1965379.jpg?v=1722411042,5,MAISON L' OR NOIR 100ML EDP SPRAY - Khadlaj Perfumes,,,,,,,,,,,,,,,,,,,,,,,,,,,,,,,,,,,,,,,,,,,,,,,,,,,,,,,,,,,
maison-epoque-artistique-100ml-edp-spray,MAISON EPOQUE ARTISTIQUE 100ML EDP SPRAY,"Introducing an olfactory masterpiece that transcends time and captures the essence of artistic eras, MAISON EPOQUE ARTISTIQUE Perfume by Khadlaj Perfumes is a symphony of scents that pay homage to the elegance of history's most captivating epochs.<br data-mce-fragment=""1""><br data-mce-fragment=""1"">Scent of Cultural Fusion:<br data-mce-fragment=""1"">MAISON EPOQUE ARTISTIQUE is a fragrant embodiment of cultural fusion, a perfume that artfully marries the spirit of different times in history, offering you a sensory journey through its intricate layers.<br data-mce-fragment=""1""><br data-mce-fragment=""1"">Top Notes - Cardamom, Lavandin, and Pepper:<br data-mce-fragment=""1"">As you embark on this fragrant journey, the top notes of cardamom tantalize your senses with their exotic and aromatic allure. Lavandin adds a touch of lavender's soothing charm, while a dash of pepper ignites a subtle, spicy excitement, reminiscent of vibrant marketplaces of yore.<br data-mce-fragment=""1""><br data-mce-fragment=""1"">Heart Notes - Musk and Geranium:<br data-mce-fragment=""1"">The heart notes of MAISON EPOQUE ARTISTIQUE are an ode to the timeless elegance of musk, creating an enigmatic and sensual aura that envelops you in its embrace. Geranium joins the composition with its floral grace, evoking memories of romantic gardens and vintage elegance.<br data-mce-fragment=""1""><br data-mce-fragment=""1"">Base Notes - Vanilla, Tonka Beans, Woody Note, and Amber:<br data-mce-fragment=""1"">The final act of this olfactory masterpiece unfolds with a base that anchors the fragrance in the realms of warmth and luxury. Vanilla, with its sweet and inviting essence, mingles with the deep richness of tonka beans, creating a velvety texture that's reminiscent of antique treasures. A woody note adds an element of depth, while amber amplifies the overall allure, making each inhale a journey through time itself.<br data-mce-fragment=""1""><br data-mce-fragment=""1"">Timeless Elegance and Craftsmanship:<br data-mce-fragment=""1"">MAISON EPOQUE ARTISTIQUE comes encased in a bottle that's not just a container but a work of art in itself. Its design reflects the spirit of artistic movements that have shaped history, adding an exquisite touch to your fragrance collection.<br data-mce-fragment=""1""><br data-mce-fragment=""1"">Evoke the Essence of Eras:<br data-mce-fragment=""1"">With MAISON EPOQUE ARTISTIQUE, you're not just wearing a perfume – you're embodying the elegance and beauty of different epochs. Whether you're attending a modern gala or seeking to add a touch of classic charm to your day, this fragrance is your key to evoking the spirit of ages gone by.<br data-mce-fragment=""1""><br data-mce-fragment=""1"">Artistry in a Bottle:<br data-mce-fragment=""1"">Experience the fusion of time, scent, and emotion with MAISON EPOQUE ARTISTIQUE. Each note, from the alluring top to the soulful base, is an homage to the richness of human history. Let this fragrance adorn you, becoming a canvas upon which you paint your own artistic journey through life.",khadlaj-perfumes,Health & Beauty > Personal Care > Cosmetics > Perfumes & Colognes > Eaux de Parfum,PERFUME SPRAY,Deals,true,Size,100 ML,,,,,,,,'6291107976051,1000.0,shopify,deny,manual,120.00,180.00,true,true,,,,,'6291107976051,https://cdn.shopify.com/s/files/1/0626/6119/8023/files/MAISON_EPOQUE_ARTISTIQUE_100ML_EDP_SPRAY_-_Khadlaj_Perfumes-1965317.jpg?v=1783950732,1,MAISON EPOQUE ARTISTIQUE 100ML EDP SPRAY - Khadlaj Perfumes,false,Maison Epoque Artistique EDP | Best Perfume | Khadlaj Perfumes,Looking for the best perfume in the UAE? Khadlaj Perfumes presents Maison Epoque Artistique EDP – a sophisticated fragrance for refined tastes. Shop now!,479,,,,,,,,,,,,"<div class=""pyramid-section_lists""><h6 style=""font-weight:600;"">Top Notes</h6>
<p>Bergamot, Cardamom, Lavandin, Pepper</p>
</div>
<div class=""pyramid-section_lists""><h6 style=""font-weight:600;"">Middle Notes</h6>
<p>Musk, Geranium</p>
</div>
<div class=""pyramid-section_lists""><h6 style=""font-weight:600;"">Base Notes</h6>
<p>Vanilla, Tonka Beans, Cedarwood, Amber</p>
</div>",,,,,,,,,,,,,,,,,,,g,,,true,,,true,,,true,,,true,,,true,,,true,,,true,,,active
maison-epoque-artistique-100ml-edp-spray,,,,,,,,,,,,,,,,,,,,,,,,,,,,,,,https://cdn.shopify.com/s/files/1/0626/6119/8023/files/MAISON_EPOQUE_ARTISTIQUE_100ML_EDP_SPRAY_-_Khadlaj_Perfumes-1965314.jpg?v=1722410923,2,MAISON EPOQUE ARTISTIQUE 100ML EDP SPRAY - Khadlaj Perfumes,,,,,,,,,,,,,,,,,,,,,,,,,,,,,,,,,,,,,,,,,,,,,,,,,,,,,,,,,,,
maison-epoque-artistique-100ml-edp-spray,,,,,,,,,,,,,,,,,,,,,,,,,,,,,,,https://cdn.shopify.com/s/files/1/0626/6119/8023/files/MAISON_EPOQUE_ARTISTIQUE_100ML_EDP_SPRAY_-_Khadlaj_Perfumes-1965320.jpg?v=1722410935,3,MAISON EPOQUE ARTISTIQUE 100ML EDP SPRAY - Khadlaj Perfumes,,,,,,,,,,,,,,,,,,,,,,,,,,,,,,,,,,,,,,,,,,,,,,,,,,,,,,,,,,,
maison-epoque-artistique-100ml-edp-spray,,,,,,,,,,,,,,,,,,,,,,,,,,,,,,,https://cdn.shopify.com/s/files/1/0626/6119/8023/files/MAISON_EPOQUE_ARTISTIQUE_100ML_EDP_SPRAY_-_Khadlaj_Perfumes-1965325.jpg?v=1722410941,4,MAISON EPOQUE ARTISTIQUE 100ML EDP SPRAY - Khadlaj Perfumes,,,,,,,,,,,,,,,,,,,,,,,,,,,,,,,,,,,,,,,,,,,,,,,,,,,,,,,,,,,
maison-epoque-artistique-100ml-edp-spray,,,,,,,,,,,,,,,,,,,,,,,,,,,,,,,https://cdn.shopify.com/s/files/1/0626/6119/8023/files/MAISON_EPOQUE_ARTISTIQUE_100ML_EDP_SPRAY_-_Khadlaj_Perfumes-1965328.jpg?v=1722410948,5,MAISON EPOQUE ARTISTIQUE 100ML EDP SPRAY - Khadlaj Perfumes,,,,,,,,,,,,,,,,,,,,,,,,,,,,,,,,,,,,,,,,,,,,,,,,,,,,,,,,,,,
maison-l-imaginaire-100ml-edp-spray,MAISON L' IMAGINAIRE 100ML EDP SPRAY,"<p data-start=""0"" data-end=""115""><strong data-start=""0"" data-end=""34"">MAISON L'IMAGINAIRE by Khadlaj</strong> – A fragrance that transcends boundaries, crafted for those who dare to dream.</p>
<p data-start=""117"" data-end=""486"">This exquisite scent opens with a bold fusion of <strong data-start=""166"" data-end=""198"">Cardamom, Fig, and Black Tea</strong>, creating a warm and sophisticated first impression. The heart unfolds into a refined blend of <strong data-start=""294"" data-end=""322"">Iris and Bourbon Vetiver</strong>, adding depth and elegance. Finally, the fragrance settles into a rich and sensual base of <strong data-start=""414"" data-end=""443"">Sandalwood and Tonka Bean</strong>, leaving a lasting, unforgettable trail.</p>
<p data-start=""488"" data-end=""583"" data-is-last-node="""" data-is-only-node="""">Experience the artistry of scent with <strong data-start=""526"" data-end=""549"">MAISON L'IMAGINAIRE</strong> – where imagination meets luxury.</p>
<p>Top Notes - Cardamom, Fig, Black Tea<br>Heart Notes - Iris, Bourbon Vetiver<br>Base Notes - Sandalwood, Tonka Bean</p>
<p><br></p>",khadlaj-perfumes,Health & Beauty > Personal Care > Cosmetics > Perfumes & Colognes,PERFUME SPRAY,Deals,true,Size,100 ML,,,,,,,,'6291107976044,1000.0,shopify,deny,manual,120.00,180.00,true,true,,,,,'6291107976044,https://cdn.shopify.com/s/files/1/0626/6119/8023/files/MAISON_L_IMAGINAIRE_100ML_EDP_SPRAY_-_Khadlaj_Perfumes-1965352.jpg?v=1783947272,1,MAISON L' IMAGINAIRE 100ML EDP SPRAY - Khadlaj Perfumes,false,"Woody, Spicy, Musk Fragrance | Premium Perfume Online Collection","Unique French-inspired fragrance with floral, musk, and oud notes. Premium luxury perfume online for men & women in Dubai.",479,,,,,,,,,,,,"<div class=""pyramid-section_lists""><h6 style=""font-weight:600;"">Top Notes</h6>
<p>Cardamom, Fig, Black Tea</p>
</div>
<div class=""pyramid-section_lists""><h6 style=""font-weight:600;"">Middle Notes</h6>
<p>Iris, Bourbon Vetiver</p>
</div>
<div class=""pyramid-section_lists""><h6 style=""font-weight:600;"">Base Notes</h6>
<p>Sandalwood, Tonka Bean</p>
</div>",,,,,,,,,,formal; everyday; special-occasion; casual,,,fruity; sandalwood; herbal,fall; spring; summer,,,,,g,,,true,,,true,,,true,,,true,,,true,,,true,,,true,,,active
maison-l-imaginaire-100ml-edp-spray,,,,,,,,,,,,,,,,,,,,,,,,,,,,,,,https://cdn.shopify.com/s/files/1/0626/6119/8023/files/MAISON_L_IMAGINAIRE_100ML_EDP_SPRAY_-_Khadlaj_Perfumes-1965348.jpg?v=1722410986,2,MAISON L' IMAGINAIRE 100ML EDP SPRAY - Khadlaj Perfumes,,,,,,,,,,,,,,,,,,,,,,,,,,,,,,,,,,,,,,,,,,,,,,,,,,,,,,,,,,,
maison-l-imaginaire-100ml-edp-spray,,,,,,,,,,,,,,,,,,,,,,,,,,,,,,,https://cdn.shopify.com/s/files/1/0626/6119/8023/files/MAISON_L_IMAGINAIRE_100ML_EDP_SPRAY_-_Khadlaj_Perfumes-1965355.jpg?v=1722411001,3,MAISON L' IMAGINAIRE 100ML EDP SPRAY - Khadlaj Perfumes,,,,,,,,,,,,,,,,,,,,,,,,,,,,,,,,,,,,,,,,,,,,,,,,,,,,,,,,,,,
maison-l-imaginaire-100ml-edp-spray,,,,,,,,,,,,,,,,,,,,,,,,,,,,,,,https://cdn.shopify.com/s/files/1/0626/6119/8023/files/MAISON_L_IMAGINAIRE_100ML_EDP_SPRAY_-_Khadlaj_Perfumes-1965360.jpg?v=1722411007,4,MAISON L' IMAGINAIRE 100ML EDP SPRAY - Khadlaj Perfumes,,,,,,,,,,,,,,,,,,,,,,,,,,,,,,,,,,,,,,,,,,,,,,,,,,,,,,,,,,,
maison-l-imaginaire-100ml-edp-spray,,,,,,,,,,,,,,,,,,,,,,,,,,,,,,,https://cdn.shopify.com/s/files/1/0626/6119/8023/files/MAISON_L_IMAGINAIRE_100ML_EDP_SPRAY_-_Khadlaj_Perfumes-1965363.jpg?v=1722411014,5,MAISON L' IMAGINAIRE 100ML EDP SPRAY - Khadlaj Perfumes,,,,,,,,,,,,,,,,,,,,,,,,,,,,,,,,,,,,,,,,,,,,,,,,,,,,,,,,,,,
the-proposal-date-night-100-ml-edp-spray,THE PROPOSAL DATE NIGHT 100 ML EDP SPRAY,"<p data-mce-fragment=""1"">Elevate your most romantic moments with ""The Proposal Date Night"" by Khadlaj Perfumes, a fragrance that captures the essence of love, anticipation, and the magic of a cherished proposal.</p>
<p data-mce-fragment=""1""><strong data-mce-fragment=""1"">Top Notes:</strong><br data-mce-fragment=""1""><em data-mce-fragment=""1"">Blackcurrant, Bergamot, Orange Flower</em></p>
<p data-mce-fragment=""1"">The journey begins with a burst of sparkling Blackcurrant, setting the stage for a captivating blend of zesty Bergamot and the delicate sweetness of Orange Flower. These top notes instantly awaken your senses, creating an enchanting prelude to the memorable evening ahead.</p>
<p data-mce-fragment=""1""><strong data-mce-fragment=""1"">Heart Notes:</strong><br data-mce-fragment=""1""><em data-mce-fragment=""1"">Tuberose, Orris</em></p>
<p data-mce-fragment=""1"">As the night unfolds, the heart of ""The Proposal Date Night"" reveals itself. Tuberose, known as the ""flower of love,"" takes center stage, exuding its intoxicating and passionate aroma. Paired with the ethereal elegance of Orris, this fragrance is an ode to the depth of emotions felt on a date night you'll remember forever.</p>
<p data-mce-fragment=""1""><strong data-mce-fragment=""1"">Base Notes:</strong><br data-mce-fragment=""1""><em data-mce-fragment=""1"">Cedarwood, Vanilla, Dry Amber</em></p>
<p data-mce-fragment=""1"">The journey concludes with a warm and sensual embrace. Cedarwood lends an earthy, grounding note, while Vanilla adds a comforting and creamy sweetness. Dry Amber envelopes you like a soft, cashmere blanket, leaving a lasting impression that lingers in the air, a testament to the timeless love story created on this special night.</p>
<p data-mce-fragment=""1"">""The Proposal Date Night"" is a fragrance designed to be as unforgettable as your most cherished memories. Let it be the olfactory backdrop to your love story, capturing the essence of that moment when two hearts unite. Indulge in this exquisite perfume and relive the magic of your own proposal, every time you wear it.</p>",Khadlaj-perfumes,Health & Beauty > Personal Care > Cosmetics > Perfumes & Colognes,PERFUME SPRAY,"30% offer, Deals",true,Size,100 ML,,,,,,,,'6291197975818,1500.0,shopify,deny,manual,150.00,195.00,true,true,,,,,'6291197975818,https://cdn.shopify.com/s/files/1/0626/6119/8023/files/THE_PROPOSAL_DATE_NIGHT_100_ML_EDP_SPRAY_-_Khadlaj_Perfumes-1966002.jpg?v=1783948404,1,THE PROPOSAL DATE NIGHT 100 ML EDP SPRAY - Khadlaj Perfumes,false,The Proposal Date Night EDP | Best Perfume UAE | Khadlaj Perfumes,Looking for the best perfume in the UAE? Khadlaj Perfumes presents The Proposal Date Night EDP – a captivating fragrance for unforgettable date nights. Shop now!,,,,,,,,,,,,,"<div class=""pyramid-section_lists""><h6 style=""font-weight:600;"">Top Notes</h6>
<p>Blackcurrant, Bergamot, Orange Flower </p>
</div>
<div class=""pyramid-section_lists""><h6 style=""font-weight:600;"">Middle Notes</h6>
<p>Tuberose, Orris</p>
</div>
<div class=""pyramid-section_lists""><h6 style=""font-weight:600;"">Base Notes</h6>
<p>Cedarwood, Vanilla, Dry Amber</p>
</div>",,,,,,,,,,,,,,,,,,,g,,,true,,,true,,,true,,,true,,,true,,,true,,,true,,,active
the-proposal-date-night-100-ml-edp-spray,,,,,,,,,,,,,,,,,,,,,,,,,,,,,,,https://cdn.shopify.com/s/files/1/0626/6119/8023/files/THE_PROPOSAL_DATE_NIGHT_100_ML_EDP_SPRAY_-_Khadlaj_Perfumes-1965997.jpg?v=1722412249,2,THE PROPOSAL DATE NIGHT 100 ML EDP SPRAY - Khadlaj Perfumes,,,,,,,,,,,,,,,,,,,,,,,,,,,,,,,,,,,,,,,,,,,,,,,,,,,,,,,,,,,
the-proposal-date-night-100-ml-edp-spray,,,,,,,,,,,,,,,,,,,,,,,,,,,,,,,https://cdn.shopify.com/s/files/1/0626/6119/8023/files/THE_PROPOSAL_DATE_NIGHT_100_ML_EDP_SPRAY_-_Khadlaj_Perfumes-1966005.jpg?v=1722412264,3,THE PROPOSAL DATE NIGHT 100 ML EDP SPRAY - Khadlaj Perfumes,,,,,,,,,,,,,,,,,,,,,,,,,,,,,,,,,,,,,,,,,,,,,,,,,,,,,,,,,,,
the-proposal-date-night-100-ml-edp-spray,,,,,,,,,,,,,,,,,,,,,,,,,,,,,,,https://cdn.shopify.com/s/files/1/0626/6119/8023/files/THE_PROPOSAL_DATE_NIGHT_100_ML_EDP_SPRAY_-_Khadlaj_Perfumes-1966008.jpg?v=1722412271,4,THE PROPOSAL DATE NIGHT 100 ML EDP SPRAY - Khadlaj Perfumes,,,,,,,,,,,,,,,,,,,,,,,,,,,,,,,,,,,,,,,,,,,,,,,,,,,,,,,,,,,
the-proposal-special-occasion-100-ml-edp-spray,THE PROPOSAL SPECIAL OCCASION 100 ML EDP SPRAY,"<p data-mce-fragment=""1"">Celebrate the most extraordinary moments in life with ""The Proposal Special Occasion"" by Khadlaj Perfumes, a fragrance that embodies elegance, passion, and the allure of life's significant events.</p>
<p data-mce-fragment=""1""><strong data-mce-fragment=""1"">Top Notes:</strong><br data-mce-fragment=""1""><em data-mce-fragment=""1"">Jasmine, Grapefruit</em></p>
<p data-mce-fragment=""1"">The journey begins with a dazzling flourish as the scent of delicate Jasmine and the luscious allure of Peach intertwine. These top notes create an intoxicating overture, setting the stage for a truly memorable experience.</p>
<p data-mce-fragment=""1""><strong data-mce-fragment=""1"">Middle Notes:</strong><br data-mce-fragment=""1""><em data-mce-fragment=""1"">Patchouli, Raspberry</em></p>
<p data-mce-fragment=""1"">As your evening unfolds, the heart of ""The Proposal Special Occasion"" reveals itself. Rich and velvety Patchouli entwines with the juicy sweetness of Raspberry, creating a harmonious symphony of scent. This captivating combination evokes the excitement and anticipation of the remarkable occasion.</p>
<p data-mce-fragment=""1""><strong data-mce-fragment=""1"">Base Notes:</strong><br data-mce-fragment=""1""><em data-mce-fragment=""1"">Amber, Iris, Musk</em></p>
<p data-mce-fragment=""1"">The grand finale arrives with a luxurious blend of Amber, Iris, and Musk. These base notes cast a timeless and enduring aura, leaving an indelible mark on the senses. As you revel in the magic of your special occasion, this fragrance envelops you in an embrace that lingers long after the festivities have ended.</p>
<p data-mce-fragment=""1"">""The Proposal Special Occasion"" is a perfume crafted for those rare moments when life demands an extraordinary scent. Let it be your signature fragrance for celebrations, an olfactory testament to the remarkable chapters of your life. Immerse yourself in the splendor of the occasion, and let this fragrance become an essential part of your cherished memories.</p>",Khadlaj-perfumes,Health & Beauty > Personal Care > Cosmetics > Perfumes & Colognes,PERFUME SPRAY,"30% offer, Deals",true,Size,100 ML,,,,,,,,'629110797582,1500.0,shopify,deny,manual,150.00,195.00,true,true,,,,,'629110797582,https://cdn.shopify.com/s/files/1/0626/6119/8023/files/THE_PROPOSAL_SPECIAL_OCCASION_100_ML_EDP_SPRAY_-_Khadlaj_Perfumes-1966015.jpg?v=1783948477,1,THE PROPOSAL SPECIAL OCCASION 100 ML EDP SPRAY - Khadlaj Perfumes,false,The Proposal Special Occasion | Best Perfume | Khadlaj Perfumes,Looking for the best perfume for a special occasion? Khadlaj Perfumes presents The Proposal Special Occasion EDP – a luxurious fragrance for unforgettable moments!,,,,,,,,,,,,,"<div class=""pyramid-section_lists""><h6 style=""font-weight:600;"">Top Notes</h6>
<p>Jasmine, Grapefruit</p>
</div>
<div class=""pyramid-section_lists""><h6 style=""font-weight:600;"">Middle Notes</h6>
<p>Patchouli, Raspberry</p>
</div>
<div class=""pyramid-section_lists""><h6 style=""font-weight:600;"">Base Notes</h6>
<p>Amber, Iris, Musk</p>
</div>",,,,,,,,,,,,,,,,,,,g,,,true,,,true,,,true,,,true,,,true,,,true,,,true,,,active
the-proposal-special-occasion-100-ml-edp-spray,,,,,,,,,,,,,,,,,,,,,,,,,,,,,,,https://cdn.shopify.com/s/files/1/0626/6119/8023/files/THE_PROPOSAL_SPECIAL_OCCASION_100_ML_EDP_SPRAY_-_Khadlaj_Perfumes-1966012.jpg?v=1722412278,2,THE PROPOSAL SPECIAL OCCASION 100 ML EDP SPRAY - Khadlaj Perfumes,,,,,,,,,,,,,,,,,,,,,,,,,,,,,,,,,,,,,,,,,,,,,,,,,,,,,,,,,,,
the-proposal-special-occasion-100-ml-edp-spray,,,,,,,,,,,,,,,,,,,,,,,,,,,,,,,https://cdn.shopify.com/s/files/1/0626/6119/8023/files/THE_PROPOSAL_SPECIAL_OCCASION_100_ML_EDP_SPRAY_-_Khadlaj_Perfumes-1966018.jpg?v=1722412292,3,THE PROPOSAL SPECIAL OCCASION 100 ML EDP SPRAY - Khadlaj Perfumes,,,,,,,,,,,,,,,,,,,,,,,,,,,,,,,,,,,,,,,,,,,,,,,,,,,,,,,,,,,
the-proposal-special-occasion-100-ml-edp-spray,,,,,,,,,,,,,,,,,,,,,,,,,,,,,,,https://cdn.shopify.com/s/files/1/0626/6119/8023/files/THE_PROPOSAL_SPECIAL_OCCASION_100_ML_EDP_SPRAY_-_Khadlaj_Perfumes-1966021.jpg?v=1722412300,4,THE PROPOSAL SPECIAL OCCASION 100 ML EDP SPRAY - Khadlaj Perfumes,,,,,,,,,,,,,,,,,,,,,,,,,,,,,,,,,,,,,,,,,,,,,,,,,,,,,,,,,,,
nuha-85-ml-edp-spray-perfume-for-women-dubai-uae,NUHA 85 ML EDP SPRAY,"<p data-mce-fragment=""1"">Introducing Nuha by Khadlaj Perfumes - A Fragrance of Pure Elegance</p>
<p data-mce-fragment=""1"">Unveiling the latest olfactory masterpiece from Khadlaj Perfumes, Nuha, an enchanting fragrance that captures the essence of sophistication and luxury. This fragrance is a true embodiment of the art of perfumery, meticulously crafted to transport your senses to a world of beauty and opulence.</p>
<p data-mce-fragment=""1""><strong data-mce-fragment=""1"">Top Notes: Apple, Coconut</strong><br data-mce-fragment=""1"">At first whiff, Nuha opens with a tantalizing blend of succulent apples and the creamy sweetness of coconut. The top notes awaken your senses with a fresh, crisp, and slightly tropical aroma that instantly captivates. This delightful introduction is like a breath of fresh air, setting the stage for the olfactory journey that awaits.</p>
<p data-mce-fragment=""1""><strong data-mce-fragment=""1"">Middle Notes: Jasmine, Heliotrope, Rose</strong><br data-mce-fragment=""1"">As Nuha unfurls, the heart of the fragrance reveals a captivating bouquet of flowers. Jasmine, with its delicate and intoxicating scent, intertwines with the powdery, almond-like nuances of heliotrope, creating a harmonious and sensual floral experience. The addition of rose petals adds a timeless and romantic depth, lending an air of elegance to the composition.</p>
<p data-mce-fragment=""1""><strong data-mce-fragment=""1"">Base Notes: Sandalwood, Cashmeran, Vanilla</strong><br data-mce-fragment=""1"">The foundation of Nuha is built upon a rich and warm base that lingers and beckons. Sandalwood, known for its smooth and woody character, adds a touch of exotic charm. Cashmeran, a resinous and musky note, imparts depth and longevity to the fragrance. Finally, vanilla, with its sweet and comforting aroma, embraces you like a soft, cashmere shawl, leaving a lasting impression that is both comforting and alluring.</p>
<p data-mce-fragment=""1"">Nuha by Khadlaj Perfumes is not just a fragrance; it's a journey through a world of emotions. Wear it and experience the enchanting transition from the freshness of its top notes to the warmth of its base notes. This fragrance is perfect for those who appreciate the finer things in life and seek to leave a lasting impression wherever they go.</p>
<p data-mce-fragment=""1"">Nuha is presented in a bottle that is as exquisite as the fragrance it holds, with intricate details that reflect the craftsmanship and dedication that go into creating each Khadlaj Perfumes masterpiece.</p>
<p data-mce-fragment=""1"">Elevate your daily routine with Nuha, the fragrance that encapsulates sophistication and leaves a trail of elegance in your wake. Immerse yourself in the world of Khadlaj Perfumes and let Nuha become your signature scent, a fragrance that speaks of luxury, style, and timeless beauty.</p>
<script type="""" application>
{
  """"@context"""": """"https://schema.org"""",
  """"@type"""": """"BreadcrumbList"""",
  """"itemListElement"""": [
    {
      """"@type"""": """"ListItem"""",
      """"position"""": 1,
      """"name"""": """"Home"""",
      """"item"""": """"https://khadlaj-perfumes.com/""""
    },
    {
      """"@type"""": """"ListItem"""",
      """"position"""": 2,
      """"name"""": """"Products"""",
      """"item"""": """"https://khadlaj-perfumes.com/products/""""
    },
    {
      """"@type"""": """"ListItem"""",
      """"position"""": 3,
      """"name"""": """"Nuha 85 ML EDP Spray"""",
      """"item"""": """"https://khadlaj-perfumes.com/products/nuha-85-ml-edp-spray-perfume-for-women-dubai-uae""""
    }
  ]
}
</script>",Khadlaj-perfumes,Health & Beauty > Personal Care > Cosmetics > Perfumes & Colognes,PERFUME SPRAY,"30% offer, Deals, Perfume Spray, UNISEX, Women",true,Size,85 ML,,,,,,,,'6291107976150,1000.0,shopify,deny,manual,65.00,85.00,true,true,,,,,'6291107976150,https://cdn.shopify.com/s/files/1/0626/6119/8023/files/NUHA_100_ML_EDP_SPRAY_-_Khadlaj_Perfumes-1965514.jpg?v=1784382712,1,NUHA 100 ML EDP SPRAY - Khadlaj Perfumes,false,Buy 85 Ml Nuha Edp Spray - Jasmine & Heliotrope Notes - Khadlaj,"Looking for Edp Spray? Khadlaj Perfumes presents Nuha 85ML, a luxurious fragrance blending Jasmine, Sandalwood, and Apple notes for a timeless and elegant scent. ",,,,,,,,,,,,,"<div class=""pyramid-section_lists""><h6 style=""font-weight:600;"">Top Notes</h6>
<p>Bergomot, Apple, Coconut</p>
</div>
<div class=""pyramid-section_lists""><h6 style=""font-weight:600;"">Middle Notes</h6>
<p>Jasmine, Cashmeran, Rose</p>
</div>
<div class=""pyramid-section_lists""><h6 style=""font-weight:600;"">Base Notes</h6>
<p>Sandalwood, Vanilla</p>
</div>",,,,,,,,,,everyday; formal; casual,,,rose; sandalwood; vanilla,spring; fall; summer,female,,,,g,,,true,,,true,,,true,,,true,,,true,,,true,,,true,,,active
nuha-85-ml-edp-spray-perfume-for-women-dubai-uae,,,,,,,,,,,,,,,,,,,,,,,,,,,,,,,https://cdn.shopify.com/s/files/1/0626/6119/8023/files/NUHA_100_ML_EDP_SPRAY_-_Khadlaj_Perfumes-1965511.jpg?v=1722411302,2,NUHA 100 ML EDP SPRAY - Khadlaj Perfumes,,,,,,,,,,,,,,,,,,,,,,,,,,,,,,,,,,,,,,,,,,,,,,,,,,,,,,,,,,,
nuha-85-ml-edp-spray-perfume-for-women-dubai-uae,,,,,,,,,,,,,,,,,,,,,,,,,,,,,,,https://cdn.shopify.com/s/files/1/0626/6119/8023/files/NUHA_100_ML_EDP_SPRAY_-_Khadlaj_Perfumes-1965518.jpg?v=1722411329,3,NUHA 100 ML EDP SPRAY - Khadlaj Perfumes,,,,,,,,,,,,,,,,,,,,,,,,,,,,,,,,,,,,,,,,,,,,,,,,,,,,,,,,,,,
nuha-85-ml-edp-spray-perfume-for-women-dubai-uae,,,,,,,,,,,,,,,,,,,,,,,,,,,,,,,https://cdn.shopify.com/s/files/1/0626/6119/8023/files/NUHA_100_ML_EDP_SPRAY_-_Khadlaj_Perfumes-1965527.jpg?v=1722411338,4,NUHA 100 ML EDP SPRAY - Khadlaj Perfumes,,,,,,,,,,,,,,,,,,,,,,,,,,,,,,,,,,,,,,,,,,,,,,,,,,,,,,,,,,,
gaith-100-ml-edp-spray-men-perfumes-dubai-uae,GAITH 100 ML EDP SPRAY,"<p data-mce-fragment=""1"">Introducing Gaith by Khadlaj Perfumes - A Captivating Fragrance for the Modern Explorer</p>
<p data-mce-fragment=""1"">Prepare to embark on a sensory journey like no other with Gaith, the latest masterpiece from Khadlaj Perfumes. Gaith is a fragrance designed for the modern explorer, someone who craves adventure, appreciates the finer things in life, and seeks to leave a lasting impression wherever they go.</p>
<p data-mce-fragment=""1""><strong data-mce-fragment=""1"">Top Notes: Pepper, Pink Peppercorns, Ginger</strong><br data-mce-fragment=""1"">Gaith begins its olfactory tale with a bold and invigorating start. The top notes reveal a symphony of spices. Fiery black pepper and zesty pink peppercorns intertwine, creating an electrifying opening that awakens the senses. The inclusion of ginger adds a touch of warmth and complexity to the composition, setting the stage for an unforgettable aromatic journey.</p>
<p data-mce-fragment=""1""><strong data-mce-fragment=""1"">Middle Notes: Incense, Lavender, Cypress</strong><br data-mce-fragment=""1"">As Gaith's story unfolds, the heart of the fragrance comes to life. The mystical scent of incense weaves its way through the composition, creating an air of spirituality and introspection. Lavender, with its calming and herbaceous aroma, adds a touch of elegance, while the green, woody nuances of cypress bring a sense of the great outdoors and adventure.</p>
<p data-mce-fragment=""1""><strong data-mce-fragment=""1"">Base Notes: Patchouli, Labdanum, Vanilla</strong><br data-mce-fragment=""1"">The fragrance's foundation is where Gaith truly shines. Deep and complex, the base notes are a captivating blend of earthy patchouli, known for its exotic and darkly sweet character, paired with the rich and resinous labdanum. Vanilla, with its warm and comforting scent, envelops the entire composition, leaving a lasting and unforgettable trail.</p>
<p data-mce-fragment=""1"">Gaith is not just a fragrance; it's a journey through the senses. It's a scent that celebrates the spirit of adventure and sophistication. It's the olfactory equivalent of a thrilling expedition that leaves an indelible mark on the memory of those you encounter.</p>
<p data-mce-fragment=""1"">Housed in a bottle that reflects the contemporary and elegant design that Khadlaj Perfumes is known for, Gaith is a visual masterpiece in its own right, making it a perfect addition to any fragrance collection.</p>
<p data-mce-fragment=""1"">With Gaith by Khadlaj Perfumes, you can elevate your daily routine and embark on a journey of sophistication and exploration. This fragrance is perfect for the modern-day explorer, the individual who seeks to leave an indelible impression wherever they go. Make Gaith your signature scent, and let it speak of your boldness, your elegance, and your enduring spirit.</p>",Khadlaj-perfumes,Health & Beauty > Personal Care > Cosmetics > Perfumes & Colognes,PERFUME SPRAY,"Men, Perfume Spray, UNISEX",true,Size,100 ML,,,,,,,,'6291107976143,500.0,shopify,deny,manual,85.00,,true,true,,,,,'6291107976143,https://cdn.shopify.com/s/files/1/0626/6119/8023/files/GAITH_100_ML_EDP_SPRAY_-_Khadlaj_Perfumes-1964668.jpg?v=1722409698,1,GAITH 100 ML EDP SPRAY - Khadlaj Perfumes,false,KHADLAJ GAITH 100 ML EDP SPRAY PERFUME FOR MEN,,,,,,,,,,,,,,"<div class=""pyramid-section_lists""><h6 style=""font-weight:600;"">Top Notes</h6>
<p>Pepper, Pink Peppercorns, Ginger</p>
</div>
<div class=""pyramid-section_lists""><h6 style=""font-weight:600;"">Middle Notes</h6>
<p>Incense, Lavender, Cypress</p>
</div>
<div class=""pyramid-section_lists""><h6 style=""font-weight:600;"">Base Notes</h6>
<p>Patchouli, Labdanum, Vanilla</p>
</div>",,,,,,,,,,formal; everyday; casual,,,lavender; spicy; vanilla,summer; fall; spring,unisex; male,,,,g,,,true,,,true,,,true,,,true,,,true,,,true,,,true,,,active
gaith-100-ml-edp-spray-men-perfumes-dubai-uae,,,,,,,,,,,,,,,,,,,,,,,,,,,,,,,https://cdn.shopify.com/s/files/1/0626/6119/8023/files/GAITH_100_ML_EDP_SPRAY_-_Khadlaj_Perfumes-1964674.jpg?v=1722409704,2,GAITH 100 ML EDP SPRAY - Khadlaj Perfumes,,,,,,,,,,,,,,,,,,,,,,,,,,,,,,,,,,,,,,,,,,,,,,,,,,,,,,,,,,,
gaith-100-ml-edp-spray-men-perfumes-dubai-uae,,,,,,,,,,,,,,,,,,,,,,,,,,,,,,,https://cdn.shopify.com/s/files/1/0626/6119/8023/files/GAITH_100_ML_EDP_SPRAY_-_Khadlaj_Perfumes-1964679.jpg?v=1722409712,3,GAITH 100 ML EDP SPRAY - Khadlaj Perfumes,,,,,,,,,,,,,,,,,,,,,,,,,,,,,,,,,,,,,,,,,,,,,,,,,,,,,,,,,,,
gaith-100-ml-edp-spray-men-perfumes-dubai-uae,,,,,,,,,,,,,,,,,,,,,,,,,,,,,,,https://cdn.shopify.com/s/files/1/0626/6119/8023/files/GAITH_100_ML_EDP_SPRAY_-_Khadlaj_Perfumes-1964684.jpg?v=1722409719,4,GAITH 100 ML EDP SPRAY - Khadlaj Perfumes,,,,,,,,,,,,,,,,,,,,,,,,,,,,,,,,,,,,,,,,,,,,,,,,,,,,,,,,,,,
wow-oud-100-ml-edp-spray,WOW OUD 100 ML EDP SPRAY,"<div class=""group w-full text-token-text-primary border-b border-black/10 gizmo:border-0 dark:border-gray-900/50 gizmo:dark:border-0 bg-gray-50 gizmo:bg-transparent dark:bg-[#444654] gizmo:dark:bg-transparent"" data-testid=""conversation-turn-13"" data-mce-fragment=""1"">
<div class=""p-4 gizmo:py-2 justify-center text-base md:gap-6 md:py-6 m-auto"" data-mce-fragment=""1"">
<div class=""flex flex-1 gap-4 text-base mx-auto md:gap-6 gizmo:gap-3 gizmo:md:px-5 gizmo:lg:px-1 gizmo:xl:px-5 md:max-w-2xl lg:max-w-[38rem] gizmo:md:max-w-3xl gizmo:lg:max-w-[40rem] gizmo:xl:max-w-[48rem] xl:max-w-3xl }"" data-mce-fragment=""1"">
<div class=""relative flex w-[calc(100%-50px)] flex-col gizmo:w-full lg:w-[calc(100%-115px)] agent-turn"" data-mce-fragment=""1"">
<div class=""flex-col gap-1 md:gap-3"" data-mce-fragment=""1"">
<div class=""flex flex-grow flex-col gap-3 max-w-full"" data-mce-fragment=""1"">
<div data-message-author-role=""assistant"" data-message-id=""c9f74665-255e-4945-867d-198f7d8e0812"" class=""min-h-[20px] flex flex-col items-start gap-3 whitespace-pre-wrap break-words overflow-x-auto"" data-mce-fragment=""1"">
<div class=""markdown prose w-full break-words dark:prose-invert dark"" data-mce-fragment=""1"">
<p data-mce-fragment=""1"">Introducing Wow Oud by Khadlaj Perfumes - A Captivating Symphony of Scent</p>
<p data-mce-fragment=""1"">Step into a world of opulence and luxury with Wow Oud, the latest olfactory masterpiece from Khadlaj Perfumes. This fragrance is designed to leave you in awe, to evoke a sense of wonder, and to make a bold statement about your taste for the finer things in life.</p>
<p data-mce-fragment=""1""><strong data-mce-fragment=""1"">Top Note: Saffron</strong><br data-mce-fragment=""1"">Wow Oud opens with an exquisite burst of saffron. The top note is a vibrant and aromatic explosion of this precious spice, immediately captivating your senses with its rich, warm, and slightly sweet aroma. Saffron sets the stage for the olfactory journey that follows, symbolizing luxury and refinement.</p>
<p data-mce-fragment=""1""><strong data-mce-fragment=""1"">Middle Notes: Orris, Rose</strong><br data-mce-fragment=""1"">As the fragrance unfolds, the heart notes reveal the graceful pairing of orris and rose. Orris, known for its powdery, floral elegance, contributes a refined depth to the composition, while the gentle embrace of rose petals adds an element of timeless beauty. The combination of these middle notes creates a harmonious and sophisticated bouquet that enhances the overall experience.</p>
<p data-mce-fragment=""1""><strong data-mce-fragment=""1"">Base Notes: Oud, Vanilla, Leather</strong><br data-mce-fragment=""1"">The foundation of Wow Oud is a symphony of base notes that lingers, leaving an unforgettable and lasting impression. At its core is the grandeur of Oud, a resinous and woody note that exudes depth and richness. Vanilla, with its sweet and comforting aroma, adds a touch of warmth and sensuality. And finally, leather emerges as a powerful and bold accord, enveloping the fragrance with a hint of edginess and intrigue.</p>
<p data-mce-fragment=""1"">Wow Oud by Khadlaj Perfumes is more than just a fragrance; it's a statement of extravagance, a declaration of your appreciation for the extraordinary. This fragrance is designed for those who desire to leave a lasting impression wherever they go, for those who appreciate the artistry and craftsmanship of fine perfumery.</p>
<p data-mce-fragment=""1"">The bottle that houses Wow Oud is a work of art in itself, a testament to Khadlaj Perfumes' commitment to both aesthetics and scent. The luxurious design reflects the elegance and grandeur of the fragrance it holds.</p>
<p data-mce-fragment=""1"">Elevate your daily routine with Wow Oud, a fragrance that speaks of luxury, sophistication, and refined taste. Make it your signature scent, and let it envelop you in a world of wonder and opulence. Wow Oud is an invitation to experience the extraordinary and an homage to the art of perfumery at its finest.</p>
</div>
</div>
</div>
<div class=""flex justify-between empty:hidden gizmo:justify-start gizmo:gap-3 lg:block gizmo:lg:flex"" data-mce-fragment=""1"">
<div class=""text-gray-400 flex self-end lg:self-center justify-center gizmo:lg:justify-start mt-2 gizmo:mt-0 visible lg:gap-1 lg:absolute lg:top-0 lg:translate-x-full lg:right-0 lg:mt-0 lg:pl-2 gap-2 md:gap-3"" data-mce-fragment=""1"">
<button class=""flex ml-auto gizmo:ml-0 gap-2 items-center rounded-md p-1 text-xs gizmo:gap-1.5 gizmo:pl-0 dark:text-gray-400 dark:hover:text-gray-200 disabled:dark:hover:text-gray-400 hover:text-gray-700"" data-mce-fragment=""1""><svg stroke=""currentColor"" fill=""none"" stroke-width=""2"" viewbox=""0 0 24 24"" stroke-linecap=""round"" stroke-linejoin=""round"" class=""icon-sm"" height=""1em"" width=""1em"" xmlns=""http://www.w3.org/2000/svg"" data-mce-fragment=""1""><path d=""M16 4h2a2 2 0 0 1 2 2v14a2 2 0 0 1-2 2H6a2 2 0 0 1-2-2V6a2 2 0 0 1 2-2h2"" data-mce-fragment=""1""></path><rect x=""8"" y=""2"" width=""8"" height=""4"" rx=""1"" ry=""1"" data-mce-fragment=""1""></rect></svg></button>
<div class=""flex gap-1"" data-mce-fragment=""1""></div>
</div>
</div>
</div>
</div>
</div>
</div>
</div>",Khadlaj-perfumes,Uncategorized,PERFUME SPRAY,"Men, Perfume Spray, UNISEX, Women",true,Size,100 ML,,,,,,,,'6291107976716,500.0,shopify,deny,manual,85.00,,true,true,,,,,'6291107976716,https://cdn.shopify.com/s/files/1/0626/6119/8023/files/WOW_OUD_100_ML_EDP_SPRAY_-_Khadlaj_Perfumes-1966157.jpg?v=1722412573,1,WOW OUD 100 ML EDP SPRAY - Khadlaj Perfumes,false,,,,,,,,,,,,,,,"<div class=""pyramid-section_lists""><h6 style=""font-weight:600;"">Top Notes</h6>
<p>Saffron </p>
</div>
<div class=""pyramid-section_lists""><h6 style=""font-weight:600;"">Middle Notes</h6>
<p>Orris, Rose</p>
</div>
<div class=""pyramid-section_lists""><h6 style=""font-weight:600;"">Base Notes</h6>
<p> Oud, Vanilla, Leather</p>
</div>",,,,,,,,,,,,,,,,,,,g,,,true,,,true,,,true,,,true,,,true,,,true,,,true,,,active
wow-oud-100-ml-edp-spray,,,,,,,,,,,,,,,,,,,,,,,,,,,,,,,https://cdn.shopify.com/s/files/1/0626/6119/8023/files/WOW_OUD_100_ML_EDP_SPRAY_-_Khadlaj_Perfumes-1966161.jpg?v=1722412579,2,WOW OUD 100 ML EDP SPRAY - Khadlaj Perfumes,,,,,,,,,,,,,,,,,,,,,,,,,,,,,,,,,,,,,,,,,,,,,,,,,,,,,,,,,,,
wow-oud-100-ml-edp-spray,,,,,,,,,,,,,,,,,,,,,,,,,,,,,,,https://cdn.shopify.com/s/files/1/0626/6119/8023/files/WOW_OUD_100_ML_EDP_SPRAY_-_Khadlaj_Perfumes-1966165.jpg?v=1722412587,3,WOW OUD 100 ML EDP SPRAY - Khadlaj Perfumes,,,,,,,,,,,,,,,,,,,,,,,,,,,,,,,,,,,,,,,,,,,,,,,,,,,,,,,,,,,
wow-oud-100-ml-edp-spray,,,,,,,,,,,,,,,,,,,,,,,,,,,,,,,https://cdn.shopify.com/s/files/1/0626/6119/8023/files/WOW_OUD_100_ML_EDP_SPRAY_-_Khadlaj_Perfumes-1966168.jpg?v=1722412594,4,WOW OUD 100 ML EDP SPRAY - Khadlaj Perfumes,,,,,,,,,,,,,,,,,,,,,,,,,,,,,,,,,,,,,,,,,,,,,,,,,,,,,,,,,,,
rimaal-brown-15-ml,RIMAAL BROWN 15 ML,"<p>Introducing Rimaal Brown by Khadlaj Perfumes - A Fragrance of Sublime Opulence</p>
<p>Step into a world of opulence and sophistication with Rimaal Brown, the latest olfactory gem from Khadlaj Perfumes. This exquisite fragrance is a captivating journey through the realms of luxury, designed to envelop you in a warm and inviting aura of timeless elegance.</p>
<p><strong>Top Notes: Bergamot, Cinnamon, Saffron</strong><br>Rimaal Brown embarks on its aromatic voyage with a dazzling burst of bergamot, a crisp and zesty citrus note that awakens the senses. Cinnamon, with its spicy and aromatic nuances, adds a dash of warmth and intrigue, while saffron, the ""red gold,"" infuses the composition with a touch of regal opulence. Together, these top notes create a harmonious and inviting introduction that sets the stage for the olfactory symphony that follows.</p>
<p><strong>Middle Notes: Gurjum, Patchouli, Cashmeran</strong><br>As the fragrance unfolds, the heart notes unveil a captivating blend of gurjum, a resinous and woody note that adds depth and complexity. Patchouli, known for its earthy and musky character, lends an air of sophistication and depth, while cashmeran contributes a soft, woody warmth. This middle note composition strikes a balance between strength and subtlety, creating a captivating heart for Rimaal Brown.</p>
<p><strong>Base Notes: Oud, Sandalwood, Dry Wood</strong><br>The fragrance's foundation is a testament to its enduring allure. Oud, the heart and soul of many Middle Eastern perfumes, exudes a rich and woody resonance that's both captivating and grounding. Sandalwood brings a creamy and soothing touch, while dry wood adds a subtle, smoky intensity. Together, these base notes envelop you in a warm, woody embrace that lingers with grace and sophistication.</p>
<p>Rimaal Brown by Khadlaj Perfumes is more than just a fragrance; it's an embodiment of opulence and timeless elegance. It's perfect for those who appreciate the finer things in life and seek to leave an indelible mark wherever they go. It's a testament to the artistry and craftsmanship that Khadlaj Perfumes is renowned for.</p>
<p>The bottle that houses Rimaal Brown is a visual masterpiece, reflecting the elegance and luxury of the fragrance it holds. Its design is an expression of the care and dedication invested in each Khadlaj Perfumes creation.</p>
<p>Elevate your daily routine with Rimaal Brown, and let it envelop you in a world of sophistication and opulence. Make it your signature scent and let it speak of your refined taste and the luxurious aura you carry. Rimaal Brown is an invitation to experience the timeless beauty and regal opulence that Khadlaj Perfumes is known for.</p>",Khadlaj-perfumes,Health & Beauty > Personal Care > Cosmetics > Perfumes & Colognes,CPO,"concentrated perfume oil, CPO, perfume oil, UNISEX, Women",true,Size,15 ML,,,,,,,,'6291107975696,275.0,shopify,deny,manual,50.00,,true,true,,,,,'6291107975696,https://cdn.shopify.com/s/files/1/0626/6119/8023/files/RIMAAL_BROWN_15_ML_-_Khadlaj_Perfumes-1965826.jpg?v=1776231735,1,RIMAAL BROWN 15 ML - Khadlaj Perfumes,false,"Woody, Amber Fragrance | Luxury Perfume Oil Online",Woody and amber fragrance notes blended in a luxury perfume oil. Long-lasting and alcohol-free for an exclusive scent experience.,,,,,,,,,,,,,"<div class=""pyramid-section_lists""><h6 style=""font-weight:600;"">Top Notes</h6>
<p>Bergamot, Cinnamon, Saffron </p>
</div>
<div class=""pyramid-section_lists""><h6 style=""font-weight:600;"">Middle Notes</h6>
<p>Gurjum, Patchouli, Cashmeran</p>
</div>
<div class=""pyramid-section_lists""><h6 style=""font-weight:600;"">Base Notes</h6>
<p>Oud, Sandalwood, Dry Wood</p>
</div>",,,,,,,,,,,,,,,,,,,g,,,true,,,true,,,true,,,true,,,true,,,true,,,true,,,active
rimaal-brown-15-ml,,,,,,,,,,,,,,,,,,,,,,,,,,,,,,,https://cdn.shopify.com/s/files/1/0626/6119/8023/files/RIMAAL_BROWN_15_ML_-_Khadlaj_Perfumes-1965830.jpg?v=1776231735,2,RIMAAL BROWN 15 ML - Khadlaj Perfumes,,,,,,,,,,,,,,,,,,,,,,,,,,,,,,,,,,,,,,,,,,,,,,,,,,,,,,,,,,,
rimaal-brown-15-ml,,,,,,,,,,,,,,,,,,,,,,,,,,,,,,,https://cdn.shopify.com/s/files/1/0626/6119/8023/files/RIMAAL_BROWN_15_ML_-_Khadlaj_Perfumes-1965835.jpg?v=1776231735,3,RIMAAL BROWN 15 ML - Khadlaj Perfumes,,,,,,,,,,,,,,,,,,,,,,,,,,,,,,,,,,,,,,,,,,,,,,,,,,,,,,,,,,,
rimaal-brown-15-ml,,,,,,,,,,,,,,,,,,,,,,,,,,,,,,,https://cdn.shopify.com/s/files/1/0626/6119/8023/files/RIMAAL_BROWN_15_ML_-_Khadlaj_Perfumes-1965839.jpg?v=1776231735,4,RIMAAL BROWN 15 ML - Khadlaj Perfumes,,,,,,,,,,,,,,,,,,,,,,,,,,,,,,,,,,,,,,,,,,,,,,,,,,,,,,,,,,,
rimaal-green-15-ml,RIMAAL GREEN 15 ML,"<p data-mce-fragment=""1"">Introducing Rimaal Green by Khadlaj Perfumes - A Fragrance of Enchanting Freshness</p>
<p data-mce-fragment=""1"">Prepare to embark on an aromatic journey through a lush and verdant garden with Rimaal Green, the latest olfactory masterpiece from Khadlaj Perfumes. This captivating fragrance is a celebration of natural beauty, designed to immerse you in a world of refreshing and vibrant elegance.</p>
<p data-mce-fragment=""1""><strong data-mce-fragment=""1"">Top Notes: Floral, Fruity, Green, Violet Leaves</strong><br data-mce-fragment=""1"">Rimaal Green begins its olfactory voyage with a dazzling burst of floral freshness, a bouquet of blossoms that immediately uplifts the senses. Fruity notes add a touch of sweetness and vitality, while the green nuances evoke the sensation of a sun-dappled garden. Violet leaves contribute to a crisp and dewy aroma, creating an inviting and refreshing introduction.</p>
<p data-mce-fragment=""1""><strong data-mce-fragment=""1"">Middle Notes: Floral, Fruity, Woody, Jasmine, Lily of the Valley, Rose</strong><br data-mce-fragment=""1"">As the fragrance unfolds, the heart notes reveal a harmonious blend of floral elegance and woody depth. Jasmine, with its intoxicating and sweet scent, takes center stage, exuding a sense of timeless beauty. Lily of the Valley adds a delicate, green floral facet, while rose petals infuse the composition with a touch of romance. The interplay of fruity and woody notes creates a multifaceted and captivating heart.</p>
<p data-mce-fragment=""1""><strong data-mce-fragment=""1"">Base Notes: Ambery, Floral, Musk, Ambroxan, Patchouli, Oakmoss</strong><br data-mce-fragment=""1"">The fragrance's foundation is a tapestry of enduring allure. Ambery accords add warmth and depth, providing a cozy embrace. Floral and musk notes create a soft and sensual backdrop, while ambroxan lends a modern and radiant character. Patchouli and oakmoss add a touch of earthy sophistication, leaving a lingering, green and woody trail.</p>
<p data-mce-fragment=""1"">Rimaal Green by Khadlaj Perfumes is more than just a fragrance; it's an immersion in the freshness of nature, a tribute to the vibrant beauty of the outdoors. It's perfect for those who appreciate the invigorating qualities of the natural world and seek to carry that vitality with them.</p>
<p data-mce-fragment=""1"">The bottle that houses Rimaal Green is a work of art in itself, reflecting the fragrance's fresh and vibrant character. Its design exudes elegance and captures the essence of the great outdoors.</p>
<p data-mce-fragment=""1"">Elevate your daily routine with Rimaal Green and let it immerse you in a world of fresh and vibrant elegance. Make it your signature scent and let it speak of your appreciation for nature's beauty. Rimaal Green is an invitation to experience the enchanting freshness that Khadlaj Perfumes is known for, an ode to the splendor of the natural world.</p>",Khadlaj-perfumes,Health & Beauty > Personal Care > Cosmetics > Perfumes & Colognes > Perfume Oils,CPO,"concentrated perfume oil, CPO, perfume oil, UNISEX",true,Size,15 ML,,,,,,,,'6291107975689,275.0,shopify,deny,manual,50.00,,true,true,,,,,'6291107975689,https://cdn.shopify.com/s/files/1/0626/6119/8023/files/RIMAAL_GREEN_15_ML_-_Khadlaj_Perfumes-1965844.jpg?v=1776231685,1,RIMAAL GREEN 15 ML - Khadlaj Perfumes,false,"Green, Fresh, Musk Fragrance | Premium Perfume Oil","Fresh green and musk notes in a premium perfume oil. Long-lasting, alcohol-free, and perfect for a refined fragrance experience.",479,,,,,,,,,,,,"<div class=""pyramid-section_lists""><h6 style=""font-weight:600;"">Top Notes</h6>
<p>Floral, Fruity, Green, Violet Leaves </p>
</div>
<div class=""pyramid-section_lists""><h6 style=""font-weight:600;"">Middle Notes</h6>
<p>Floral, Fruity, Woody, Jasmine, Lily of the Valley, Rose</p>
</div>
<div class=""pyramid-section_lists""><h6 style=""font-weight:600;"">Base Notes</h6>
<p>Ambery, Floral, Musk, Ambroxan, Patchouli, Oakmoss</p>
</div>",,,,,,,,,,,,,,,,,,,g,,,true,,,true,,,true,,,true,,,true,,,true,,,true,,,active
rimaal-green-15-ml,,,,,,,,,,,,,,,,,,,,,,,,,,,,,,,https://cdn.shopify.com/s/files/1/0626/6119/8023/files/RIMAAL_GREEN_15_ML_-_Khadlaj_Perfumes-1965849.jpg?v=1776231685,2,RIMAAL GREEN 15 ML - Khadlaj Perfumes,,,,,,,,,,,,,,,,,,,,,,,,,,,,,,,,,,,,,,,,,,,,,,,,,,,,,,,,,,,
rimaal-green-15-ml,,,,,,,,,,,,,,,,,,,,,,,,,,,,,,,https://cdn.shopify.com/s/files/1/0626/6119/8023/files/RIMAAL_GREEN_15_ML_-_Khadlaj_Perfumes-1965853.jpg?v=1776231685,3,RIMAAL GREEN 15 ML - Khadlaj Perfumes,,,,,,,,,,,,,,,,,,,,,,,,,,,,,,,,,,,,,,,,,,,,,,,,,,,,,,,,,,,
rimaal-green-15-ml,,,,,,,,,,,,,,,,,,,,,,,,,,,,,,,https://cdn.shopify.com/s/files/1/0626/6119/8023/files/RIMAAL_GREEN_15_ML_-_Khadlaj_Perfumes-1965859.jpg?v=1776231685,4,RIMAAL GREEN 15 ML - Khadlaj Perfumes,,,,,,,,,,,,,,,,,,,,,,,,,,,,,,,,,,,,,,,,,,,,,,,,,,,,,,,,,,,
hareem-al-sultan-blue-35ml,HAREEM AL SULTAN BLUE 35ML,"<p data-mce-fragment=""1"">Introducing Hareem Al Sultan Blue by Khadlaj Perfumes - A Fragrance of Enchanting Elegance</p>
<p data-mce-fragment=""1"">Step into a world of elegance and sophistication with Hareem Al Sultan Blue, the latest fragrance masterpiece from Khadlaj Perfumes. This captivating scent is a celebration of timeless beauty, designed to envelop you in an aura of enchanting grace and charm.</p>
<p data-mce-fragment=""1""><strong data-mce-fragment=""1"">Top Notes: Citrus, Nectarine, Fruity</strong><br data-mce-fragment=""1"">Hareem Al Sultan Blue commences its aromatic journey with a burst of invigorating citrus notes, awakening your senses with a refreshing and zesty sensation. Nectarine adds a fruity sweetness, while a medley of ripe fruits further enriches the top notes, creating an opening that's as bright as a summer morning.</p>
<p data-mce-fragment=""1""><strong data-mce-fragment=""1"">Middle Notes: Jasmine, Gardenia, Freesia</strong><br data-mce-fragment=""1"">As the fragrance unfolds, the heart notes reveal a captivating bouquet of white blossoms. Jasmine, with its sweet and heady aroma, takes center stage, exuding a timeless and romantic charm. Gardenia adds a creamy and luxurious facet, while freesia contributes a delicate and fresh floral note, creating a harmonious and sophisticated heart.</p>
<p data-mce-fragment=""1""><strong data-mce-fragment=""1"">Base Notes: Woody, Musk, Ambery</strong><br data-mce-fragment=""1"">The foundation of Hareem Al Sultan Blue is where the fragrance lingers, leaving an indelible impression. Woody notes bring a sense of depth and grounding, creating a comforting and elegant base. Musk adds a soft and sensual backdrop, while ambery accords provide warmth and richness. Together, these base notes envelop you in a sophisticated and lingering embrace.</p>
<p data-mce-fragment=""1"">Hareem Al Sultan Blue by Khadlaj Perfumes is not just a fragrance; it's an embodiment of elegance and grace. It's perfect for those who appreciate the timeless beauty and seek to leave an indelible mark wherever they go. It's an homage to the artistry and craftsmanship that Khadlaj Perfumes is known for.</p>
<p data-mce-fragment=""1"">The bottle that houses Hareem Al Sultan Blue is an exquisite work of art, reflecting the fragrance's elegance and sophistication. Its design captures the essence of the fragrance it holds, making it a perfect addition to any fragrance collection.</p>
<p data-mce-fragment=""1"">Elevate your daily routine with Hareem Al Sultan Blue, and let it envelop you in a world of timeless elegance and charm. Make it your signature scent, and let it speak of your appreciation for the finer things in life. Hareem Al Sultan Blue is an invitation to experience the enchanting grace and sophistication that Khadlaj Perfumes is celebrated for.</p>",Khadlaj-perfumes,Health & Beauty > Personal Care > Cosmetics > Perfumes & Colognes,CPO,"concentrated perfume oil, CPO, Deals, Men, perfume oil, UNISEX, Women",true,Size,35 ML,,,,,,,,'6291107976488,275.0,shopify,continue,manual,65.00,80.00,true,true,,,,,'6291107976488,https://cdn.shopify.com/s/files/1/0626/6119/8023/files/HAREEM_AL_SULTAN_BLUE_35ML_-_Khadlaj_Perfumes-1964718.jpg?v=1722409769,1,HAREEM AL SULTAN BLUE 35ML - Khadlaj Perfumes,false,"Amber, Floral, Musk Fragrance | Luxury Perfume Oil For Men & Women","Hareem Al Sultan Blue 35ml perfume oil, a rich blend of floral and musky notes. Alcohol-free, elegant and long-lasting fragrance to buy online UAE.",,,,,,,,,,,,,"<div class=""pyramid-section_lists""><h6 style=""font-weight:600;"">Top Notes</h6>
<p>Citrus, Nectarine, Fruity</p>
</div>
<div class=""pyramid-section_lists""><h6 style=""font-weight:600;"">Middle Notes</h6>
<p>Jasmine, Gardenia, Freesia</p>
</div>
<div class=""pyramid-section_lists""><h6 style=""font-weight:600;"">Base Notes</h6>
<p>Woody, Musk, Ambery</p>
</div>",,,,,,,,,,,,,,,,,,,g,,,true,,,true,,,true,,,true,,,true,,,true,,,true,,,active
hareem-al-sultan-blue-35ml,,,,,,,,,,,,,,,,,,,,,,,,,,,,,,,https://cdn.shopify.com/s/files/1/0626/6119/8023/files/HAREEM_AL_SULTAN_BLUE_35ML_-_Khadlaj_Perfumes-1964723.jpg?v=1722409787,2,HAREEM AL SULTAN BLUE 35ML - Khadlaj Perfumes,,,,,,,,,,,,,,,,,,,,,,,,,,,,,,,,,,,,,,,,,,,,,,,,,,,,,,,,,,,
hareem-al-sultan-blue-35ml,,,,,,,,,,,,,,,,,,,,,,,,,,,,,,,https://cdn.shopify.com/s/files/1/0626/6119/8023/files/HAREEM_AL_SULTAN_BLUE_35ML_-_Khadlaj_Perfumes-1964734.jpg?v=1722409795,3,HAREEM AL SULTAN BLUE 35ML - Khadlaj Perfumes,,,,,,,,,,,,,,,,,,,,,,,,,,,,,,,,,,,,,,,,,,,,,,,,,,,,,,,,,,,
hareem-al-sultan-blue-35ml,,,,,,,,,,,,,,,,,,,,,,,,,,,,,,,https://cdn.shopify.com/s/files/1/0626/6119/8023/files/HAREEM_AL_SULTAN_BLUE_35ML_-_Khadlaj_Perfumes-1964740.jpg?v=1722409803,4,HAREEM AL SULTAN BLUE 35ML - Khadlaj Perfumes,,,,,,,,,,,,,,,,,,,,,,,,,,,,,,,,,,,,,,,,,,,,,,,,,,,,,,,,,,,
hareem-al-sultan-blue-35ml,,,,,,,,,,,,,,,,,,,,,,,,,,,,,,,https://cdn.shopify.com/s/files/1/0626/6119/8023/files/HAREEM_AL_SULTAN_BLUE_35ML_-_Khadlaj_Perfumes-1964745.jpg?v=1722409809,5,HAREEM AL SULTAN BLUE 35ML - Khadlaj Perfumes,,,,,,,,,,,,,,,,,,,,,,,,,,,,,,,,,,,,,,,,,,,,,,,,,,,,,,,,,,,
tiktk-viral-hareem-al-sultan-perfume-in-75-ml-edp-spray-by-khadlaj-dubai,HAREEM AL SULTAN 75 ML EDP SPRAY,"Embark on a journey of enchantment and TikTok-inspired glamour with the newly launched Hareem al Sultan Spray by Khadlaj Perfumes. Inspired by the viral sensation on TikTok, this perfume oil captures the essence of timeless elegance and modern allure, making it the must-have fragrance for those who crave a touch of opulence in their daily lives.<br data-mce-fragment=""1""><br data-mce-fragment=""1"">Top Notes - Rose, Bergamot:<br data-mce-fragment=""1"">The enchanting journey begins with a burst of exquisite rose, infusing the fragrance with a floral sophistication that is both classic and alluring. Zesty bergamot dances alongside, creating a vibrant and refreshing top note that sets the stage for the TikTok-worthy allure to unfold.<br data-mce-fragment=""1""><br data-mce-fragment=""1"">Middle Notes - Nutmeg, Jasmine, Amber:<br data-mce-fragment=""1"">As the fragrance evolves, the heart notes reveal a blend of nutmeg and jasmine, adding a hint of spice and floral opulence. Amber weaves through, lending a warm and sensual depth that captivates the senses and leaves an unforgettable impression.<br data-mce-fragment=""1""><br data-mce-fragment=""1"">Base Notes - Agarwood, Sandalwood, Patchouli:<br data-mce-fragment=""1"">The grand finale unfolds with a rich and luxurious base. Agarwood, also known as oud, adds a touch of exotic sophistication, while sandalwood brings a creamy and velvety texture to the composition. Patchouli rounds out the base, leaving a lingering trail of earthy allure that ensures a lasting impact.<br data-mce-fragment=""1""><br data-mce-fragment=""1"">TikTok-Worthy Elegance:<br data-mce-fragment=""1"">Hareem al Sultan Spray comes in a sleek and stylish bottle, reflecting the modern glamour that has made it a viral sensation on TikTok. The packaging is as captivating as the fragrance itself, making it a statement piece on any vanity.<br data-mce-fragment=""1""><br data-mce-fragment=""1"">Set the Trend:<br data-mce-fragment=""1"">Be a trendsetter with Hareem al Sultan Spray, the fragrance that has captured the hearts of TikTok users worldwide. Whether you're creating content or simply stepping out for a night on the town, this perfume spray is your ticket to turning heads and making a statement.<br data-mce-fragment=""1""><br data-mce-fragment=""1"">Unleash Your Allure:<br data-mce-fragment=""1"">Experience the magic that has made Hareem al Sultan Spray a TikTok sensation. With its irresistible blend of notes, this fragrance is more than just a perfume – it's a declaration of your allure, style, and confidence. Join the TikTok trend and immerse yourself in the luxurious embrace of Hareem al Sultan Spray by Khadlaj Perfumes",Khadlaj-perfumes,Health & Beauty > Personal Care > Cosmetics > Perfumes & Colognes,PERFUME SPRAY,"Deals, Perfume Spray, UNISEX, Women",true,Size,75 ML,,,,,,,,'6291107976556,1000.0,shopify,deny,manual,150.00,200.00,true,true,,,,,'6291107976556,https://cdn.shopify.com/s/files/1/0626/6119/8023/files/HAREEM_AL_SULTAN_Bottle.jpg?v=1783946128,1,HAREEM_AL_SULTAN 75ML EDP,false,Hareem Al Sultan Perfume | Best Perfume Dubai | Khadlaj Perfumes,Looking for the best perfume in Dubai? Khadlaj Perfumes presents Hareem Al Sultan – a luxurious fragrance with captivating notes. Shop now for this viral scent!,,,,,,,,,,,,,"<div class=""pyramid-section_lists""><h6 style=""font-weight:600;"">Top Notes</h6>
<p> Bergamot, Jasmine, Peony </p>
</div>
<div class=""pyramid-section_lists""><h6 style=""font-weight:600;"">Middle Notes</h6>
<p> Pineapple, Plum, Peach</p>
</div>
<div class=""pyramid-section_lists""><h6 style=""font-weight:600;"">Base Notes</h6>
<p>Musk, Sandalwood, Patchouli</p>
</div>",,,,,,,,,,everyday; formal; casual; special-occasion,,,oriental; sandalwood; fruity,fall; winter; spring; summer,female,,,,g,,,true,,,true,,,true,,,true,,,true,,,true,,,true,,,active
tiktk-viral-hareem-al-sultan-perfume-in-75-ml-edp-spray-by-khadlaj-dubai,,,,,,,,,,,,,,,,,,,,,,,,,,,,,,,https://cdn.shopify.com/s/files/1/0626/6119/8023/files/HAREEM_AL_SULTAN_75_ML_EDP_SPRAY_-_Khadlaj_Perfumes-1964714.jpg?v=1722409762,2,HAREEM AL SULTAN 75 ML EDP SPRAY - Khadlaj Perfumes,,,,,,,,,,,,,,,,,,,,,,,,,,,,,,,,,,,,,,,,,,,,,,,,,,,,,,,,,,,
tiktk-viral-hareem-al-sultan-perfume-in-75-ml-edp-spray-by-khadlaj-dubai,,,,,,,,,,,,,,,,,,,,,,,,,,,,,,,https://cdn.shopify.com/s/files/1/0626/6119/8023/files/HAREEM_AL_SULTAN_75_ML_EDP_SPRAY_-_Khadlaj_Perfumes-1964710.jpg?v=1722409756,3,HAREEM AL SULTAN 75 ML EDP SPRAY - Khadlaj Perfumes,,,,,,,,,,,,,,,,,,,,,,,,,,,,,,,,,,,,,,,,,,,,,,,,,,,,,,,,,,,
bakhoor-qutoof-55-gms,BAKHOOR QUTOOF 55 GM,"<p data-mce-fragment=""1"">Indulge in the essence of Arabian luxury with Qutoof, an exceptional Bakhoor by Khadlaj Perfumes that transports you to the heart of Arabian culture. This unique and divine fragrance is a testament to the rich heritage and opulence of the region, capturing the very soul of Arabian allure.</p>
<p data-mce-fragment=""1""><strong data-mce-fragment=""1"">A Symphony of Aromas:</strong> Qutoof is not just Bakhoor; it's an olfactory masterpiece that weaves a symphony of aromas, creating an atmosphere that resonates with the grandeur of Arabian traditions. Let the fragrant waves of Qutoof envelop you in a journey of sensory splendor.</p>
<p data-mce-fragment=""1""><strong data-mce-fragment=""1"">Unique and Divine Smell:</strong> Immerse yourself in the enchanting scent of Qutoof, a fragrance that goes beyond the ordinary. Its unique and divine smell is a harmonious blend of aromatic ingredients that have been carefully selected to embody the essence of Arabian culture. Each whiff is a celebration of sophistication and tradition.</p>
<p data-mce-fragment=""1""><strong data-mce-fragment=""1"">Arabian Cultural Opulence:</strong> Qutoof is a fragrant homage to the opulence and elegance of Arabian culture. As the Bakhoor emanates its rich aroma, it evokes images of grand palaces, bustling souks, and the timeless allure of the desert. This is more than a fragrance; it's a sensory journey through the heart of Arabia.</p>
<p data-mce-fragment=""1""><strong data-mce-fragment=""1"">Captivating and Timeless:</strong> The captivating scent of Qutoof lingers in the air, creating an ambiance that is both exotic and timeless. Whether you're hosting guests, seeking a moment of reflection, or simply elevating your everyday surroundings, Qutoof transforms any space into a sanctuary of Arabian splendor.</p>
<p data-mce-fragment=""1""><strong data-mce-fragment=""1"">Crafted by Khadlaj Perfumes:</strong> With Qutoof, Khadlaj Perfumes has once again showcased their mastery in crafting fragrances that transcend ordinary experiences. The attention to detail and commitment to quality make Qutoof a true embodiment of the brand's dedication to preserving and sharing the beauty of Arabian scents.</p>
<p data-mce-fragment=""1""><strong data-mce-fragment=""1"">Elevate Your Senses:</strong> Experience the divine smell of Arabian culture with Qutoof Bakhoor by Khadlaj Perfumes. Elevate your senses, create an ambiance of luxury, and immerse yourself in the captivating allure of the Arabian heritage. Let Qutoof be your companion in the exploration of the extraordinary.</p>",Khadlaj-perfumes,Home & Garden > Decor > Home Fragrances > Incense,BAKHOOR,,true,Size,55 G,,,,,,,,'6291107975085,200.0,shopify,continue,manual,35.00,,true,true,,,,,'6291107975085,https://cdn.shopify.com/s/files/1/0626/6119/8023/files/BAKHOOR_QUTOOF_55_GM_-_Khadlaj_Perfumes-1964149.jpg?v=1722408918,1,BAKHOOR QUTOOF 55 GM - Khadlaj Perfumes,false,Bakhoor Woody Fragrance - Premium Home Aroma Online,"Woody bakhoor fragrance for a premium home aroma experience. Perfect for creating a warm, inviting space.",3686,,,,,,,,,,,,"<div class=""pyramid-section_lists""><h6 style=""font-weight:600;"">Top Notes</h6>
<p>Bergamot, Orange</p>
</div>
<div class=""pyramid-section_lists""><h6 style=""font-weight:600;"">Middle Notes</h6>
<p>Rose, Jasmine, Lily of the Valley</p>
</div>
<div class=""pyramid-section_lists""><h6 style=""font-weight:600;"">Base Notes</h6>
<p>Tonka, Crisp Amber, Sandalwood</p>
</div>",,,,,,,,,,,,,,,,,,,g,,,true,,,true,,,true,,,true,,,true,,,true,,,true,,,active
bakhoor-qutoof-55-gms,,,,,,,,,,,,,,,,,,,,,,,,,,,,,,,https://cdn.shopify.com/s/files/1/0626/6119/8023/files/BAKHOOR_QUTOOF_55_GM_-_Khadlaj_Perfumes-1964153.jpg?v=1722408924,2,BAKHOOR QUTOOF 55 GM - Khadlaj Perfumes,,,,,,,,,,,,,,,,,,,,,,,,,,,,,,,,,,,,,,,,,,,,,,,,,,,,,,,,,,,
bakhoor-qutoof-55-gms,,,,,,,,,,,,,,,,,,,,,,,,,,,,,,,https://cdn.shopify.com/s/files/1/0626/6119/8023/files/BAKHOOR_QUTOOF_55_GM_-_Khadlaj_Perfumes-1964157.jpg?v=1722408931,3,BAKHOOR QUTOOF 55 GM - Khadlaj Perfumes,,,,,,,,,,,,,,,,,,,,,,,,,,,,,,,,,,,,,,,,,,,,,,,,,,,,,,,,,,,
karus-blu-spice-100-ml-edp-spray,KARUS BLU SPICE 100 ML EDP SPRAY,"<p data-mce-fragment=""1"">Step into the world of sophistication and allure with KARUS BLU SPICE by Khadlaj Perfumes, an olfactory masterpiece that transcends the ordinary. This exquisite fragrance is a symphony of notes meticulously crafted to evoke a sense of timeless elegance and modern charisma.</p>
<p data-mce-fragment=""1""><strong data-mce-fragment=""1"">Top Notes - Tea, Bergamot</strong></p>
<p data-mce-fragment=""1""><strong data-mce-fragment=""1"">Middle Notes - Neroli, Ginger</strong></p>
<p data-mce-fragment=""1""><strong data-mce-fragment=""1"">Base Notes - Cinnamon, Guaiacwood</strong></p>
<p data-mce-fragment=""1""><strong data-mce-fragment=""1"">Craftsmanship in a Bottle:</strong> Encased in an elegantly designed bottle, KARUS BLU SPICE reflects the attention to detail and craftsmanship that defines Khadlaj Perfumes. The sleek and modern packaging is a visual representation of the contemporary allure that this fragrance encapsulates.</p>
<p data-mce-fragment=""1""><strong data-mce-fragment=""1"">Embrace Timeless Elegance:</strong> KARUS BLU SPICE is more than just a perfume; it's an expression of timeless elegance and modern charisma. Whether you're attending a special event or seeking a signature scent for everyday wear, let this fragrance be your companion in making a statement of sophistication.</p>
<p data-mce-fragment=""1""><strong data-mce-fragment=""1"">Unleash Your Charismatic Aura:</strong> With its enticing blend of notes, KARUS BLU SPICE invites you to unleash your charismatic aura. This fragrance is a celebration of individuality, a sensory journey that leaves an impression wherever you go. Embrace the allure of KARUS BLU SPICE and make every moment memorable.</p>
<script type="""" application>
{
  """"@context"""": """"https://schema.org"""",
  """"@type"""": """"BreadcrumbList"""",
  """"itemListElement"""": [
    {
      """"@type"""": """"ListItem"""",
      """"position"""": 1,
      """"name"""": """"Home"""",
      """"item"""": """"https://khadlaj-perfumes.com/""""
    },
    {
      """"@type"""": """"ListItem"""",
      """"position"""": 2,
      """"name"""": """"Products"""",
      """"item"""": """"https://khadlaj-perfumes.com/products/""""
    },
    {
      """"@type"""": """"ListItem"""",
      """"position"""": 3,
      """"name"""": """"Karus Blu Spice 100 ML EDP Spray"""",
      """"item"""": """"https://khadlaj-perfumes.com/products/karus-blu-spice-100-ml-edp-spray""""
    }
  ]
}
</script>",Khadlaj-perfumes,Health & Beauty > Personal Care > Cosmetics > Perfumes & Colognes,PERFUME SPRAY,Deals,true,Size,100 ML,,,,,,,,'6291107975856,1000.0,shopify,deny,manual,130.00,180.00,true,true,,,,,'6291107975856,https://cdn.shopify.com/s/files/1/0626/6119/8023/files/KARUS_BLU_SPICE_100_ML_EDP_SPRAY_-_Khadlaj_Perfumes-1964834.jpg?v=1783949739,1,KARUS BLU SPICE 100 ML EDP SPRAY - Khadlaj Perfumes,false,Karus Blu Spice EDP | Buy Perfume Online | Khadlaj Perfumes,"Looking to buy perfume online? Khadlaj Perfumes offers Karus Blu Spice EDP – a vibrant, long-lasting scent for men. Shop your signature fragrance today!",479,,,,,,,,,,,,"<div class=""pyramid-section_lists""><h6 style=""font-weight:600;"">Top Notes</h6>
<p>Bergamot, Tea</p>
</div>
<div class=""pyramid-section_lists""><h6 style=""font-weight:600;"">Middle Notes</h6>
<p>Neroli, Ginger</p>
</div>
<div class=""pyramid-section_lists""><h6 style=""font-weight:600;"">Base Notes</h6>
<p>Cinnamon, Guaiacwood</p>
</div>",,,,,,,,,,,,,,,,,,,g,,,true,,,true,,,true,,,true,,,true,,,true,,,true,,,active
karus-blu-spice-100-ml-edp-spray,,,,,,,,,,,,,,,,,,,,,,,,,,,,,,,https://cdn.shopify.com/s/files/1/0626/6119/8023/files/KARUS_BLU_SPICE_100_ML_EDP_SPRAY_-_Khadlaj_Perfumes-1964829.jpg?v=1722409957,2,KARUS BLU SPICE 100 ML EDP SPRAY - Khadlaj Perfumes,,,,,,,,,,,,,,,,,,,,,,,,,,,,,,,,,,,,,,,,,,,,,,,,,,,,,,,,,,,
karus-blu-spice-100-ml-edp-spray,,,,,,,,,,,,,,,,,,,,,,,,,,,,,,,https://cdn.shopify.com/s/files/1/0626/6119/8023/files/KARUS_BLU_SPICE_100_ML_EDP_SPRAY_-_Khadlaj_Perfumes-1964837.jpg?v=1722409967,3,KARUS BLU SPICE 100 ML EDP SPRAY - Khadlaj Perfumes,,,,,,,,,,,,,,,,,,,,,,,,,,,,,,,,,,,,,,,,,,,,,,,,,,,,,,,,,,,
karus-secret-musk-100-ml-edp-spray,KARUS SECRET MUSK 100 ML EDP SPRAY,"<p data-mce-fragment=""1"">Introducing KARUS SECRET MUSK by Khadlaj Perfumes, an enigmatic fragrance that unveils a world of mystery and allure. This captivating scent is a symphony of notes carefully orchestrated to evoke a sense of sophistication and intrigue, making it the perfect olfactory companion for those who revel in the enigmatic.</p>
<p data-mce-fragment=""1""><strong data-mce-fragment=""1"">Top Notes - Musk, Sugary</strong></p>
<p data-mce-fragment=""1""><strong data-mce-fragment=""1"">Middle Notes - Tonka, Chocolate, Rose</strong></p>
<p data-mce-fragment=""1""><strong data-mce-fragment=""1"">Base Notes - Red fruits, Saffron</strong></p>
<p data-mce-fragment=""1""><strong data-mce-fragment=""1"">Crafted Elegance:</strong> Encased in an exquisitely designed bottle, KARUS SECRET MUSK embodies the elegance and craftsmanship synonymous with Khadlaj Perfumes. The sleek packaging reflects the mystery and allure that this fragrance encapsulates, inviting you to discover the secret within.</p>
<p data-mce-fragment=""1""><strong data-mce-fragment=""1"">Mystical Allure:</strong> KARUS SECRET MUSK is more than just a perfume; it's an embodiment of mystical allure and refined taste. Whether you're stepping into a special occasion or seeking a signature scent for everyday wear, let this fragrance be your invisible accessory that whispers secrets of sophistication.</p>
<p data-mce-fragment=""1""><strong data-mce-fragment=""1"">Embrace the Enchantment:</strong> With its beguiling blend of notes, KARUS SECRET MUSK invites you to embrace the enchantment within. This fragrance is a celebration of the mysterious and the alluring, leaving an impression that lingers long after you've left the room. Elevate your presence with the secret allure of KARUS SECRET MUSK by Khadlaj Perfumes.</p>
<script type="""" application>
{
  """"@context"""": """"https://schema.org"""",
  """"@type"""": """"BreadcrumbList"""",
  """"itemListElement"""": [
    {
      """"@type"""": """"ListItem"""",
      """"position"""": 1,
      """"name"""": """"Home"""",
      """"item"""": """"https://khadlaj-perfumes.com/""""
    },
    {
      """"@type"""": """"ListItem"""",
      """"position"""": 2,
      """"name"""": """"Products"""",
      """"item"""": """"https://khadlaj-perfumes.com/products/""""
    },
    {
      """"@type"""": """"ListItem"""",
      """"position"""": 3,
      """"name"""": """"Karus Secret Musk 100 ML EDP Spray"""",
      """"item"""": """"https://khadlaj-perfumes.com/products/karus-secret-musk-100-ml-edp-spray""""
    }
  ]
}
</script>",Khadlaj-perfumes,Health & Beauty > Personal Care > Cosmetics > Perfumes & Colognes,PERFUME SPRAY,"Deals, Men, UNISEX, Women",true,Size,100 ML,,,,,,,,'6291107975870,1000.0,shopify,deny,manual,130.00,180.00,true,true,,,,,'6291107975870,https://cdn.shopify.com/s/files/1/0626/6119/8023/files/KARUS_SECRET_MUSK_100_ML_EDP_SPRAY_-_Khadlaj_Perfumes-1964854.jpg?v=1783949701,1,KARUS SECRET MUSK 100 ML EDP SPRAY - Khadlaj Perfumes,false,Karus Secret Musk EDP | Best Perfume Online | Khadlaj Perfumes,Looking for the best perfume online? Khadlaj Perfumes presents Karus Secret Musk EDP – a captivating musk blend with long-lasting allure. Shop now!,,,,,,,,,,,,,,,,,,,,,,,everyday; formal; casual; special-occasion,,,,fall; spring; summer; winter,female,,,,g,,,true,,,true,,,true,,,true,,,true,,,true,,,true,,,active
karus-secret-musk-100-ml-edp-spray,,,,,,,,,,,,,,,,,,,,,,,,,,,,,,,https://cdn.shopify.com/s/files/1/0626/6119/8023/files/KARUS_SECRET_MUSK_100_ML_EDP_SPRAY_-_Khadlaj_Perfumes-1964850.jpg?v=1722409994,2,KARUS SECRET MUSK 100 ML EDP SPRAY - Khadlaj Perfumes,,,,,,,,,,,,,,,,,,,,,,,,,,,,,,,,,,,,,,,,,,,,,,,,,,,,,,,,,,,
karus-secret-musk-100-ml-edp-spray,,,,,,,,,,,,,,,,,,,,,,,,,,,,,,,https://cdn.shopify.com/s/files/1/0626/6119/8023/files/KARUS_SECRET_MUSK_100_ML_EDP_SPRAY_-_Khadlaj_Perfumes-1964857.jpg?v=1722410004,3,KARUS SECRET MUSK 100 ML EDP SPRAY - Khadlaj Perfumes,,,,,,,,,,,,,,,,,,,,,,,,,,,,,,,,,,,,,,,,,,,,,,,,,,,,,,,,,,,
karus-oud-fire-100-ml-edp-spray,KARUS OUD FIRE 100 ML EDP SPRAY,"<p data-mce-fragment=""1"">Embark on an olfactory journey of intensity and passion with KARUS OUD FIRE by Khadlaj Perfumes. This fragrance is a symphony of notes meticulously blended to evoke the smoldering allure of embers, capturing the essence of a fiery, soul-stirring experience.</p>
<p data-mce-fragment=""1""><strong data-mce-fragment=""1"">Top Notes - Bergamot, Rose, Davana</strong> </p>
<p data-mce-fragment=""1""><strong data-mce-fragment=""1"">Middle Notes - Nutmeg, Cardamom</strong> </p>
<p data-mce-fragment=""1""><strong data-mce-fragment=""1"">Base Notes - Vanilla, Patchouli</strong> </p>
<p data-mce-fragment=""1""><strong data-mce-fragment=""1"">Crafted Elegance:</strong> Encased in an exquisitely designed bottle, KARUS OUD FIRE reflects the elegance and craftsmanship synonymous with Khadlaj Perfumes. The bottle's fiery hues echo the intensity of the fragrance within, inviting you to experience the passion that unfolds with each spray.</p>
<p data-mce-fragment=""1""><strong data-mce-fragment=""1"">Fiery Seduction:</strong> KARUS OUD FIRE is more than just a perfume; it's an invitation to embrace the fiery seduction within. Whether you're preparing for an evening out or seeking a signature scent for intimate moments, let this fragrance be your accomplice in setting the mood for passion and allure.</p>
<p data-mce-fragment=""1""><strong data-mce-fragment=""1"">Ignite Your Senses:</strong> With its intense blend of notes, KARUS OUD FIRE invites you to ignite your senses and embrace the fiery spirit within. This fragrance is a celebration of passion and sophistication, leaving a trail of smoldering allure wherever you go. Experience the intense warmth of KARUS OUD FIRE by Khadlaj Perfumes – a fragrance that sets your world ablaze.</p>",Khadlaj-perfumes,Health & Beauty > Personal Care > Cosmetics > Perfumes & Colognes,PERFUME SPRAY,"Men, Perfume Spray, UNISEX, Women",true,Size,100 ML,,,,,,,,'6291107975863,1000.0,shopify,deny,manual,150.00,,true,true,,,,,'6291107975863,https://cdn.shopify.com/s/files/1/0626/6119/8023/files/KARUS_OUD_FIRE_100_ML_EDP_SPRAY_-_Khadlaj_Perfumes-1964843.jpg?v=1783949663,1,KARUS OUD FIRE 100 ML EDP SPRAY - Khadlaj Perfumes,false,Karus Oud Fire EDP Spray | Best Oud Perfume | Khadlaj Perfumes,"Looking for the best oud perfume online? Khadlaj Perfumes presents Karus Oud Fire EDP Spray – a rich, bold oud fragrance with unforgettable depth. Shop now!",,,,,,,,,,,,,,,,,,,,,,,,,,,,,,,,g,,,true,,,true,,,true,,,true,,,true,,,true,,,true,,,active
karus-oud-fire-100-ml-edp-spray,,,,,,,,,,,,,,,,,,,,,,,,,,,,,,,https://cdn.shopify.com/s/files/1/0626/6119/8023/files/KARUS_OUD_FIRE_100_ML_EDP_SPRAY_-_Khadlaj_Perfumes-1964840.jpg?v=1722409976,2,KARUS OUD FIRE 100 ML EDP SPRAY - Khadlaj Perfumes,,,,,,,,,,,,,,,,,,,,,,,,,,,,,,,,,,,,,,,,,,,,,,,,,,,,,,,,,,,
karus-oud-fire-100-ml-edp-spray,,,,,,,,,,,,,,,,,,,,,,,,,,,,,,,https://cdn.shopify.com/s/files/1/0626/6119/8023/files/KARUS_OUD_FIRE_100_ML_EDP_SPRAY_-_Khadlaj_Perfumes-1964847.jpg?v=1722409987,3,KARUS OUD FIRE 100 ML EDP SPRAY - Khadlaj Perfumes,,,,,,,,,,,,,,,,,,,,,,,,,,,,,,,,,,,,,,,,,,,,,,,,,,,,,,,,,,,
karus-amber-gold-100-ml-edp-spray,KARUS AMBER GOLD 100 ML EDP SPRAY,"<p data-mce-fragment=""1"">Introducing KARUS AMBER GOLD by Khadlaj Perfumes, a fragrance that radiates opulence and sophistication. This exquisite blend of notes is a journey through layers of richness, capturing the essence of elegance and luxury in every drop.</p>
<p data-mce-fragment=""1""><strong data-mce-fragment=""1"">Top Notes - Jasmine, Narcissus</strong></p>
<p data-mce-fragment=""1""><strong data-mce-fragment=""1"">Middle Notes - Rose, Blackcurrant, Cyclamen</strong></p>
<p data-mce-fragment=""1""><strong data-mce-fragment=""1"">Base Notes - Oud, Patchouli</strong> </p>
<p data-mce-fragment=""1""><strong data-mce-fragment=""1"">Crafted Elegance:</strong> Housed in a bottle that mirrors the richness within, KARUS AMBER GOLD showcases the craftsmanship and attention to detail synonymous with Khadlaj Perfumes. The golden hues of the bottle evoke a sense of luxury, making it a statement piece on any vanity.</p>
<p data-mce-fragment=""1""><strong data-mce-fragment=""1"">Timeless Luxury:</strong> KARUS AMBER GOLD is more than just a perfume; it's a celebration of timeless luxury. Whether you're stepping into a formal affair or seeking a signature scent for special occasions, let this fragrance be your accessory for making a statement of opulence and refinement.</p>
<p data-mce-fragment=""1""><strong data-mce-fragment=""1"">Elevate Your Presence:</strong> With its harmonious blend of notes, KARUS AMBER GOLD invites you to elevate your presence and embrace the sophistication it offers. This fragrance is a sensory journey through layers of richness, leaving a trail of elegance that defines your every move. Experience the luxurious allure of KARUS AMBER GOLD by Khadlaj Perfumes – a fragrance that encapsulates the essence of timeless glamour.</p>",Khadlaj-perfumes,Health & Beauty > Personal Care > Cosmetics > Perfumes & Colognes,PERFUME SPRAY,"Deals, Men, Perfume Spray, UNISEX, Women",true,Size,100 ML,,,,,,,,'6291107975849,1000.0,shopify,deny,manual,130.00,180.00,true,true,,,,,'6291107975849,https://cdn.shopify.com/s/files/1/0626/6119/8023/files/KARUS_AMBER_GOLD_100_ML_EDP_SPRAY_-_Khadlaj_Perfumes-1964823.jpg?v=1783949629,1,KARUS AMBER GOLD 100 ML EDP SPRAY - Khadlaj Perfumes,false,Karus Amber Gold EDP Spray | Best Perfume UAE | Khadlaj Perfumes,"Searching for the best perfume in the UAE? Khadlaj Perfumes offers Karus Amber Gold EDP Spray – a rich, luxurious amber fragrance. Shop now for your signature scent!",,,,,,,,,,,,,"<div class=""pyramid-section_lists""><h6 style=""font-weight:600;"">Top Notes</h6>
<p>Jasmine, Narcissus</p>
</div>
<div class=""pyramid-section_lists""><h6 style=""font-weight:600;"">Middle Notes</h6>
<p>Rose, Blackcurrant, Cyclamen</p>
</div>
<div class=""pyramid-section_lists""><h6 style=""font-weight:600;"">Base Notes</h6>
<p>Oud, Patchouli</p>
</div>",,,,,,,,,,,,,,,,,,,g,,,true,,,true,,,true,,,true,,,true,,,true,,,true,,,active
karus-amber-gold-100-ml-edp-spray,,,,,,,,,,,,,,,,,,,,,,,,,,,,,,,https://cdn.shopify.com/s/files/1/0626/6119/8023/files/KARUS_AMBER_GOLD_100_ML_EDP_SPRAY_-_Khadlaj_Perfumes-1964818.jpg?v=1722409938,2,KARUS AMBER GOLD 100 ML EDP SPRAY - Khadlaj Perfumes,,,,,,,,,,,,,,,,,,,,,,,,,,,,,,,,,,,,,,,,,,,,,,,,,,,,,,,,,,,
karus-amber-gold-100-ml-edp-spray,,,,,,,,,,,,,,,,,,,,,,,,,,,,,,,https://cdn.shopify.com/s/files/1/0626/6119/8023/files/KARUS_AMBER_GOLD_100_ML_EDP_SPRAY_-_Khadlaj_Perfumes-1964826.jpg?v=1722409950,3,KARUS AMBER GOLD 100 ML EDP SPRAY - Khadlaj Perfumes,,,,,,,,,,,,,,,,,,,,,,,,,,,,,,,,,,,,,,,,,,,,,,,,,,,,,,,,,,,
la-fede-magnum-silver-edition-100-ml-edp-spray,LA FEDE MAGNUM SILVER EDITION 100 ML EAU DE PARFUME SPRAY,"<p data-mce-fragment=""1"">Dive into the world of sophistication and allure with LA FEDE MAGNUM SILVER EDITION by Khadlaj Perfumes. This captivating fragrance is an embodiment of refined elegance, featuring a harmonious blend of notes that creates a scent profile as dynamic as it is timeless.</p>
<p data-mce-fragment=""1""><strong data-mce-fragment=""1"">Top Notes - Grapefruit, Orange, Lemon, Mandarin, Mint, Marine Lavender:</strong> LA FEDE MAGNUM SILVER EDITION opens with an invigorating burst of citrus freshness. Grapefruit, Orange, Lemon, and Mandarin combine to create a zesty symphony that enlivens the senses. A touch of Mint adds a cool breeze, while Marine Lavender lends an aromatic and refreshing note, setting the stage for the luxurious journey ahead.</p>
<p data-mce-fragment=""1""><strong data-mce-fragment=""1"">Middle Notes - Pepper, Nutmeg, Jasmine, Violet, Geranium:</strong> As the fragrance evolves, the heart notes unfold a captivating blend of spices and florals. Pepper and Nutmeg add a hint of warmth and sophistication, while Jasmine and Violet contribute a touch of floral allure. Geranium weaves through, balancing the composition with its green and rosy nuances.</p>
<p data-mce-fragment=""1""><strong data-mce-fragment=""1"">Base Notes - Sandalwood, Cedarwood, Patchouli, Amber, Musk:</strong> The grand finale of LA FEDE MAGNUM SILVER EDITION is a rich and enduring base. Sandalwood and Cedarwood combine to create a woody foundation that exudes warmth and depth. Patchouli adds an earthy richness, while Amber and Musk contribute to the fragrance's sensuality, leaving a lingering trail that captivates and entices.</p>
<p data-mce-fragment=""1""><strong data-mce-fragment=""1"">Sleek Sophistication in a Bottle:</strong> Encased in a sleek and modern bottle, LA FEDE MAGNUM SILVER EDITION reflects the contemporary elegance synonymous with Khadlaj Perfumes. The silver accents on the bottle convey a sense of sophistication, making it a statement piece on any dresser.</p>
<p data-mce-fragment=""1""><strong data-mce-fragment=""1"">Timeless Elegance:</strong> LA FEDE MAGNUM SILVER EDITION is more than just a perfume; it's a declaration of timeless elegance. Whether you're preparing for a special event or seeking a signature scent for everyday wear, let this fragrance be your companion in making a statement of refined sophistication.</p>
<p data-mce-fragment=""1""><strong data-mce-fragment=""1"">Elevate Your Presence:</strong> With its dynamic blend of notes, LA FEDE MAGNUM SILVER EDITION invites you to elevate your presence and embrace the sophisticated spirit it offers. This fragrance is a sensory journey through layers of freshness, warmth, and sensuality, leaving an impression that lingers long after you've departed. Experience the luxurious allure of LA FEDE MAGNUM SILVER EDITION by Khadlaj Perfumes – a fragrance that captures the essence of modern sophistication.</p>",Khadlaj-perfumes,Health & Beauty > Personal Care > Cosmetics > Perfumes & Colognes,PERFUME SPRAY,"Men, Perfume Spray, UNISEX, Women",true,Size,100 ML,,,,,,,,'6291107976952,1000.0,shopify,deny,manual,125.00,,true,true,,,,,'6291107976952,https://cdn.shopify.com/s/files/1/0626/6119/8023/files/LA_FEDE_MAGNUM_SILVER_EDITION_100_ML_EDP_SPRAY_-_Khadlaj_Perfumes-1965133.jpg?v=1722410566,1,LA FEDE MAGNUM SILVER EDITION 100 ML EDP SPRAY - Khadlaj Perfumes,false,,,,,,,,,,,,,,,"<div class=""pyramid-section_lists""><h6 style=""font-weight:600;"">Top Notes</h6>
<p>Grapefruit, Orange, Lemon, Mandarin, Mint, Marine Lavender</p>
</div>
<div class=""pyramid-section_lists""><h6 style=""font-weight:600;"">Middle Notes</h6>
<p>Pepper, Nutmeg, Jasmine, Violet, Geranium</p>
</div>
<div class=""pyramid-section_lists""><h6 style=""font-weight:600;"">Base Notes</h6>
<p>Sandalwood, Cedarwood, Patchouli, Amber, Musk</p>
</div>",,,,,,,,,,,,,,,,,,,g,,,true,,,true,,,true,,,true,,,true,,,true,,,true,,,active
la-fede-magnum-silver-edition-100-ml-edp-spray,,,,,,,,,,,,,,,,,,,,,,,,,,,,,,,https://cdn.shopify.com/s/files/1/0626/6119/8023/files/LA_FEDE_MAGNUM_SILVER_EDITION_100_ML_EDP_SPRAY_-_Khadlaj_Perfumes-1965137.jpg?v=1722410572,2,LA FEDE MAGNUM SILVER EDITION 100 ML EDP SPRAY - Khadlaj Perfumes,,,,,,,,,,,,,,,,,,,,,,,,,,,,,,,,,,,,,,,,,,,,,,,,,,,,,,,,,,,
la-fede-magnum-silver-edition-100-ml-edp-spray,,,,,,,,,,,,,,,,,,,,,,,,,,,,,,,https://cdn.shopify.com/s/files/1/0626/6119/8023/files/LA_FEDE_MAGNUM_SILVER_EDITION_100_ML_EDP_SPRAY_-_Khadlaj_Perfumes-1965141.jpg?v=1722410580,3,LA FEDE MAGNUM SILVER EDITION 100 ML EDP SPRAY - Khadlaj Perfumes,,,,,,,,,,,,,,,,,,,,,,,,,,,,,,,,,,,,,,,,,,,,,,,,,,,,,,,,,,,
la-fede-magnum-silver-edition-100-ml-edp-spray,,,,,,,,,,,,,,,,,,,,,,,,,,,,,,,https://cdn.shopify.com/s/files/1/0626/6119/8023/files/LA_FEDE_MAGNUM_SILVER_EDITION_100_ML_EDP_SPRAY_-_Khadlaj_Perfumes-1965145.jpg?v=1722410587,4,LA FEDE MAGNUM SILVER EDITION 100 ML EDP SPRAY - Khadlaj Perfumes,,,,,,,,,,,,,,,,,,,,,,,,,,,,,,,,,,,,,,,,,,,,,,,,,,,,,,,,,,,
le-prestige-king-100-ml-edp-spray,LÉ PRESTIGE KING 100 ML EDP SPRAY,"<p data-mce-fragment=""1"">Indulge in the regal essence of LE PRESTIGE KING by Khadlaj Perfumes, a fragrance that emanates refinement and authority. This majestic scent is a symphony of notes meticulously crafted to capture the essence of royal sophistication and commanding presence.</p>
<p data-mce-fragment=""1""><strong data-mce-fragment=""1"">Top Notes - Bergamot</strong></p>
<p data-mce-fragment=""1""><strong data-mce-fragment=""1"">Middle Notes - Geranium, Leather</strong></p>
<p data-mce-fragment=""1""><strong data-mce-fragment=""1"">Base Notes - Orris, Patchouli</strong></p>
<p data-mce-fragment=""1""><strong data-mce-fragment=""1"">Elegance in a Bottle:</strong> Encased in a bottle that exudes sophistication, LE PRESTIGE KING showcases the craftsmanship synonymous with Khadlaj Perfumes. The attention to detail in the design reflects the grandeur within, making it not just a fragrance but a statement piece on your dresser.</p>
<p data-mce-fragment=""1""><strong data-mce-fragment=""1"">Commanding Presence:</strong> LE PRESTIGE KING is more than just a perfume; it's an embodiment of commanding presence and refined taste. Whether you're preparing for a formal occasion or seeking a signature scent for everyday wear, let this fragrance be your accessory in asserting your regal demeanor.</p>
<p data-mce-fragment=""1""><strong data-mce-fragment=""1"">Embrace Royalty:</strong> With its majestic blend of notes, LE PRESTIGE KING invites you to embrace the royalty within. This fragrance is a celebration of elegance and authority, leaving a trail of regal allure wherever you go. Experience the commanding presence of LE PRESTIGE KING by Khadlaj Perfumes – a fragrance fit for kings.</p>",Khadlaj-perfumes,Health & Beauty > Personal Care > Cosmetics > Perfumes & Colognes,PERFUME SPRAY,"Deals, Perfume Spray, UNISEX",true,Size,100 ML,,,,,,,,'6291107975955,1000.0,shopify,deny,manual,100.00,150.00,true,true,,,,,'6291107975955,https://cdn.shopify.com/s/files/1/0626/6119/8023/files/LE_PRESTIGE_KING_100_ML_EDP_SPRAY_-_Khadlaj_Perfumes-1965257.jpg?v=1783948286,1,LÉ PRESTIGE KING 100 ML EDP SPRAY - Khadlaj Perfumes,false,Le Prestige King 100ml EDP | Luxury Perfume | Khadlaj perfumes,"Looking for a luxury perfume? Le Prestige King 100ml EDP by Khadlaj offers a bold blend of bergamot, leather, and patchouli for a truly royal fragrance.",,,,,,,,,,,,,"<div class=""pyramid-section_lists""><h6 style=""font-weight:600;"">Top Notes</h6>
<p>Bergamot</p>
</div>
<div class=""pyramid-section_lists""><h6 style=""font-weight:600;"">Middle Notes</h6>
<p>Geranium, Leather</p>
</div>
<div class=""pyramid-section_lists""><h6 style=""font-weight:600;"">Base Notes</h6>
<p>Orris, Patchouli</p>
</div>",,,,,,,,,,everyday; formal; special-occasion; casual,,,citrus; oriental; spicy,fall; winter; spring,male,,,,g,,,true,,,true,,,true,,,true,,,true,,,true,,,true,,,active
le-prestige-king-100-ml-edp-spray,,,,,,,,,,,,,,,,,,,,,,,,,,,,,,,https://cdn.shopify.com/s/files/1/0626/6119/8023/files/LE_PRESTIGE_KING_100_ML_EDP_SPRAY_-_Khadlaj_Perfumes-1965253.jpg?v=1722410808,2,LÉ PRESTIGE KING 100 ML EDP SPRAY - Khadlaj Perfumes,,,,,,,,,,,,,,,,,,,,,,,,,,,,,,,,,,,,,,,,,,,,,,,,,,,,,,,,,,,
le-prestige-king-100-ml-edp-spray,,,,,,,,,,,,,,,,,,,,,,,,,,,,,,,https://cdn.shopify.com/s/files/1/0626/6119/8023/files/LE_PRESTIGE_KING_100_ML_EDP_SPRAY_-_Khadlaj_Perfumes-1965261.jpg?v=1722410823,3,LÉ PRESTIGE KING 100 ML EDP SPRAY - Khadlaj Perfumes,,,,,,,,,,,,,,,,,,,,,,,,,,,,,,,,,,,,,,,,,,,,,,,,,,,,,,,,,,,
empire-victor-100-ml-edp-spray-best-perfume-for-women,EMPIRE VICTOR 100 ML EDP SPRAY,"<p><span style=""color: rgb(255, 42, 0);"">This product is on pre-order. Estimated dispatch date: End of the month. To avoid delays to other items, we recommend placing pre-order products in a separate order and not combining them with in-stock items.</span></p>
<p>Unleash your inner conqueror with EMPIRE VICTOR by Khadlaj Perfumes, a fragrance that embodies the grandeur and triumph of a victorious spirit. This opulent scent is a symphony of notes meticulously composed to envelop you in an aura of regal sweetness and captivating warmth.</p>
<p><strong>Top Notes - Bergamot, Lemon</strong></p>
<p><strong>Middle Notes - Jasmine, Caremel</strong> </p>
<p><strong>Base Notes - Musk, Vanila</strong></p>
<p><strong>Regal Elegance in a Bottle:</strong> Encased in an exquisitely designed bottle, EMPIRE VICTOR reflects the regal elegance synonymous with Khadlaj Perfumes. The attention to detail in the design mirrors the opulence within, making it not just a fragrance but a statement piece on your journey to victory.</p>
<p><strong>Triumphant Presence:</strong> EMPIRE VICTOR is more than just a perfume; it's an embodiment of triumphant presence and refined taste. Whether you're conquering the day or celebrating a personal victory, let this fragrance be your steadfast companion, elevating your essence with each luxurious spritz.</p>
<p><strong>Celebrate Your Triumph:</strong> With its triumphant blend of notes, EMPIRE VICTOR invites you to celebrate your victories and embrace the sweetness of success. This fragrance is a triumph in a bottle, leaving a trail of opulence and allure wherever you go. Experience the victorious spirit of EMPIRE VICTOR by Khadlaj Perfumes – a fragrance crafted for those destined to conquer.</p>
<p> </p>",Khadlaj-perfumes,Health & Beauty > Personal Care > Cosmetics > Perfumes & Colognes,PERFUME SPRAY,"Deals, Men, Perfume Spray, UNISEX, Women",true,Size,100 ML,,,,,,,,'6291107975917,1000.0,shopify,deny,manual,120.00,180.00,true,true,,,,,'6291107975917,https://cdn.shopify.com/s/files/1/0626/6119/8023/files/EMPIRE_VICTOR_100_ML_EDP_SPRAY_-_Khadlaj_Perfumes-1964409.jpg?v=1783950572,1,EMPIRE VICTOR 100 ML EDP SPRAY - Khadlaj Perfumes,false,Empire Victor EDP Spray | Buy Perfume in UAE | Khadlaj Perfume,"Searching for the perfect perfume for women? Khadlaj Perfumes' Empire Victor EDP offers a luxurious blend of bergamot, caramel, and vanilla. Buy now!",,,,,,,,,,,,,"<div class=""pyramid-section_lists""><h6 style=""font-weight:600;"">Top Notes</h6>
<p>Bergamot, Lemon</p>
</div>
<div class=""pyramid-section_lists""><h6 style=""font-weight:600;"">Middle Notes</h6>
<p>Jasmine, Caremel</p>
</div>
<div class=""pyramid-section_lists""><h6 style=""font-weight:600;"">Base Notes</h6>
<p>Vanilla, Musk</p>
</div>",,,,,,,,,,casual; everyday; formal; special-occasion,,,vanilla; jasmine; citrus,summer; winter; fall; spring,female,,,,g,,,true,,,true,,,true,,,true,,,true,,,true,,,true,,,active
empire-victor-100-ml-edp-spray-best-perfume-for-women,,,,,,,,,,,,,,,,,,,,,,,,,,,,,,,https://cdn.shopify.com/s/files/1/0626/6119/8023/files/EMPIRE_VICTOR_100_ML_EDP_SPRAY_-_Khadlaj_Perfumes-1964405.jpg?v=1722409315,2,EMPIRE VICTOR 100 ML EDP SPRAY - Khadlaj Perfumes,,,,,,,,,,,,,,,,,,,,,,,,,,,,,,,,,,,,,,,,,,,,,,,,,,,,,,,,,,,
empire-victor-100-ml-edp-spray-best-perfume-for-women,,,,,,,,,,,,,,,,,,,,,,,,,,,,,,,https://cdn.shopify.com/s/files/1/0626/6119/8023/files/EMPIRE_VICTOR_100_ML_EDP_SPRAY_-_Khadlaj_Perfumes-1964416.jpg?v=1722409339,3,EMPIRE VICTOR 100 ML EDP SPRAY - Khadlaj Perfumes,,,,,,,,,,,,,,,,,,,,,,,,,,,,,,,,,,,,,,,,,,,,,,,,,,,,,,,,,,,
empire-victor-100-ml-edp-spray-best-perfume-for-women,,,,,,,,,,,,,,,,,,,,,,,,,,,,,,,https://cdn.shopify.com/s/files/1/0626/6119/8023/files/EMPIRE_VICTOR_100_ML_EDP_SPRAY_-_Khadlaj_Perfumes-1964427.jpg?v=1722409347,4,EMPIRE VICTOR 100 ML EDP SPRAY - Khadlaj Perfumes,,,,,,,,,,,,,,,,,,,,,,,,,,,,,,,,,,,,,,,,,,,,,,,,,,,,,,,,,,,
empire-empress-100-ml-edp-spray-buy-top-women-perfume-online-dubai-uae,EMPIRE EMPRESS 100 ML EDP SPRAY,"<p data-mce-fragment=""1"">Experience the majestic allure of EMPIRE EMPRESS by Khadlaj Perfumes, a fragrance that captures the essence of imperial grace and unwavering strength. This regal scent is a harmonious blend of notes meticulously crafted to envelop you in a timeless aura of sophistication and commanding presence.</p>
<p data-mce-fragment=""1""><strong data-mce-fragment=""1"">Top Notes - Bergamot, Davana, White Amber</strong></p>
<p data-mce-fragment=""1""><strong data-mce-fragment=""1"">Middle Notes - Rosemary, Pink Pepper</strong></p>
<p data-mce-fragment=""1""><strong data-mce-fragment=""1"">Base Notes - Musk, Leather, Vetiver, Oud</strong></p>
<p data-mce-fragment=""1""><strong data-mce-fragment=""1"">Majestic Elegance in a Bottle:</strong> Encased in an exquisitely designed bottle, EMPIRE EMPRESS reflects the majestic elegance synonymous with Khadlaj Perfumes. The attention to detail in the design mirrors the grandeur within, making it not just a fragrance but an ornate accessory for those who command attention.</p>
<p data-mce-fragment=""1""><strong data-mce-fragment=""1"">Commanding Presence:</strong> EMPIRE EMPRESS is more than just a perfume; it's an embodiment of commanding presence and regal taste. Whether you're attending a grand event or seeking a signature scent for everyday wear, let this fragrance be your imperial companion, enveloping you in an aura of dignified allure.</p>
<p data-mce-fragment=""1""><strong data-mce-fragment=""1"">Rule with Grace:</strong> With its harmonious blend of notes, EMPIRE EMPRESS invites you to rule with grace and embrace the commanding spirit it offers. This fragrance is a celebration of regality and sophistication, leaving a trail of imperial allure wherever you go. Experience the majestic allure of EMPIRE EMPRESS by Khadlaj Perfumes – a fragrance crafted for those destined to reign.</p>",Khadlaj-perfumes,Health & Beauty > Personal Care > Cosmetics > Perfumes & Colognes,PERFUME SPRAY,"Deals, Perfume Spray, UNISEX, Women",true,Size,100 ML,,,,,,,,'6291107975894,1000.0,shopify,deny,manual,100.00,150.00,true,true,,,,,'6291107975894,https://cdn.shopify.com/s/files/1/0626/6119/8023/files/EMPIRE_EMPRESS_100_ML_EDP_SPRAY_-_Khadlaj_Perfumes-1964353.jpg?v=1783950517,1,EMPIRE EMPRESS 100 ML EDP SPRAY - Khadlaj Perfumes,false,Empire Empress EDP Spray | Perfume for Women | Khadlaj Perfumes,"Searching for the best perfume in the UAE? Khadlaj Perfumes' Empire Empress EDP offers a regal blend of bergamot, rosemary, and oud. Buy the best perfume now!",,,,,,,,,,,,,"<div class=""pyramid-section_lists""><h6 style=""font-weight:600;"">Top Notes</h6>
<p>Bergamot, Davana, White Amber</p>
</div>
<div class=""pyramid-section_lists""><h6 style=""font-weight:600;"">Middle Notes</h6>
<p>Rosemary, Pink Pepper </p>
</div>
<div class=""pyramid-section_lists""><h6 style=""font-weight:600;"">Base Notes</h6>
<p>Musk, Leather, Vetiver, Oud</p>
</div>",,,,,,,,,,special-occasion; casual; formal,,,woody; spicy; oriental,winter; fall,female,,,,g,,,true,,,true,,,true,,,true,,,true,,,true,,,true,,,active
empire-empress-100-ml-edp-spray-buy-top-women-perfume-online-dubai-uae,,,,,,,,,,,,,,,,,,,,,,,,,,,,,,,https://cdn.shopify.com/s/files/1/0626/6119/8023/files/EMPIRE_EMPRESS_100_ML_EDP_SPRAY_-_Khadlaj_Perfumes-1964349.jpg?v=1722409219,2,EMPIRE EMPRESS 100 ML EDP SPRAY - Khadlaj Perfumes,,,,,,,,,,,,,,,,,,,,,,,,,,,,,,,,,,,,,,,,,,,,,,,,,,,,,,,,,,,
empire-empress-100-ml-edp-spray-buy-top-women-perfume-online-dubai-uae,,,,,,,,,,,,,,,,,,,,,,,,,,,,,,,https://cdn.shopify.com/s/files/1/0626/6119/8023/files/EMPIRE_EMPRESS_100_ML_EDP_SPRAY_-_Khadlaj_Perfumes-1964358.jpg?v=1722409234,3,EMPIRE EMPRESS 100 ML EDP SPRAY - Khadlaj Perfumes,,,,,,,,,,,,,,,,,,,,,,,,,,,,,,,,,,,,,,,,,,,,,,,,,,,,,,,,,,,
empire-empress-100-ml-edp-spray-buy-top-women-perfume-online-dubai-uae,,,,,,,,,,,,,,,,,,,,,,,,,,,,,,,https://cdn.shopify.com/s/files/1/0626/6119/8023/files/EMPIRE_EMPRESS_100_ML_EDP_SPRAY_-_Khadlaj_Perfumes-1964362.jpg?v=1722409248,4,EMPIRE EMPRESS 100 ML EDP SPRAY - Khadlaj Perfumes,,,,,,,,,,,,,,,,,,,,,,,,,,,,,,,,,,,,,,,,,,,,,,,,,,,,,,,,,,,
empire-crown-100-ml-edp-spray-best-perfume-spray-for-men-online-dubai-uae,EMPIRE CROWN 100 ML EDP SPRAY,"<p data-mce-fragment=""1"">Elevate your presence with the regal fragrance of EMPIRE CROWN by Khadlaj Perfumes. This majestic scent is a captivating blend of notes meticulously crafted to embody the essence of imperial sophistication and commanding allure.</p>
<p data-mce-fragment=""1""><strong data-mce-fragment=""1"">Top Notes - Bergamot, Grapefruit</strong></p>
<p data-mce-fragment=""1""><strong data-mce-fragment=""1"">Middle Notes - Ginger, Amber</strong></p>
<p data-mce-fragment=""1""><strong data-mce-fragment=""1"">Base Notes - Musk, Vetiver, Patchouli</strong></p>
<p data-mce-fragment=""1""><strong data-mce-fragment=""1"">Majestic Elegance in a Bottle:</strong> Encased in an exquisitely designed bottle, EMPIRE CROWN reflects the majestic elegance synonymous with Khadlaj Perfumes. The attention to detail in the design mirrors the grandeur within, making it not just a fragrance but a statement of royal sophistication.</p>
<p data-mce-fragment=""1""><strong data-mce-fragment=""1"">Commanding Presence:</strong> EMPIRE CROWN is more than just a perfume; it's an embodiment of commanding presence and regal taste. Whether you're attending a grand affair or seeking a signature scent for everyday wear, let this fragrance be your majestic companion, enveloping you in an aura of dignified allure.</p>
<p data-mce-fragment=""1""><strong data-mce-fragment=""1"">Rule with Confidence:</strong> With its captivating blend of notes, EMPIRE CROWN invites you to rule with confidence and embrace the commanding spirit it offers. This fragrance is a celebration of regality and sophistication, leaving a trail of imperial allure wherever you go. Experience the majestic essence of EMPIRE CROWN by Khadlaj Perfumes – a fragrance crafted for those destined to wear their own crown.</p>",Khadlaj-perfumes,Health & Beauty > Personal Care > Cosmetics > Perfumes & Colognes,PERFUME SPRAY,"Deals, Men, Perfume Spray, UNISEX, Women",true,Size,100 ML,,,,,,,,'6291107975887,1000.0,shopify,deny,manual,100.00,150.00,true,true,,,,,'6291107975887,https://cdn.shopify.com/s/files/1/0626/6119/8023/files/EMPIRE_CROWN_100_ML_EDP_SPRAY_-_Khadlaj_Perfumes-1964329.jpg?v=1783950456,1,EMPIRE CROWN 100 ML EDP SPRAY - Khadlaj Perfumes,false,Empire Crown EDP Spray | Best Perfume for Men | Khadlaj Perfumes,"Searching for the best perfume for men in the UAE? Khadlaj Perfumes' Empire Crown EDP offers a regal blend of bergamot, ginger, and musk. Buy now!",,,,,,,,,,,,,"<div class=""pyramid-section_lists""><h6 style=""font-weight:600;"">Top Notes</h6>
<p>Bergamot, Grapefruit</p>
</div>
<div class=""pyramid-section_lists""><h6 style=""font-weight:600;"">Middle Notes</h6>
<p>Ginger, Amber</p>
</div>
<div class=""pyramid-section_lists""><h6 style=""font-weight:600;"">Base Notes</h6>
<p>Musk, Vetiver, Patchouli</p>
</div>",,,,,,,,,,formal; everyday; casual; special-occasion,,,fruity; citrus; spicy,fall; winter,male,,,,g,,,true,,,true,,,true,,,true,,,true,,,true,,,true,,,active
empire-crown-100-ml-edp-spray-best-perfume-spray-for-men-online-dubai-uae,,,,,,,,,,,,,,,,,,,,,,,,,,,,,,,https://cdn.shopify.com/s/files/1/0626/6119/8023/files/EMPIRE_CROWN_100_ML_EDP_SPRAY_-_Khadlaj_Perfumes-1964322.jpg?v=1722409181,2,EMPIRE CROWN 100 ML EDP SPRAY - Khadlaj Perfumes,,,,,,,,,,,,,,,,,,,,,,,,,,,,,,,,,,,,,,,,,,,,,,,,,,,,,,,,,,,
empire-crown-100-ml-edp-spray-best-perfume-spray-for-men-online-dubai-uae,,,,,,,,,,,,,,,,,,,,,,,,,,,,,,,https://cdn.shopify.com/s/files/1/0626/6119/8023/files/EMPIRE_CROWN_100_ML_EDP_SPRAY_-_Khadlaj_Perfumes-1964333.jpg?v=1722409194,3,EMPIRE CROWN 100 ML EDP SPRAY - Khadlaj Perfumes,,,,,,,,,,,,,,,,,,,,,,,,,,,,,,,,,,,,,,,,,,,,,,,,,,,,,,,,,,,
empire-crown-100-ml-edp-spray-best-perfume-spray-for-men-online-dubai-uae,,,,,,,,,,,,,,,,,,,,,,,,,,,,,,,https://cdn.shopify.com/s/files/1/0626/6119/8023/files/EMPIRE_CROWN_100_ML_EDP_SPRAY_-_Khadlaj_Perfumes-1964339.jpg?v=1722409211,4,EMPIRE CROWN 100 ML EDP SPRAY - Khadlaj Perfumes,,,,,,,,,,,,,,,,,,,,,,,,,,,,,,,,,,,,,,,,,,,,,,,,,,,,,,,,,,,
empire-regent-100-ml-edp-spray-luxury-perfume-for-men-and-women-dubai-uae,EMPIRE REGENT 100 ML EDP SPRAY,"<p data-mce-fragment=""1"">Step into a realm of opulence and refinement with EMPIRE REGENT by Khadlaj Perfumes. This exquisite fragrance is a tapestry of notes, meticulously woven together to create an olfactory masterpiece that embodies regal sophistication and commanding presence.</p>
<p data-mce-fragment=""1""><strong data-mce-fragment=""1"">Top Notes - Bergamot, Saffron</strong></p>
<p data-mce-fragment=""1""><strong data-mce-fragment=""1"">Middle Notes - Rose, Patchouli, Lavender</strong> </p>
<p data-mce-fragment=""1""><strong data-mce-fragment=""1"">Base Notes - Musk, Cashmere, Caramel, Sandalwood, Cedarwood, Leather, Nutmeg</strong></p>
<p data-mce-fragment=""1""><strong data-mce-fragment=""1"">Majestic Elegance in a Bottle:</strong> Encased in a bottle that mirrors the richness within, EMPIRE REGENT reflects the craftsmanship synonymous with Khadlaj Perfumes. The attention to detail in the design is a testament to the grandeur and elegance of the fragrance it holds.</p>
<p data-mce-fragment=""1""><strong data-mce-fragment=""1"">Commanding Presence:</strong> EMPIRE REGENT is more than just a perfume; it's an embodiment of commanding presence and regal taste. Whether you're stepping into a royal event or seeking a signature scent for everyday wear, let this fragrance be your regal companion, enveloping you in an aura of dignified allure.</p>
<p data-mce-fragment=""1""><strong data-mce-fragment=""1"">Rule with Grandeur:</strong> With its majestic blend of notes, EMPIRE REGENT invites you to rule with grandeur and embrace the commanding spirit it offers. This fragrance is a celebration of regality and sophistication, leaving a trail of imperial allure wherever you go. Experience the majestic essence of EMPIRE REGENT by Khadlaj Perfumes – a fragrance crafted for those destined to reign.</p>",Khadlaj-perfumes,Health & Beauty > Personal Care > Cosmetics > Perfumes & Colognes,PERFUME SPRAY,"Deals, Men, Perfume Spray, UNISEX, Women",true,Size,100 ML,,,,,,,,'6291107975900,1000.0,shopify,deny,manual,100.00,150.00,true,true,,,,,'6291107975900,https://cdn.shopify.com/s/files/1/0626/6119/8023/files/EMPIRE_REGENT_100_ML_EDP_SPRAY_-_Khadlaj_Perfumes-1964376.jpg?v=1783950440,1,EMPIRE REGENT 100 ML EDP SPRAY - Khadlaj Perfumes,false,Empire Regent EDP Spray | Best Fragrance Spray | Khadlaj Perfumes,Searching for the best fragrance spray? Khadlaj Perfumes brings you Empire Regent EDP – a luxurious unisex scent for men and women. Shop elegance now!,,,,,,,,,,,,,"<div class=""pyramid-section_lists""><h6 style=""font-weight:600;"">Top Notes</h6>
<p>Bergamot, Saffron</p>
</div>
<div class=""pyramid-section_lists""><h6 style=""font-weight:600;"">Middle Notes</h6>
<p>Rose, Patchouli, Lavender </p>
</div>
<div class=""pyramid-section_lists""><h6 style=""font-weight:600;"">Base Notes</h6>
<Musk, Cashmere, Caramel, Sandalwood, Cedarwood, Leather, Nutmeg</p>
</div>",,,,,,,,,,everyday; special-occasion; formal; casual,,,sandalwood; citrus; rose; lavender,fall; winter; spring,unisex; male,,,,g,,,true,,,true,,,true,,,true,,,true,,,true,,,true,,,active
empire-regent-100-ml-edp-spray-luxury-perfume-for-men-and-women-dubai-uae,,,,,,,,,,,,,,,,,,,,,,,,,,,,,,,https://cdn.shopify.com/s/files/1/0626/6119/8023/files/EMPIRE_REGENT_100_ML_EDP_SPRAY_-_Khadlaj_Perfumes-1964372.jpg?v=1722409254,2,EMPIRE REGENT 100 ML EDP SPRAY - Khadlaj Perfumes,,,,,,,,,,,,,,,,,,,,,,,,,,,,,,,,,,,,,,,,,,,,,,,,,,,,,,,,,,,
empire-regent-100-ml-edp-spray-luxury-perfume-for-men-and-women-dubai-uae,,,,,,,,,,,,,,,,,,,,,,,,,,,,,,,https://cdn.shopify.com/s/files/1/0626/6119/8023/files/EMPIRE_REGENT_100_ML_EDP_SPRAY_-_Khadlaj_Perfumes-1964380.jpg?v=1722409283,3,EMPIRE REGENT 100 ML EDP SPRAY - Khadlaj Perfumes,,,,,,,,,,,,,,,,,,,,,,,,,,,,,,,,,,,,,,,,,,,,,,,,,,,,,,,,,,,
empire-regent-100-ml-edp-spray-luxury-perfume-for-men-and-women-dubai-uae,,,,,,,,,,,,,,,,,,,,,,,,,,,,,,,https://cdn.shopify.com/s/files/1/0626/6119/8023/files/EMPIRE_REGENT_100_ML_EDP_SPRAY_-_Khadlaj_Perfumes-1964393.jpg?v=1722409305,4,EMPIRE REGENT 100 ML EDP SPRAY - Khadlaj Perfumes,,,,,,,,,,,,,,,,,,,,,,,,,,,,,,,,,,,,,,,,,,,,,,,,,,,,,,,,,,,
valor-chivalry-100-ml-edp-spray,VALOR CHIVALRY 100 ML EDP SPRAY,"<p data-mce-fragment=""1"">Embark on a noble quest with VALOR CHIVALRY by Khadlaj Perfumes, a fragrance that epitomizes the essence of courage and honor. This distinguished scent is a captivating blend of notes meticulously crafted to evoke the spirit of valor and chivalry, enveloping you in a cloak of regal sophistication.</p>
<p data-mce-fragment=""1""><strong data-mce-fragment=""1"">Top Notes - Bergamot, Lemon, Pineapple, Pepper</strong></p>
<p data-mce-fragment=""1""><strong data-mce-fragment=""1"">Middle Notes - Jasmine, Lily of the Valley</strong></p>
<p data-mce-fragment=""1""><strong data-mce-fragment=""1"">Base Notes - Patchouli, Amber, Cedarwood, Musk</strong></p>
<p data-mce-fragment=""1""><strong data-mce-fragment=""1"">Noble Elegance in a Bottle:</strong> Encased in a bottle reminiscent of ancient armor, VALOR CHIVALRY reflects the noble elegance synonymous with Khadlaj Perfumes. The craftsmanship and attention to detail in the design pay homage to the valor and chivalry that inspired this fragrance.</p>
<p data-mce-fragment=""1""><strong data-mce-fragment=""1"">Courageous Presence:</strong> VALOR CHIVALRY is more than just a perfume; it's an embodiment of courage and honor. Whether you're preparing for a grand adventure or seeking a signature scent for everyday wear, let this fragrance be your steadfast companion, enveloping you in an aura of noble presence.</p>
<p data-mce-fragment=""1""><strong data-mce-fragment=""1"">Embrace the Spirit of Chivalry:</strong> With its captivating blend of notes, VALOR CHIVALRY invites you to embrace the spirit of chivalry and honor the noble traditions of the past. This fragrance is a celebration of valor and courage, leaving a trail of regal allure wherever you go. Experience the noble essence of VALOR CHIVALRY by Khadlaj Perfumes – a fragrance crafted for those who dare to embody the spirit of true valor.</p>",Khadlaj-perfumes,Health & Beauty > Personal Care > Cosmetics > Perfumes & Colognes > Eaux de Parfum,PERFUME SPRAY,"30% offer, Deals, Men, Perfume Spray",true,Size,100 ML,,,,,,,,'6291107975986,1000.0,shopify,deny,manual,75.00,150.00,true,true,,,,,'6291107975986,https://cdn.shopify.com/s/files/1/0626/6119/8023/files/VALOR_CHIVALRY_100_ML_EDP_SPRAY_-_Khadlaj_Perfumes-1966062.jpg?v=1783949953,1,VALOR CHIVALRY 100 ML EDP SPRAY - Khadlaj Perfumes,false,Valor Chivalry EDP Spray | Buy Perfume Online | Khadlaj Perfumes,"Searching for the best perfume online? Khadlaj Perfumes' Valor Chivalry EDP offers a refreshing, elegant scent perfect for any occasion. Buy now!",479,,,,,,,,,,,,"<div class=""pyramid-section_lists""><h6 style=""font-weight:600;"">Top Notes</h6>
<p>Bergamot, Lemon, Pineapple, Pepper</p>
</div>
<div class=""pyramid-section_lists""><h6 style=""font-weight:600;"">Middle Notes</h6>
<p>Jasmine, Lily of the Valley</p>
</div>
<div class=""pyramid-section_lists""><h6 style=""font-weight:600;"">Base Notes</h6>
<p>Patchouli, Amber, Cedarwood, Musk</p>
</div>",,,,,,,,,,everyday; casual; formal; special-occasion,,,patchouli; amber; citrus; jasmine,fall; winter; spring; summer,male,,,,g,,,true,,,true,,,true,,,true,,,true,,,true,,,true,,,active
valor-chivalry-100-ml-edp-spray,,,,,,,,,,,,,,,,,,,,,,,,,,,,,,,https://cdn.shopify.com/s/files/1/0626/6119/8023/files/VALOR_CHIVALRY_100_ML_EDP_SPRAY_-_Khadlaj_Perfumes-1966060.jpg?v=1722412381,2,VALOR CHIVALRY 100 ML EDP SPRAY - Khadlaj Perfumes,,,,,,,,,,,,,,,,,,,,,,,,,,,,,,,,,,,,,,,,,,,,,,,,,,,,,,,,,,,
valor-chivalry-100-ml-edp-spray,,,,,,,,,,,,,,,,,,,,,,,,,,,,,,,https://cdn.shopify.com/s/files/1/0626/6119/8023/files/VALOR_CHIVALRY_100_ML_EDP_SPRAY_-_Khadlaj_Perfumes-1966066.jpg?v=1722412395,3,VALOR CHIVALRY 100 ML EDP SPRAY - Khadlaj Perfumes,,,,,,,,,,,,,,,,,,,,,,,,,,,,,,,,,,,,,,,,,,,,,,,,,,,,,,,,,,,
valor-chivalry-100-ml-edp-spray,,,,,,,,,,,,,,,,,,,,,,,,,,,,,,,https://cdn.shopify.com/s/files/1/0626/6119/8023/files/VALOR_CHIVALRY_100_ML_EDP_SPRAY_-_Khadlaj_Perfumes-1966069.jpg?v=1722412402,4,VALOR CHIVALRY 100 ML EDP SPRAY - Khadlaj Perfumes,,,,,,,,,,,,,,,,,,,,,,,,,,,,,,,,,,,,,,,,,,,,,,,,,,,,,,,,,,,
valor-chivalry-100-ml-edp-spray,,,,,,,,,,,,,,,,,,,,,,,,,,,,,,,https://cdn.shopify.com/s/files/1/0626/6119/8023/files/VALOR_CHIVALRY_100_ML_EDP_SPRAY_-_Khadlaj_Perfumes-1966072.png?v=1722412410,5,VALOR CHIVALRY 100 ML EDP SPRAY - Khadlaj Perfumes,,,,,,,,,,,,,,,,,,,,,,,,,,,,,,,,,,,,,,,,,,,,,,,,,,,,,,,,,,,
valor-chivalry-100-ml-edp-spray,,,,,,,,,,,,,,,,,,,,,,,,,,,,,,,https://cdn.shopify.com/s/files/1/0626/6119/8023/files/VALOR_CHIVALRY_100_ML_EDP_SPRAY_-_Khadlaj_Perfumes-1966076.jpg?v=1722412416,6,VALOR CHIVALRY 100 ML EDP SPRAY - Khadlaj Perfumes,,,,,,,,,,,,,,,,,,,,,,,,,,,,,,,,,,,,,,,,,,,,,,,,,,,,,,,,,,,
valor-honor-100-ml-edp-spray,VALOR HONOR 100 ML EDP SPRAY,"<p data-mce-fragment=""1"">Embark on a journey of bravery and reverence with VALOR HONOR by Khadlaj Perfumes, a fragrance that embodies the essence of valor and dignity. Inspired by the vast expanse of the sea and the enduring strength of ancient traditions, this scent is a tribute to the noble virtues of honor and courage.</p>
<p data-mce-fragment=""1""><strong data-mce-fragment=""1"">Top Notes - Bergamot, Lemon</strong></p>
<p data-mce-fragment=""1""><strong data-mce-fragment=""1"">Middle Notes - Patchouli</strong></p>
<p data-mce-fragment=""1""><strong data-mce-fragment=""1"">Base Notes - Dry Amber, Moss</strong></p>
<p data-mce-fragment=""1""><strong data-mce-fragment=""1"">Noble Elegance in a Bottle:</strong> Encased in a bottle reminiscent of ancient artifacts, VALOR HONOR pays homage to the noble traditions that inspire its creation. The sleek and understated design reflects the timeless elegance synonymous with Khadlaj Perfumes, inviting you to embrace the virtues of valor and honor with each spritz.</p>
<p data-mce-fragment=""1""><strong data-mce-fragment=""1"">Courageous Presence:</strong> VALOR HONOR is more than just a perfume; it's an embodiment of courage and dignity. Whether you're preparing for a daunting challenge or seeking a signature scent for everyday wear, let this fragrance be your steadfast companion, enveloping you in an aura of noble presence and reverence.</p>
<p data-mce-fragment=""1""><strong data-mce-fragment=""1"">Embrace the Spirit of Honor:</strong> With its evocative blend of notes, VALOR HONOR invites you to embrace the spirit of honor and courage, honoring the timeless virtues that define true greatness. This fragrance is a celebration of valor and dignity, leaving a trail of noble allure wherever you go. Experience the enduring essence of VALOR HONOR by Khadlaj Perfumes – a fragrance crafted for those who dare to embody the highest ideals of honor and bravery.</p>",Khadlaj-perfumes,Health & Beauty > Personal Care > Cosmetics > Perfumes & Colognes > Eaux de Parfum,PERFUME SPRAY,"30% offer, Deals, Men, Perfume Spray",true,Size,100 ML,,,,,,,,'6291107975962,1000.0,shopify,deny,manual,75.00,150.00,true,true,,,,,'6291107975962,https://cdn.shopify.com/s/files/1/0626/6119/8023/files/VALOR_HONOR_100_ML_EDP_SPRAY_-_Khadlaj_Perfumes-1966101.jpg?v=1783949927,1,VALOR HONOR 100 ML EDP SPRAY - Khadlaj Perfumes,false,Valor Honor EDP Spray | Best Perfume in UAE | Khadlaj Perfumes,"Searching for the best perfume in the UAE? Khadlaj Perfumes' Valor Honor EDP offers a bold, aquatic scent perfect for any occasion. Shop now!",479,,,,,,,,,,,,"<div class=""pyramid-section_lists""><h6 style=""font-weight:600;"">Top Notes</h6>
<p>Bergamot, Lemon</p>
</div>
<div class=""pyramid-section_lists""><h6 style=""font-weight:600;"">Middle Notes</h6>
<p>Patchouli</p>
</div>
<div class=""pyramid-section_lists""><h6 style=""font-weight:600;"">Base Notes</h6>
<p>Dry Amber, Moss</p>
</div>",,,,,,,,,,everyday; formal; casual; special-occasion,,,citrus; patchouli; amber,fall; winter; spring; summer,male,,,,g,,,true,,,true,,,true,,,true,,,true,,,true,,,true,,,active
valor-honor-100-ml-edp-spray,,,,,,,,,,,,,,,,,,,,,,,,,,,,,,,https://cdn.shopify.com/s/files/1/0626/6119/8023/files/VALOR_HONOR_100_ML_EDP_SPRAY_-_Khadlaj_Perfumes-1966098.jpg?v=1722412464,2,VALOR HONOR 100 ML EDP SPRAY - Khadlaj Perfumes,,,,,,,,,,,,,,,,,,,,,,,,,,,,,,,,,,,,,,,,,,,,,,,,,,,,,,,,,,,
valor-honor-100-ml-edp-spray,,,,,,,,,,,,,,,,,,,,,,,,,,,,,,,https://cdn.shopify.com/s/files/1/0626/6119/8023/files/VALOR_HONOR_100_ML_EDP_SPRAY_-_Khadlaj_Perfumes-1966104.png?v=1722412477,3,VALOR HONOR 100 ML EDP SPRAY - Khadlaj Perfumes,,,,,,,,,,,,,,,,,,,,,,,,,,,,,,,,,,,,,,,,,,,,,,,,,,,,,,,,,,,
valor-honor-100-ml-edp-spray,,,,,,,,,,,,,,,,,,,,,,,,,,,,,,,https://cdn.shopify.com/s/files/1/0626/6119/8023/files/VALOR_HONOR_100_ML_EDP_SPRAY_-_Khadlaj_Perfumes-1966107.jpg?v=1722412485,4,VALOR HONOR 100 ML EDP SPRAY - Khadlaj Perfumes,,,,,,,,,,,,,,,,,,,,,,,,,,,,,,,,,,,,,,,,,,,,,,,,,,,,,,,,,,,
valor-honor-100-ml-edp-spray,,,,,,,,,,,,,,,,,,,,,,,,,,,,,,,https://cdn.shopify.com/s/files/1/0626/6119/8023/files/VALOR_HONOR_100_ML_EDP_SPRAY_-_Khadlaj_Perfumes-1966112.jpg?v=1722412491,5,VALOR HONOR 100 ML EDP SPRAY - Khadlaj Perfumes,,,,,,,,,,,,,,,,,,,,,,,,,,,,,,,,,,,,,,,,,,,,,,,,,,,,,,,,,,,
valor-honor-100-ml-edp-spray,,,,,,,,,,,,,,,,,,,,,,,,,,,,,,,https://cdn.shopify.com/s/files/1/0626/6119/8023/files/VALOR_HONOR_100_ML_EDP_SPRAY_-_Khadlaj_Perfumes-1966115.jpg?v=1722412498,6,VALOR HONOR 100 ML EDP SPRAY - Khadlaj Perfumes,,,,,,,,,,,,,,,,,,,,,,,,,,,,,,,,,,,,,,,,,,,,,,,,,,,,,,,,,,,
valor-mystique-100-ml-edp-spray,VALOR MYSTIQUE 100 ML EDP SPRAY,"<p data-mce-fragment=""1"">Embark on a journey of mystique and courage with VALOR MYSTIQUE by Khadlaj Perfumes, a fragrance that encapsulates the enigmatic allure of valor and the timeless elegance of mystery. Inspired by ancient tales of bravery and adorned with the sophistication of mystique, this scent is a tribute to those who dare to embrace the unknown and forge their path with unwavering courage.</p>
<p data-mce-fragment=""1""><strong data-mce-fragment=""1"">Top Notes - Bergamot, Cardamom, Cypress</strong> </p>
<p data-mce-fragment=""1""><strong data-mce-fragment=""1"">Middle Notes - Saffron, Amber</strong></p>
<p data-mce-fragment=""1""><strong data-mce-fragment=""1"">Base Notes - Musk, Cedarwood</strong></p>
<p data-mce-fragment=""1""><strong data-mce-fragment=""1"">Elegance in a Bottle:</strong> Encased in a bottle adorned with intricate designs reminiscent of ancient artifacts, VALOR MYSTIQUE reflects the sophistication and mystique synonymous with Khadlaj Perfumes. The sleek and mysterious design invites you to unlock the secrets within, embarking on a journey of discovery and self-discovery.</p>
<p data-mce-fragment=""1""><strong data-mce-fragment=""1"">Courageous Presence:</strong> VALOR MYSTIQUE is more than just a perfume; it's an embodiment of courage and mystery. Whether you're stepping into the unknown or seeking a signature scent for everyday wear, let this fragrance be your companion on the path to greatness, enveloping you in an aura of mystery and allure.</p>
<p data-mce-fragment=""1""><strong data-mce-fragment=""1"">Embrace the Unknown:</strong> With its captivating blend of notes, VALOR MYSTIQUE invites you to embrace the unknown and forge your path with unwavering courage. This fragrance is a celebration of valor and mystique, leaving a trail of enigmatic allure wherever you go. Experience the timeless essence of VALOR MYSTIQUE by Khadlaj Perfumes – a fragrance crafted for those who dare to explore the depths of their innermost desires.</p>",Khadlaj-perfumes,Health & Beauty > Personal Care > Cosmetics > Perfumes & Colognes > Eaux de Parfum,PERFUME SPRAY,"30% offer, Deals, Men, Perfume Spray",true,Size,100 ML,,,,,,,,'6291107975993,1000.0,shopify,deny,manual,75.00,150.00,true,true,,,,,'6291107975993,https://cdn.shopify.com/s/files/1/0626/6119/8023/files/VALOR_MYSTIQUE_100_ML_EDP_SPRAY_-_Khadlaj_Perfumes-1966123.jpg?v=1783949881,1,VALOR MYSTIQUE 100 ML EDP SPRAY - Khadlaj Perfumes,false,Valor Mystique EDP Spray | Best Perfume UAE | Khadlaj Perfumes​,"Searching for the best perfume in UAE? Khadlaj Perfumes' Valor Mystique EDP offers an exotic, bold scent perfect for any occasion. Shop the best perfume now!",479,,,,,,,,,,,,"<div class=""pyramid-section_lists""><h6 style=""font-weight:600;"">Top Notes</h6>
<p>Bergamot, Cardamom, Cypress</p>
</div>
<div class=""pyramid-section_lists""><h6 style=""font-weight:600;"">Middle Notes</h6>
<p>Saffron, Amber </p>
</div>
<div class=""pyramid-section_lists""><h6 style=""font-weight:600;"">Base Notes</h6>
<p>Musk, cedarwood</p>
</div>",,,,,,,,,,formal; casual; special-occasion,,,citrus; spicy; musk,fall; winter; spring; summer,male,,,,g,,,true,,,true,,,true,,,true,,,true,,,true,,,true,,,active
valor-mystique-100-ml-edp-spray,,,,,,,,,,,,,,,,,,,,,,,,,,,,,,,https://cdn.shopify.com/s/files/1/0626/6119/8023/files/VALOR_MYSTIQUE_100_ML_EDP_SPRAY_-_Khadlaj_Perfumes-1966120.jpg?v=1722412505,2,VALOR MYSTIQUE 100 ML EDP SPRAY - Khadlaj Perfumes,,,,,,,,,,,,,,,,,,,,,,,,,,,,,,,,,,,,,,,,,,,,,,,,,,,,,,,,,,,
valor-mystique-100-ml-edp-spray,,,,,,,,,,,,,,,,,,,,,,,,,,,,,,,https://cdn.shopify.com/s/files/1/0626/6119/8023/files/VALOR_MYSTIQUE_100_ML_EDP_SPRAY_-_Khadlaj_Perfumes-1966132.png?v=1722412530,3,VALOR MYSTIQUE 100 ML EDP SPRAY - Khadlaj Perfumes,,,,,,,,,,,,,,,,,,,,,,,,,,,,,,,,,,,,,,,,,,,,,,,,,,,,,,,,,,,
valor-mystique-100-ml-edp-spray,,,,,,,,,,,,,,,,,,,,,,,,,,,,,,,https://cdn.shopify.com/s/files/1/0626/6119/8023/files/VALOR_MYSTIQUE_100_ML_EDP_SPRAY_-_Khadlaj_Perfumes-1966136.jpg?v=1722412536,4,VALOR MYSTIQUE 100 ML EDP SPRAY - Khadlaj Perfumes,,,,,,,,,,,,,,,,,,,,,,,,,,,,,,,,,,,,,,,,,,,,,,,,,,,,,,,,,,,
valor-mystique-100-ml-edp-spray,,,,,,,,,,,,,,,,,,,,,,,,,,,,,,,https://cdn.shopify.com/s/files/1/0626/6119/8023/files/VALOR_MYSTIQUE_100_ML_EDP_SPRAY_-_Khadlaj_Perfumes-1966140.jpg?v=1722412542,5,VALOR MYSTIQUE 100 ML EDP SPRAY - Khadlaj Perfumes,,,,,,,,,,,,,,,,,,,,,,,,,,,,,,,,,,,,,,,,,,,,,,,,,,,,,,,,,,,
valor-mystique-100-ml-edp-spray,,,,,,,,,,,,,,,,,,,,,,,,,,,,,,,https://cdn.shopify.com/s/files/1/0626/6119/8023/files/VALOR_MYSTIQUE_100_ML_EDP_SPRAY_-_Khadlaj_Perfumes-1966143.jpg?v=1722412550,6,VALOR MYSTIQUE 100 ML EDP SPRAY - Khadlaj Perfumes,,,,,,,,,,,,,,,,,,,,,,,,,,,,,,,,,,,,,,,,,,,,,,,,,,,,,,,,,,,
valor-enigma-100-ml-edp-spray,VALOR ENIGMA 100 ML EDP SPRAY,"<p data-mce-fragment=""1"">Embark on a journey of intrigue and unyielding courage with VALOR ENIGMA by Khadlaj Perfumes, a fragrance that unveils the enigmatic allure of valor. Inspired by the strength found in the mysteries of the unknown, this scent is a symphony of notes meticulously crafted to capture the essence of courage and sophistication.</p>
<p data-mce-fragment=""1""><strong data-mce-fragment=""1"">Top Notes - Bergamot, Oregano</strong></p>
<p data-mce-fragment=""1""><strong data-mce-fragment=""1"">Middle Notes - Nutmeg, Musk</strong></p>
<p data-mce-fragment=""1""><strong data-mce-fragment=""1"">Base Notes - Patchouli, Cedarwood</strong></p>
<p data-mce-fragment=""1""><strong data-mce-fragment=""1"">Elegance in a Bottle:</strong> Encased in a bottle that echoes the enigmatic spirit within, VALOR ENIGMA reflects the sophistication synonymous with Khadlaj Perfumes. The sleek and mysterious design invites you to explore the depths of this fragrance, embodying the courage found in the unknown.</p>
<p data-mce-fragment=""1""><strong data-mce-fragment=""1"">Courageous Presence:</strong> VALOR ENIGMA is more than just a perfume; it's an embodiment of courage and mystery. Whether you're stepping into uncharted territories or seeking a signature scent for everyday wear, let this fragrance be your companion, enveloping you in an aura of enigmatic allure and strength.</p>
<p data-mce-fragment=""1""><strong data-mce-fragment=""1"">Unveil Your Valor:</strong> With its intriguing blend of notes, VALOR ENIGMA invites you to unveil your inner courage and embrace the mysteries that surround you. This fragrance is a celebration of valor and sophistication, leaving a trail of enigmatic allure wherever you go. Experience the timeless essence of VALOR ENIGMA by Khadlaj Perfumes – a fragrance crafted for those who dare to venture into the unknown with unyielding courage.</p>",Khadlaj-perfumes,Health & Beauty > Personal Care > Cosmetics > Perfumes & Colognes > Eaux de Parfum,PERFUME SPRAY,"30% offer, Deals, Men, Perfume Spray",true,Size,100 ML,,,,,,,,'6291107975979,1000.0,shopify,deny,manual,75.00,150.00,true,true,,,,,'6291107975979,https://cdn.shopify.com/s/files/1/0626/6119/8023/files/VALOR_ENIGMA_100_ML_EDP_SPRAY_-_Khadlaj_Perfumes-1966082.jpg?v=1783950074,1,VALOR ENIGMA 100 ML EDP SPRAY - Khadlaj Perfumes,false,Valor Enigma EDP Spray | Buy Perfume in UAE | Khadlaj Perfumes,"Searching for the best perfume in the UAE? Khadlaj Perfumes' Valor Enigma EDP offers a unique blend of bergamot, nutmeg, and patchouli. Buy the best perfume!",479,,,,,,,,,,,,"<div class=""pyramid-section_lists""><h6 style=""font-weight:600;"">Top Notes</h6>
<p>Bergamot, Oregano</p>
</div>
<div class=""pyramid-section_lists""><h6 style=""font-weight:600;"">Middle Notes</h6>
<p>Musk,  Nutmeg</p>
</div>
<div class=""pyramid-section_lists""><h6 style=""font-weight:600;"">Base Notes</h6>
<p>Patchouli, Cedarwood</p>
</div>",,,,,,,,,,special-occasion; casual; formal,,,citrus; spicy; patchouli; musk,fall; winter; summer; spring,male,,,,g,,,true,,,true,,,true,,,true,,,true,,,true,,,true,,,active
valor-enigma-100-ml-edp-spray,,,,,,,,,,,,,,,,,,,,,,,,,,,,,,,https://cdn.shopify.com/s/files/1/0626/6119/8023/files/VALOR_ENIGMA_100_ML_EDP_SPRAY_-_Khadlaj_Perfumes-1966079.jpg?v=1722412424,2,VALOR ENIGMA 100 ML EDP SPRAY - Khadlaj Perfumes,,,,,,,,,,,,,,,,,,,,,,,,,,,,,,,,,,,,,,,,,,,,,,,,,,,,,,,,,,,
valor-enigma-100-ml-edp-spray,,,,,,,,,,,,,,,,,,,,,,,,,,,,,,,https://cdn.shopify.com/s/files/1/0626/6119/8023/files/VALOR_ENIGMA_100_ML_EDP_SPRAY_-_Khadlaj_Perfumes-1966086.png?v=1722412439,3,VALOR ENIGMA 100 ML EDP SPRAY - Khadlaj Perfumes,,,,,,,,,,,,,,,,,,,,,,,,,,,,,,,,,,,,,,,,,,,,,,,,,,,,,,,,,,,
valor-enigma-100-ml-edp-spray,,,,,,,,,,,,,,,,,,,,,,,,,,,,,,,https://cdn.shopify.com/s/files/1/0626/6119/8023/files/VALOR_ENIGMA_100_ML_EDP_SPRAY_-_Khadlaj_Perfumes-1966089.jpg?v=1722412445,4,VALOR ENIGMA 100 ML EDP SPRAY - Khadlaj Perfumes,,,,,,,,,,,,,,,,,,,,,,,,,,,,,,,,,,,,,,,,,,,,,,,,,,,,,,,,,,,
valor-enigma-100-ml-edp-spray,,,,,,,,,,,,,,,,,,,,,,,,,,,,,,,https://cdn.shopify.com/s/files/1/0626/6119/8023/files/VALOR_ENIGMA_100_ML_EDP_SPRAY_-_Khadlaj_Perfumes-1966092.jpg?v=1722412452,5,VALOR ENIGMA 100 ML EDP SPRAY - Khadlaj Perfumes,,,,,,,,,,,,,,,,,,,,,,,,,,,,,,,,,,,,,,,,,,,,,,,,,,,,,,,,,,,
valor-enigma-100-ml-edp-spray,,,,,,,,,,,,,,,,,,,,,,,,,,,,,,,https://cdn.shopify.com/s/files/1/0626/6119/8023/files/VALOR_ENIGMA_100_ML_EDP_SPRAY_-_Khadlaj_Perfumes-1966095.jpg?v=1722412458,6,VALOR ENIGMA 100 ML EDP SPRAY - Khadlaj Perfumes,,,,,,,,,,,,,,,,,,,,,,,,,,,,,,,,,,,,,,,,,,,,,,,,,,,,,,,,,,,
khadlaj-25-integrity-100-ml-edp-spray,KHADLAJ 25 INTEGRITY 100 ML EDP SPRAY,"<p data-mce-fragment=""1"">Celebrate a quarter-century of excellence and integrity with KHADLAJ 25 INTEGRITY by Khadlaj Perfumes, a fragrance commemorating a legacy of sophistication and timeless allure. Launched on the special occasion of Khadlaj Perfumes' 25th anniversary, this scent is a testament to the brand's unwavering commitment to integrity and excellence.</p>
<p data-mce-fragment=""1""><strong data-mce-fragment=""1"">Top Notes - Grapefruit, Bergamot, Elemi:</strong> KHADLAJ 25 INTEGRITY opens with a burst of freshness, combining the zesty brightness of Grapefruit and Bergamot with the resinous allure of Elemi. This invigorating top note sets the stage for a fragrance journey that embodies the spirit of integrity and innovation.</p>
<p data-mce-fragment=""1""><strong data-mce-fragment=""1"">Middle Notes - Lavender, Cistus, Chestnut:</strong> As the fragrance evolves, the heart notes unveil a rich and captivating blend of Lavender, Cistus, and Chestnut. Lavender, with its calming and aromatic properties, adds a sense of tranquility and elegance. Cistus brings warmth and depth, while Chestnut infuses a hint of sweetness, creating a middle accord that is both comforting and sophisticated.</p>
<p data-mce-fragment=""1""><strong data-mce-fragment=""1"">Base Notes - Dry Woods, Tonka Bean, Vanilla:</strong> The grand finale of KHADLAJ 25 INTEGRITY is a base that leaves a lasting impression of depth and richness. Dry Woods provide a grounding foundation, while Tonka Bean and Vanilla add a touch of warmth and sweetness. This harmonious blend of base notes creates a sense of timeless allure and sophistication, reflecting the brand's commitment to integrity and excellence.</p>
<p data-mce-fragment=""1""><strong data-mce-fragment=""1"">Elegance in a Bottle:</strong> Encased in a bottle that exudes sophistication and refinement, KHADLAJ 25 INTEGRITY is a tribute to Khadlaj Perfumes' legacy of excellence. The sleek design and intricate detailing reflect the brand's dedication to quality and craftsmanship, making it a timeless addition to any fragrance collection.</p>
<p data-mce-fragment=""1""><strong data-mce-fragment=""1"">Celebrate Integrity:</strong> KHADLAJ 25 INTEGRITY is more than just a perfume; it's a celebration of integrity and excellence. Whether you're marking a special occasion or seeking a signature scent for everyday wear, let this fragrance be your reminder of the importance of staying true to your values and principles.</p>
<p data-mce-fragment=""1""><strong data-mce-fragment=""1"">Embrace the Legacy:</strong> With its captivating blend of notes, KHADLAJ 25 INTEGRITY invites you to embrace the legacy of Khadlaj Perfumes and the values it represents. This fragrance is a tribute to integrity, excellence, and the enduring pursuit of beauty and elegance. Experience the essence of KHADLAJ 25 INTEGRITY – a fragrance crafted for those who appreciate the timeless allure.</p>",Khadlaj-perfumes,Health & Beauty > Personal Care > Cosmetics > Perfumes & Colognes,PERFUME SPRAY,"30% offer, Deals, Men, Perfume Spray, UNISEX, Women",true,Size,100 ML,,,,,,,,'6291107975375,1000.0,shopify,deny,manual,75.00,150.00,true,true,,,,,'6291107975375,https://cdn.shopify.com/s/files/1/0626/6119/8023/files/KHADLAJ_25_INTEGRITY_100_ML_EDP_SPRAY_-_Khadlaj_Perfumes-1964925.jpg?v=1783949116,1,KHADLAJ 25 INTEGRITY 100 ML EDP SPRAY - Khadlaj Perfumes,false,Khadlaj 25 Integrity EDP | Best Perfume Online | Khadlaj Perfumes,"Looking for a unique, sophisticated fragrance? Khadlaj Perfumes' 25 Integrity EDP offers a luxurious scent for any occasion. Buy the best perfume online now!",,,,,,,,,,,,,"<div class=""pyramid-section_lists""><h6 style=""font-weight:600;"">Top Notes</h6>
<p>Grapefruit, Bergamot, Elemi</p>
</div>
<div class=""pyramid-section_lists""><h6 style=""font-weight:600;"">Middle Notes</h6>
<p>Lavender, Cistus, Chestnut</p>
</div>
<div class=""pyramid-section_lists""><h6 style=""font-weight:600;"">Base Notes</h6>
<p>Dry Woods, Tonka Bean, Vanilla</p>
</div>",,,,,,,,,,,,,,,,,,,g,,,true,,,true,,,true,,,true,,,true,,,true,,,true,,,active
khadlaj-25-integrity-100-ml-edp-spray,,,,,,,,,,,,,,,,,,,,,,,,,,,,,,,https://cdn.shopify.com/s/files/1/0626/6119/8023/files/KHADLAJ_25_INTEGRITY_100_ML_EDP_SPRAY_-_Khadlaj_Perfumes-1964922.jpg?v=1722410125,2,KHADLAJ 25 INTEGRITY 100 ML EDP SPRAY - Khadlaj Perfumes,,,,,,,,,,,,,,,,,,,,,,,,,,,,,,,,,,,,,,,,,,,,,,,,,,,,,,,,,,,
khadlaj-25-integrity-100-ml-edp-spray,,,,,,,,,,,,,,,,,,,,,,,,,,,,,,,https://cdn.shopify.com/s/files/1/0626/6119/8023/files/KHADLAJ_25_INTEGRITY_100_ML_EDP_SPRAY_-_Khadlaj_Perfumes-1964928.jpg?v=1722410135,3,KHADLAJ 25 INTEGRITY 100 ML EDP SPRAY - Khadlaj Perfumes,,,,,,,,,,,,,,,,,,,,,,,,,,,,,,,,,,,,,,,,,,,,,,,,,,,,,,,,,,,
khadlaj-25-integrity-100-ml-edp-spray,,,,,,,,,,,,,,,,,,,,,,,,,,,,,,,https://cdn.shopify.com/s/files/1/0626/6119/8023/files/KHADLAJ_25_INTEGRITY_100_ML_EDP_SPRAY_-_Khadlaj_Perfumes-1964931.jpg?v=1722410140,4,KHADLAJ 25 INTEGRITY 100 ML EDP SPRAY - Khadlaj Perfumes,,,,,,,,,,,,,,,,,,,,,,,,,,,,,,,,,,,,,,,,,,,,,,,,,,,,,,,,,,,
khadlaj-25-heritage-100-ml-edp-spray,KHADLAJ 25 HERITAGE 100 ML EDP SPRAY,"<p data-mce-fragment=""1"">Celebrate a legacy of splendor and tradition with KHADLAJ 25 HERITAGE by Khadlaj Perfumes, a fragrance crafted in honor of the brand's 25th anniversary. This special edition scent pays homage to Khadlaj Perfumes' rich heritage and unwavering commitment to excellence, presenting a timeless blend that resonates with the essence of tradition and sophistication.</p>
<p data-mce-fragment=""1""><strong data-mce-fragment=""1"">Top Notes - Bergamot, Geranium:</strong> KHADLAJ 25 HERITAGE opens with an intriguing burst of spice, captivating the senses with its aromatic complexity. This top note sets the stage for an olfactory journey that is both captivating and nostalgic, evoking memories of timeless elegance and refinement.</p>
<p data-mce-fragment=""1""><strong data-mce-fragment=""1"">Middle Notes - Cypriol, Nutmeg, Cardamom :</strong> As the fragrance unfolds, the heart notes reveal the earthy and exotic aroma of Cypriol. This distinctive note adds depth and character to the composition, embodying the essence of tradition and heritage. Cypriol infuses the fragrance with a sense of mystery and allure, inviting you to explore its rich and storied legacy.</p>
<p data-mce-fragment=""1""><strong data-mce-fragment=""1"">Base Notes - Cedarwood, Oud, Musk:</strong> The grand finale of KHADLAJ 25 HERITAGE is a base that exudes warmth and sophistication. Woody accords provide a solid foundation, grounding the fragrance in a sense of timeless elegance. This base note leaves a lasting impression, capturing the essence of tradition and heritage in every spritz.</p>
<p data-mce-fragment=""1""><strong data-mce-fragment=""1"">Elegance in a Bottle:</strong> Encased in a bottle that reflects the brand's heritage and legacy, KHADLAJ 25 HERITAGE is a tribute to Khadlaj Perfumes' journey of excellence. The classic design and intricate detailing pay homage to the brand's storied past, making it a cherished addition to any fragrance collection.</p>
<p data-mce-fragment=""1""><strong data-mce-fragment=""1"">Celebrate Tradition:</strong> KHADLAJ 25 HERITAGE is more than just a perfume; it's a celebration of tradition and legacy. Whether you're marking a special occasion or seeking a signature scent for everyday wear, let this fragrance be your reminder of the timeless elegance and refinement that define Khadlaj Perfumes.</p>
<p data-mce-fragment=""1""><strong data-mce-fragment=""1"">Embrace the Legacy:</strong> With its captivating blend of notes, KHADLAJ 25 HERITAGE invites you to embrace the brand's rich heritage and legacy of excellence. This fragrance is a tribute to tradition, sophistication, and the enduring pursuit of beauty and refinement. Experience the essence of KHADLAJ 25 HERITAGE – a fragrance crafted for those who appreciate the timeless allure of tradition and heritage.</p>",Khadlaj-perfumes,Health & Beauty > Personal Care > Cosmetics > Perfumes & Colognes,PERFUME SPRAY,"30% offer, Deals, Men, Perfume Spray, UNISEX, Women",true,Size,100 ML,,,,,,,,'6291107975368,1000.0,shopify,deny,manual,75.00,150.00,true,true,,,,,'6291107975368,https://cdn.shopify.com/s/files/1/0626/6119/8023/files/KHADLAJ_25_HERITAGE_100_ML_EDP_SPRAY_-_Khadlaj_Perfumes-1964913.jpg?v=1783949209,1,KHADLAJ 25 HERITAGE 100 ML EDP SPRAY - Khadlaj Perfumes,false,KHADLAJ 25 HERITAGE EDP 100ML | Perfume in UAE | Khadlaj Perfumes,Looking for perfume in UAE? Khadlaj Perfumes offers KHADLAJ 25 HERITAGE EDP 100ML – a timeless blend of tradition and sophistication. Order now!,,,,,,,,,,,,,"<div class=""pyramid-section_lists""><h6 style=""font-weight:600;"">Top Notes</h6>
<p>bergamot, geranium</p>
</div>
<div class=""pyramid-section_lists""><h6 style=""font-weight:600;"">Middle Notes</h6>
<p>Cypriol, nutmeg, cardamom</p>
</div>
<div class=""pyramid-section_lists""><h6 style=""font-weight:600;"">Base Notes</h6>
<p>cedarwood, oud, musk</p>
</div>",,,,,,,,,,,,,,,,,,,g,,,true,,,true,,,true,,,true,,,true,,,true,,,true,,,active
khadlaj-25-heritage-100-ml-edp-spray,,,,,,,,,,,,,,,,,,,,,,,,,,,,,,,https://cdn.shopify.com/s/files/1/0626/6119/8023/files/KHADLAJ_25_HERITAGE_100_ML_EDP_SPRAY_-_Khadlaj_Perfumes-1964909.png?v=1722410104,2,KHADLAJ 25 HERITAGE 100 ML EDP SPRAY - Khadlaj Perfumes,,,,,,,,,,,,,,,,,,,,,,,,,,,,,,,,,,,,,,,,,,,,,,,,,,,,,,,,,,,
khadlaj-25-heritage-100-ml-edp-spray,,,,,,,,,,,,,,,,,,,,,,,,,,,,,,,https://cdn.shopify.com/s/files/1/0626/6119/8023/files/KHADLAJ_25_HERITAGE_100_ML_EDP_SPRAY_-_Khadlaj_Perfumes-1964916.jpg?v=1722410114,3,KHADLAJ 25 HERITAGE 100 ML EDP SPRAY - Khadlaj Perfumes,,,,,,,,,,,,,,,,,,,,,,,,,,,,,,,,,,,,,,,,,,,,,,,,,,,,,,,,,,,
khadlaj-25-heritage-100-ml-edp-spray,,,,,,,,,,,,,,,,,,,,,,,,,,,,,,,https://cdn.shopify.com/s/files/1/0626/6119/8023/files/KHADLAJ_25_HERITAGE_100_ML_EDP_SPRAY_-_Khadlaj_Perfumes-1964919.jpg?v=1722410119,4,KHADLAJ 25 HERITAGE 100 ML EDP SPRAY - Khadlaj Perfumes,,,,,,,,,,,,,,,,,,,,,,,,,,,,,,,,,,,,,,,,,,,,,,,,,,,,,,,,,,,
khadlaj-25-experience-100-ml-edp-spray,KHADLAJ 25 EXPERIENCE 100 ML EDP SPRAY,"<p data-mce-fragment=""1"">Embark on a sensory journey with KHADLAJ 25 EXPERIENCE by Khadlaj Perfumes, a fragrance meticulously crafted to celebrate 25 years of olfactory mastery and sophistication. Launched on the special occasion of Khadlaj Perfumes' 25th anniversary, this scent is a tribute to the brand's commitment to creating unparalleled fragrance experiences.</p>
<p data-mce-fragment=""1""><strong data-mce-fragment=""1"">Top Notes - Bergamot, Eucalyptus, Cardamom:</strong> KHADLAJ 25 EXPERIENCE opens with a refreshing symphony of Bergamot, Eucalyptus, and Cardamom. The zesty brightness of Bergamot blends seamlessly with the invigorating essence of Eucalyptus, while Cardamom adds a touch of spice. This top note ensemble sets the stage for an experiential journey that captivates the senses.</p>
<p data-mce-fragment=""1""><strong data-mce-fragment=""1"">Middle Notes - Rose, Fig Tree Wood, Cedarwood:</strong> As the fragrance unfolds, the heart notes reveal an exquisite blend of florals and woods. Rose, the queen of flowers, infuses the composition with timeless elegance, while Fig Tree Wood adds a unique and earthy character. Cedarwood, with its warm and woody nuances, enhances the middle accord, creating a sensorial experience that is both sophisticated and captivating.</p>
<p data-mce-fragment=""1""><strong data-mce-fragment=""1"">Base Notes - Cashmeran, Incense, Sandalwood:</strong> The grand finale of KHADLAJ 25 EXPERIENCE is a base that leaves an indelible impression of depth and luxury. Cashmeran contributes a velvety and musky texture, while Incense adds a mystical and aromatic touch. Sandalwood, with its creamy and comforting notes, completes the fragrance, leaving a lasting trail that defines the essence of a truly remarkable olfactory experience.</p>
<p data-mce-fragment=""1""><strong data-mce-fragment=""1"">Elegance in a Bottle:</strong> Encased in a bottle that reflects the brand's dedication to luxury and sophistication, KHADLAJ 25 EXPERIENCE is an embodiment of the exceptional fragrance journey within. The sleek design and intricate detailing pay homage to Khadlaj Perfumes' quarter-century commitment to excellence.</p>
<p data-mce-fragment=""1""><strong data-mce-fragment=""1"">Celebrate the Experience:</strong> KHADLAJ 25 EXPERIENCE is more than just a perfume; it's a celebration of the art of fragrance creation. Whether you're marking a milestone or seeking a signature scent for everyday wear, let this fragrance be your reminder of the luxurious experiences that define Khadlaj Perfumes.</p>
<p data-mce-fragment=""1""><strong data-mce-fragment=""1"">Embrace the Journey:</strong> With its captivating blend of notes, KHADLAJ 25 EXPERIENCE invites you to embrace the journey of scent and sophistication. This fragrance is a tribute to the brand's legacy, leaving a trail of luxurious allure wherever you go. Experience the essence of KHADLAJ 25 EXPERIENCE by Khadlaj Perfumes – a fragrance crafted for those who appreciate the artistry of a truly exceptional olfactory experience.</p>",Khadlaj-perfumes,Health & Beauty > Personal Care > Cosmetics > Perfumes & Colognes,PERFUME SPRAY,"30% offer, Deals, Men, Perfume Spray",true,Size,100 ML,,,,,,,,'6291107975351,1000.0,shopify,deny,manual,75.00,150.00,true,true,,,,,'6291107975351,https://cdn.shopify.com/s/files/1/0626/6119/8023/files/KHADLAJ_25_EXPERIENCE_100_ML_EDP_SPRAY_-_Khadlaj_Perfumes-1964897.jpg?v=1783948901,1,KHADLAJ 25 EXPERIENCE 100 ML EDP SPRAY - Khadlaj Perfumes,false,Buy Khadlaj 25 Experience 100ml EDP | Khadlaj Perfumes,"Looking for a unisex perfume? Khadlaj 25 Experience 100ml EDP blends bergamot, rose & sandalwood—crafted to celebrate 25 years of fragrance excellence.",,,,,,,,,,,,,"<div class=""pyramid-section_lists""><h6 style=""font-weight:600;"">Top Notes</h6>
<p>Bergamot, Eucalyptus, Cardamom</p>
</div>
<div class=""pyramid-section_lists""><h6 style=""font-weight:600;"">Middle Notes</h6>
<p>Rose, Fig Tree Wood, Cedarwood</p>
</div>
<div class=""pyramid-section_lists""><h6 style=""font-weight:600;"">Base Notes</h6>
<p>Cashmeran, Incense, Sandalwood</p>
</div>",,,,,,,,,,,,,,,,,,,g,,,true,,,true,,,true,,,true,,,true,,,true,,,true,,,active
khadlaj-25-experience-100-ml-edp-spray,,,,,,,,,,,,,,,,,,,,,,,,,,,,,,,https://cdn.shopify.com/s/files/1/0626/6119/8023/files/KHADLAJ_25_EXPERIENCE_100_ML_EDP_SPRAY_-_Khadlaj_Perfumes-1964895.jpg?v=1722410074,2,KHADLAJ 25 EXPERIENCE 100 ML EDP SPRAY - Khadlaj Perfumes,,,,,,,,,,,,,,,,,,,,,,,,,,,,,,,,,,,,,,,,,,,,,,,,,,,,,,,,,,,
khadlaj-25-experience-100-ml-edp-spray,,,,,,,,,,,,,,,,,,,,,,,,,,,,,,,https://cdn.shopify.com/s/files/1/0626/6119/8023/files/KHADLAJ_25_EXPERIENCE_100_ML_EDP_SPRAY_-_Khadlaj_Perfumes-1964901.jpg?v=1722410090,3,KHADLAJ 25 EXPERIENCE 100 ML EDP SPRAY - Khadlaj Perfumes,,,,,,,,,,,,,,,,,,,,,,,,,,,,,,,,,,,,,,,,,,,,,,,,,,,,,,,,,,,
khadlaj-25-experience-100-ml-edp-spray,,,,,,,,,,,,,,,,,,,,,,,,,,,,,,,https://cdn.shopify.com/s/files/1/0626/6119/8023/files/KHADLAJ_25_EXPERIENCE_100_ML_EDP_SPRAY_-_Khadlaj_Perfumes-1964905.jpg?v=1722410098,4,KHADLAJ 25 EXPERIENCE 100 ML EDP SPRAY - Khadlaj Perfumes,,,,,,,,,,,,,,,,,,,,,,,,,,,,,,,,,,,,,,,,,,,,,,,,,,,,,,,,,,,
buy-khadlaj-25-trust-100-ml-edp-spray-best-gourmand-perfume-for-women,KHADLAJ 25 TRUST 100 ML EDP SPRAY,"<p data-mce-fragment=""1"">Experience the essence of trust and elegance with KHADLAJ 25 TRUST by Khadlaj Perfumes, a fragrance crafted to commemorate 25 years of timeless excellence. Launched on the auspicious occasion of Khadlaj Perfumes' 25th anniversary, this scent embodies the brand's unwavering commitment to trust, sophistication, and unparalleled quality.</p>
<p data-mce-fragment=""1""><strong data-mce-fragment=""1"">Top Notes - Bergamot, Vanila</strong></p>
<p data-mce-fragment=""1""><strong data-mce-fragment=""1"">Middle Notes - Pistachio, Jasmine, Raspberry</strong></p>
<p data-mce-fragment=""1""><strong data-mce-fragment=""1"">Base Notes - Caramel, Tonka, Sandalwood, Musky</strong>.</p>
<p data-mce-fragment=""1""><strong data-mce-fragment=""1"">Elegance in a Bottle:</strong> Encased in a bottle that reflects the brand's legacy of trust and elegance, KHADLAJ 25 TRUST is a testament to Khadlaj Perfumes' commitment to excellence. The timeless design and intricate detailing pay homage to the brand's rich heritage, making it a cherished addition to any fragrance collection.</p>
<p data-mce-fragment=""1""><strong data-mce-fragment=""1"">Celebrate Trust:</strong> KHADLAJ 25 TRUST is more than just a perfume; it's a celebration of trust, sophistication, and timeless elegance. Whether you're marking a special occasion or seeking a signature scent for everyday wear, let this fragrance be your reminder of the enduring values that define Khadlaj Perfumes.</p>
<p data-mce-fragment=""1""><strong data-mce-fragment=""1"">Embrace the Legacy:</strong> With its captivating blend of notes, KHADLAJ 25 TRUST invites you to embrace the legacy of Khadlaj Perfumes and the values it represents. This fragrance is a tribute to trust, sophistication, and the enduring pursuit of beauty and refinement. Experience the essence of KHADLAJ 25 TRUST by Khadlaj Perfumes – a fragrance crafted for those who appreciate the timeless allure of trust and elegance.</p>
<script type="""" application>
{
  """"@context"""": """"https://schema.org"""",
  """"@type"""": """"BreadcrumbList"""",
  """"itemListElement"""": [
    {
      """"@type"""": """"ListItem"""",
      """"position"""": 1,
      """"name"""": """"Home"""",
      """"item"""": """"https://khadlaj-perfumes.com/""""
    },
    {
      """"@type"""": """"ListItem"""",
      """"position"""": 2,
      """"name"""": """"Products"""",
      """"item"""": """"https://khadlaj-perfumes.com/products/""""
    },
    {
      """"@type"""": """"ListItem"""",
      """"position"""": 3,
      """"name"""": """"Khadlaj 25 Trust 100 ML EDP Spray"""",
      """"item"""": """"https://khadlaj-perfumes.com/products/buy-khadlaj-25-trust-100-ml-edp-spray-best-gourmand-perfume-for-women""""
    }
  ]
}
</script>",Khadlaj-perfumes,Health & Beauty > Personal Care > Cosmetics > Perfumes & Colognes,PERFUME SPRAY,"30% offer, Deals, Men, Perfume Spray, UNISEX, Women",true,Size,100 ML,,,,,,,,'6291107975399,1000.0,shopify,deny,manual,75.00,150.00,true,true,,,,,'6291107975399,https://cdn.shopify.com/s/files/1/0626/6119/8023/files/KHADLAJ_25_TRUST_100_ML_EDP_SPRAY_-_Khadlaj_Perfumes-1964947.jpg?v=1783948967,1,KHADLAJ 25 TRUST 100 ML EDP SPRAY - Khadlaj Perfumes,false,Khadlaj 25 Trust 100ml EDP | Buy Perfume UAE | Khadlaj Perfumes,"Looking for perfume in UAE? Khadlaj 25 Trust 100ml EDP blends pistachio, jasmine & caramel for a rich gourmand scent—crafted to mark 25 years. Shop now!",,,,,,,,,,,,,"<div class=""pyramid-section_lists""><h6 style=""font-weight:600;"">Top Notes</h6>
<p>Bergamot, Vanilla</p>
</div>
<div class=""pyramid-section_lists""><h6 style=""font-weight:600;"">Middle Notes</h6>
<p>Pistachio, Jasmine, Raspberry</p>
</div>
<div class=""pyramid-section_lists""><h6 style=""font-weight:600;"">Base Notes</h6>
<p>Caramel, Tonka, Sandalwood, Musk</p>
</div>",,,,,,,,,,everyday; formal; casual; special-occasion,,,citrus; vanilla; jasmine,fall; winter; spring; summer,female,,,,g,,,true,,,true,,,true,,,true,,,true,,,true,,,true,,,active
buy-khadlaj-25-trust-100-ml-edp-spray-best-gourmand-perfume-for-women,,,,,,,,,,,,,,,,,,,,,,,,,,,,,,,https://cdn.shopify.com/s/files/1/0626/6119/8023/files/KHADLAJ_25_TRUST_100_ML_EDP_SPRAY_-_Khadlaj_Perfumes-1964944.jpg?v=1722410174,2,KHADLAJ 25 TRUST 100 ML EDP SPRAY - Khadlaj Perfumes,,,,,,,,,,,,,,,,,,,,,,,,,,,,,,,,,,,,,,,,,,,,,,,,,,,,,,,,,,,
buy-khadlaj-25-trust-100-ml-edp-spray-best-gourmand-perfume-for-women,,,,,,,,,,,,,,,,,,,,,,,,,,,,,,,https://cdn.shopify.com/s/files/1/0626/6119/8023/files/KHADLAJ_25_TRUST_100_ML_EDP_SPRAY_-_Khadlaj_Perfumes-1964951.jpg?v=1722410189,3,KHADLAJ 25 TRUST 100 ML EDP SPRAY - Khadlaj Perfumes,,,,,,,,,,,,,,,,,,,,,,,,,,,,,,,,,,,,,,,,,,,,,,,,,,,,,,,,,,,
buy-khadlaj-25-trust-100-ml-edp-spray-best-gourmand-perfume-for-women,,,,,,,,,,,,,,,,,,,,,,,,,,,,,,,https://cdn.shopify.com/s/files/1/0626/6119/8023/files/KHADLAJ_25_TRUST_100_ML_EDP_SPRAY_-_Khadlaj_Perfumes-1964955.jpg?v=1722410207,4,KHADLAJ 25 TRUST 100 ML EDP SPRAY - Khadlaj Perfumes,,,,,,,,,,,,,,,,,,,,,,,,,,,,,,,,,,,,,,,,,,,,,,,,,,,,,,,,,,,
khadlaj-25-loyalty-100-ml-edp-spray-best-women-perfume-to-shop-online-dubai-uae,KHADLAJ 25 LOYALTY 100 ML EDP SPRAY,"<p data-mce-fragment=""1"">Celebrate the essence of loyalty and sophistication with KHADLAJ 25 LOYALTY by Khadlaj Perfumes, a fragrance created to honor 25 years of unwavering dedication and commitment. Launched on the special occasion of Khadlaj Perfumes' 25th anniversary, this scent embodies the brand's enduring loyalty to its heritage and values.</p>
<p data-mce-fragment=""1""><strong data-mce-fragment=""1"">Top Notes - Bergamot, Cherry</strong></p>
<p data-mce-fragment=""1""><strong data-mce-fragment=""1"">Middle Notes - Rose,  Jasmine, Saffron, Raspberry</strong> </p>
<p data-mce-fragment=""1""><strong data-mce-fragment=""1"">Base Notes - Amber, Sandalwood, Musk</strong></p>
<p data-mce-fragment=""1""><strong data-mce-fragment=""1"">Elegance in a Bottle:</strong> Encased in a bottle that reflects the brand's legacy of loyalty and sophistication, KHADLAJ 25 LOYALTY is a testament to Khadlaj Perfumes' commitment to excellence. The sleek design and intricate detailing pay homage to the brand's rich heritage, making it a cherished addition to any fragrance collection.</p>
<p data-mce-fragment=""1""><strong data-mce-fragment=""1"">Celebrate Loyalty:</strong> KHADLAJ 25 LOYALTY is more than just a perfume; it's a celebration of loyalty, elegance, and timeless beauty. Whether you're marking a special occasion or seeking a signature scent for everyday wear, let this fragrance be your reminder of the enduring values that define Khadlaj Perfumes.</p>
<p data-mce-fragment=""1""><strong data-mce-fragment=""1"">Embrace the Legacy:</strong> With its captivating blend of notes, KHADLAJ 25 LOYALTY invites you to embrace the legacy of Khadlaj Perfumes and the values it represents. This fragrance is a tribute to loyalty, sophistication, and the enduring pursuit of beauty and refinement. Experience the essence of KHADLAJ 25 LOYALTY by Khadlaj Perfumes – a fragrance crafted for those who appreciate the timeless allure of loyalty and elegance.</p>",Khadlaj-perfumes,Health & Beauty > Personal Care > Cosmetics > Perfumes & Colognes,PERFUME SPRAY,"30% offer, Deals, Men, Perfume Spray, UNISEX, Women",true,Size,100 ML,,,,,,,,'6291107975382,1000.0,shopify,deny,manual,75.00,150.00,true,true,,,,,'6291107975382,https://cdn.shopify.com/s/files/1/0626/6119/8023/files/KHADLAJ_25_LOYALTY_100_ML_EDP_SPRAY_-_Khadlaj_Perfumes-1964940.jpg?v=1783949037,1,KHADLAJ 25 LOYALTY 100 ML EDP SPRAY - Khadlaj Perfumes,false,Khadlaj 25 Loyalty EDP | Perfume for Women | Khadlaj perfumes,Looking for a perfume for women? Khadlaj Perfumes offers Khadlaj 25 Loyalty EDP — a scent reflecting Khadlaj’s loyalty to heritage and values. Shop now!,,,,,,,,,,,,,"<div class=""pyramid-section_lists""><h6 style=""font-weight:600;"">Top Notes</h6>
<p>Bergamot, Cherry</p>
</div>
<div class=""pyramid-section_lists""><h6 style=""font-weight:600;"">Middle Notes</h6>
<p>Rose,  Jasmine, Saffron, Raspberry</p>
</div>
<div class=""pyramid-section_lists""><h6 style=""font-weight:600;"">Base Notes</h6>
<p>Amber, Sandalwood, Musk</p>
</div>",,,,,,,,,,everyday; formal; casual; special-occasion,,,fruity; rose; citrus; sandalwood,fall; winter; spring; summer,female,,,,g,,,true,,,true,,,true,,,true,,,true,,,true,,,true,,,active
khadlaj-25-loyalty-100-ml-edp-spray-best-women-perfume-to-shop-online-dubai-uae,,,,,,,,,,,,,,,,,,,,,,,,,,,,,,,https://cdn.shopify.com/s/files/1/0626/6119/8023/files/KHADLAJ_25_LOYALTY_100_ML_EDP_SPRAY_-_Khadlaj_Perfumes-1964934.jpg?v=1722410154,2,KHADLAJ 25 LOYALTY 100 ML EDP SPRAY - Khadlaj Perfumes,,,,,,,,,,,,,,,,,,,,,,,,,,,,,,,,,,,,,,,,,,,,,,,,,,,,,,,,,,,
khadlaj-25-loyalty-100-ml-edp-spray-best-women-perfume-to-shop-online-dubai-uae,,,,,,,,,,,,,,,,,,,,,,,,,,,,,,,https://cdn.shopify.com/s/files/1/0626/6119/8023/files/KHADLAJ_25_LOYALTY_100_ML_EDP_SPRAY_-_Khadlaj_Perfumes-1964943.jpg?v=1722410166,3,KHADLAJ 25 LOYALTY 100 ML EDP SPRAY - Khadlaj Perfumes,,,,,,,,,,,,,,,,,,,,,,,,,,,,,,,,,,,,,,,,,,,,,,,,,,,,,,,,,,,
le-prestige-empress-100-ml-edp-spray-elegant-women-perfume-online-dubai-uae,LE PRESTIGE EMPRESS  100 ML EDP SPRAY,"<p data-mce-fragment=""1"">Step into a realm of regal elegance and undeniable allure with LÉ PRESTIGE EMPRESS by Khadlaj Perfumes, a fragrance that embodies the essence of majestic grace and sophistication. Inspired by the timeless allure of royalty, this scent is a tribute to the power and poise of the modern-day empress.</p>
<p data-mce-fragment=""1""><strong data-mce-fragment=""1"">Top Notes - Bergamot, Ginger</strong> </p>
<p data-mce-fragment=""1""><strong data-mce-fragment=""1"">Middle Notes - Rose, Violet</strong></p>
<p data-mce-fragment=""1""><strong data-mce-fragment=""1"">Base Notes - Patchouli, Vetiver, Cedarwood</strong></p>
<p data-mce-fragment=""1""><strong data-mce-fragment=""1"">Elegance in a Bottle:</strong> Encased in a bottle that exudes sophistication and refinement, LÉ PRESTIGE EMPRESS is a testament to the timeless allure of royalty. The sleek design and intricate detailing pay homage to the regal elegance synonymous with Khadlaj Perfumes, making it a cherished addition to any fragrance collection.</p>
<p data-mce-fragment=""1""><strong data-mce-fragment=""1"">Embrace Your Inner Empress:</strong> LÉ PRESTIGE EMPRESS is more than just a perfume; it's an embodiment of strength, grace, and sophistication. Whether you're preparing for a royal affair or seeking a signature scent for everyday wear, let this fragrance be your reminder of the power and poise that lies within.</p>
<p data-mce-fragment=""1""><strong data-mce-fragment=""1"">Experience the Majesty:</strong> With its captivating blend of notes, LÉ PRESTIGE EMPRESS invites you to experience the majesty of royalty. This fragrance is a celebration of elegance and sophistication, leaving a trail of regal allure wherever you go. Experience the essence of LÉ PRESTIGE EMPRESS by Khadlaj Perfumes – a fragrance crafted for those who dare to embrace their inner empress.</p>",Khadlaj-perfumes,Health & Beauty > Personal Care > Cosmetics > Perfumes & Colognes,PERFUME SPRAY,"30% offer, Deals, Perfume Spray, UNISEX, Women",true,Size,100 ML,,,,,,,,'6291107975948,1000.0,shopify,deny,manual,100.00,150.00,true,true,,,,,'6291107975948,https://cdn.shopify.com/s/files/1/0626/6119/8023/files/LE_PRESTIGE_EMPRESS_100_ML_EDP_SPRAY_-_Khadlaj_Perfumes-1965241.jpg?v=1783948693,1,LÉ PRESTIGE EMPRESS  100 ML EDP SPRAY - Khadlaj Perfumes,false,Le Prestige Empress 100ml EDP | Elegant Scent | Khadlaj Perfumes,"Looking for an elegant women's perfume? Le Prestige Empress 100ml EDP by Khadlaj Perfumes blends bergamot, rose & cedarwood for a graceful scent. Shop now!",,,,,,,,,,,,,"<div class=""pyramid-section_lists""><h6 style=""font-weight:600;"">Top Notes</h6>
<p>Bergamot, Ginger</p>
</div>
<div class=""pyramid-section_lists""><h6 style=""font-weight:600;"">Middle Notes</h6>
<p>Rose, Violet</p>
</div>
<div class=""pyramid-section_lists""><h6 style=""font-weight:600;"">Base Notes</h6>
<Patchouli, Vetiver, Cedarwood</p>
</div>",,,,,,,,,,special-occasion; casual; formal,,,citrus; rose; spicy,winter; fall; spring,female,,,,g,,,true,,,true,,,true,,,true,,,true,,,true,,,true,,,active
le-prestige-empress-100-ml-edp-spray-elegant-women-perfume-online-dubai-uae,,,,,,,,,,,,,,,,,,,,,,,,,,,,,,,https://cdn.shopify.com/s/files/1/0626/6119/8023/files/LE_PRESTIGE_EMPRESS_100_ML_EDP_SPRAY_-_Khadlaj_Perfumes-1965236.jpg?v=1722410776,2,LÉ PRESTIGE EMPRESS  100 ML EDP SPRAY - Khadlaj Perfumes,,,,,,,,,,,,,,,,,,,,,,,,,,,,,,,,,,,,,,,,,,,,,,,,,,,,,,,,,,,
le-prestige-empress-100-ml-edp-spray-elegant-women-perfume-online-dubai-uae,,,,,,,,,,,,,,,,,,,,,,,,,,,,,,,https://cdn.shopify.com/s/files/1/0626/6119/8023/files/LE_PRESTIGE_EMPRESS_100_ML_EDP_SPRAY_-_Khadlaj_Perfumes-1965243.jpg?v=1722410792,3,LÉ PRESTIGE EMPRESS  100 ML EDP SPRAY - Khadlaj Perfumes,,,,,,,,,,,,,,,,,,,,,,,,,,,,,,,,,,,,,,,,,,,,,,,,,,,,,,,,,,,
le-prestige-empress-100-ml-edp-spray-elegant-women-perfume-online-dubai-uae,,,,,,,,,,,,,,,,,,,,,,,,,,,,,,,https://cdn.shopify.com/s/files/1/0626/6119/8023/files/LE_PRESTIGE_EMPRESS_100_ML_EDP_SPRAY_-_Khadlaj_Perfumes-1965248.jpg?v=1722410800,4,LÉ PRESTIGE EMPRESS  100 ML EDP SPRAY - Khadlaj Perfumes,,,,,,,,,,,,,,,,,,,,,,,,,,,,,,,,,,,,,,,,,,,,,,,,,,,,,,,,,,,
