Handle,Title,Body (HTML),Vendor,Product Category,Type,Tags,Published,Option1 Name,Option1 Value,Option1 Linked To,Option2 Name,Option2 Value,Option2 Linked To,Option3 Name,Option3 Value,Option3 Linked To,Variant SKU,Variant Grams,Variant Inventory Tracker,Variant Inventory Policy,Variant Fulfillment Service,Variant Price,Variant Compare At Price,Variant Requires Shipping,Variant Taxable,Unit Price Total Measure,Unit Price Total Measure Unit,Unit Price Base Measure,Unit Price Base Measure Unit,Variant Barcodes,Image Src,Image Position,Image Alt Text,Gift Card,SEO Title,SEO Description,Google Shopping / Google Product Category,Google Shopping / Gender,Google Shopping / Age Group,Google Shopping / MPN,Google Shopping / Condition,Google Shopping / Custom Product,Google Shopping / Custom Label 0,Google Shopping / Custom Label 1,Google Shopping / Custom Label 2,Google Shopping / Custom Label 3,Google Shopping / Custom Label 4,PRE - ORDER DELIVERY (product.metafields.custom.pre_order_delivery),Pyramid Description (product.metafields.custom.pyramid_description),EComposer product countdown end at (product.metafields.ecomposer.countdown),EComposer product countdown start at (product.metafields.ecomposer.countdown_from),Google: Custom Product (product.metafields.mm-google-shopping.custom_product),Low stock threshold (product.metafields.sam.lowstockthreshold),Color (product.metafields.shopify.color-pattern),Dispenser type (product.metafields.shopify.dispenser-type),Fragrance (product.metafields.shopify.fragrance),Incense type (product.metafields.shopify.incense-type),Material (product.metafields.shopify.material),Occasion (product.metafields.shopify.occasion),Olfactory family (product.metafields.shopify.olfactory-family),Product form (product.metafields.shopify.product-form),Scent (product.metafields.shopify.scent),Season (product.metafields.shopify.season),Target gender (product.metafields.shopify.target-gender),Usage type (product.metafields.shopify.usage-type),EasifyBoxBuilderUrl (product.metafields._easifyboxbuilder.url),Variant Image,Variant Weight Unit,Variant Tax Code,Cost per item,Included / United Arab Emirates,Price / United Arab Emirates,Compare At Price / United Arab Emirates,Included / Bahrain,Price / Bahrain,Compare At Price / Bahrain,Included / KSA,Price / KSA,Compare At Price / KSA,Included / Kuwait,Price / Kuwait,Compare At Price / Kuwait,Included / NORTH AFRICA,Price / NORTH AFRICA,Compare At Price / NORTH AFRICA,Included / Oman,Price / Oman,Compare At Price / Oman,Included / Qatar,Price / Qatar,Compare At Price / Qatar,Status
lak-wahdak-3-pcs-gfit-set,LAK WAHDAK 3 PCS GIFT SET,"<p>An exclusive gift set with bestselling fragrances for women of the modern era.<br data-mce-fragment=""1""></p>
<p>SABA' A WARDAT</p>
<p>The high-quality perfumed lotion is safe for the skin.<br data-mce-fragment=""1""><br data-mce-fragment=""1"">SHIYAAKA WOMEN<br data-mce-fragment=""1""><br data-mce-fragment=""1"">The SHIYAAKA WOMEN perfume is an amazingly seductive scent that has an amazing long-lasting aroma. <br data-mce-fragment=""1""><br data-mce-fragment=""1"">Top Notes: Plumeria, Peony<br data-mce-fragment=""1"">Middle Notes: Lily of the Valley<br data-mce-fragment=""1"">Base Notes: Amber<br data-mce-fragment=""1""><br data-mce-fragment=""1""><br data-mce-fragment=""1"">ROSE AND ROMANCE <br data-mce-fragment=""1"">The floral concert is played by tonnes of graceful lilies with a soft aria of royal roses. Flowers intertwine fragrant chords among themselves and blend harmoniously into gentle embraces.</p>
<p><br data-mce-fragment=""1"">Top Notes: Tuberose<br data-mce-fragment=""1"">Middle Notes: Musk<br data-mce-fragment=""1"">Base Notes: Rose and Hyacinth</p>",Khadlaj-perfumes,Health & Beauty > Personal Care > Cosmetics > Perfumes & Colognes,Gift Sets,Deals,true,Size,Gift Set,,,,,,,,'6291107973661,1000.0,shopify,deny,manual,100.00,126.00,true,true,,,,,'6291107973661,https://cdn.shopify.com/s/files/1/0626/6119/8023/files/LAK_WAHDAK_3_PCS_GIFT_SET_-_Khadlaj_Perfumes-1965217.jpg?v=1722410731,1,LAK WAHDAK 3 PCS GIFT SET - Khadlaj Perfumes,false,"Rose, Amber, Musk Gift Fragrance | Luxury Gift Sets Online","Lak Wahdak 3 Pcs Gift Set – Discover a luxury perfume gift set crafted with elegant fragrances, perfect for women. Ideal for special occasions, premium gifting, and online shopping in UAE.",,,,,,,,,,,,,,,,,,,,,,,,,,,,,,,,g,,,true,,,true,,,true,,,true,,,true,,,true,,,true,,,active
dehnal-oudh-asal-non-alcoholic-pure-perfume-oil-shop-online-best-price-in-dubai-uae,DEHNAL OUDH ASAL 3 ML,"<style type=""text/css"" data-mce-fragment=""1""><!--
td {border: 1px solid #cccccc;}br {mso-data-placement:same-cell;}
--></style>
<span data-sheets-value='{""1"":2,""2"":""Experience the captivating allure of Dehn Al Oudh Asal, a pure oud perfume oil sourced from the lush landscapes of the Philippines. Immerse yourself in the rich and enchanting aroma of this exquisite fragrance, crafted to elevate your senses and evoke a sense of timeless elegance.\n\nDerived from the finest oud in the Philippines, Dehn Al Oudh Asal embodies the essence of luxury and sophistication. Each drop of this perfume oil is a testament to the highest quality, ensuring an unforgettable olfactory experience that lingers delicately on your skin and hair.\n\nDehn Al Oudh Asal not only offers a captivating fragrance but is also safe for your skin and hair. Its gentle formulation makes it suitable for all skin types, allowing you to indulge in its luxurious aroma without any concerns. The pure oud oil nourishes and enhances your skin and hair, leaving them feeling rejuvenated and revitalized.\n\nApplying this perfume oil is a sensory delight. Its smooth texture glides effortlessly onto your skin, absorbing quickly to release its mesmerizing scent that will accompany you throughout the day. Simply apply a few drops to your pulse points or gently massage it into your hair for an alluring and long-lasting fragrance experience.\n\nLet the timeless elegance of Dehn Al Oudh Asal transport you to a world of luxury and sophistication. This perfume oil is perfect for those who appreciate the exquisite aroma of pure oud and seek a touch of opulence in their daily lives or on special occasions. Embrace the captivating allure of Dehn Al Oudh Asal and make it a treasured addition to your fragrance collection, adding a distinct and irresistible charm to your personal style.""}' data-sheets-userformat='{""2"":15233,""3"":{""1"":0},""10"":0,""11"":4,""12"":0,""14"":{""1"":2,""2"":0},""15"":""Calibri"",""16"":11}' data-mce-fragment=""1"">Experience the captivating allure of Dehn Al Oudh Asal, a pure oud perfume oil sourced from the lush landscapes of the Philippines. Immerse yourself in the rich and enchanting aroma of this exquisite fragrance, crafted to elevate your senses and evoke a sense of timeless elegance.<br data-mce-fragment=""1""><br data-mce-fragment=""1"">Derived from the finest oud in the Philippines, Dehn Al Oudh Asal embodies the essence of luxury and sophistication. Each drop of this perfume oil is a testament to the highest quality, ensuring an unforgettable olfactory experience that lingers delicately on your skin and hair.<br data-mce-fragment=""1""><br data-mce-fragment=""1"">Dehn Al Oudh Asal not only offers a captivating fragrance but is also safe for your skin and hair. Its gentle formulation makes it suitable for all skin types, allowing you to indulge in its luxurious aroma without any concerns. The pure oud oil nourishes and enhances your skin and hair, leaving them feeling rejuvenated and revitalized.<br data-mce-fragment=""1""><br data-mce-fragment=""1"">Applying this perfume oil is a sensory delight. Its smooth texture glides effortlessly onto your skin, absorbing quickly to release its mesmerizing scent that will accompany you throughout the day. Simply apply a few drops to your pulse points or gently massage it into your hair for an alluring and long-lasting fragrance experience.<br data-mce-fragment=""1""><br data-mce-fragment=""1"">Let the timeless elegance of Dehn Al Oudh Asal transport you to a world of luxury and sophistication. This perfume oil is perfect for those who appreciate the exquisite aroma of pure oud and seek a touch of opulence in their daily lives or on special occasions. Embrace the captivating allure of Dehn Al Oudh Asal and make it a treasured addition to your fragrance collection, adding a distinct and irresistible charm to your personal style.</span>",Khadlaj-perfumes,Health & Beauty > Personal Care > Cosmetics > Perfumes & Colognes,DEHN AL OUDH,"DEHN AL OUDH, UNISEX",true,Size,3 ml,,,,,,,,'6291107970158,500.0,shopify,deny,manual,189.00,,true,true,,,,,'6291107970158,https://cdn.shopify.com/s/files/1/0626/6119/8023/files/DEHNAL_OUDH_ASAL_3_ML_-_Khadlaj_Perfumes-1964308.jpg?v=1722409153,1,DEHNAL OUDH ASAL 3 ML - Khadlaj Perfumes,false,"Oud, Honey, Musk Fragrance | Pure Non-Alcoholic Perfume Oil Online","Dehnal Oudh Asal perfume oil 12ml, non-alcoholic pure oud with warm honeyed notes. Luxury Arabic fragrance oil available online at best price in Dubai UAE.",,,,,,,,,,,,,"<div class=""pyramid-section_lists""><h6 style=""font-weight:600;"">Notes</h6>
<p>Pure Oud from Philipines </p>
</div>",,,,,,,,,,,,,,,,,,https://cdn.shopify.com/s/files/1/0626/6119/8023/files/DEHNAL_OUDH_ASAL_3_ML_-_Khadlaj_Perfumes-1964308.jpg?v=1722409153,g,,,true,,,true,,,true,,,true,,,true,,,true,,,true,,,active
dehnal-oudh-asal-non-alcoholic-pure-perfume-oil-shop-online-best-price-in-dubai-uae,,,,,,,,,,,,,,,,,,,,,,,,,,,,,,,https://cdn.shopify.com/s/files/1/0626/6119/8023/files/DEHNAL_OUDH_ASAL_3_ML_-_Khadlaj_Perfumes-1964311.jpg?v=1722409158,2,DEHNAL OUDH ASAL 3 ML - Khadlaj Perfumes,,,,,,,,,,,,,,,,,,,,,,,,,,,,,,,,,,,,,,,,,,,,,,,,,,,,,,,,,,,
dehnal-oud-turaas-non-alcoholic-pure-perfume-oil-shop-online-best-price-in-dubai-uae,DEHNAL OUD TURAAS 3ML,"<style type=""text/css"" data-mce-fragment=""1""><!--
td {border: 1px solid #cccccc;}br {mso-data-placement:same-cell;}
--></style>
<span data-sheets-value='{""1"":2,""2"":""Indulge in the luxurious essence of Dehn Al Oud Turaas, a pure oud perfume oil sourced from the exotic lands of Indonesia. Immerse yourself in the captivating aroma of this exquisite fragrance, meticulously crafted to elevate your senses and transport you to a realm of opulence and mystique.\n\nDerived from the finest oud in Indonesia, Dehn Al Oud Turaas exudes a rich and alluring scent that is truly captivating. Each drop of this perfume oil is a testament to the highest quality, ensuring an unforgettable olfactory experience that lingers on your skin and hair.\n\nNot only does Dehn Al Oud Turaas offer an exceptional fragrance, but it is also a safe choice for your skin and hair. Its gentle formulation makes it suitable for all skin types, allowing you to indulge in its luxurious aroma without any worries. The pure oud oil enriches your skin and hair, leaving them feeling nourished, refreshed, and rejuvenated.\n\nApplying this perfume oil is a sensory delight. Its velvety texture glides smoothly onto your skin, absorbing quickly to unveil a captivating scent that lingers throughout the day. Apply a few drops to your pulse points or gently run your fingers through your hair to experience the enchanting allure of Dehn Al Oud Turaas.\n\nEmbrace the enchantment of Dehn Al Oud Turaas and allow the pure oud from Indonesia to envelop your senses. This perfume oil is perfect for those seeking a touch of luxury and sophistication in their daily lives or for special occasions. Let the captivating aroma of Dehn Al Oud Turaas become an integral part of your fragrance collection, adding a distinct and irresistible allure to your personal style.""}' data-sheets-userformat='{""2"":15233,""3"":{""1"":0},""10"":0,""11"":4,""12"":0,""14"":{""1"":2,""2"":0},""15"":""Calibri"",""16"":11}' data-mce-fragment=""1"">Indulge in the luxurious essence of Dehn Al Oud Turaas, a pure oud perfume oil sourced from the exotic lands of Indonesia. Immerse yourself in the captivating aroma of this exquisite fragrance, meticulously crafted to elevate your senses and transport you to a realm of opulence and mystique.<br data-mce-fragment=""1""><br data-mce-fragment=""1"">Derived from the finest oud in Indonesia, Dehn Al Oud Turaas exudes a rich and alluring scent that is truly captivating. Each drop of this perfume oil is a testament to the highest quality, ensuring an unforgettable olfactory experience that lingers on your skin and hair.<br data-mce-fragment=""1""><br data-mce-fragment=""1"">Not only does Dehn Al Oud Turaas offer an exceptional fragrance, but it is also a safe choice for your skin and hair. Its gentle formulation makes it suitable for all skin types, allowing you to indulge in its luxurious aroma without any worries. The pure oud oil enriches your skin and hair, leaving them feeling nourished, refreshed, and rejuvenated.<br data-mce-fragment=""1""><br data-mce-fragment=""1"">Applying this perfume oil is a sensory delight. Its velvety texture glides smoothly onto your skin, absorbing quickly to unveil a captivating scent that lingers throughout the day. Apply a few drops to your pulse points or gently run your fingers through your hair to experience the enchanting allure of Dehn Al Oud Turaas.<br data-mce-fragment=""1""><br data-mce-fragment=""1"">Embrace the enchantment of Dehn Al Oud Turaas and allow the pure oud from Indonesia to envelop your senses. This perfume oil is perfect for those seeking a touch of luxury and sophistication in their daily lives or for special occasions. Let the captivating aroma of Dehn Al Oud Turaas become an integral part of your fragrance collection, adding a distinct and irresistible allure to your personal style.</span>",Khadlaj-perfumes,Health & Beauty > Personal Care > Cosmetics > Perfumes & Colognes,DEHN AL OUDH,"DEHN AL OUDH, UNISEX",true,Size,3 ml,,,,,,,,'6291107973623,500.0,shopify,deny,manual,95.00,,true,true,,,,,'6291107973623,https://cdn.shopify.com/s/files/1/0626/6119/8023/files/DEHNAL_OUD_TURAAS_3ML_-_Khadlaj_Perfumes-1964300.jpg?v=1722409143,1,DEHNAL OUD TURAAS 3ML - Khadlaj Perfumes,false,"Oud, Woody, Musk Fragrance | Luxury Non-Alcoholic Perfume Oil Online","Dehnal Oud Turaas pure perfume oil, non-alcoholic with woody oud richness. Premium oriental fragrance oil to shop online at best price in UAE.",,,,,,,,,,,,,"<div class=""pyramid-section_lists""><h6 style=""font-weight:600;"">Notes</h6>
<p>Pure Indonesian Oud </p>
</div>",,,,,,,,,,,,,,,,,,https://cdn.shopify.com/s/files/1/0626/6119/8023/files/DEHNAL_OUD_TURAAS_3ML_-_Khadlaj_Perfumes-1964300.jpg?v=1722409143,g,,,true,,,true,,,true,,,true,,,true,,,true,,,true,,,active
dehnal-oud-turaas-non-alcoholic-pure-perfume-oil-shop-online-best-price-in-dubai-uae,,,,,,,,,,,,,,,,,,,,,,,,,,,,,,,https://cdn.shopify.com/s/files/1/0626/6119/8023/files/DEHNAL_OUD_TURAAS_3ML_-_Khadlaj_Perfumes-1964304.jpg?v=1722409149,2,DEHNAL OUD TURAAS 3ML - Khadlaj Perfumes,,,,,,,,,,,,,,,,,,,,,,,,,,,,,,,,,,,,,,,,,,,,,,,,,,,,,,,,,,,
dehnal-oud-azeem-non-alcoholic-pure-perfume-oil-shop-online-best-price-in-dubai-uae,DEHNAL OUD AZEEM 3ML,"<style type=""text/css"" data-mce-fragment=""1""><!--
td {border: 1px solid #cccccc;}br {mso-data-placement:same-cell;}
--></style>
<span data-sheets-value=""{&quot;1&quot;:2,&quot;2&quot;:&quot;Indulge in the mesmerizing allure of Dehn Al Oud Azeem, a pure Cambodian oud perfume oil that embodies sophistication and luxury. Immerse yourself in the captivating aroma of this exquisite fragrance, meticulously crafted for those with discerning tastes.\n\nDerived from the finest Cambodian oud, Dehn Al Oud Azeem encapsulates the essence of this prized ingredient, known for its rich and enchanting scent. Each drop of this perfume oil is a testament to the highest quality, ensuring an unforgettable olfactory experience.\n\nDehn Al Oud Azeem is not only a fragrance of exceptional quality but also a safe choice for your skin and hair. Its gentle formulation makes it suitable for all skin types, allowing you to enjoy its luxurious scent without any concerns. The pure Cambodian oud oil enriches your skin and hair, leaving them feeling nourished and revitalized.\n\nThe application of this perfume oil is a delight for the senses. Its smooth texture glides effortlessly onto your skin, absorbing quickly to leave a subtle, lingering scent. Apply it to your pulse points or run a few drops through your hair for an exquisite aromatic experience that lasts throughout the day.\n\nImmerse yourself in the timeless elegance of Dehn Al Oud Azeem. Let its pure Cambodian oud aroma transport you to a world of opulence and refinement. Whether you're attending a special occasion or simply desire a touch of luxury in your everyday life, this perfume oil is sure to captivate and leave a lasting impression.\n\nExperience the magnificence of Dehn Al Oud Azeem and embrace the exquisite aroma of pure Cambodian oud. Elevate your fragrance collection with this remarkable perfume oil, designed to enhance your personal style and evoke an aura of sophistication and allure.&quot;}"" data-sheets-userformat='{""2"":15233,""3"":{""1"":0},""10"":0,""11"":4,""12"":0,""14"":{""1"":2,""2"":0},""15"":""Calibri"",""16"":11}' data-mce-fragment=""1"">Indulge in the mesmerizing allure of Dehn Al Oud Azeem, a pure Cambodian oud perfume oil that embodies sophistication and luxury. Immerse yourself in the captivating aroma of this exquisite fragrance, meticulously crafted for those with discerning tastes.<br data-mce-fragment=""1""><br data-mce-fragment=""1"">Derived from the finest Cambodian oud, Dehn Al Oud Azeem encapsulates the essence of this prized ingredient, known for its rich and enchanting scent. Each drop of this perfume oil is a testament to the highest quality, ensuring an unforgettable olfactory experience.<br data-mce-fragment=""1""><br data-mce-fragment=""1"">Dehn Al Oud Azeem is not only a fragrance of exceptional quality but also a safe choice for your skin and hair. Its gentle formulation makes it suitable for all skin types, allowing you to enjoy its luxurious scent without any concerns. The pure Cambodian oud oil enriches your skin and hair, leaving them feeling nourished and revitalized.<br data-mce-fragment=""1""><br data-mce-fragment=""1"">The application of this perfume oil is a delight for the senses. Its smooth texture glides effortlessly onto your skin, absorbing quickly to leave a subtle, lingering scent. Apply it to your pulse points or run a few drops through your hair for an exquisite aromatic experience that lasts throughout the day.<br data-mce-fragment=""1""><br data-mce-fragment=""1"">Immerse yourself in the timeless elegance of Dehn Al Oud Azeem. Let its pure Cambodian oud aroma transport you to a world of opulence and refinement. Whether you're attending a special occasion or simply desire a touch of luxury in your everyday life, this perfume oil is sure to captivate and leave a lasting impression.<br data-mce-fragment=""1""><br data-mce-fragment=""1"">Experience the magnificence of Dehn Al Oud Azeem and embrace the exquisite aroma of pure Cambodian oud. Elevate your fragrance collection with this remarkable perfume oil, designed to enhance your personal style and evoke an aura of sophistication and allure.</span>",Khadlaj-perfumes,Health & Beauty > Personal Care > Cosmetics > Perfumes & Colognes,DEHN AL OUDH,"DEHN AL OUDH, UNISEX",true,Size,3 ml,,,,,,,,'6291107973630,500.0,shopify,deny,manual,95.00,,true,true,,,,,'6291107973630,https://cdn.shopify.com/s/files/1/0626/6119/8023/files/DEHNAL_OUD_AZEEM_3ML_-_Khadlaj_Perfumes-1964293.jpg?v=1722409134,1,DEHNAL OUD AZEEM 3ML - Khadlaj Perfumes,false,"Oud, Amber, Oriental Fragrance | Premium Non-Alcoholic Perfume Oil Online","Dehnal Oud Azeem perfume oil, 12ml alcohol-free luxury oud fragrance with deep oriental notes. Shop this pure oud oil online at best price in Dubai UAE.",,,,,,,,,,,,,"<div class=""pyramid-section_lists""><h6 style=""font-weight:600;"">Notes</h6>
<p>Pure Cambodian Oud</p>
</div>",,,,,,,,,,,,,,,,,,https://cdn.shopify.com/s/files/1/0626/6119/8023/files/DEHNAL_OUD_AZEEM_3ML_-_Khadlaj_Perfumes-1964293.jpg?v=1722409134,g,,,true,,,true,,,true,,,true,,,true,,,true,,,true,,,active
dehnal-oud-azeem-non-alcoholic-pure-perfume-oil-shop-online-best-price-in-dubai-uae,,,,,,,,,,,,,,,,,,,,,,,,,,,,,,,https://cdn.shopify.com/s/files/1/0626/6119/8023/files/DEHNAL_OUD_AZEEM_3ML_-_Khadlaj_Perfumes-1964297.jpg?v=1722409138,2,DEHNAL OUD AZEEM 3ML - Khadlaj Perfumes,,,,,,,,,,,,,,,,,,,,,,,,,,,,,,,,,,,,,,,,,,,,,,,,,,,,,,,,,,,
dehn-al-oud-aqdam-non-alcoholic-pure-perfume-oil-shop-online-best-price-in-dubai-uae,DEHNAL OUD AQDAM 3ML,"<style type=""text/css"" data-mce-fragment=""1""><!--
td {border: 1px solid #cccccc;}br {mso-data-placement:same-cell;}
--></style>
<span data-sheets-value='{""1"":2,""2"":""Dehn Al Oud Aqdam, a pure Indian oud perfume oil crafted with the utmost care and precision. This exquisite fragrance is designed to captivate your senses and elevate your olfactory experience.\n\nDerived from the finest Indian oud, Dehn Al Oud Aqdam is a testament to the rich heritage and craftsmanship associated with oud oils. Each drop of this perfume oil carries the alluring and distinct aroma that is synonymous with the highest quality oud.\n\nWith its pure and authentic composition, Dehn Al Oud Aqdam is safe for both hair and skin, allowing you to indulge in its luxurious scent without any concerns. Its gentle formulation ensures a delightful and soothing experience, leaving you feeling refreshed and adorned with an irresistible fragrance.\n\nThe smooth and velvety texture of this perfume oil allows for easy application, effortlessly gliding onto your skin or hair. Its long-lasting scent lingers throughout the day, enveloping you in a captivating aura that is sure to leave a lasting impression.\n\nEmbrace the opulence of Dehn Al Oud Aqdam and let its intoxicating notes transport you to a world of elegance and sophistication. With its pure Indian oud composition, this perfume oil embodies the essence of luxury, allowing you to adorn yourself with the finest fragrant experience.\n\nElevate your personal fragrance collection with Dehn Al Oud Aqdam and immerse yourself in the captivating allure of pure Indian oud. Experience the luxurious sensation on your skin and hair, and let the enchanting aroma of this perfume oil captivate your senses and evoke a sense of refinement and indulgence.""}' data-sheets-userformat='{""2"":15233,""3"":{""1"":0},""10"":0,""11"":4,""12"":0,""14"":{""1"":2,""2"":0},""15"":""Calibri"",""16"":11}' data-mce-fragment=""1"">Dehn Al Oud Aqdam, a pure Indian oud perfume oil crafted with the utmost care and precision. This exquisite fragrance is designed to captivate your senses and elevate your olfactory experience.<br data-mce-fragment=""1""><br data-mce-fragment=""1"">Derived from the finest Indian oud, Dehn Al Oud Aqdam is a testament to the rich heritage and craftsmanship associated with oud oils. Each drop of this perfume oil carries the alluring and distinct aroma that is synonymous with the highest quality oud.<br data-mce-fragment=""1""><br data-mce-fragment=""1"">With its pure and authentic composition, Dehn Al Oud Aqdam is safe for both hair and skin, allowing you to indulge in its luxurious scent without any concerns. Its gentle formulation ensures a delightful and soothing experience, leaving you feeling refreshed and adorned with an irresistible fragrance.<br data-mce-fragment=""1""><br data-mce-fragment=""1"">The smooth and velvety texture of this perfume oil allows for easy application, effortlessly gliding onto your skin or hair. Its long-lasting scent lingers throughout the day, enveloping you in a captivating aura that is sure to leave a lasting impression.<br data-mce-fragment=""1""><br data-mce-fragment=""1"">Embrace the opulence of Dehn Al Oud Aqdam and let its intoxicating notes transport you to a world of elegance and sophistication. With its pure Indian oud composition, this perfume oil embodies the essence of luxury, allowing you to adorn yourself with the finest fragrant experience.<br data-mce-fragment=""1""><br data-mce-fragment=""1"">Elevate your personal fragrance collection with Dehn Al Oud Aqdam and immerse yourself in the captivating allure of pure Indian oud. Experience the luxurious sensation on your skin and hair, and let the enchanting aroma of this perfume oil captivate your senses and evoke a sense of refinement and indulgence.</span>",Khadlaj-perfumes,Health & Beauty > Personal Care > Cosmetics > Perfumes & Colognes,DEHN AL OUDH,"DEHN AL OUDH, UNISEX",true,Size,3 ml,,,,,,,,'6291107973647,500.0,shopify,deny,manual,95.00,,true,true,,,,,'6291107973647,https://cdn.shopify.com/s/files/1/0626/6119/8023/files/DEHNAL_OUD_AQDAM_3ML_-_Khadlaj_Perfumes-1964287.jpg?v=1722409125,1,DEHNAL OUD AQDAM 3ML - Khadlaj Perfumes,false,"Oud, Amber, Musk Fragrance | Alcohol-Free Perfume Oil","Oud, amber, and musk blend in a luxurious alcohol-free perfume oil for long-lasting fragrance and elegance. Shop premium scents online.",,,,,,,,,,,,,"<div class=""pyramid-section_lists""><h6 style=""font-weight:600;"">Notes</h6>
<p>Pure Indian Oud</p>
</div>",,,,,,,,,,,,,,,,,,https://cdn.shopify.com/s/files/1/0626/6119/8023/files/DEHNAL_OUD_AQDAM_3ML_-_Khadlaj_Perfumes-1964287.jpg?v=1722409125,g,,,true,,,true,,,true,,,true,,,true,,,true,,,true,,,active
dehn-al-oud-aqdam-non-alcoholic-pure-perfume-oil-shop-online-best-price-in-dubai-uae,,,,,,,,,,,,,,,,,,,,,,,,,,,,,,,https://cdn.shopify.com/s/files/1/0626/6119/8023/files/DEHNAL_OUD_AQDAM_3ML_-_Khadlaj_Perfumes-1964290.jpg?v=1722409129,2,DEHNAL OUD AQDAM 3ML - Khadlaj Perfumes,,,,,,,,,,,,,,,,,,,,,,,,,,,,,,,,,,,,,,,,,,,,,,,,,,,,,,,,,,,
wild-indonesian-oud-spray-shop-online-best-price-in-dubai-uae,WILD INDONESIAN OUD PURE EDP SPRAY 60 ML,"<p>Created by our Founder &amp; Master Perfumer, Mr. Mohamed Iqbal Abdul Sattar, Wild Indonesian Oud Pure is a powerful new Eau de Parfum spray from the House of Khadlaj Perfumes. This bold fragrance is crafted for true oud connoisseurs, featuring the raw intensity of pure Dehnal Oud throughout its composition, from top to base notes. Rich, deep, and uncompromising, it delivers a long-lasting and authentic oud experience, making it an ideal choice for men who appreciate timeless luxury and pure oriental perfumery.</p>
<p> </p>",Khadlaj-perfumes,Health & Beauty > Personal Care > Cosmetics > Perfumes & Colognes > Eaux de Parfum,PERFUME SPRAY,"Deals, Men, Perfume Spray",true,Size,60 ML,,,,,,,,'6291107974620,1000.0,shopify,deny,manual,150.00,200.00,true,true,,,,,'6291107974620,https://cdn.shopify.com/s/files/1/0626/6119/8023/files/WildIndonesian-01.jpg?v=1764136665,1,WILD INDONESIAN OUD PURE EDP SPRAY 60 ML - Khadlaj Perfumes,false,Wild Indonesian Oud Perfume | Oud Perfume in UAE | Khadlaj Perfumes,"Shop Wild Indonesian Oud Perfume from Khadlaj Perfumes – an exotic oud perfume in UAE with deep, woody notes. Perfect for those who love rich oriental scents. Order Now!",,,,,,,,,,,,,,,,,,,,,,,,,,,,,,,,g,,,true,,,true,,,true,,,true,,,true,,,true,,,true,,,active
wild-indonesian-oud-spray-shop-online-best-price-in-dubai-uae,,,,,,,,,,,,,,,,,,,,,,,,,,,,,,,https://cdn.shopify.com/s/files/1/0626/6119/8023/files/Wild_Indonesian-03.jpg?v=1764136718,2,WILD INDONESIAN OUD PURE EDP SPRAY 60 ML - Khadlaj Perfumes,,,,,,,,,,,,,,,,,,,,,,,,,,,,,,,,,,,,,,,,,,,,,,,,,,,,,,,,,,,
wild-indonesian-oud-spray-shop-online-best-price-in-dubai-uae,,,,,,,,,,,,,,,,,,,,,,,,,,,,,,,https://cdn.shopify.com/s/files/1/0626/6119/8023/files/Wild_Indonesian-04.jpg?v=1764136825,3,WILD INDONESIAN OUD PURE EDP SPRAY 60 ML - Khadlaj Perfumes,,,,,,,,,,,,,,,,,,,,,,,,,,,,,,,,,,,,,,,,,,,,,,,,,,,,,,,,,,,
wild-indonesian-oud-spray-shop-online-best-price-in-dubai-uae,,,,,,,,,,,,,,,,,,,,,,,,,,,,,,,https://cdn.shopify.com/s/files/1/0626/6119/8023/files/Wild_Indonesian-02.jpg?v=1764136772,4,WILD INDONESIAN OUD PURE EDP SPRAY 60 ML - Khadlaj Perfumes,,,,,,,,,,,,,,,,,,,,,,,,,,,,,,,,,,,,,,,,,,,,,,,,,,,,,,,,,,,
bakhoor-dukhoon-maknoon-48gm-shop-online-best-price-in-dubai-uae,BAKHOOR DUKHOON MAKNOON 100 G,"<style type=""text/css"" data-mce-fragment=""1""><!--
td {border: 1px solid #cccccc;}br {mso-data-placement:same-cell;}
--></style>
<span data-sheets-value=""{&quot;1&quot;:2,&quot;2&quot;:&quot;Experience the enchanting aroma of Bukhoor Dukhoon Maknoon, a captivating home fragrance that creates a luxurious and inviting ambiance. This exquisite blend of carefully selected notes will transport you to a world of beauty and serenity.\n\nThe top notes of rose and musk gracefully open the fragrance, filling your space with a delicate and romantic essence. The soft, floral scent of rose intertwines with the sensual allure of musk, setting a serene and captivating atmosphere.\n\nAs the fragrance develops, the middle notes of geranium and rose take center stage, infusing the air with their sweet and floral bouquet. The combination of these floral notes creates a harmonious and uplifting experience, enhancing the overall ambiance of your home.\n\nFinally, the base notes of oudh, sandalwood, and amber provide a warm and grounding foundation to the fragrance. The rich and woody aroma of oudh blends seamlessly with the smooth and creamy notes of sandalwood, while the lingering warmth of amber adds a touch of luxurious comfort.\n\nBukhoor Dukhoon Maknoon is designed to be used with traditional incense burners or electric bakhoor burners, filling your home with its enchanting scent. Whether you're looking to create a serene and inviting atmosphere for relaxation or to infuse your space with a touch of elegance, this home fragrance will add a sense of luxury and sophistication to any room.\n\nIndulge in the timeless beauty of Bukhoor Dukhoon Maknoon and let its exquisite blend of rose, musk, geranium, oudh, sandalwood, and amber transform your home into a sanctuary of tranquility and refinement. Directions for use: Place a coal on a bukhoor burner and ensure to use a foil underneath to prevent overheating. Place the Bukhoor tablet on the coal to release the captivating fragrance. Keep the burner on elevated surfaces, away from flames, direct heat, and sunlight. Remember to store it out of reach of children for safety.&quot;}"" data-sheets-userformat='{""2"":15233,""3"":{""1"":0},""10"":0,""11"":4,""12"":0,""14"":{""1"":2,""2"":0},""15"":""Calibri"",""16"":11}' data-mce-fragment=""1"">Experience the enchanting aroma of Bukhoor Dukhoon Maknoon, a captivating home fragrance that creates a luxurious and inviting ambiance. This exquisite blend of carefully selected notes will transport you to a world of beauty and serenity.<br data-mce-fragment=""1""><br data-mce-fragment=""1"">The top notes of rose and musk gracefully open the fragrance, filling your space with a delicate and romantic essence. The soft, floral scent of rose intertwines with the sensual allure of musk, setting a serene and captivating atmosphere.<br data-mce-fragment=""1""><br data-mce-fragment=""1"">As the fragrance develops, the middle notes of geranium and rose take center stage, infusing the air with their sweet and floral bouquet. The combination of these floral notes creates a harmonious and uplifting experience, enhancing the overall ambiance of your home.<br data-mce-fragment=""1""><br data-mce-fragment=""1"">Finally, the base notes of oudh, sandalwood, and amber provide a warm and grounding foundation to the fragrance. The rich and woody aroma of oudh blends seamlessly with the smooth and creamy notes of sandalwood, while the lingering warmth of amber adds a touch of luxurious comfort.<br data-mce-fragment=""1""><br data-mce-fragment=""1"">Bukhoor Dukhoon Maknoon is designed to be used with traditional incense burners or electric bakhoor burners, filling your home with its enchanting scent. Whether you're looking to create a serene and inviting atmosphere for relaxation or to infuse your space with a touch of elegance, this home fragrance will add a sense of luxury and sophistication to any room.<br data-mce-fragment=""1""><br data-mce-fragment=""1"">Indulge in the timeless beauty of Bukhoor Dukhoon Maknoon and let its exquisite blend of rose, musk, geranium, oudh, sandalwood, and amber transform your home into a sanctuary of tranquility and refinement. Directions for use: Place a coal on a bukhoor burner and ensure to use a foil underneath to prevent overheating. Place the Bukhoor tablet on the coal to release the captivating fragrance. Keep the burner on elevated surfaces, away from flames, direct heat, and sunlight. Remember to store it out of reach of children for safety.</span>",Khadlaj-perfumes,Health & Beauty > Personal Care > Cosmetics > Perfumes & Colognes,BAKHOOR,"Bakhoor, Unisex",true,Size,100 g,,,,,,,,'6291107970448,500.0,shopify,deny,manual,74.00,,true,true,,,,,'6291107970448,https://cdn.shopify.com/s/files/1/0626/6119/8023/files/BAKHOOR_DUKHOON_MAKNOON_100_G_-_Khadlaj_Perfumes-1964057.jpg?v=1722408777,1,BAKHOOR DUKHOON MAKNOON 100 G - Khadlaj Perfumes,false,"Woody, Floral Fragrance | Premium Home Ambiance Online Store","Shop Khadlaj Bakhoor Dukhoon Maknoon 48g — premium oud bakhoor, bakhoor perfume, and perfume and fragrance. Best bakhoor in UAE for home ambiance.",,,,,,,,,,,,,"<div class=""pyramid-section_lists""><h6 style=""font-weight:600;"">Top Notes</h6>
<p>Rose, Musk</p>
</div>
<div class=""pyramid-section_lists""><h6 style=""font-weight:600;"">Middle Notes</h6>
<p>Geranium, Rose</p>
</div>
<div class=""pyramid-section_lists""><h6 style=""font-weight:600;"">Base Notes</h6>
<p>Oudh, Sandalwood, Amber </p>
</div>",,,,,,,,,,,,,,,,,,https://cdn.shopify.com/s/files/1/0626/6119/8023/files/BAKHOOR_DUKHOON_MAKNOON_100_G_-_Khadlaj_Perfumes-1964057.jpg?v=1722408777,g,,,true,,,true,,,true,,,true,,,true,,,true,,,true,,,active
bakhoor-dukhoon-maknoon-48gm-shop-online-best-price-in-dubai-uae,,,,,,,,,,,,,,,,,,,,,,,,,,,,,,,https://cdn.shopify.com/s/files/1/0626/6119/8023/files/BAKHOOR_DUKHOON_MAKNOON_100_G_-_Khadlaj_Perfumes-1964060.jpg?v=1722408782,2,BAKHOOR DUKHOON MAKNOON 100 G - Khadlaj Perfumes,,,,,,,,,,,,,,,,,,,,,,,,,,,,,,,,,,,,,,,,,,,,,,,,,,,,,,,,,,,
bakhoor-dhiyafa-120gm-shop-online-best-price-in-dubai-uae,BAKHOOR DHIYAFA 120GM,"<style type=""text/css"" data-mce-fragment=""1""><!--
td {border: 1px solid #cccccc;}br {mso-data-placement:same-cell;}
--></style>
<span data-sheets-value=""{&quot;1&quot;:2,&quot;2&quot;:&quot;Elevate your home with the enticing aroma of Bukhoor Dhiyaafa, a captivating home fragrance that brings a sense of elegance and warmth to any space. This carefully crafted blend of notes is designed to create an inviting and enchanting ambiance.\n\nThe top notes of ylang ylang and lemon greet you with their vibrant and uplifting essence. The sweet and exotic scent of ylang ylang combines harmoniously with the zesty freshness of lemon, instantly invigorating your surroundings.\n\nAs the fragrance develops, the heart notes of rose and jasmine take center stage, enveloping the air with their intoxicating floral bouquet. The romantic and timeless aroma of rose blends seamlessly with the sensual and captivating allure of jasmine, creating a beautifully balanced and soothing atmosphere.\n\nFinally, the base notes of patchouli, vetiver, violet, and musk provide a grounding and comforting foundation to the fragrance. The earthy and woody notes of patchouli and vetiver mingle with the delicate and powdery scent of violet, while the warm and inviting embrace of musk adds a touch of sensuality.\n\nBukhoor Dhiyaafa is designed to be used with traditional incense burners or electric bakhoor burners, allowing you to effortlessly infuse your home with its alluring scent. Whether you're seeking a tranquil environment for relaxation or a cozy atmosphere for gatherings, this home fragrance will create an ambiance of sophistication and serenity.\n\nIndulge in the captivating beauty of Bukhoor Dhiyaafa and let its blend of ylang ylang, lemon, rose, jasmine, patchouli, vetiver, violet, and musk transport you to a world of enchantment and tranquility within the comfort of your home. Directions for use: Place a coal on a bukhoor burner and ensure to use a foil underneath to prevent overheating. Place the Bukhoor tablet on the coal to release the captivating fragrance. Keep the burner on elevated surfaces, away from flames, direct heat, and sunlight. Remember to store it out of reach of children for safety.&quot;}"" data-sheets-userformat='{""2"":15233,""3"":{""1"":0},""10"":0,""11"":4,""12"":0,""14"":{""1"":2,""2"":0},""15"":""Calibri"",""16"":11}' data-mce-fragment=""1"">Elevate your home with the enticing aroma of Bukhoor Dhiyaafa, a captivating home fragrance that brings a sense of elegance and warmth to any space. This carefully crafted blend of notes is designed to create an inviting and enchanting ambiance.<br data-mce-fragment=""1""><br data-mce-fragment=""1"">The top notes of ylang ylang and lemon greet you with their vibrant and uplifting essence. The sweet and exotic scent of ylang ylang combines harmoniously with the zesty freshness of lemon, instantly invigorating your surroundings.<br data-mce-fragment=""1""><br data-mce-fragment=""1"">As the fragrance develops, the heart notes of rose and jasmine take center stage, enveloping the air with their intoxicating floral bouquet. The romantic and timeless aroma of rose blends seamlessly with the sensual and captivating allure of jasmine, creating a beautifully balanced and soothing atmosphere.<br data-mce-fragment=""1""><br data-mce-fragment=""1"">Finally, the base notes of patchouli, vetiver, violet, and musk provide a grounding and comforting foundation to the fragrance. The earthy and woody notes of patchouli and vetiver mingle with the delicate and powdery scent of violet, while the warm and inviting embrace of musk adds a touch of sensuality.<br data-mce-fragment=""1""><br data-mce-fragment=""1"">Bukhoor Dhiyaafa is designed to be used with traditional incense burners or electric bakhoor burners, allowing you to effortlessly infuse your home with its alluring scent. Whether you're seeking a tranquil environment for relaxation or a cozy atmosphere for gatherings, this home fragrance will create an ambiance of sophistication and serenity.<br data-mce-fragment=""1""><br data-mce-fragment=""1"">Indulge in the captivating beauty of Bukhoor Dhiyaafa and let its blend of ylang ylang, lemon, rose, jasmine, patchouli, vetiver, violet, and musk transport you to a world of enchantment and tranquility within the comfort of your home. Directions for use: Place a coal on a bukhoor burner and ensure to use a foil underneath to prevent overheating. Place the Bukhoor tablet on the coal to release the captivating fragrance. Keep the burner on elevated surfaces, away from flames, direct heat, and sunlight. Remember to store it out of reach of children for safety.</span>",Khadlaj-perfumes,Home & Garden > Decor > Home Fragrances > Incense,BAKHOOR,"Bakhoor, Unisex",true,Size,120 g,,,,,,,,'6291107973920,500.0,shopify,deny,manual,90.00,,true,true,,,,,'6291107973920,https://cdn.shopify.com/s/files/1/0626/6119/8023/files/BAKHOOR_DHIYAFA_120GM_-_Khadlaj_Perfumes-1964046.jpg?v=1722408763,1,BAKHOOR DHIYAFA 120GM - Khadlaj Perfumes,false,"Buy 120 GM DHIYAFA Bakhoor in UAE, Dubai  - Khadlaj Perfumes","Looking for Bakhoor? Khadlaj Perfumes Offers Dhiyafa 120g Bakhoor with Heart Notes of Rose and Jasmine, Featuring a Soothing Rose Aroma That Promotes Relaxation.",3686,,,,,,,,,,,,"<div class=""pyramid-section_lists""><h6 style=""font-weight:600;"">Top Notes</h6>
<p>Ylang Ylang, Lemon</p>
</div>
<div class=""pyramid-section_lists""><h6 style=""font-weight:600;"">Middle Notes</h6>
<p>Rose, Jasmine</p>
</div>
<div class=""pyramid-section_lists""><h6 style=""font-weight:600;"">Base Notes</h6>
<p>Patchouli, Vetiver, Violet, Musk</p>
</div>",,,,,,,,,,,,,,,,,,https://cdn.shopify.com/s/files/1/0626/6119/8023/files/BAKHOOR_DHIYAFA_120GM_-_Khadlaj_Perfumes-1964046.jpg?v=1722408763,g,,,true,,,true,,,true,,,true,,,true,,,true,,,true,,,active
bakhoor-dhiyafa-120gm-shop-online-best-price-in-dubai-uae,,,,,,,,,,,,,,,,,,,,,,,,,,,,,,,https://cdn.shopify.com/s/files/1/0626/6119/8023/files/BAKHOOR_DHIYAFA_120GM_-_Khadlaj_Perfumes-1964052.jpg?v=1722408770,2,BAKHOOR DHIYAFA 120GM - Khadlaj Perfumes,,,,,,,,,,,,,,,,,,,,,,,,,,,,,,,,,,,,,,,,,,,,,,,,,,,,,,,,,,,
bakhoor-belad-zayed-120gm-shop-online-best-price-in-dubai-uae,BAKHOOR BELAD ZAYED 120GM,"<style type=""text/css"" data-mce-fragment=""1""><!--
td {border: 1px solid #cccccc;}br {mso-data-placement:same-cell;}
--></style>
<span data-sheets-value=""{&quot;1&quot;:2,&quot;2&quot;:&quot;Experience the essence of luxury and elegance with Bukhoor Belad Zayad, a captivating home fragrance that elevates your living space to new heights. This meticulously crafted scent brings together a harmonious blend of notes, creating an inviting and enchanting ambiance.\n\nAt the top, the captivating aroma of rose takes center stage, infusing the air with its romantic and delicate essence. The floral sweetness of rose petals fills the room, creating an atmosphere of beauty and tranquility. Complementing the rose, the sensual and alluring notes of musk add depth and sophistication to the fragrance, leaving a lasting impression.\n\nAs the fragrance develops, the heart notes of geranium and amber emerge, bringing a sense of warmth and richness to the composition. The floral and slightly spicy nuances of geranium blend seamlessly with the deep and resinous aroma of amber, creating a captivating olfactory experience that delights the senses.\n\nIn the base, the majestic notes of oudh and cashmere leave a lasting impression. The woody and smoky facets of oudh, also known as agarwood, infuse the fragrance with a touch of exoticism and luxury. The soft and velvety embrace of cashmere adds a sense of comfort and warmth, making Bukhoor Belad Zayad the perfect choice for creating a cozy and inviting atmosphere.\n\nIndulge in the opulence of Bukhoor Belad Zayad and let its blend of rose, musk, geranium, amber, oudh, and cashmere transport you to a world of sophistication and serenity within the comfort of your home. Whether you're looking to unwind after a long day or create a captivating ambiance for special occasions, this home fragrance will captivate your senses and create a truly memorable experience. Directions for use: Place a coal on a bukhoor burner and ensure to use a foil underneath to prevent overheating. Place the Bukhoor tablet on the coal to release the captivating fragrance. Keep the burner on elevated surfaces, away from flames, direct heat, and sunlight. Remember to store it out of reach of children for safety.&quot;}"" data-sheets-userformat='{""2"":15233,""3"":{""1"":0},""10"":0,""11"":4,""12"":0,""14"":{""1"":2,""2"":0},""15"":""Calibri"",""16"":11}' data-mce-fragment=""1"">Experience the essence of luxury and elegance with Bukhoor Belad Zayad, a captivating home fragrance that elevates your living space to new heights. This meticulously crafted scent brings together a harmonious blend of notes, creating an inviting and enchanting ambiance.<br data-mce-fragment=""1""><br data-mce-fragment=""1"">At the top, the captivating aroma of rose takes center stage, infusing the air with its romantic and delicate essence. The floral sweetness of rose petals fills the room, creating an atmosphere of beauty and tranquility. Complementing the rose, the sensual and alluring notes of musk add depth and sophistication to the fragrance, leaving a lasting impression.<br data-mce-fragment=""1""><br data-mce-fragment=""1"">As the fragrance develops, the heart notes of geranium and amber emerge, bringing a sense of warmth and richness to the composition. The floral and slightly spicy nuances of geranium blend seamlessly with the deep and resinous aroma of amber, creating a captivating olfactory experience that delights the senses.<br data-mce-fragment=""1""><br data-mce-fragment=""1"">In the base, the majestic notes of oudh and cashmere leave a lasting impression. The woody and smoky facets of oudh, also known as agarwood, infuse the fragrance with a touch of exoticism and luxury. The soft and velvety embrace of cashmere adds a sense of comfort and warmth, making Bukhoor Belad Zayad the perfect choice for creating a cozy and inviting atmosphere.<br data-mce-fragment=""1""><br data-mce-fragment=""1"">Indulge in the opulence of Bukhoor Belad Zayad and let its blend of rose, musk, geranium, amber, oudh, and cashmere transport you to a world of sophistication and serenity within the comfort of your home. Whether you're looking to unwind after a long day or create a captivating ambiance for special occasions, this home fragrance will captivate your senses and create a truly memorable experience. Directions for use: Place a coal on a bukhoor burner and ensure to use a foil underneath to prevent overheating. Place the Bukhoor tablet on the coal to release the captivating fragrance. Keep the burner on elevated surfaces, away from flames, direct heat, and sunlight. Remember to store it out of reach of children for safety.</span>",Khadlaj-perfumes,Home & Garden > Decor > Home Fragrances > Incense,BAKHOOR,"Bakhoor, Unisex",true,Size,120 g,,,,,,,,'6291107971933,500.0,shopify,deny,manual,90.00,,true,true,,,,,'6291107971933,https://cdn.shopify.com/s/files/1/0626/6119/8023/files/BAKHOOR_BELAD_ZAYED_120GM_-_Khadlaj_Perfumes-1964033.jpg?v=1722408741,1,BAKHOOR BELAD ZAYED 120GM - Khadlaj Perfumes,false,Best 120 Gm Belad Zayed Bakhoor Online - Khadlaj Perfumes,Looking for Bakhoor? Khadlaj Perfumes Offers Belad Zayed 120 Gram Bakhoor with Floral Sweetness of Rose Petals That Fills the Room. Check Out Now!,3686,,,,,,,,,,,,"<div class=""pyramid-section_lists""><h6 style=""font-weight:600;"">Top Notes</h6>
<p>Rose, Musk</p>
</div>
<div class=""pyramid-section_lists""><h6 style=""font-weight:600;"">Middle Notes</h6>
<p>Geranium, Amber</p>
</div>
<div class=""pyramid-section_lists""><h6 style=""font-weight:600;"">Base Notes</h6>
<p>Oudh, Cashmere</p>
</div>",,,,,,,,,,,,,,,,,,https://cdn.shopify.com/s/files/1/0626/6119/8023/files/BAKHOOR_BELAD_ZAYED_120GM_-_Khadlaj_Perfumes-1964033.jpg?v=1722408741,g,,,true,,,true,,,true,,,true,,,true,,,true,,,true,,,active
bakhoor-belad-zayed-120gm-shop-online-best-price-in-dubai-uae,,,,,,,,,,,,,,,,,,,,,,,,,,,,,,,https://cdn.shopify.com/s/files/1/0626/6119/8023/files/BAKHOOR_BELAD_ZAYED_120GM_-_Khadlaj_Perfumes-1964036.jpg?v=1722408746,2,BAKHOOR BELAD ZAYED 120GM - Khadlaj Perfumes,,,,,,,,,,,,,,,,,,,,,,,,,,,,,,,,,,,,,,,,,,,,,,,,,,,,,,,,,,,
bakhoor-amaar-shop-online-best-price-in-dubai-uae,BAKHOOR AMAAR 100 GMS,"<style type=""text/css"" data-mce-fragment=""1""><!--
td {border: 1px solid #cccccc;}br {mso-data-placement:same-cell;}
--></style>
<span data-sheets-value=""{&quot;1&quot;:2,&quot;2&quot;:&quot;Elevate your home with the enchanting scent of Bukhoor Amaar. This exquisite home fragrance is carefully crafted to create an inviting and captivating ambiance that will leave a lasting impression on all who enter.\n\nAt the top, the vibrant and zesty notes of bergamot awaken the senses, accompanied by the luscious aromas of plum, peach, and neroli. This fruity medley adds a touch of sweetness and freshness, setting the stage for an aromatic journey that unfolds throughout your space.\n\nAs the fragrance develops, the heart notes of ylang-ylang, jasmine, blackcurrant, and tuberose take center stage. The intoxicating floral bouquet fills the air, creating a sense of elegance and sophistication. The creamy and sensual ylang-ylang blends harmoniously with the delicate and alluring jasmine, while the juicy blackcurrant and the rich and exotic tuberose add depth and complexity to the composition.\n\nIn the base, the warm and comforting notes of musk, sandalwood, and vanilla create a harmonious foundation for the fragrance. The smooth and velvety musk adds a touch of sensuality, while the woody and creamy nuances of sandalwood provide a sense of grounding and serenity. The sweet and creamy vanilla brings a comforting and cozy element, enveloping your space in a warm and inviting embrace.\n\nBukhoor Amaar is the perfect choice to infuse your home with a luxurious and captivating fragrance. Whether you're looking to create an inviting atmosphere for guests or seeking a soothing and relaxing ambiance for yourself, this home fragrance will transport you to a realm of elegance and tranquility. Indulge in the harmonious blend of bergamot, plum, peach, neroli, ylang-ylang, jasmine, blackcurrant, tuberose, musk, sandalwood, and vanilla, and let your space come alive with the enchanting scents of Bukhoor Amaar. Directions for use: Place a coal on a bukhoor burner and ensure to use a foil underneath to prevent overheating. Place the Bukhoor tablet on the coal to release the captivating fragrance. Keep the burner on elevated surfaces, away from flames, direct heat, and sunlight. Remember to store it out of reach of children for safety.&quot;}"" data-sheets-userformat='{""2"":15233,""3"":{""1"":0},""10"":0,""11"":4,""12"":0,""14"":{""1"":2,""2"":0},""15"":""Calibri"",""16"":11}' data-mce-fragment=""1"">Elevate your home with the enchanting scent of Bukhoor Amaar. This exquisite home fragrance is carefully crafted to create an inviting and captivating ambiance that will leave a lasting impression on all who enter.<br data-mce-fragment=""1""><br data-mce-fragment=""1"">At the top, the vibrant and zesty notes of bergamot awaken the senses, accompanied by the luscious aromas of plum, peach, and neroli. This fruity medley adds a touch of sweetness and freshness, setting the stage for an aromatic journey that unfolds throughout your space.<br data-mce-fragment=""1""><br data-mce-fragment=""1"">As the fragrance develops, the heart notes of ylang-ylang, jasmine, blackcurrant, and tuberose take center stage. The intoxicating floral bouquet fills the air, creating a sense of elegance and sophistication. The creamy and sensual ylang-ylang blends harmoniously with the delicate and alluring jasmine, while the juicy blackcurrant and the rich and exotic tuberose add depth and complexity to the composition.<br data-mce-fragment=""1""><br data-mce-fragment=""1"">In the base, the warm and comforting notes of musk, sandalwood, and vanilla create a harmonious foundation for the fragrance. The smooth and velvety musk adds a touch of sensuality, while the woody and creamy nuances of sandalwood provide a sense of grounding and serenity. The sweet and creamy vanilla brings a comforting and cozy element, enveloping your space in a warm and inviting embrace.<br data-mce-fragment=""1""><br data-mce-fragment=""1"">Bukhoor Amaar is the perfect choice to infuse your home with a luxurious and captivating fragrance. Whether you're looking to create an inviting atmosphere for guests or seeking a soothing and relaxing ambiance for yourself, this home fragrance will transport you to a realm of elegance and tranquility. Indulge in the harmonious blend of bergamot, plum, peach, neroli, ylang-ylang, jasmine, blackcurrant, tuberose, musk, sandalwood, and vanilla, and let your space come alive with the enchanting scents of Bukhoor Amaar. Directions for use: Place a coal on a bukhoor burner and ensure to use a foil underneath to prevent overheating. Place the Bukhoor tablet on the coal to release the captivating fragrance. Keep the burner on elevated surfaces, away from flames, direct heat, and sunlight. Remember to store it out of reach of children for safety.</span>
<script type="""" application>
{
  """"@context"""": """"https://schema.org/"""",
  """"@type"""": """"Product"""",
  """"name"""": """"Buy Bakhoor Amaar Online | Best Bakhoor in UAE | Khadlaj Perfumes"""",
  """"image"""": """"https://khadlaj-perfumes.com/products/bakhoor-amaar-shop-online-best-price-in-dubai-uae"""",
  """"description"""": """"Buy Bakhoor Amaar online from Khadlaj Perfumes – the best bakhoor in UAE. Enjoy long-lasting fragrance with premium quality at the best price in Dubai. Order Today!"""",
  """"sku"""": """"Bakhoor-Amaar"""",
  """"brand"""": {
    """"@type"""": """"Brand"""",
    """"name"""": """"Khadlaj Perfumes""""
  }
}
</script>",Khadlaj-perfumes,Home & Garden > Decor > Home Fragrances > Incense,BAKHOOR,"Bakhoor, Unisex",true,Size,100 g,,,,,,,,'6291107974637,500.0,shopify,deny,manual,53.00,,true,true,,,,,'6291107974637,https://cdn.shopify.com/s/files/1/0626/6119/8023/files/BAKHOOR_AMAAR_100_GMS_-_Khadlaj_Perfumes-1963980.jpg?v=1722408666,1,BAKHOOR AMAAR 100 GMS - Khadlaj Perfumes,false,Buy Bakhoor Amaar Online | Best Bakhoor in UAE | Khadlaj Perfumes,"Buy Bakhoor Amaar online from Khadlaj Perfumes – the best bakhoor in UAE. Enjoy long-lasting fragrance with premium quality at the best price in Dubai. Order Today!
",3686,,,,,,,,,,,,"<div class=""pyramid-section_lists""><h6 style=""font-weight:600;"">Top Notes</h6>
<p>Bergamot, Plum, Peach, Neroli</p>
</div>
<div class=""pyramid-section_lists""><h6 style=""font-weight:600;"">Middle Notes</h6>
<p>Ylang-Ylang, Jasmine, Blackcurrant, Tuberose.</p>
</div>
<div class=""pyramid-section_lists""><h6 style=""font-weight:600;"">Base Notes</h6>
<p>Musk, Sandalwood, Vanilla </p>
</div>",,,,,,,,,,,,,,,,,,https://cdn.shopify.com/s/files/1/0626/6119/8023/files/BAKHOOR_AMAAR_100_GMS_-_Khadlaj_Perfumes-1963985.jpg?v=1722408671,g,,,true,,,true,,,true,,,true,,,true,,,true,,,true,,,active
bakhoor-amaar-shop-online-best-price-in-dubai-uae,,,,,,,,,,,,,,,,,,,,,,,,,,,,,,,https://cdn.shopify.com/s/files/1/0626/6119/8023/files/BAKHOOR_AMAAR_100_GMS_-_Khadlaj_Perfumes-1963985.jpg?v=1722408671,2,BAKHOOR AMAAR 100 GMS - Khadlaj Perfumes,,,,,,,,,,,,,,,,,,,,,,,,,,,,,,,,,,,,,,,,,,,,,,,,,,,,,,,,,,,
barwaaz-3-pcs-gift-set-for-him-her,BARWAAZ 3 PCS GIFT SET FOR HIM & HER,"<p>The BARWAAZ GIFT SET embrace elegance and sophistication with the new and exclusive BARWAAZ GIFT SET from the house of khadlaj.Uniquely designed bespoke gift set with fragrances for him and her.<br data-mce-fragment=""1""><br data-mce-fragment=""1"">The luxurious gift tailored for the elegant and classy, this gift set includes - Barwaaz saddle brown, Miss Premier, Barwaaz sporty red.<br data-mce-fragment=""1""><br data-mce-fragment=""1""><br data-mce-fragment=""1"">Barwaaz Sporty Red<br data-mce-fragment=""1""><br data-mce-fragment=""1"">Top Notes: Lemon, Mandarin, Eucalyptus<br data-mce-fragment=""1""><br data-mce-fragment=""1"">Middle Notes: Lavender, Geranium, Aquatic accord<br data-mce-fragment=""1""><br data-mce-fragment=""1"">Base Notes: Dry wood, Patchouli, Amber Musk<br data-mce-fragment=""1""><br data-mce-fragment=""1""><br data-mce-fragment=""1"">Barwaaz Saddle Brown<br data-mce-fragment=""1""><br data-mce-fragment=""1"">Top Notes: Citrus, Dry, Woody<br data-mce-fragment=""1""><br data-mce-fragment=""1"">Middle Notes: Lily of the valley, Rosy green, White floral<br data-mce-fragment=""1""><br data-mce-fragment=""1"">Base Notes: Earthy, Rooty, Tonka beans, Vanilla<br data-mce-fragment=""1""><br data-mce-fragment=""1""></p>
<p>Miss Premiere<br data-mce-fragment=""1""><br data-mce-fragment=""1"">Top Notes: Black Currant, Raspberry, White flower<br data-mce-fragment=""1""><br data-mce-fragment=""1"">Middle Notes: Jasmine, Rose,Violet<br data-mce-fragment=""1""><br data-mce-fragment=""1"">Base Notes: Musky, Raspberry, Sandalwood</p>",Khadlaj-perfumes,Health & Beauty > Personal Care > Cosmetics > Perfumes & Colognes,,,false,Size,Gift Set,,,,,,,,,1000.0,shopify,continue,manual,165.00,,true,true,,,,,,https://cdn.shopify.com/s/files/1/0626/6119/8023/files/BARWAAZ_3_PCS_GIFT_SET_FOR_HIM_HER_-_Khadlaj_Perfumes-1964196.jpg?v=1722408990,1,BARWAAZ 3 PCS GIFT SET FOR HIM & HER - Khadlaj Perfumes,false,,,,,,,,,,,,,,,,,,,,,,,,,,,,,,,,,,g,,,true,,,true,,,true,,,true,,,true,,,true,,,true,,,active
barwaaz-3-pcs-gift-set-for-him-her,,,,,,,,,,,,,,,,,,,,,,,,,,,,,,,https://cdn.shopify.com/s/files/1/0626/6119/8023/files/BARWAAZ_3_PCS_GIFT_SET_FOR_HIM_HER_-_Khadlaj_Perfumes-1964200.jpg?v=1722408995,2,BARWAAZ 3 PCS GIFT SET FOR HIM & HER - Khadlaj Perfumes,,,,,,,,,,,,,,,,,,,,,,,,,,,,,,,,,,,,,,,,,,,,,,,,,,,,,,,,,,,
barwaaz-3-pcs-gift-set-for-him-her,,,,,,,,,,,,,,,,,,,,,,,,,,,,,,,https://cdn.shopify.com/s/files/1/0626/6119/8023/files/BARWAAZ_3_PCS_GIFT_SET_FOR_HIM_HER_-_Khadlaj_Perfumes-1964204.jpg?v=1722409001,3,BARWAAZ 3 PCS GIFT SET FOR HIM & HER - Khadlaj Perfumes,,,,,,,,,,,,,,,,,,,,,,,,,,,,,,,,,,,,,,,,,,,,,,,,,,,,,,,,,,,
shiyaaka-3-pcs-gift-set-for-him-her,SHIYAAKA 3 PCS GIFT SET FOR HIM & HER,"An exclusive gift set from the house of Khadlaj with your favorite set of perfumes, a perfect present for your loved ones on any occasion or you can spoil yourself with the most exclusive gift of mesmerizing and unique fragrances. <br data-mce-fragment=""1""><br data-mce-fragment=""1"">This gift set includes: SHIYAAKA for her, LA FEDE Statesman for him &amp; SHIYAAKA for him<br data-mce-fragment=""1""><br data-mce-fragment=""1"">SHIYAAKA for Men<br data-mce-fragment=""1"">Top notes: Petit Grain, Rosemary, Pink pepper <br data-mce-fragment=""1"">Middle note: Ylang-ylang, Neroli, Orris root, Jasmine <br data-mce-fragment=""1"">Base notes : Cedar, Vetivet, Patchouli, Sandalwood<br data-mce-fragment=""1""><br data-mce-fragment=""1""><br data-mce-fragment=""1"">SHIYAAKA for Women<br data-mce-fragment=""1"">Top Notes: Plumeria, Peony<br data-mce-fragment=""1"">Middle Notes: Lily of the Valley <br data-mce-fragment=""1"">Base Notes: Amber<br data-mce-fragment=""1""> <br data-mce-fragment=""1""><br data-mce-fragment=""1"">LA FEDE Statesman<br data-mce-fragment=""1"">Top Notes: Saffron<br data-mce-fragment=""1"">Middle Notes: Leather, Cedarwood, Patchouli <br data-mce-fragment=""1"">Base Notes: Vetiver, Amber, Vanilla",Khadlaj-perfumes,Health & Beauty > Personal Care > Cosmetics > Perfumes & Colognes,Gift Sets,,false,Size,Gift Set,,,,,,,,,1000.0,shopify,continue,manual,175.00,,true,true,,,,,,https://cdn.shopify.com/s/files/1/0626/6119/8023/files/SHIYAAKA_3_PCS_GIFT_SET_FOR_HIM_HER_-_Khadlaj_Perfumes-1965939.jpg?v=1722412137,1,SHIYAAKA 3 PCS GIFT SET FOR HIM & HER - Khadlaj Perfumes,false,,,,,,,,,,,,,,,,,,,,,,,,,,,,,,,,,,g,,,true,,,true,,,true,,,true,,,true,,,true,,,true,,,active
shiyaaka-3-pcs-gift-set-for-him-her,,,,,,,,,,,,,,,,,,,,,,,,,,,,,,,https://cdn.shopify.com/s/files/1/0626/6119/8023/files/SHIYAAKA_3_PCS_GIFT_SET_FOR_HIM_HER_-_Khadlaj_Perfumes-1965942.jpg?v=1722412143,2,SHIYAAKA 3 PCS GIFT SET FOR HIM & HER - Khadlaj Perfumes,,,,,,,,,,,,,,,,,,,,,,,,,,,,,,,,,,,,,,,,,,,,,,,,,,,,,,,,,,,
shiyaaka-3-pcs-gift-set-for-him-her,,,,,,,,,,,,,,,,,,,,,,,,,,,,,,,https://cdn.shopify.com/s/files/1/0626/6119/8023/files/SHIYAAKA_3_PCS_GIFT_SET_FOR_HIM_HER_-_Khadlaj_Perfumes-1965945.jpg?v=1722412149,3,SHIYAAKA 3 PCS GIFT SET FOR HIM & HER - Khadlaj Perfumes,,,,,,,,,,,,,,,,,,,,,,,,,,,,,,,,,,,,,,,,,,,,,,,,,,,,,,,,,,,
frash-dalouaa-air-freshener-shop-online-best-price-in-dubai-uae,FRASH DALOUAA AIR FRESHENER 320ML,"<style data-mce-fragment=""1"" type=""text/css""><!--
td {border: 1px solid #cccccc;}br {mso-data-placement:same-cell;}
--></style>
<span data-mce-fragment=""1"" data-sheets-userformat='{""2"":15233,""3"":{""1"":0},""10"":0,""11"":4,""12"":0,""14"":{""1"":2,""2"":0},""15"":""Calibri"",""16"":11}' data-sheets-value='{""1"":2,""2"":""Dalouaa Air Freshener, a captivating fragrance spray designed to elevate your surroundings with its enchanting aroma. With its delightful blend of notes, this air freshener creates a soothing and inviting ambiance. Its non-alcoholic formula and versatile application make it suitable for enhancing the scent of clothes, ironing, curtains, sofas, powder rooms, and even your car.\n\nTo experience the refreshing scent of Dalouaa Air Freshener, simply hold the bottle upright and spray a fine mist into the air. You can direct the spray towards the desired area or allow it to disperse naturally, enveloping the space with its amazing aroma.\n\nThe fragrance composition of Dalouaa Air Freshener features the following notes:\n\nTop Notes: Rose, Lily: The elegant and romantic scent of rose blends harmoniously with the delicate and captivating aroma of lily, creating a floral and refreshing opening that sets a delightful ambiance.\n\nMiddle Notes: Iris, Violet: The soft and powdery notes of iris combine with the gentle and enchanting fragrance of violet, adding a touch of elegance and tranquility to the overall scent experience.\n\nBase Notes: Cedarwood, Vanilla: The woody and warm notes of cedarwood are beautifully complemented by the creamy and sweet aroma of vanilla, creating a comforting and inviting base that lingers in the air.\n\nTo enjoy the captivating aroma of Dalouaa Air Freshener, spray it in the air to create a soothing and inviting ambiance. Its non-alcoholic formula ensures a safe and enjoyable experience, while its versatile application allows you to enhance the scent of various surfaces. Use it on clothes, during ironing, on curtains, sofas, in powder rooms, or even in your car to create a refreshing and relaxing atmosphere. Immerse yourself in the delightful blend of rose, lily, iris, violet, cedarwood, and vanilla, and let the fragrance transport you to a world of serenity and tranquility.""}'>Dalouaa Air Freshener, a captivating fragrance spray designed to elevate your surroundings with its enchanting aroma. With its delightful blend of notes, this air freshener creates a soothing and inviting ambiance. Its non-alcoholic formula and versatile application make it suitable for enhancing the scent of clothes, ironing, curtains, sofas, powder rooms, and even your car.<br data-mce-fragment=""1""><br data-mce-fragment=""1"">To experience the refreshing scent of Dalouaa Air Freshener, simply hold the bottle upright and spray a fine mist into the air. You can direct the spray towards the desired area or allow it to disperse naturally, enveloping the space with its amazing aroma.<br data-mce-fragment=""1""><br data-mce-fragment=""1"">The fragrance composition of Dalouaa Air Freshener features the following notes:<br data-mce-fragment=""1""><br data-mce-fragment=""1"">Top Notes: Rose, Lily: The elegant and romantic scent of rose blends harmoniously with the delicate and captivating aroma of lily, creating a floral and refreshing opening that sets a delightful ambiance.<br data-mce-fragment=""1""><br data-mce-fragment=""1"">Middle Notes: Iris, Violet: The soft and powdery notes of iris combine with the gentle and enchanting fragrance of violet, adding a touch of elegance and tranquility to the overall scent experience.<br data-mce-fragment=""1""><br data-mce-fragment=""1"">Base Notes: Cedarwood, Vanilla: The woody and warm notes of cedarwood are beautifully complemented by the creamy and sweet aroma of vanilla, creating a comforting and inviting base that lingers in the air.<br data-mce-fragment=""1""><br data-mce-fragment=""1"">To enjoy the captivating aroma of Dalouaa Air Freshener, spray it in the air to create a soothing and inviting ambiance. Its non-alcoholic formula ensures a safe and enjoyable experience, while its versatile application allows you to enhance the scent of various surfaces. Use it on clothes, during ironing, on curtains, sofas, in powder rooms, or even in your car to create a refreshing and relaxing atmosphere. Immerse yourself in the delightful blend of rose, lily, iris, violet, cedarwood, and vanilla, and let the fragrance transport you to a world of serenity and tranquility.</span>",Khadlaj-perfumes,Home & Garden > Decor > Home Fragrances > Air Fresheners,AIR FRESHENER,"AIR FRESHNER, Unisex",true,Size,320 ml,,,,,,,,'6291107971346,500.0,shopify,deny,manual,35.00,,true,true,,,,,'6291107971346,https://cdn.shopify.com/s/files/1/0626/6119/8023/files/FRASH_DALOUAA_AIR_FRESHENER_320ML_-_Khadlaj_Perfumes-1964497.jpg?v=1722409440,1,FRASH DALOUAA AIR FRESHENER 320ML - Khadlaj Perfumes,false,,,3898,,,,,,,,,,,,"<div class=""pyramid-section_lists""><h6 style=""font-weight:600;"">Top Notes</h6>
<p>Rose, Lily</p>
</div>
<div class=""pyramid-section_lists""><h6 style=""font-weight:600;"">Middle Notes</h6>
<p>Iris, Violet</p>
</div>
<div class=""pyramid-section_lists""><h6 style=""font-weight:600;"">Base Notes</h6>
<p>Cedarwood, Vanilla</p>
</div>",,,,,,,,,,,,,,,,,,https://cdn.shopify.com/s/files/1/0626/6119/8023/files/FRASH_DALOUAA_AIR_FRESHENER_320ML_-_Khadlaj_Perfumes-1964497.jpg?v=1722409440,g,,,true,,,true,,,true,,,true,,,true,,,true,,,true,,,active
frash-dalouaa-air-freshener-shop-online-best-price-in-dubai-uae,,,,,,,,,,,,,,,,,,,,,,,,,,,,,,,https://cdn.shopify.com/s/files/1/0626/6119/8023/files/FRASH_DALOUAA_AIR_FRESHENER_320ML_-_Khadlaj_Perfumes-1964500.jpg?v=1722409444,2,FRASH DALOUAA AIR FRESHENER 320ML - Khadlaj Perfumes,,,,,,,,,,,,,,,,,,,,,,,,,,,,,,,,,,,,,,,,,,,,,,,,,,,,,,,,,,,
la-fede-statesman-spray-shop-online-best-price-in-dubai-uae,LA FEDE STATESMAN 75ML EDP SPRAY,"<style type=""text/css"" data-mce-fragment=""1""><!--
td {border: 1px solid #cccccc;}br {mso-data-placement:same-cell;}
--></style>
<span data-sheets-value='{""1"":2,""2"":""Introducing La Fede Statesman, a distinguished eau de parfum that embodies sophistication, power, and charisma. Inspired by the confident and influential figures of the world, this fragrance captures the essence of refined elegance and commanding presence.\n\nAt the top, the invigorating combination of bergamot and lime creates a fresh and vibrant opening. The zesty and citrusy notes of bergamot blend seamlessly with the tangy and refreshing aroma of lime, setting the stage for a captivating olfactory experience.\n\nAs the fragrance develops, the heart reveals a rich and captivating blend of vetiver, amber, and vanilla. The smoky and earthy nuances of vetiver lend a sense of depth and complexity, while the warm and alluring accords of amber create a sense of allure and confidence. The creamy and sweet notes of vanilla add a touch of elegance and sophistication.\n\nIn the base, the powerful and seductive combination of leather, cedarwood, and patchouli leaves a lasting impression. The leathery accord exudes strength and authority, while the woody notes of cedarwood provide a solid and grounding foundation. The earthy and aromatic qualities of patchouli add depth and a touch of mystery.\n\nLa Fede Statesman is the epitome of refined elegance and commanding presence. With its blend of citrus, woods, and warm accords, this eau de parfum captures the essence of influential figures who leave a lasting impression wherever they go. Perfect for those who seek a fragrance that exudes confidence and sophistication, La Fede Statesman is a signature scent for the modern man of distinction.""}' data-sheets-userformat='{""2"":15233,""3"":{""1"":0},""10"":0,""11"":4,""12"":0,""14"":{""1"":2,""2"":0},""15"":""Calibri"",""16"":11}' data-mce-fragment=""1"">Introducing La Fede Statesman, a distinguished extrait de parfum that embodies sophistication, power, and charisma. Inspired by the confident and influential figures of the world, this fragrance captures the essence of refined elegance and commanding presence.<br data-mce-fragment=""1""><br data-mce-fragment=""1"">At the top, the invigorating combination of bergamot and lime creates a fresh and vibrant opening. The zesty and citrusy notes of bergamot blend seamlessly with the tangy and refreshing aroma of lime, setting the stage for a captivating olfactory experience.<br data-mce-fragment=""1""><br data-mce-fragment=""1"">As the fragrance develops, the heart reveals a rich and captivating blend of vetiver, amber, and vanilla. The smoky and earthy nuances of vetiver lend a sense of depth and complexity, while the warm and alluring accords of amber create a sense of allure and confidence. The creamy and sweet notes of vanilla add a touch of elegance and sophistication.<br data-mce-fragment=""1""><br data-mce-fragment=""1"">In the base, the powerful and seductive combination of leather, cedarwood, and patchouli leaves a lasting impression. The leathery accord exudes strength and authority, while the woody notes of cedarwood provide a solid and grounding foundation. The earthy and aromatic qualities of patchouli add depth and a touch of mystery.<br data-mce-fragment=""1""><br data-mce-fragment=""1"">La Fede Statesman is the epitome of refined elegance and commanding presence. With its blend of citrus, woods, and warm accords, this eau de parfum captures the essence of influential figures who leave a lasting impression wherever they go. Perfect for those who seek a fragrance that exudes confidence and sophistication, La Fede Statesman is a signature scent for the modern man of distinction.</span>",Khadlaj-perfumes,Health & Beauty > Personal Care > Cosmetics > Perfumes & Colognes,PERFUME SPRAY,"Men, Perfume Spray",true,Size,75 ml,,,,,,,,'6291107972305,1000.0,shopify,deny,manual,210.00,,true,true,,,,,'6291107972305,https://cdn.shopify.com/s/files/1/0626/6119/8023/files/LA_FEDE_STATESMAN_75ML_EDP_SPRAY_-_Khadlaj_Perfumes-1965207.jpg?v=1722410717,1,LA FEDE STATESMAN 75ML EDP SPRAY - Khadlaj Perfumes,false,,,,,,,,,,,,,,,"<div class=""pyramid-section_lists""><h6 style=""font-weight:600;"">Top Notes</h6>
<p>Bergamot, Lime</p>
</div>
<div class=""pyramid-section_lists""><h6 style=""font-weight:600;"">Middle Notes</h6>
<p>Vetiver, Amber, Vanilla</p>
</div>
<div class=""pyramid-section_lists""><h6 style=""font-weight:600;"">Base Notes</h6>
<p>Leather, Cedarwood, Patchouli</p>
</div>",,,,,,,,,,,,,,,,,,,g,,,true,,,true,,,true,,,true,,,true,,,true,,,true,,,active
la-fede-statesman-spray-shop-online-best-price-in-dubai-uae,,,,,,,,,,,,,,,,,,,,,,,,,,,,,,,https://cdn.shopify.com/s/files/1/0626/6119/8023/files/LA_FEDE_STATESMAN_75ML_EDP_SPRAY_-_Khadlaj_Perfumes-1965211.jpg?v=1722410722,2,LA FEDE STATESMAN 75ML EDP SPRAY - Khadlaj Perfumes,,,,,,,,,,,,,,,,,,,,,,,,,,,,,,,,,,,,,,,,,,,,,,,,,,,,,,,,,,,
la-fede-statesman-spray-shop-online-best-price-in-dubai-uae,,,,,,,,,,,,,,,,,,,,,,,,,,,,,,,https://cdn.shopify.com/s/files/1/0626/6119/8023/files/LA_FEDE_STATESMAN_75ML_EDP_SPRAY_-_Khadlaj_Perfumes-1965213.jpg?v=1722410727,3,LA FEDE STATESMAN 75ML EDP SPRAY - Khadlaj Perfumes,,,,,,,,,,,,,,,,,,,,,,,,,,,,,,,,,,,,,,,,,,,,,,,,,,,,,,,,,,,
la-fede-kingsman-spray-shop-online-best-price-in-dubai-uae,LA FEDE KINGSMAN 75ML EDP SPRAY,"<style type=""text/css"" data-mce-fragment=""1""><!--
td {border: 1px solid #cccccc;}br {mso-data-placement:same-cell;}
--></style>
<span data-sheets-value='{""1"":2,""2"":""Introducing La Fede Kingsman, an exquisite eau de parfum that exudes confidence, refinement, and masculinity. Inspired by the sophistication and charm of the modern gentleman, this fragrance captures the essence of timeless elegance and allure.\n\nAt the top, the invigorating blend of bergamot, juniper berry, and lavender creates a refreshing and vibrant opening. The citrusy brightness of bergamot harmonizes with the crispness of juniper berry, while the aromatic touch of lavender adds a hint of classic sophistication.\n\nAs the fragrance evolves, the heart reveals a captivating composition of cashmere, cedarwood, and floral notes. The luxurious and velvety texture of cashmere wraps around you, exuding a sense of comfort and elegance. The woody nuances of cedarwood provide a strong and grounding presence, while the delicate floral notes add a touch of refinement.\n\nIn the base, the warm and sensual accords of ambergris, leather, and moss create a lasting impression. The smooth and animalic qualities of ambergris blend with the rugged masculinity of leather, evoking a sense of strength and allure. The earthy notes of moss add depth and complexity, completing this captivating fragrance.\n\nLa Fede Kingsman is the epitome of modern sophistication and timeless charm. With its captivating blend of citrus, woods, and refined accords, this eau de parfum embodies the essence of a true gentleman. Perfect for those seeking a fragrance that exudes confidence and elegance, La Fede Kingsman is a signature scent that leaves a lasting impression.""}' data-sheets-userformat='{""2"":15233,""3"":{""1"":0},""10"":0,""11"":4,""12"":0,""14"":{""1"":2,""2"":0},""15"":""Calibri"",""16"":11}' data-mce-fragment=""1"">Introducing La Fede Kingsman, an exquisite Extrait de parfum that exudes confidence, refinement, and masculinity. Inspired by the sophistication and charm of the modern gentleman, this fragrance captures the essence of timeless elegance and allure.<br data-mce-fragment=""1""><br data-mce-fragment=""1"">At the top, the invigorating blend of bergamot, juniper berry, and lavender creates a refreshing and vibrant opening. The citrusy brightness of bergamot harmonizes with the crispness of juniper berry, while the aromatic touch of lavender adds a hint of classic sophistication.<br data-mce-fragment=""1""><br data-mce-fragment=""1"">As the fragrance evolves, the heart reveals a captivating composition of cashmere, cedarwood, and floral notes. The luxurious and velvety texture of cashmere wraps around you, exuding a sense of comfort and elegance. The woody nuances of cedarwood provide a strong and grounding presence, while the delicate floral notes add a touch of refinement.<br data-mce-fragment=""1""><br data-mce-fragment=""1"">In the base, the warm and sensual accords of amber wood, leather, and moss create a lasting impression. The smooth and animalic qualities of amber wood blend with the rugged masculinity of leather, evoking a sense of strength and allure. The earthy notes of moss add depth and complexity, completing this captivating fragrance.<br data-mce-fragment=""1""><br data-mce-fragment=""1"">La Fede Kingsman is the epitome of modern sophistication and timeless charm. With its captivating blend of citrus, woods, and refined accords, this eau de parfum embodies the essence of a true gentleman. Perfect for those seeking a fragrance that exudes confidence and elegance, La Fede Kingsman is a signature scent that leaves a lasting impression.</span>",Khadlaj-perfumes,Health & Beauty > Personal Care > Cosmetics > Perfumes & Colognes,PERFUME SPRAY,"Men, Perfume Spray",true,Size,75 ml,,,,,,,,'6291107972299,1000.0,shopify,deny,manual,210.00,,true,true,,,,,'6291107972299,https://cdn.shopify.com/s/files/1/0626/6119/8023/files/LA_FEDE_KINGSMAN_75ML_EDP_SPRAY_-_Khadlaj_Perfumes-1965035.jpg?v=1722410340,1,LA FEDE KINGSMAN 75ML EDP SPRAY - Khadlaj Perfumes,false,,,,,,,,,,,,,,,"<div class=""pyramid-section_lists""><h6 style=""font-weight:600;"">Top Notes</h6>
<p>Bergamot, Juniper Berry, Lavender</p>
</div>
<div class=""pyramid-section_lists""><h6 style=""font-weight:600;"">Middle Notes</h6>
<p>Cashmere, Cedarwood, Floral</p>
</div>
<div class=""pyramid-section_lists""><h6 style=""font-weight:600;"">Base Notes</h6>
<p>Amber wood, Leather, Moss</p>
</div>",,,,,,,,,,,,,,,,,,https://cdn.shopify.com/s/files/1/0626/6119/8023/files/LA_FEDE_KINGSMAN_75ML_EDP_SPRAY_-_Khadlaj_Perfumes-1965035.jpg?v=1722410340,g,,,true,,,true,,,true,,,true,,,true,,,true,,,true,,,active
la-fede-kingsman-spray-shop-online-best-price-in-dubai-uae,,,,,,,,,,,,,,,,,,,,,,,,,,,,,,,https://cdn.shopify.com/s/files/1/0626/6119/8023/files/LA_FEDE_KINGSMAN_75ML_EDP_SPRAY_-_Khadlaj_Perfumes-1965038.jpg?v=1722410344,2,LA FEDE KINGSMAN 75ML EDP SPRAY - Khadlaj Perfumes,,,,,,,,,,,,,,,,,,,,,,,,,,,,,,,,,,,,,,,,,,,,,,,,,,,,,,,,,,,
la-fede-kingsman-spray-shop-online-best-price-in-dubai-uae,,,,,,,,,,,,,,,,,,,,,,,,,,,,,,,https://cdn.shopify.com/s/files/1/0626/6119/8023/files/LA_FEDE_KINGSMAN_75ML_EDP_SPRAY_-_Khadlaj_Perfumes-1965041.jpg?v=1722410349,3,LA FEDE KINGSMAN 75ML EDP SPRAY - Khadlaj Perfumes,,,,,,,,,,,,,,,,,,,,,,,,,,,,,,,,,,,,,,,,,,,,,,,,,,,,,,,,,,,
code-viola-nectar-spray-shop-online-best-price-in-dubai-uae,CODE VIOLA NECTAR 100ML EDP SPRAY,"<style type=""text/css"" data-mce-fragment=""1""><!--
td {border: 1px solid #cccccc;}br {mso-data-placement:same-cell;}
--></style>
<span data-sheets-value='{""1"":2,""2"":""Introducing La Fede Code Viola Necter, a captivating eau de parfum that weaves together the delicate allure of floral notes with the warmth of woody accords. This enchanting fragrance is an ode to femininity and elegance, evoking a sense of beauty and sophistication.\n\nAt the top, the vibrant notes of bergamot and nectar create a bright and invigorating opening. The zesty freshness of bergamot dances with the sweet and honeyed nuances of nectar, creating a delightful burst of energy.\n\nAs the fragrance unfolds, the heart reveals a captivating blend of musk, violet, and gardenia. The soft and sensual musk adds a touch of allure, while the velvety petals of violet and gardenia infuse the composition with a delicate floral elegance.\n\nIn the base, the warm and earthy accords of patchouli and cedarwood anchor the fragrance, leaving a lasting impression. The rich and woody notes of patchouli bring depth and complexity, while the comforting embrace of cedarwood adds a sense of warmth and sophistication.\n\nLa Fede Code Viola Necter is a fragrance that celebrates femininity and grace. Its floral and woody notes create a harmonious blend that is both enchanting and sophisticated. Perfect for those seeking a fragrance that embodies elegance and allure, this eau de parfum is a true symbol of timeless beauty.""}' data-sheets-userformat='{""2"":15233,""3"":{""1"":0},""10"":0,""11"":4,""12"":0,""14"":{""1"":2,""2"":0},""15"":""Calibri"",""16"":11}' data-mce-fragment=""1"">Introducing La Fede Code Viola Necter, a captivating eau de parfum that weaves together the delicate allure of floral notes with the warmth of woody accords. This enchanting fragrance is an ode to femininity and elegance, evoking a sense of beauty and sophistication.<br data-mce-fragment=""1""><br data-mce-fragment=""1"">At the top, the vibrant notes of bergamot and nectar create a bright and invigorating opening. The zesty freshness of bergamot dances with the sweet and honeyed nuances of nectar, creating a delightful burst of energy.<br data-mce-fragment=""1""><br data-mce-fragment=""1"">As the fragrance unfolds, the heart reveals a captivating blend of musk, violet, and gardenia. The soft and sensual musk adds a touch of allure, while the velvety petals of violet and gardenia infuse the composition with a delicate floral elegance.<br data-mce-fragment=""1""><br data-mce-fragment=""1"">In the base, the warm and earthy accords of patchouli and cedarwood anchor the fragrance, leaving a lasting impression. The rich and woody notes of patchouli bring depth and complexity, while the comforting embrace of cedarwood adds a sense of warmth and sophistication.<br data-mce-fragment=""1""><br data-mce-fragment=""1"">La Fede Code Viola Necter is a fragrance that celebrates femininity and grace. Its floral and woody notes create a harmonious blend that is both enchanting and sophisticated. Perfect for those seeking a fragrance that embodies elegance and allure, this eau de parfum is a true symbol of timeless beauty.</span>",Khadlaj-perfumes,Health & Beauty > Personal Care > Cosmetics > Perfumes & Colognes,PERFUME SPRAY,"Perfume Spray, Women",true,Size,100 ml,,,,,,,,'6291107972015,1000.0,shopify,deny,manual,210.00,,true,true,,,,,'6291107972015,https://cdn.shopify.com/s/files/1/0626/6119/8023/files/CODE_VIOLA_NECTAR_100ML_EDP_SPRAY_-_Khadlaj_Perfumes-1964279.jpg?v=1722409115,1,CODE VIOLA NECTAR 100ML EDP SPRAY - Khadlaj Perfumes,false,,,,,,,,,,,,,,,"<div class=""pyramid-section_lists""><h6 style=""font-weight:600;"">Top Notes</h6>
<p>Bergamot, Nectar</p>
</div>
<div class=""pyramid-section_lists""><h6 style=""font-weight:600;"">Middle Notes</h6>
<p>Musk, Violet, Gardenia</p>
</div>
<div class=""pyramid-section_lists""><h6 style=""font-weight:600;"">Base Notes</h6>
<p>Patchouli, Cedarwood</p>
</div>",,,,,,,,,,,,,,,,,,https://cdn.shopify.com/s/files/1/0626/6119/8023/files/CODE_VIOLA_NECTAR_100ML_EDP_SPRAY_-_Khadlaj_Perfumes-1964279.jpg?v=1722409115,g,,,true,,,true,,,true,,,true,,,true,,,true,,,true,,,active
code-viola-nectar-spray-shop-online-best-price-in-dubai-uae,,,,,,,,,,,,,,,,,,,,,,,,,,,,,,,https://cdn.shopify.com/s/files/1/0626/6119/8023/files/CODE_VIOLA_NECTAR_100ML_EDP_SPRAY_-_Khadlaj_Perfumes-1964283.jpg?v=1722409119,2,CODE VIOLA NECTAR 100ML EDP SPRAY - Khadlaj Perfumes,,,,,,,,,,,,,,,,,,,,,,,,,,,,,,,,,,,,,,,,,,,,,,,,,,,,,,,,,,,
code-verde-sublime-spray-shop-online-best-price-in-dubai-uae,CODE VERDE SUBLIME 100ML EDP SPRAY,"<style type=""text/css"" data-mce-fragment=""1""><!--
td {border: 1px solid #cccccc;}br {mso-data-placement:same-cell;}
--></style>
<span data-sheets-value='{""1"":2,""2"":""Introducing La Fede Code Verde Sublime, an exquisite eau de parfum that embodies the essence of freshness and sophistication. This captivating fragrance takes you on a journey through vibrant citrus groves and aromatic herb gardens, leaving a trail of elegance and refinement.\n\nAt the top, the invigorating notes of bergamot and basil create a lively and refreshing opening. The zesty burst of bergamot energizes the senses, while the herbal nuances of basil add a touch of aromatic sophistication.\n\nAs the fragrance develops, the heart reveals a harmonious blend of lemon and neroli. The bright and citrusy notes of lemon evoke a sense of vitality and joy, while the delicate and floral nuances of neroli lend an air of elegance and grace.\n\nIn the base, the warm and sensual accords of amber and vetiver anchor the fragrance, leaving a lasting impression. The rich and resinous notes of amber add depth and complexity, while the earthy and smoky facets of vetiver bring a touch of sophistication and allure.\n\nLa Fede Code Verde Sublime is a fragrance that celebrates the beauty of nature and the timeless appeal of classic elegance. Its vibrant citrus notes and aromatic undertones create a refreshing and sophisticated scent experience. Perfect for those who appreciate the finer things in life, this eau de parfum is a true celebration of refined luxury.""}' data-sheets-userformat='{""2"":15233,""3"":{""1"":0},""10"":0,""11"":4,""12"":0,""14"":{""1"":2,""2"":0},""15"":""Calibri"",""16"":11}' data-mce-fragment=""1"">Introducing La Fede Code Verde Sublime, an exquisite eau de parfum that embodies the essence of freshness and sophistication. This captivating fragrance takes you on a journey through vibrant citrus groves and aromatic herb gardens, leaving a trail of elegance and refinement.<br data-mce-fragment=""1""><br data-mce-fragment=""1"">At the top, the invigorating notes of bergamot and basil create a lively and refreshing opening. The zesty burst of bergamot energizes the senses, while the herbal nuances of basil add a touch of aromatic sophistication.<br data-mce-fragment=""1""><br data-mce-fragment=""1"">As the fragrance develops, the heart reveals a harmonious blend of lemon and neroli. The bright and citrusy notes of lemon evoke a sense of vitality and joy, while the delicate and floral nuances of neroli lend an air of elegance and grace.<br data-mce-fragment=""1""><br data-mce-fragment=""1"">In the base, the warm and sensual accords of amber and vetiver anchor the fragrance, leaving a lasting impression. The rich and resinous notes of amber add depth and complexity, while the earthy and smoky facets of vetiver bring a touch of sophistication and allure.<br data-mce-fragment=""1""><br data-mce-fragment=""1"">La Fede Code Verde Sublime is a fragrance that celebrates the beauty of nature and the timeless appeal of classic elegance. Its vibrant citrus notes and aromatic undertones create a refreshing and sophisticated scent experience. Perfect for those who appreciate the finer things in life, this eau de parfum is a true celebration of refined luxury.</span>",Khadlaj-perfumes,Health & Beauty > Personal Care > Cosmetics > Perfumes & Colognes,PERFUME SPRAY,"Perfume Spray, Unisex",true,Size,100 ml,,,,,,,,'6291107972053,1000.0,shopify,deny,manual,210.00,,true,true,,,,,'6291107972053,https://cdn.shopify.com/s/files/1/0626/6119/8023/files/CODE_VERDE_SUBLIME_100ML_EDP_SPRAY_-_Khadlaj_Perfumes-1964272.jpg?v=1722409106,1,CODE VERDE SUBLIME 100ML EDP SPRAY - Khadlaj Perfumes,false,,,,,,,,,,,,,,,"<div class=""pyramid-section_lists""><h6 style=""font-weight:600;"">Top Notes</h6>
<p>Bergamot, Basil</p>
</div>
<div class=""pyramid-section_lists""><h6 style=""font-weight:600;"">Middle Notes</h6>
<p> Lemon, Neroli</p>
</div>
<div class=""pyramid-section_lists""><h6 style=""font-weight:600;"">Base Notes</h6>
<p>Amber, Vetiver</p>
</div>",,,,,,,,,,,,,,,,,,https://cdn.shopify.com/s/files/1/0626/6119/8023/files/CODE_VERDE_SUBLIME_100ML_EDP_SPRAY_-_Khadlaj_Perfumes-1964272.jpg?v=1722409106,g,,,true,,,true,,,true,,,true,,,true,,,true,,,true,,,active
code-verde-sublime-spray-shop-online-best-price-in-dubai-uae,,,,,,,,,,,,,,,,,,,,,,,,,,,,,,,https://cdn.shopify.com/s/files/1/0626/6119/8023/files/CODE_VERDE_SUBLIME_100ML_EDP_SPRAY_-_Khadlaj_Perfumes-1964277.jpg?v=1722409110,2,CODE VERDE SUBLIME 100ML EDP SPRAY - Khadlaj Perfumes,,,,,,,,,,,,,,,,,,,,,,,,,,,,,,,,,,,,,,,,,,,,,,,,,,,,,,,,,,,
code-rouge-amour-spray-shop-online-best-price-in-dubai-uae,CODE ROUGE AMOUR 100ML EDP SPRAY,"<style type=""text/css"" data-mce-fragment=""1""><!--
td {border: 1px solid #cccccc;}br {mso-data-placement:same-cell;}
--></style>
<span data-sheets-value='{""1"":2,""2"":""Introducing Code Rouge Amour, an enchanting eau de parfum that captures the essence of passion and romance. This captivating fragrance is a symphony of carefully selected notes, blending together to create a scent that is both alluring and irresistible.\n\nAt the top, the bright and zesty notes of bergamot dance in harmony with the exotic and aromatic essence of davana. The spicy and warm nuances of nutmeg add a touch of intrigue, setting the stage for a captivating olfactory journey.\n\nAs the fragrance evolves, the heart of Code Rouge Amour reveals the captivating combination of davana and nutmeg once again. This unique blend creates a warm and sensual aura that is both seductive and mysterious. The earthy and woody notes of patchouli add depth and richness to the composition, further enhancing its allure.\n\nIn the base, the sensuous accords of ambergris and musk intertwine, creating a mesmerizing and lingering trail. The sweet and creamy notes of vanilla add a touch of warmth and comfort, completing the fragrance with a hint of indulgence.\n\nCode Rouge Amour is a fragrance that evokes passion and ignites the flames of desire. Its carefully curated notes come together to create a captivating and unforgettable scent experience. Perfect for those who seek a fragrance that embodies romance and sensuality, this eau de parfum is a testament to the power of love""}' data-sheets-userformat='{""2"":15233,""3"":{""1"":0},""10"":0,""11"":4,""12"":0,""14"":{""1"":2,""2"":0},""15"":""Calibri"",""16"":11}' data-mce-fragment=""1"">Introducing Code Rouge Amour, an enchanting eau de parfum that captures the essence of passion and romance. This captivating fragrance is a symphony of carefully selected notes, blending together to create a scent that is both alluring and irresistible.<br data-mce-fragment=""1""><br data-mce-fragment=""1"">At the top, the bright and zesty notes of bergamot dance in harmony with the exotic and aromatic essence of davana. The spicy and warm nuances of nutmeg add a touch of intrigue, setting the stage for a captivating olfactory journey.<br data-mce-fragment=""1""><br data-mce-fragment=""1"">As the fragrance evolves, the heart of Code Rouge Amour reveals the captivating combination of davana and nutmeg once again. This unique blend creates a warm and sensual aura that is both seductive and mysterious. The earthy and woody notes of patchouli add depth and richness to the composition, further enhancing its allure.<br data-mce-fragment=""1""><br data-mce-fragment=""1"">In the base, the sensuous accords of amber wood and musk intertwine, creating a mesmerizing and lingering trail. The sweet and creamy notes of vanilla add a touch of warmth and comfort, completing the fragrance with a hint of indulgence.<br data-mce-fragment=""1""><br data-mce-fragment=""1"">Code Rouge Amour is a fragrance that evokes passion and ignites the flames of desire. Its carefully curated notes come together to create a captivating and unforgettable scent experience. Perfect for those who seek a fragrance that embodies romance and sensuality, this eau de parfum is a testament to the power of love</span>",Khadlaj-perfumes,Health & Beauty > Personal Care > Cosmetics > Perfumes & Colognes,PERFUME SPRAY,"Men, Perfume Spray",true,Size,100 ml,,,,,,,,'6291107972039,1000.0,shopify,deny,manual,210.00,,true,true,,,,,'6291107972039,https://cdn.shopify.com/s/files/1/0626/6119/8023/files/CODE_ROUGE_AMOUR_100ML_EDP_SPRAY_-_Khadlaj_Perfumes-1964262.jpg?v=1722409089,1,CODE ROUGE AMOUR 100ML EDP SPRAY - Khadlaj Perfumes,false,,,,,,,,,,,,,,,"<div class=""pyramid-section_lists""><h6 style=""font-weight:600;"">Top Notes</h6>
<p>Bergamot, Davana, Nutmeg</p>
</div>
<div class=""pyramid-section_lists""><h6 style=""font-weight:600;"">Middle Notes</h6>
<p>Davana, Nutmeg, Patchouli</p>
</div>
<div class=""pyramid-section_lists""><h6 style=""font-weight:600;"">Base Notes</h6>
<p> Amber wood, Musk, Vanilla</p>
</div>",,,,,,,,,,,,,,,,,,https://cdn.shopify.com/s/files/1/0626/6119/8023/files/CODE_ROUGE_AMOUR_100ML_EDP_SPRAY_-_Khadlaj_Perfumes-1964262.jpg?v=1722409089,g,,,true,,,true,,,true,,,true,,,true,,,true,,,true,,,active
code-rouge-amour-spray-shop-online-best-price-in-dubai-uae,,,,,,,,,,,,,,,,,,,,,,,,,,,,,,,https://cdn.shopify.com/s/files/1/0626/6119/8023/files/CODE_ROUGE_AMOUR_100ML_EDP_SPRAY_-_Khadlaj_Perfumes-1964266.jpg?v=1722409101,2,CODE ROUGE AMOUR 100ML EDP SPRAY - Khadlaj Perfumes,,,,,,,,,,,,,,,,,,,,,,,,,,,,,,,,,,,,,,,,,,,,,,,,,,,,,,,,,,,
code-marron-oud-spray-shop-online-best-price-in-dubai-uae,CODE MARRON OUD 100ML EDP SPRAY,"<style type=""text/css"" data-mce-fragment=""1""><!--
td {border: 1px solid #cccccc;}br {mso-data-placement:same-cell;}
--></style>
<span data-sheets-value='{""1"":2,""2"":""Introducing La Fede Code Marron Oud, an exceptional eau de parfum that embodies elegance and sophistication. This captivating fragrance combines a harmonious blend of exquisite notes to create a scent that is both alluring and luxurious.\n\nAt the top, the invigorating and citrusy notes of bergamot blend seamlessly with the rich and fruity essence of cassis. This vibrant combination sets the stage for a captivating olfactory journey that is sure to leave a lasting impression.\n\nAs the fragrance develops, the middle notes of cardamom, vanilla, and oud take center stage. The warm and spicy aroma of cardamom adds a touch of exotic allure, while the creamy and sweet notes of vanilla bring a comforting and sensual element to the composition. The unmistakable scent of oud, with its deep and woody nuances, adds depth and complexity, creating an irresistible olfactory experience.\n\nIn the base, the woody and aromatic notes of cedarwood combine with the warm and resinous accords of amber. This fusion of scents adds a grounding and comforting element to the fragrance, leaving a trail of elegance and sophistication that lingers in the air.\n\nLa Fede Code Marron Oud is a fragrance that exudes confidence and sophistication. Its carefully selected notes come together to create a captivating and memorable scent experience. Perfect for those who appreciate the finer things in life, this eau de parfum is an invitation to embrace luxury and indulge in the art of fragrance.""}' data-sheets-userformat='{""2"":15233,""3"":{""1"":0},""10"":0,""11"":4,""12"":0,""14"":{""1"":2,""2"":0},""15"":""Calibri"",""16"":11}' data-mce-fragment=""1"">Introducing La Fede Code Marron Oud, an exceptional eau de parfum that embodies elegance and sophistication. This captivating fragrance combines a harmonious blend of exquisite notes to create a scent that is both alluring and luxurious.<br data-mce-fragment=""1""><br data-mce-fragment=""1"">At the top, the invigorating and citrusy notes of bergamot blend seamlessly with the rich and fruity essence of cassis. This vibrant combination sets the stage for a captivating olfactory journey that is sure to leave a lasting impression.<br data-mce-fragment=""1""><br data-mce-fragment=""1"">As the fragrance develops, the middle notes of cardamom, vanilla, and oud take center stage. The warm and spicy aroma of cardamom adds a touch of exotic allure, while the creamy and sweet notes of vanilla bring a comforting and sensual element to the composition. The unmistakable scent of oud, with its deep and woody nuances, adds depth and complexity, creating an irresistible olfactory experience.<br data-mce-fragment=""1""><br data-mce-fragment=""1"">In the base, the woody and aromatic notes of cedarwood combine with the warm and resinous accords of amber. This fusion of scents adds a grounding and comforting element to the fragrance, leaving a trail of elegance and sophistication that lingers in the air.<br data-mce-fragment=""1""><br data-mce-fragment=""1"">La Fede Code Marron Oud is a fragrance that exudes confidence and sophistication. Its carefully selected notes come together to create a captivating and memorable scent experience. Perfect for those who appreciate the finer things in life, this eau de parfum is an invitation to embrace luxury and indulge in the art of fragrance.</span>",Khadlaj-perfumes,Health & Beauty > Personal Care > Cosmetics > Perfumes & Colognes,PERFUME SPRAY,"Perfume Spray, Unisex",true,Size,100 ml,,,,,,,,'6291107972022,1000.0,shopify,deny,manual,210.00,,true,true,,,,,'6291107972022,https://cdn.shopify.com/s/files/1/0626/6119/8023/files/CODE_MARRON_OUD_100ML_EDP_SPRAY_-_Khadlaj_Perfumes-1964255.jpg?v=1722409079,1,CODE MARRON OUD 100ML EDP SPRAY - Khadlaj Perfumes,false,,,,,,,,,,,,,,,"<div class=""pyramid-section_lists""><h6 style=""font-weight:600;"">Top Notes</h6>
<p>Bergamot, Cassis</p>
</div>
<div class=""pyramid-section_lists""><h6 style=""font-weight:600;"">Middle Notes</h6>
<p>Cardamom, Vanilla, Oud</p>
</div>
<div class=""pyramid-section_lists""><h6 style=""font-weight:600;"">Base Notes</h6>
<p>Cedarwood, Amber</p>
</div>",,,,,,,,,,,,,,,,,,https://cdn.shopify.com/s/files/1/0626/6119/8023/files/CODE_MARRON_OUD_100ML_EDP_SPRAY_-_Khadlaj_Perfumes-1964255.jpg?v=1722409079,g,,,true,,,true,,,true,,,true,,,true,,,true,,,true,,,active
code-marron-oud-spray-shop-online-best-price-in-dubai-uae,,,,,,,,,,,,,,,,,,,,,,,,,,,,,,,https://cdn.shopify.com/s/files/1/0626/6119/8023/files/CODE_MARRON_OUD_100ML_EDP_SPRAY_-_Khadlaj_Perfumes-1964258.jpg?v=1722409085,2,CODE MARRON OUD 100ML EDP SPRAY - Khadlaj Perfumes,,,,,,,,,,,,,,,,,,,,,,,,,,,,,,,,,,,,,,,,,,,,,,,,,,,,,,,,,,,
fakhama-3-pcs-gift-set-for-women,FAKHAMA 3 PCS GIFT SET FOR WOMEN,"An exclusive gift set for women, gift her the most alluring and sophisticated fragrances from the house of Khadlaj. <br data-mce-fragment=""1""><br data-mce-fragment=""1""><br data-mce-fragment=""1"">DE PROVOCATEUR EDP SPRAY 100 ML<br data-mce-fragment=""1""><br data-mce-fragment=""1"">Is a soft floral feminine fragrance, with white florals, gardenia the reminiscence of walk through a garden of soft beautiful flowers with a crisp sweet fresh scent.<br data-mce-fragment=""1""><br data-mce-fragment=""1"">Top: Bergamot, Rhubarb, Litchi, Nutmeg<br data-mce-fragment=""1"">Middle: Turkish Rose, Peony, Petalia, Vanilla, Musk<br data-mce-fragment=""1"">Base: Cashmeran,Haitian Vetiver, Cedar, Incense<br data-mce-fragment=""1""><br data-mce-fragment=""1""><br data-mce-fragment=""1"">PURE MUSK EDP SPRAY 100 ML<br data-mce-fragment=""1""><br data-mce-fragment=""1"">The fantastic Khadlaj Pure Musk is probably one of the best perfumes you can order online. Its captivating musk presents itself in a fresh exciting form. Khadlaj Pure musk is an amazing scent. It is a delicate, unobtrusive, simply ideal and yet interesting and obscene. It is the fresh and pure fragrance of musk.<br data-mce-fragment=""1""><br data-mce-fragment=""1"">Top Notes: Lilac, Freesia<br data-mce-fragment=""1"">Middle Notes: Iris, White Musk<br data-mce-fragment=""1"">Base Notes: Musk, Amber<br data-mce-fragment=""1""><br data-mce-fragment=""1""><br data-mce-fragment=""1"">EXCLUSIVE BAKHOOR <br data-mce-fragment=""1""><br data-mce-fragment=""1"">Top: oud, rose<br data-mce-fragment=""1"">Middle: saffron, lily of the valley<br data-mce-fragment=""1"">Base: amber, cardamom",Khadlaj-perfumes,Health & Beauty > Personal Care > Cosmetics > Perfumes & Colognes,Gift Sets,,true,Size,Gift Set,,,,,,,,'6291107973654,2000.0,shopify,deny,manual,126.00,,true,true,,,,,'6291107973654,https://cdn.shopify.com/s/files/1/0626/6119/8023/files/FAKHAMA_3_PCS_GIFT_SET_FOR_WOMEN_-_Khadlaj_Perfumes-1964443.jpg?v=1722409366,1,FAKHAMA 3 PCS GIFT SET FOR WOMEN - Khadlaj Perfumes,false,Fakhama 3-Piece Gift Set | Perfume Gift Set | Luxury Perfumes Online,"Shop Khadlaj Fakhama 3-Piece Gift Set for Women - luxurious perfume gift set, gift sets for women, and perfume for women. Perfect for any occasion in UAE.",,,,,,,,,,,,,,,,,,,,,,,,,,,,,,,,g,,,true,,,true,,,true,,,true,,,true,,,true,,,true,,,active
royal-oud-4-pcs-gift-set,ROYAL OUD 4 PCS GIFT SET,"An exclusive gift set from the house of khadlaj an ode to the luxury of oud, crafted exclusively with the highest quality of oud <br data-mce-fragment=""1""> <br data-mce-fragment=""1"">Oud for love<br data-mce-fragment=""1"">Top – bergamot<br data-mce-fragment=""1"">Middle – rose<br data-mce-fragment=""1"">Base – amber, oudh<br data-mce-fragment=""1""><br data-mce-fragment=""1""> <br data-mce-fragment=""1"">Oud for glory<br data-mce-fragment=""1"">Top - bergamot<br data-mce-fragment=""1"">Middle – musk, patchouli<br data-mce-fragment=""1"">Base - amber, oudh <br data-mce-fragment=""1""><br data-mce-fragment=""1"">Pure Cambodian oud oil <br data-mce-fragment=""1""><br data-mce-fragment=""1"">bukhoor with pure oud<br data-mce-fragment=""1"">Top: Oud<br data-mce-fragment=""1"">Middle: Musk<br data-mce-fragment=""1"">Base: Amber
<script type="""" application>
{
  """"@context"""": """"https://schema.org"""",
  """"@type"""": """"Product"""",
  """"name"""": """"Royal Oud Gift Set | Perfume Gift Set Online | Khadlaj Perfumes"""",
  """"url"""": """"https://khadlaj-perfumes.com/collections/gift-sets-perfect-for-loved-ones-best-for-any-occassion/products/royal-oud-4-pcs-gift-set"""",
  """"description"""": """"Looking for a premium oud gift set online? Khadlaj Perfumes offers the Royal Oud 4-piece set—luxurious, rich fragrances perfect for gifting or yourself. Shop now!"""",
  """"brand"""": {
    """"@type"""": """"Brand"""",
    """"name"""": """"Khadlaj Perfumes""""
  },
  """"offers"""": {
    """"@type"""": """"Offer"""",
    """"url"""": """"https://khadlaj-perfumes.com/collections/gift-sets-perfect-for-loved-ones-best-for-any-occassion/products/royal-oud-4-pcs-gift-set"""",
    """"availability"""": """"https://schema.org/InStock""""
  }
}
</script>",Khadlaj-perfumes,Health & Beauty > Personal Care > Cosmetics > Perfumes & Colognes,Gift Sets,,true,Size,Gift Set,,,,,,,,'6291107973678,1000.0,shopify,deny,manual,158.00,,true,true,,,,,'6291107973678,https://cdn.shopify.com/s/files/1/0626/6119/8023/files/ROYAL_OUD_4_PCS_GIFT_SET_-_Khadlaj_Perfumes-1965908.jpg?v=1722412073,1,ROYAL OUD 4 PCS GIFT SET - Khadlaj Perfumes,false,Royal Oud Gift Set | Perfume Gift Set Online | Khadlaj Perfumes,"Looking for a premium oud gift set online? Khadlaj Perfumes offers the Royal Oud 4-piece set—luxurious, rich fragrances perfect for gifting or yourself. Shop now!",,,,,,,,,,,,,,,,,,,,,,,,,,,,,,,,g,,,true,,,true,,,true,,,true,,,true,,,true,,,true,,,active
my-paradise-3-pcs-gift-set,MY PARADISE 3 PCS GIFT SET,"<p data-mce-fragment=""1"">The newly launched My Paradise 3 pcs Gift Set, an Ideal Gift For Any Occassion Includes<br><br></p>
<ul>
<li>My Paradise Vol. 1 EDP Spray 100 ml</li>
<li>My Paradise Vol 2 EDP Spray 100 ml</li>
<li>Oud Muattar 48 g</li>
</ul>
<script type="""" application>
{
  """"@context"""": """"https://schema.org"""",
  """"@type"""": """"Product"""",
  """"name"""": """"My Paradise Gift Set | Buy Perfume Online | Khadlaj Perfumes"""",
  """"url"""": """"https://khadlaj-perfumes.com/collections/gift-sets-perfect-for-loved-ones-best-for-any-occassion/products/my-paradise-3-pcs-gift-set"""",
  """"description"""": """"Looking to buy perfume online? Khadlaj Perfumes presents the My Paradise 3-piece gift set—luxurious fragrances perfect for gifting or daily wear. Shop now!"""",
  """"brand"""": {
    """"@type"""": """"Brand"""",
    """"name"""": """"Khadlaj Perfumes""""
  },
  """"offers"""": {
    """"@type"""": """"Offer"""",
    """"url"""": """"https://khadlaj-perfumes.com/collections/gift-sets-perfect-for-loved-ones-best-for-any-occassion/products/my-paradise-3-pcs-gift-set"""",
    """"availability"""": """"https://schema.org/InStock""""
  }
}
</script>",Khadlaj-perfumes,Health & Beauty > Personal Care > Cosmetics > Perfumes & Colognes,Gift Sets,,true,Size,Gift Set,,,,,,,,'6291107974774,2000.0,shopify,deny,manual,150.00,,true,true,,,,,'6291107974774,https://cdn.shopify.com/s/files/1/0626/6119/8023/files/MY_PARADISE_3_PCS_GIFT_SET_-_Khadlaj_Perfumes-1965497.jpg?v=1722411273,1,MY PARADISE 3 PCS GIFT SET - Khadlaj Perfumes,false,My Paradise Gift Set | Buy Perfume Online | Khadlaj Perfumes,Looking to buy perfume online? Khadlaj Perfumes presents the My Paradise 3-piece gift set—luxurious fragrances perfect for gifting or daily wear. Shop now!,,,,,,,,,,,,,,,,,,,,,,,,,,,,,,,,g,,,true,,,true,,,true,,,true,,,true,,,true,,,true,,,active
my-paradise-3-pcs-gift-set,,,,,,,,,,,,,,,,,,,,,,,,,,,,,,,https://cdn.shopify.com/s/files/1/0626/6119/8023/files/MY_PARADISE_3_PCS_GIFT_SET_-_Khadlaj_Perfumes-1965500.jpg?v=1722411277,2,MY PARADISE 3 PCS GIFT SET - Khadlaj Perfumes,,,,,,,,,,,,,,,,,,,,,,,,,,,,,,,,,,,,,,,,,,,,,,,,,,,,,,,,,,,
my-paradise-3-pcs-gift-set,,,,,,,,,,,,,,,,,,,,,,,,,,,,,,,https://cdn.shopify.com/s/files/1/0626/6119/8023/files/MY_PARADISE_3_PCS_GIFT_SET_-_Khadlaj_Perfumes-1965503.jpg?v=1722411282,3,MY PARADISE 3 PCS GIFT SET - Khadlaj Perfumes,,,,,,,,,,,,,,,,,,,,,,,,,,,,,,,,,,,,,,,,,,,,,,,,,,,,,,,,,,,
dehnal-oudh-combodi-3ml,DEHNAL OUDH COMBODI 3ML,"<style type=""text/css"" data-mce-fragment=""1""><!--
td {border: 1px solid #cccccc;}br {mso-data-placement:same-cell;}
--></style>
<span data-sheets-value='{""1"":2,""2"":""Experience the unparalleled luxury of Dehn Al Oud Cambodi, a pure Cambodian Oud oil perfume oil of the highest quality. This exquisite fragrance is meticulously crafted to provide an enchanting and captivating olfactory experience.\n\nDerived from the rare and precious Cambodian Oud, this perfume oil embodies the essence of opulence and sophistication. Each drop of this luxurious oil carries the rich and woody aroma that is synonymous with the finest Oud oils.\n\nDehn Al Oud Cambodi is carefully extracted and distilled to ensure its purity and authenticity. It is a testament to the craftsmanship and expertise that goes into creating a fragrance that is truly exceptional.\n\nWith its smooth and velvety texture, this perfume oil glides effortlessly onto the skin, leaving a lingering trail of captivating scent. Its versatility allows it to be used both on the skin and in the hair, adding a touch of luxury and elegance to your daily routine.\n\nIndulge in the beauty of Dehn Al Oud Cambodi and let its alluring aroma transport you to a world of refined elegance. Immerse yourself in the captivating notes of pure Cambodian Oud, and experience the exquisite craftsmanship and quality that this perfume oil represents.\n\nExperience the luxury of Dehn Al Oud Cambodi and elevate your fragrance collection to new heights. Embrace the opulence and sophistication that comes with this pure Cambodian Oud oil perfume oil, and let its captivating scent envelop you in a veil of indulgence and allure.\n\n\n\n""}' data-sheets-userformat='{""2"":15233,""3"":{""1"":0},""10"":0,""11"":4,""12"":0,""14"":{""1"":2,""2"":0},""15"":""Calibri"",""16"":11}' data-mce-fragment=""1"">Experience the unparalleled luxury of Dehn Al Oud Cambodi, a pure Cambodian Oud oil perfume oil of the highest quality. This exquisite fragrance is meticulously crafted to provide an enchanting and captivating olfactory experience.<br data-mce-fragment=""1""><br data-mce-fragment=""1"">Derived from the rare and precious Cambodian Oud, this perfume oil embodies the essence of opulence and sophistication. Each drop of this luxurious oil carries the rich and woody aroma that is synonymous with the finest Oud oils.<br data-mce-fragment=""1""><br data-mce-fragment=""1"">Dehn Al Oud Cambodi is carefully extracted and distilled to ensure its purity and authenticity. It is a testament to the craftsmanship and expertise that goes into creating a fragrance that is truly exceptional.<br data-mce-fragment=""1""><br data-mce-fragment=""1"">With its smooth and velvety texture, this perfume oil glides effortlessly onto the skin, leaving a lingering trail of captivating scent. Its versatility allows it to be used both on the skin and in the hair, adding a touch of luxury and elegance to your daily routine.<br data-mce-fragment=""1""><br data-mce-fragment=""1"">Indulge in the beauty of Dehn Al Oud Cambodi and let its alluring aroma transport you to a world of refined elegance. Immerse yourself in the captivating notes of pure Cambodian Oud, and experience the exquisite craftsmanship and quality that this perfume oil represents.<br data-mce-fragment=""1""><br data-mce-fragment=""1"">Experience the luxury of Dehn Al Oud Cambodi and elevate your fragrance collection to new heights. Embrace the opulence and sophistication that comes with this pure Cambodian Oud oil perfume oil, and let its captivating scent envelop you in a veil of indulgence and allure.<br data-mce-fragment=""1""><br data-mce-fragment=""1""><br data-mce-fragment=""1""><br data-mce-fragment=""1""></span>",Khadlaj-perfumes,Health & Beauty > Personal Care > Cosmetics > Perfumes & Colognes,DEHN AL OUDH,"DEHN AL OUDH, Unisex",true,Size,3ml,,,,,,,,'6297000645407,500.0,shopify,deny,manual,65.00,,true,true,,,,,'6297000645407,https://cdn.shopify.com/s/files/1/0626/6119/8023/files/DEHNAL_OUDH_COMBODI_3ML_-_Khadlaj_Perfumes-1964314.jpg?v=1722409163,1,DEHNAL OUDH COMBODI 3ML - Khadlaj Perfumes,false,"Woody, Musk Fragrance | Luxury Perfume Oil Online","Experience woody and musk notes with a rich, luxurious perfume oil. Perfect for all-day wear. Buy premium perfume oil online now.",,,,,,,,,,,,,"<div class=""pyramid-section_lists""><h6 style=""font-weight:600;"">Notes</h6>
<p>Pure Cambodian Oudh </p>
</div>",,,,,,,,,,,,,,,,,,https://cdn.shopify.com/s/files/1/0626/6119/8023/files/DEHNAL_OUDH_COMBODI_3ML_-_Khadlaj_Perfumes-1964314.jpg?v=1722409163,g,,,true,,,true,,,true,,,true,,,true,,,true,,,true,,,active
dehnal-oudh-combodi-3ml,,,,,,,,,,,,,,,,,,,,,,,,,,,,,,,https://cdn.shopify.com/s/files/1/0626/6119/8023/files/DEHNAL_OUDH_COMBODI_3ML_-_Khadlaj_Perfumes-1964319.jpg?v=1722409168,2,DEHNAL OUDH COMBODI 3ML - Khadlaj Perfumes,,,,,,,,,,,,,,,,,,,,,,,,,,,,,,,,,,,,,,,,,,,,,,,,,,,,,,,,,,,
frash-zahoor-al-air-freshener-shop-online-best-price-in-dubai-uae,FRASH ZAHOOR AL KHALEEJ AIR FRESHENER 320ML,"<style type=""text/css"" data-mce-fragment=""1""><!--
td {border: 1px solid #cccccc;}br {mso-data-placement:same-cell;}
--></style>
<span data-sheets-value='{""1"":2,""2"":""Zahoor Al Khaleej Air Freshener, a captivating fragrance spray designed to infuse your surroundings with a fresh and enchanting aroma. With its delightful blend of notes, this air freshener creates a luxurious and inviting ambiance. Its non-alcoholic formula and versatile application make it perfect for enhancing the scent of clothes, ironing, curtains, sofas, powder rooms, and even your car.\n\nTo experience the refreshing scent of Zahoor Al Khaleej Air Freshener, simply hold the bottle upright and spray a fine mist into the air. You can direct the spray towards the desired area or allow it to disperse naturally, filling the space with its amazing aroma.\n\nThe fragrance composition of Zahoor Al Khaleej Air Freshener features the following notes:\n\nTop Notes: Bergamot, Pear: The zesty and uplifting notes of bergamot blend harmoniously with the juicy and sweet aroma of pear, creating a refreshing and invigorating opening that sets the tone for the fragrance.\n\nMiddle Notes: Lily of the valley, Rose: The delicate and floral scent of lily of the valley combines with the timeless and romantic fragrance of rose, adding a touch of elegance and femininity to the fragrance.\n\nBase Notes: Vetiver, Jasmine Sambac: The earthy and woody notes of vetiver are complemented by the rich and sensual aroma of jasmine sambac, creating a warm and comforting base that lingers in the air.\n\nTo enjoy the captivating aroma of Zahoor Al Khaleej Air Freshener, spray it in the air to create an inviting and luxurious ambiance. Its non-alcoholic formula ensures a safe and enjoyable experience, while its versatile application allows you to enhance the scent of various surfaces. Use it on clothes, during ironing, on curtains, sofas, in powder rooms, or even in your car to create a refreshing and relaxing atmosphere. Immerse yourself in the delightful blend of bergamot, pear, lily of the valley, rose, vetiver, and jasmine sambac, and let the fragrance transport you to a world of freshness and tranquility.\n\n\n\n""}' data-sheets-userformat='{""2"":15233,""3"":{""1"":0},""10"":0,""11"":4,""12"":0,""14"":{""1"":2,""2"":0},""15"":""Calibri"",""16"":11}' data-mce-fragment=""1"">Zahoor Al Khaleej Air Freshener, a captivating fragrance spray designed to infuse your surroundings with a fresh and enchanting aroma. With its delightful blend of notes, this air freshener creates a luxurious and inviting ambiance. Its non-alcoholic formula and versatile application make it perfect for enhancing the scent of clothes, ironing, curtains, sofas, powder rooms, and even your car.<br data-mce-fragment=""1""><br data-mce-fragment=""1"">To experience the refreshing scent of Zahoor Al Khaleej Air Freshener, simply hold the bottle upright and spray a fine mist into the air. You can direct the spray towards the desired area or allow it to disperse naturally, filling the space with its amazing aroma.<br data-mce-fragment=""1""><br data-mce-fragment=""1"">The fragrance composition of Zahoor Al Khaleej Air Freshener features the following notes:<br data-mce-fragment=""1""><br data-mce-fragment=""1"">Top Notes: Bergamot, Pear: The zesty and uplifting notes of bergamot blend harmoniously with the juicy and sweet aroma of pear, creating a refreshing and invigorating opening that sets the tone for the fragrance.<br data-mce-fragment=""1""><br data-mce-fragment=""1"">Middle Notes: Lily of the valley, Rose: The delicate and floral scent of lily of the valley combines with the timeless and romantic fragrance of rose, adding a touch of elegance and femininity to the fragrance.<br data-mce-fragment=""1""><br data-mce-fragment=""1"">Base Notes: Vetiver, Jasmine Sambac: The earthy and woody notes of vetiver are complemented by the rich and sensual aroma of jasmine sambac, creating a warm and comforting base that lingers in the air.<br data-mce-fragment=""1""><br data-mce-fragment=""1"">To enjoy the captivating aroma of Zahoor Al Khaleej Air Freshener, spray it in the air to create an inviting and luxurious ambiance. Its non-alcoholic formula ensures a safe and enjoyable experience, while its versatile application allows you to enhance the scent of various surfaces. Use it on clothes, during ironing, on curtains, sofas, in powder rooms, or even in your car to create a refreshing and relaxing atmosphere. Immerse yourself in the delightful blend of bergamot, pear, lily of the valley, rose, vetiver, and jasmine sambac, and let the fragrance transport you to a world of freshness and tranquility.<br data-mce-fragment=""1""><br data-mce-fragment=""1""><br data-mce-fragment=""1""><br data-mce-fragment=""1""></span>",Khadlaj-perfumes,Home & Garden > Decor > Home Fragrances > Air Fresheners,AIR FRESHENER,"AIR FRESHNER, Unisex",true,Size,320 ml,,,,,,,,'6297000742991,500.0,shopify,deny,manual,38.00,,true,true,,,,,'6297000742991,https://cdn.shopify.com/s/files/1/0626/6119/8023/files/FRASH_ZAHOOR_AL_KHALEEJ_AIR_FRESHENER_320ML_-_Khadlaj_Perfumes-1964652.jpg?v=1722409670,1,FRASH ZAHOOR AL KHALEEJ AIR FRESHENER 320ML - Khadlaj Perfumes,false,,,3898,,,,,,,,,,,,"<div class=""pyramid-section_lists""><h6 style=""font-weight:600;"">Top Notes</h6>
<p>Bergamot, Pear</p>
</div>
<div class=""pyramid-section_lists""><h6 style=""font-weight:600;"">Middle Notes</h6>
<p>Lily of the valley, rose </p>
</div>
<div class=""pyramid-section_lists""><h6 style=""font-weight:600;"">Base Notes</h6>
<p>Vetiver, Jasmine Sambac</p>
</div>",,,,,,,,,,,,,,,,,,https://cdn.shopify.com/s/files/1/0626/6119/8023/files/FRASH_ZAHOOR_AL_KHALEEJ_AIR_FRESHENER_320ML_-_Khadlaj_Perfumes-1964652.jpg?v=1722409670,g,,,true,,,true,,,true,,,true,,,true,,,true,,,true,,,active
frash-zahoor-al-air-freshener-shop-online-best-price-in-dubai-uae,,,,,,,,,,,,,,,,,,,,,,,,,,,,,,,https://cdn.shopify.com/s/files/1/0626/6119/8023/files/FRASH_ZAHOOR_AL_KHALEEJ_AIR_FRESHENER_320ML_-_Khadlaj_Perfumes-1964657.jpg?v=1722409676,2,FRASH ZAHOOR AL KHALEEJ AIR FRESHENER 320ML - Khadlaj Perfumes,,,,,,,,,,,,,,,,,,,,,,,,,,,,,,,,,,,,,,,,,,,,,,,,,,,,,,,,,,,
frash-romancia-air-freshener-shop-online-best-price-in-dubai-uae,FRASH ROMANCIA AIR FRESHENER 320ML,"<style type=""text/css"" data-mce-fragment=""1""><!--
td {border: 1px solid #cccccc;}br {mso-data-placement:same-cell;}
--></style>
<span data-sheets-value='{""1"":2,""2"":""Romancia Air Freshener, a captivating fragrance spray designed to infuse your surroundings with a delightful and enchanting aroma. With its harmonious blend of notes, this air freshener creates a luxurious and inviting ambiance. Its non-alcoholic formula and versatile application make it perfect for enhancing the scent of clothes, ironing, curtains, sofas, powder rooms, and even your car.\n\nTo experience the captivating scent of Romancia Air Freshener, simply hold the bottle upright and spray a fine mist into the air. You can direct the spray towards the desired area or allow it to disperse naturally, filling the space with its amazing aroma.\n\nThe fragrance composition of Romancia Air Freshener features the following notes:\n\nTop Notes: Cardamom, Orris: The warm and spicy notes of cardamom blend with the elegant and powdery scent of orris, creating a captivating opening that sets the stage for the fragrance.\n\nMiddle Notes: Jasmine, Tube rose, Ylang ylang: The intoxicating and floral aroma of jasmine combines with the creamy and sensual notes of tuberose and ylang-ylang, adding a touch of elegance and allure to the fragrance.\n\nBase Notes: Ambergris, Musk: The rich and warm notes of ambergris are complemented by the soft and comforting scent of musk, creating a lasting and harmonious base that lingers in the air.\n\nTo enjoy the captivating aroma of Romancia Air Freshener, spray it in the air to create an inviting and luxurious ambiance. Its non-alcoholic formula ensures a safe and enjoyable experience, while its versatile application allows you to enhance the scent of various surfaces. Use it on clothes, during ironing, on curtains, sofas, in powder rooms, or even in your car to create a captivating and relaxing atmosphere. Immerse yourself in the alluring blend of cardamom, orris, jasmine, tuberose, ylang-ylang, ambergris, and musk, and let the fragrance transport you to a world of elegance and indulgence.""}' data-sheets-userformat='{""2"":15233,""3"":{""1"":0},""10"":0,""11"":4,""12"":0,""14"":{""1"":2,""2"":0},""15"":""Calibri"",""16"":11}' data-mce-fragment=""1"">Romancia Air Freshener, a captivating fragrance spray designed to infuse your surroundings with a delightful and enchanting aroma. With its harmonious blend of notes, this air freshener creates a luxurious and inviting ambiance. Its non-alcoholic formula and versatile application make it perfect for enhancing the scent of clothes, ironing, curtains, sofas, powder rooms, and even your car.<br data-mce-fragment=""1""><br data-mce-fragment=""1"">To experience the captivating scent of Romancia Air Freshener, simply hold the bottle upright and spray a fine mist into the air. You can direct the spray towards the desired area or allow it to disperse naturally, filling the space with its amazing aroma.<br data-mce-fragment=""1""><br data-mce-fragment=""1"">The fragrance composition of Romancia Air Freshener features the following notes:<br data-mce-fragment=""1""><br data-mce-fragment=""1"">Top Notes: Cardamom, Orris: The warm and spicy notes of cardamom blend with the elegant and powdery scent of orris, creating a captivating opening that sets the stage for the fragrance.<br data-mce-fragment=""1""><br data-mce-fragment=""1"">Middle Notes: Jasmine, Tube rose, Ylang ylang: The intoxicating and floral aroma of jasmine combines with the creamy and sensual notes of tuberose and ylang-ylang, adding a touch of elegance and allure to the fragrance.<br data-mce-fragment=""1""><br data-mce-fragment=""1"">Base Notes: Amber wood, Musk: The rich and warm notes of amber wood are complemented by the soft and comforting scent of musk, creating a lasting and harmonious base that lingers in the air.<br data-mce-fragment=""1""><br data-mce-fragment=""1"">To enjoy the captivating aroma of Romancia Air Freshener, spray it in the air to create an inviting and luxurious ambiance. Its non-alcoholic formula ensures a safe and enjoyable experience, while its versatile application allows you to enhance the scent of various surfaces. Use it on clothes, during ironing, on curtains, sofas, in powder rooms, or even in your car to create a captivating and relaxing atmosphere. Immerse yourself in the alluring blend of cardamom, orris, jasmine, tuberose, ylang-ylang, amber wood, and musk, and let the fragrance transport you to a world of elegance and indulgence.</span>",Khadlaj-perfumes,Home & Garden > Decor > Home Fragrances > Air Fresheners,AIR FRESHENER,"AIR FRESHNER, Unisex",true,Size,320 ml,,,,,,,,'6291107974460,500.0,shopify,deny,manual,38.00,,true,true,,,,,'6291107974460,https://cdn.shopify.com/s/files/1/0626/6119/8023/files/FRASH_ROMANCIA_AIR_FRESHENER_320ML_-_Khadlaj_Perfumes-1964632.jpg?v=1722409638,1,FRASH ROMANCIA AIR FRESHENER 320ML - Khadlaj Perfumes,false,,,3898,,,,,,,,,,,,"<div class=""pyramid-section_lists""><h6 style=""font-weight:600;"">Top Notes</h6>
<p>Cardamom, Orris</p>
</div>
<div class=""pyramid-section_lists""><h6 style=""font-weight:600;"">Middle Notes</h6>
<p>Jasmine, Tube rose, Ylang ylang</p>
</div>
<div class=""pyramid-section_lists""><h6 style=""font-weight:600;"">Base Notes</h6>
<p>Amber wood, Musk</p>
</div>",,,,,,,,,,,,,,,,,,https://cdn.shopify.com/s/files/1/0626/6119/8023/files/FRASH_ROMANCIA_AIR_FRESHENER_320ML_-_Khadlaj_Perfumes-1964632.jpg?v=1722409638,g,,,true,,,true,,,true,,,true,,,true,,,true,,,true,,,active
frash-romancia-air-freshener-shop-online-best-price-in-dubai-uae,,,,,,,,,,,,,,,,,,,,,,,,,,,,,,,https://cdn.shopify.com/s/files/1/0626/6119/8023/files/FRASH_ROMANCIA_AIR_FRESHENER_320ML_-_Khadlaj_Perfumes-1964635.jpg?v=1722409643,2,FRASH ROMANCIA AIR FRESHENER 320ML - Khadlaj Perfumes,,,,,,,,,,,,,,,,,,,,,,,,,,,,,,,,,,,,,,,,,,,,,,,,,,,,,,,,,,,
frash-naseem-al-ward-air-freshener-shop-online-best-price-in-dubai-uae,FRASH NASEEM AL WARD AIR FRESHENER 320ML,"<style type=""text/css"" data-mce-fragment=""1""><!--
td {border: 1px solid #cccccc;}br {mso-data-placement:same-cell;}
--></style>
<span data-sheets-value='{""1"":2,""2"":""Naseem Al Ward Air Freshener, a captivating fragrance spray that brings the essence of blooming flowers to any space. With its enchanting blend of notes, this air freshener creates a delightful and refreshing ambiance. Its non-alcoholic formula and versatile application make it suitable for use on clothes, during ironing, on curtains, sofas, in powder rooms, and even in cars.\n\nTo use Naseem Al Ward Air Freshener, simply hold the can upright and press the spray nozzle to release a fine mist of fragrance into the air. The spray can be directed towards the desired area or left to disperse naturally, enveloping the space with its amazing aroma.\n\nThe delightful fragrance composition of Naseem Al Ward Air Freshener features the following notes:\n\nTop Notes: Bergamot, Cherry Blossom: The zesty and fresh scent of bergamot combines with the delicate and floral aroma of cherry blossom, creating a vibrant and uplifting opening to the fragrance.\n\nMiddle Notes: Violet, Jasmine: The sweet and powdery notes of violet blend with the intoxicating and floral essence of jasmine, adding a touch of elegance and femininity to the fragrance.\n\nBase Notes: Agarwood: The rich and woody aroma of agarwood provides a deep and warm foundation to the fragrance, infusing it with a sense of depth and complexity.\n\nExperience the captivating aroma of Naseem Al Ward Air Freshener and transform any space into a blooming garden. Its non-alcoholic formula ensures a safe and enjoyable experience, while its versatile application allows you to enjoy the fragrance on various surfaces. Spray it on clothes, during ironing, on curtains, sofas, in powder rooms, or even in your car to create an inviting and refreshing atmosphere. Immerse yourself in the enchanting blend of bergamot, cherry blossom, violet, jasmine, and agarwood, and let the fragrance transport you to a world of blossoming flowers and natural beauty.\n\n\n\n\n\nUser""}' data-sheets-userformat='{""2"":15235,""3"":{""1"":0},""4"":{""1"":2,""2"":16776960},""10"":0,""11"":4,""12"":0,""14"":{""1"":2,""2"":0},""15"":""Calibri"",""16"":11}' data-mce-fragment=""1"">Naseem Al Ward Air Freshener, a captivating fragrance spray that brings the essence of blooming flowers to any space. With its enchanting blend of notes, this air freshener creates a delightful and refreshing ambiance. Its non-alcoholic formula and versatile application make it suitable for use on clothes, during ironing, on curtains, sofas, in powder rooms, and even in cars.<br data-mce-fragment=""1""><br data-mce-fragment=""1"">To use Naseem Al Ward Air Freshener, simply hold the can upright and press the spray nozzle to release a fine mist of fragrance into the air. The spray can be directed towards the desired area or left to disperse naturally, enveloping the space with its amazing aroma.<br data-mce-fragment=""1""><br data-mce-fragment=""1"">The delightful fragrance composition of Naseem Al Ward Air Freshener features the following notes:<br data-mce-fragment=""1""><br data-mce-fragment=""1"">Top Notes: Bergamot, Cherry Blossom: The zesty and fresh scent of bergamot combines with the delicate and floral aroma of cherry blossom, creating a vibrant and uplifting opening to the fragrance.<br data-mce-fragment=""1""><br data-mce-fragment=""1"">Middle Notes: Violet, Jasmine: The sweet and powdery notes of violet blend with the intoxicating and floral essence of jasmine, adding a touch of elegance and femininity to the fragrance.<br data-mce-fragment=""1""><br data-mce-fragment=""1"">Base Notes: Agarwood: The rich and woody aroma of agarwood provides a deep and warm foundation to the fragrance, infusing it with a sense of depth and complexity.<br data-mce-fragment=""1""><br data-mce-fragment=""1"">Experience the captivating aroma of Naseem Al Ward Air Freshener and transform any space into a blooming garden. Its non-alcoholic formula ensures a safe and enjoyable experience, while its versatile application allows you to enjoy the fragrance on various surfaces. Spray it on clothes, during ironing, on curtains, sofas, in powder rooms, or even in your car to create an inviting and refreshing atmosphere. Immerse yourself in the enchanting blend of bergamot, cherry blossom, violet, jasmine, and agarwood, and let the fragrance transport you to a world of blossoming flowers and natural beauty.<br></span>",Khadlaj-perfumes,Home & Garden > Decor > Home Fragrances > Air Fresheners,AIR FRESHENER,"AIR FRESHNER, Unisex",true,Size,320 ml,,,,,,,,'6297000742977,500.0,shopify,deny,manual,38.00,,true,true,,,,,'6297000742977,https://cdn.shopify.com/s/files/1/0626/6119/8023/files/FRASH_NASEEM_AL_WARD_AIR_FRESHENER_320ML_-_Khadlaj_Perfumes-1964609.jpg?v=1722409603,1,FRASH NASEEM AL WARD AIR FRESHENER 320ML - Khadlaj Perfumes,false,,,3898,,,,,,,,,,,,"<div class=""pyramid-section_lists""><h6 style=""font-weight:600;"">Top Notes</h6>
<p>Bergamot, Cherry Blossom</p>
</div>
<div class=""pyramid-section_lists""><h6 style=""font-weight:600;"">Middle Notes</h6>
<p>Violet, Jasmine</p>
</div>
<div class=""pyramid-section_lists""><h6 style=""font-weight:600;"">Base Notes</h6>
<p>Agarwood</p>
</div>",,,,,,,,,,,,,,,,,,https://cdn.shopify.com/s/files/1/0626/6119/8023/files/FRASH_NASEEM_AL_WARD_AIR_FRESHENER_320ML_-_Khadlaj_Perfumes-1964609.jpg?v=1722409603,g,,,true,,,true,,,true,,,true,,,true,,,true,,,true,,,active
frash-naseem-al-ward-air-freshener-shop-online-best-price-in-dubai-uae,,,,,,,,,,,,,,,,,,,,,,,,,,,,,,,https://cdn.shopify.com/s/files/1/0626/6119/8023/files/FRASH_NASEEM_AL_WARD_AIR_FRESHENER_320ML_-_Khadlaj_Perfumes-1964612.jpg?v=1722409609,2,FRASH NASEEM AL WARD AIR FRESHENER 320ML - Khadlaj Perfumes,,,,,,,,,,,,,,,,,,,,,,,,,,,,,,,,,,,,,,,,,,,,,,,,,,,,,,,,,,,
frash-musky-air-freshener-shop-online-best-price-in-dubai-uae,FRASH MUSKY AIR FRESHENER 320ML,"<style type=""text/css"" data-mce-fragment=""1""><!--
td {border: 1px solid #cccccc;}br {mso-data-placement:same-cell;}
--></style>
<span data-sheets-value='{""1"":2,""2"":""Musky Air Freshener, a captivating and musky fragrance spray that brings a sense of allure and freshness to any space. With its innovative technology, this air freshener continuously sprays to diffuse a delightful aroma with just one click, ensuring a long-lasting and consistent fragrance experience.\n\nUsing Musky Air Freshener is effortless. Simply hold the can upright and press the spray nozzle to release a fine mist of fragrance into the air. You can direct the spray towards the desired area or let it disperse naturally, allowing the fragrance to envelop the space with its amazing aroma.\n\nThis versatile air freshener can be used in various settings to enhance the ambiance. Spray it on clothes to give them a refreshing and musky scent that lasts throughout the day. It can also be used while ironing, infusing your clothes with a delightful fragrance. Spritz it onto curtains, sofas, or any fabric surface to revitalize the space with a touch of allure. Additionally, the Musky Air Freshener is perfect for the powder room, creating a fresh and inviting environment for your guests. You can even use it in your car to eliminate odors and fill the interior with a pleasant and captivating scent.\n\nMusky Air Freshener is non-alcoholic, ensuring a safe and enjoyable experience in any setting. It features a carefully crafted fragrance composition that combines the following notes:\n\nTop Notes: Jasmine, Hyacinth, Rhubarb: The floral and green notes of jasmine and hyacinth blend with the tart and tangy aroma of rhubarb, creating an intriguing and inviting start to the fragrance.\n\nMiddle Notes: White Musk, Lily of the valley, Amber: The soft and comforting notes of white musk merge with the delicate and floral essence of lily of the valley, while the warm and sensual notes of amber add depth and allure to the fragrance.\n\nBase Notes: Musk, Tonka bean: The base notes of musk and tonka bean provide a smooth and creamy finish to the fragrance, leaving a lingering and musky trail that adds a touch of sensuality.\n\nExperience the captivating aroma of Musky Air Freshener and transform any space into a fragrant sanctuary. Its non-alcoholic formula and versatile application make it a convenient and enjoyable choice for refreshing your surroundings. With just one click, immerse yourself in the delightful fragrance of jasmine, hyacinth, rhubarb, white musk, lily of the valley, amber, musk, and tonka bean, creating an ambiance that is both alluring and inviting.""}' data-sheets-userformat='{""2"":15233,""3"":{""1"":0},""10"":0,""11"":4,""12"":0,""14"":{""1"":2,""2"":0},""15"":""Calibri"",""16"":11}' data-mce-fragment=""1"">Musky Air Freshener, a captivating and musky fragrance spray that brings a sense of allure and freshness to any space. With its innovative technology, this air freshener continuously sprays to diffuse a delightful aroma with just one click, ensuring a long-lasting and consistent fragrance experience.<br data-mce-fragment=""1""><br data-mce-fragment=""1"">Using Musky Air Freshener is effortless. Simply hold the can upright and press the spray nozzle to release a fine mist of fragrance into the air. You can direct the spray towards the desired area or let it disperse naturally, allowing the fragrance to envelop the space with its amazing aroma.<br data-mce-fragment=""1""><br data-mce-fragment=""1"">This versatile air freshener can be used in various settings to enhance the ambiance. Spray it on clothes to give them a refreshing and musky scent that lasts throughout the day. It can also be used while ironing, infusing your clothes with a delightful fragrance. Spritz it onto curtains, sofas, or any fabric surface to revitalize the space with a touch of allure. Additionally, the Musky Air Freshener is perfect for the powder room, creating a fresh and inviting environment for your guests. You can even use it in your car to eliminate odors and fill the interior with a pleasant and captivating scent.<br data-mce-fragment=""1""><br data-mce-fragment=""1"">Musky Air Freshener is non-alcoholic, ensuring a safe and enjoyable experience in any setting. It features a carefully crafted fragrance composition that combines the following notes:<br data-mce-fragment=""1""><br data-mce-fragment=""1"">Top Notes: Jasmine, Hyacinth, Rhubarb: The floral and green notes of jasmine and hyacinth blend with the tart and tangy aroma of rhubarb, creating an intriguing and inviting start to the fragrance.<br data-mce-fragment=""1""><br data-mce-fragment=""1"">Middle Notes: White Musk, Lily of the valley, Amber: The soft and comforting notes of white musk merge with the delicate and floral essence of lily of the valley, while the warm and sensual notes of amber add depth and allure to the fragrance.<br data-mce-fragment=""1""><br data-mce-fragment=""1"">Base Notes: Musk, Tonka bean: The base notes of musk and tonka bean provide a smooth and creamy finish to the fragrance, leaving a lingering and musky trail that adds a touch of sensuality.<br data-mce-fragment=""1""><br data-mce-fragment=""1"">Experience the captivating aroma of Musky Air Freshener and transform any space into a fragrant sanctuary. Its non-alcoholic formula and versatile application make it a convenient and enjoyable choice for refreshing your surroundings. With just one click, immerse yourself in the delightful fragrance of jasmine, hyacinth, rhubarb, white musk, lily of the valley, amber, musk, and tonka bean, creating an ambiance that is both alluring and inviting.</span>",Khadlaj-perfumes,Home & Garden > Decor > Home Fragrances > Air Fresheners,AIR FRESHENER,"AIR FRESHNER, Unisex",true,Size,320 ml,,,,,,,,'6291107974477,500.0,shopify,deny,manual,38.00,,true,true,,,,,'6291107974477,https://cdn.shopify.com/s/files/1/0626/6119/8023/files/FRASH_MUSKY_AIR_FRESHENER_320ML_-_Khadlaj_Perfumes-1964602.jpg?v=1722409594,1,FRASH MUSKY AIR FRESHENER 320ML - Khadlaj Perfumes,false,,,3898,,,,,,,,,,,,"<div class=""pyramid-section_lists""><h6 style=""font-weight:600;"">Top Notes</h6>
<p>Jasmine, Hyacinth, Rhubarb</p>
</div>
<div class=""pyramid-section_lists""><h6 style=""font-weight:600;"">Middle Notes</h6>
<p>White Musk,  Lily of the valley, Amber</p>
</div>
<div class=""pyramid-section_lists""><h6 style=""font-weight:600;"">Base Notes</h6>
<p>Musk, Tonka bean</p>
</div>",,,,,,,,,,,,,,,,,,https://cdn.shopify.com/s/files/1/0626/6119/8023/files/FRASH_MUSKY_AIR_FRESHENER_320ML_-_Khadlaj_Perfumes-1964602.jpg?v=1722409594,g,,,true,,,true,,,true,,,true,,,true,,,true,,,true,,,active
frash-musky-air-freshener-shop-online-best-price-in-dubai-uae,,,,,,,,,,,,,,,,,,,,,,,,,,,,,,,https://cdn.shopify.com/s/files/1/0626/6119/8023/files/FRASH_MUSKY_AIR_FRESHENER_320ML_-_Khadlaj_Perfumes-1964605.jpg?v=1722409598,2,FRASH MUSKY AIR FRESHENER 320ML - Khadlaj Perfumes,,,,,,,,,,,,,,,,,,,,,,,,,,,,,,,,,,,,,,,,,,,,,,,,,,,,,,,,,,,
frash-makhmali-air-freshener-shop-online-best-price-in-dubai-uae,FRASH MAKHMALI AIR FRESHENER 320ML,"<style type=""text/css"" data-mce-fragment=""1""><!--
td {border: 1px solid #cccccc;}br {mso-data-placement:same-cell;}
--></style>
<span data-sheets-value='{""1"":2,""2"":""Makhmali Air Freshener, a luxurious and captivating fragrance spray that brings a touch of elegance and freshness to your surroundings. With its innovative technology, this air freshener continuously sprays to diffuse a delightful aroma with just one click, ensuring a long-lasting and consistent fragrance experience.\n\nUsing Makhmali Air Freshener is effortless. Simply hold the can upright and press the spray nozzle to release a fine mist of fragrance into the air. You can direct the spray towards the desired area or let it disperse naturally, allowing the fragrance to envelop the space with its amazing aroma.\n\nThis versatile air freshener can be used in various settings to enhance the ambiance. Spray it on clothes to give them a refreshing and luxurious scent that lasts throughout the day. It can also be used while ironing, infusing your clothes with a delightful fragrance. Spritz it onto curtains, sofas, or any fabric surface to revitalize the space with a touch of sophistication. Additionally, the Makhmali Air Freshener is perfect for the powder room, creating a luxurious and fresh environment for your guests. You can even use it in your car to eliminate odors and fill the interior with a pleasant and inviting scent.\n\nMakhmali Air Freshener is non-alcoholic, ensuring a safe and enjoyable experience in any setting. It features a carefully crafted fragrance composition that combines the following notes:\n\nTop Notes: Orange, Raspberry, Saffron: The vibrant and citrusy notes of orange blend with the juicy sweetness of raspberry and the exotic allure of saffron, creating a captivating and uplifting start to the fragrance.\n\nMiddle Notes: Amber, Jasmine, Rose: The warm and sensual notes of amber blend harmoniously with the floral elegance of jasmine and rose, adding depth and sophistication to the fragrance.\n\nBase Notes: Cashmere, Labdanum, Musk, Vanilla: The soft and comforting base notes of cashmere, labdanum, musk, and vanilla create a cozy and inviting ambiance. These notes provide a lasting impression, enveloping the space with a sense of warmth and luxury.\n\nExperience the enchanting aroma of Makhmali Air Freshener and transform any space into a fragrant sanctuary. Its non-alcoholic formula and versatile application make it a convenient and enjoyable choice for refreshing your surroundings. With just one click, immerse yourself in the delightful fragrance of orange, raspberry, saffron, amber, jasmine, rose, cashmere, labdanum, musk, and vanilla, creating an ambiance that is both inviting and luxurious.""}' data-sheets-userformat='{""2"":15233,""3"":{""1"":0},""10"":0,""11"":4,""12"":0,""14"":{""1"":2,""2"":0},""15"":""Calibri"",""16"":11}' data-mce-fragment=""1"">Makhmali Air Freshener, a luxurious and captivating fragrance spray that brings a touch of elegance and freshness to your surroundings. With its innovative technology, this air freshener continuously sprays to diffuse a delightful aroma with just one click, ensuring a long-lasting and consistent fragrance experience.<br data-mce-fragment=""1""><br data-mce-fragment=""1"">Using Makhmali Air Freshener is effortless. Simply hold the can upright and press the spray nozzle to release a fine mist of fragrance into the air. You can direct the spray towards the desired area or let it disperse naturally, allowing the fragrance to envelop the space with its amazing aroma.<br data-mce-fragment=""1""><br data-mce-fragment=""1"">This versatile air freshener can be used in various settings to enhance the ambiance. Spray it on clothes to give them a refreshing and luxurious scent that lasts throughout the day. It can also be used while ironing, infusing your clothes with a delightful fragrance. Spritz it onto curtains, sofas, or any fabric surface to revitalize the space with a touch of sophistication. Additionally, the Makhmali Air Freshener is perfect for the powder room, creating a luxurious and fresh environment for your guests. You can even use it in your car to eliminate odors and fill the interior with a pleasant and inviting scent.<br data-mce-fragment=""1""><br data-mce-fragment=""1"">Makhmali Air Freshener is non-alcoholic, ensuring a safe and enjoyable experience in any setting. It features a carefully crafted fragrance composition that combines the following notes:<br data-mce-fragment=""1""><br data-mce-fragment=""1"">Top Notes: Orange, Raspberry, Saffron: The vibrant and citrusy notes of orange blend with the juicy sweetness of raspberry and the exotic allure of saffron, creating a captivating and uplifting start to the fragrance.<br data-mce-fragment=""1""><br data-mce-fragment=""1"">Middle Notes: Amber, Jasmine, Rose: The warm and sensual notes of amber blend harmoniously with the floral elegance of jasmine and rose, adding depth and sophistication to the fragrance.<br data-mce-fragment=""1""><br data-mce-fragment=""1"">Base Notes: Cashmere, Labdanum, Musk, Vanilla: The soft and comforting base notes of cashmere, labdanum, musk, and vanilla create a cozy and inviting ambiance. These notes provide a lasting impression, enveloping the space with a sense of warmth and luxury.<br data-mce-fragment=""1""><br data-mce-fragment=""1"">Experience the enchanting aroma of Makhmali Air Freshener and transform any space into a fragrant sanctuary. Its non-alcoholic formula and versatile application make it a convenient and enjoyable choice for refreshing your surroundings. With just one click, immerse yourself in the delightful fragrance of orange, raspberry, saffron, amber, jasmine, rose, cashmere, labdanum, musk, and vanilla, creating an ambiance that is both inviting and luxurious.</span>",Khadlaj-perfumes,Home & Garden > Decor > Home Fragrances > Air Fresheners,AIR FRESHENER,"AIR FRESHNER, Unisex",true,Size,320 ml,,,,,,,,'6291107974484,500.0,shopify,deny,manual,38.00,,true,true,,,,,'6291107974484,https://cdn.shopify.com/s/files/1/0626/6119/8023/files/FRASH_MAKHMALI_AIR_FRESHENER_320ML_-_Khadlaj_Perfumes-1964589.jpg?v=1722409575,1,FRASH MAKHMALI AIR FRESHENER 320ML - Khadlaj Perfumes,false,,,3898,,,,,,,,,,,,"<div class=""pyramid-section_lists""><h6 style=""font-weight:600;"">Top Notes</h6>
<p>Orange, Raspberry, Saffron</p>
</div>
<div class=""pyramid-section_lists""><h6 style=""font-weight:600;"">Middle Notes</h6>
<p>Amber, Jasmine, Rose</p>
</div>
<div class=""pyramid-section_lists""><h6 style=""font-weight:600;"">Base Notes</h6>
<p>Cashmere, Labdanum, Musk, Vanilla</p>
</div>",,,,,,,,,,,,,,,,,,https://cdn.shopify.com/s/files/1/0626/6119/8023/files/FRASH_MAKHMALI_AIR_FRESHENER_320ML_-_Khadlaj_Perfumes-1964589.jpg?v=1722409575,g,,,true,,,true,,,true,,,true,,,true,,,true,,,true,,,active
frash-makhmali-air-freshener-shop-online-best-price-in-dubai-uae,,,,,,,,,,,,,,,,,,,,,,,,,,,,,,,https://cdn.shopify.com/s/files/1/0626/6119/8023/files/FRASH_MAKHMALI_AIR_FRESHENER_320ML_-_Khadlaj_Perfumes-1964592.jpg?v=1722409579,2,FRASH MAKHMALI AIR FRESHENER 320ML - Khadlaj Perfumes,,,,,,,,,,,,,,,,,,,,,,,,,,,,,,,,,,,,,,,,,,,,,,,,,,,,,,,,,,,
frash-la-yuqawam-air-freshener-shop-online-best-price-in-dubai-uae,FRASH LA YUQAWAM AIR FRESHENER 320ML,"<style type=""text/css"" data-mce-fragment=""1""><!--
td {border: 1px solid #cccccc;}br {mso-data-placement:same-cell;}
--></style>
<span data-sheets-value='{""1"":2,""2"":""La Yuqawam Air Freshener, an exquisite fragrance spray that brings a touch of luxury and freshness to your surroundings. With its innovative technology, this air freshener continuously sprays to diffuse a captivating aroma with just one click, ensuring a long-lasting and consistent fragrance experience.\n\nUsing La Yuqawam Air Freshener is effortless. Simply hold the can upright and press the spray nozzle to release a fine mist of fragrance into the air. You can direct the spray towards the desired area or let it disperse naturally, allowing the fragrance to envelop the space with its amazing aroma.\n\nThis versatile air freshener can be used in various settings to enhance the ambiance. Spray it on clothes to give them a refreshing and luxurious scent that lingers throughout the day. It can also be used while ironing, infusing your clothes with a delightful fragrance. Spritz it onto curtains, sofas, or any fabric surface to revitalize the space with a touch of elegance. Additionally, the La Yuqawam Air Freshener is perfect for the powder room, creating a sophisticated and fresh environment for your guests. You can even use it in your car to eliminate odors and fill the interior with a pleasant and inviting scent.\n\nLa Yuqawam Air Freshener is non-alcoholic, ensuring a safe and pleasant experience in any setting. It features a carefully crafted fragrance composition that combines the following notes:\n\nTop Notes: Bergamot, Orange: The fresh and citrusy notes of bergamot and orange create an invigorating and uplifting start to the fragrance, setting the stage for a delightful experience.\n\nMiddle Notes: Vanilla, Rose: The sweet and creamy aroma of vanilla blends harmoniously with the delicate and romantic scent of rose, adding a touch of sophistication and allure to the fragrance.\n\nBase Notes: Agarwood, Sandalwood: The rich and woody base notes of agarwood and sandalwood provide depth and longevity to the fragrance. These notes create a warm and comforting ambiance, leaving a lasting impression.\n\nExperience the luxurious aroma of La Yuqawam Air Freshener and transform any space into a fragrant haven. Its non-alcoholic formula and versatile application make it a convenient and enjoyable choice for refreshing your surroundings. With just one click, immerse yourself in the captivating fragrance of bergamot, orange, vanilla, rose, agarwood, and sandalwood, creating an ambiance that is both elegant and inviting.""}' data-sheets-userformat='{""2"":15233,""3"":{""1"":0},""10"":0,""11"":4,""12"":0,""14"":{""1"":2,""2"":0},""15"":""Calibri"",""16"":11}' data-mce-fragment=""1"">La Yuqawam Air Freshener, an exquisite fragrance spray that brings a touch of luxury and freshness to your surroundings. With its innovative technology, this air freshener continuously sprays to diffuse a captivating aroma with just one click, ensuring a long-lasting and consistent fragrance experience.<br data-mce-fragment=""1""><br data-mce-fragment=""1"">Using La Yuqawam Air Freshener is effortless. Simply hold the can upright and press the spray nozzle to release a fine mist of fragrance into the air. You can direct the spray towards the desired area or let it disperse naturally, allowing the fragrance to envelop the space with its amazing aroma.<br data-mce-fragment=""1""><br data-mce-fragment=""1"">This versatile air freshener can be used in various settings to enhance the ambiance. Spray it on clothes to give them a refreshing and luxurious scent that lingers throughout the day. It can also be used while ironing, infusing your clothes with a delightful fragrance. Spritz it onto curtains, sofas, or any fabric surface to revitalize the space with a touch of elegance. Additionally, the La Yuqawam Air Freshener is perfect for the powder room, creating a sophisticated and fresh environment for your guests. You can even use it in your car to eliminate odors and fill the interior with a pleasant and inviting scent.<br data-mce-fragment=""1""><br data-mce-fragment=""1"">La Yuqawam Air Freshener is non-alcoholic, ensuring a safe and pleasant experience in any setting. It features a carefully crafted fragrance composition that combines the following notes:<br data-mce-fragment=""1""><br data-mce-fragment=""1"">Top Notes: Bergamot, Orange: The fresh and citrusy notes of bergamot and orange create an invigorating and uplifting start to the fragrance, setting the stage for a delightful experience.<br data-mce-fragment=""1""><br data-mce-fragment=""1"">Middle Notes: Vanilla, Rose: The sweet and creamy aroma of vanilla blends harmoniously with the delicate and romantic scent of rose, adding a touch of sophistication and allure to the fragrance.<br data-mce-fragment=""1""><br data-mce-fragment=""1"">Base Notes: Agarwood, Sandalwood: The rich and woody base notes of agarwood and sandalwood provide depth and longevity to the fragrance. These notes create a warm and comforting ambiance, leaving a lasting impression.<br data-mce-fragment=""1""><br data-mce-fragment=""1"">Experience the luxurious aroma of La Yuqawam Air Freshener and transform any space into a fragrant haven. Its non-alcoholic formula and versatile application make it a convenient and enjoyable choice for refreshing your surroundings. With just one click, immerse yourself in the captivating fragrance of bergamot, orange, vanilla, rose, agarwood, and sandalwood, creating an ambiance that is both elegant and inviting.</span>",Khadlaj-perfumes,Home & Garden > Decor > Home Fragrances > Air Fresheners,AIR FRESHENER,"AIR FRESHNER, Unisex",true,Size,320 ml,,,,,,,,'6297000742984,500.0,shopify,deny,manual,38.00,,true,true,,,,,'6297000742984,https://cdn.shopify.com/s/files/1/0626/6119/8023/files/FRASH_LA_YUQAWAM_AIR_FRESHENER_320ML_-_Khadlaj_Perfumes-1964537.jpg?v=1722409501,1,FRASH LA YUQAWAM AIR FRESHENER 320ML - Khadlaj Perfumes,false,,,3898,,,,,,,,,,,,"<div class=""pyramid-section_lists""><h6 style=""font-weight:600;"">Top Notes</h6>
<p>Bergamot, Orange</p>
</div>
<div class=""pyramid-section_lists""><h6 style=""font-weight:600;"">Middle Notes</h6>
<p>Vanilla, Rose</p>
</div>
<div class=""pyramid-section_lists""><h6 style=""font-weight:600;"">Base Notes</h6>
<p>Agarwood, Sandalwood</p>
</div>",,,,,,,,,,,,,,,,,,https://cdn.shopify.com/s/files/1/0626/6119/8023/files/FRASH_LA_YUQAWAM_AIR_FRESHENER_320ML_-_Khadlaj_Perfumes-1964537.jpg?v=1722409501,g,,,true,,,true,,,true,,,true,,,true,,,true,,,true,,,active
frash-la-yuqawam-air-freshener-shop-online-best-price-in-dubai-uae,,,,,,,,,,,,,,,,,,,,,,,,,,,,,,,https://cdn.shopify.com/s/files/1/0626/6119/8023/files/FRASH_LA_YUQAWAM_AIR_FRESHENER_320ML_-_Khadlaj_Perfumes-1964541.jpg?v=1722409506,2,FRASH LA YUQAWAM AIR FRESHENER 320ML - Khadlaj Perfumes,,,,,,,,,,,,,,,,,,,,,,,,,,,,,,,,,,,,,,,,,,,,,,,,,,,,,,,,,,,
frash-hareem-al-sultan-air-freshener-shop-online-best-price-in-dubai-uae,FRASH HAREEM AL SULTAN AIR FRESHENER 320ML,"<style type=""text/css""><!--
td {border: 1px solid #cccccc;}br {mso-data-placement:same-cell;}
--></style>
<span data-sheets-value='{""1"":2,""2"":""Hareem Al Sultan Air Freshener, a revolutionary spray that brings a delightful burst of freshness to your surroundings. With its innovative technology, this air freshener continuously sprays to diffuse a captivating aroma with just one click, ensuring a long-lasting and consistent fragrance experience.\n\nUsing Hareem Al Sultan Air Freshener is simple and effortless. Just hold the can upright and press the spray nozzle to release a fine mist of fragrance into the air. You can direct the spray towards the desired area or let it disperse naturally, allowing the fragrance to envelop the space with its amazing aroma.\n\nThis versatile air freshener can be used in various settings to enhance the ambiance. You can spray it on clothes, giving them a refreshing scent that lingers throughout the day. It can also be used while ironing, infusing your clothes with a delightful aroma. Spritz it onto curtains, sofas, or any fabric surface to revitalize the space with a touch of fragrance. Additionally, the Hareem Al Sultan Air Freshener is perfect for the powder room, creating an inviting and fresh environment for your guests. You can even use it in your car to eliminate odors and fill the interior with a pleasant scent.\n\nHareem Al Sultan Air Freshener is non-alcoholic, making it safe to use in various settings without any concerns. It features a thoughtfully curated fragrance composition that combines the following notes:\n\nTop Notes: Bergamot, Tonka bean: The fresh and citrusy aroma of bergamot blends harmoniously with the warm and aromatic notes of tonka bean, creating an invigorating and inviting top layer.\n\nMiddle Notes: Plumeria, Lily: The floral bouquet of plumeria and lily adds a touch of elegance and femininity to the fragrance, infusing the air with a delicate and captivating floral essence.\n\nBase Notes: Amber, Pinewood: The base notes of amber and pinewood provide a warm and woody foundation to the fragrance, giving it depth and longevity. These notes create a cozy and comforting atmosphere in the surroundings.\n\nExperience the captivating aroma of Hareem Al Sultan Air Freshener and transform any space into a fragrant oasis. Its non-alcoholic formula and versatile application make it a convenient and enjoyable choice for refreshing your surroundings. With just one click, you can immerse yourself in the enchanting fragrance of bergamot, tonka bean, plumeria, lily, amber, and pinewood, creating an ambiance that is both inviting and uplifting.""}' data-sheets-userformat='{""2"":15233,""3"":{""1"":0},""10"":0,""11"":4,""12"":0,""14"":{""1"":2,""2"":0},""15"":""Calibri"",""16"":11}'>Hareem Al Sultan Air Freshener, a revolutionary spray that brings a delightful burst of freshness to your surroundings. With its innovative technology, this air freshener continuously sprays to diffuse a captivating aroma with just one click, ensuring a long-lasting and consistent fragrance experience.<br><br>Using Hareem Al Sultan Air Freshener is simple and effortless. Just hold the can upright and press the spray nozzle to release a fine mist of fragrance into the air. You can direct the spray towards the desired area or let it disperse naturally, allowing the fragrance to envelop the space with its amazing aroma.<br><br>This versatile air freshener can be used in various settings to enhance the ambiance. You can spray it on clothes, giving them a refreshing scent that lingers throughout the day. It can also be used while ironing, infusing your clothes with a delightful aroma. Spritz it onto curtains, sofas, or any fabric surface to revitalize the space with a touch of fragrance. Additionally, the Hareem Al Sultan Air Freshener is perfect for the powder room, creating an inviting and fresh environment for your guests. You can even use it in your car to eliminate odors and fill the interior with a pleasant scent.<br><br>Hareem Al Sultan Air Freshener is non-alcoholic, making it safe to use in various settings without any concerns. It features a thoughtfully curated fragrance composition that combines the following notes:<br><br>Top Notes: Bergamot, Tonka bean: The fresh and citrusy aroma of bergamot blends harmoniously with the warm and aromatic notes of tonka bean, creating an invigorating and inviting top layer.<br><br>Middle Notes: Plumeria, Lily: The floral bouquet of plumeria and lily adds a touch of elegance and femininity to the fragrance, infusing the air with a delicate and captivating floral essence.<br><br>Base Notes: Amber, Pinewood: The base notes of amber and pinewood provide a warm and woody foundation to the fragrance, giving it depth and longevity. These notes create a cozy and comforting atmosphere in the surroundings.<br><br>Experience the captivating aroma of Hareem Al Sultan Air Freshener and transform any space into a fragrant oasis. Its non-alcoholic formula and versatile application make it a convenient and enjoyable choice for refreshing your surroundings. With just one click, you can immerse yourself in the enchanting fragrance of bergamot, tonka bean, plumeria, lily, amber, and pinewood, creating an ambiance that is both inviting and uplifting.</span>",Khadlaj-perfumes,Home & Garden > Decor > Home Fragrances > Air Fresheners,AIR FRESHENER,"AIR FRESHNER, Unisex",false,Size,320 ml,,,,,,,,'6297000742960,500.0,shopify,deny,manual,38.00,,true,true,,,,,'6297000742960,https://cdn.shopify.com/s/files/1/0626/6119/8023/files/FRASH_HAREEM_AL_SULTAN_AIR_FRESHENER_320ML_-_Khadlaj_Perfumes-1964508.jpg?v=1722409460,1,FRASH HAREEM AL SULTAN AIR FRESHENER 320ML - Khadlaj Perfumes,false,,,3898,,,,,,,,,,,,"<div class=""pyramid-section_lists""><h6 style=""font-weight:600;"">Top Notes</h6>
<p>Bergamot, Tonka bean</p>
</div>
<div class=""pyramid-section_lists""><h6 style=""font-weight:600;"">Middle Notes</h6>
<p>Plumeria, Lily</p>
</div>
<div class=""pyramid-section_lists""><h6 style=""font-weight:600;"">Base Notes</h6>
<p>Amber, Pinewood</p>
</div>",,,,,,,,,,,,,,,,,,https://cdn.shopify.com/s/files/1/0626/6119/8023/files/FRASH_HAREEM_AL_SULTAN_AIR_FRESHENER_320ML_-_Khadlaj_Perfumes-1964508.jpg?v=1722409460,g,,,true,,,true,,,true,,,true,,,true,,,true,,,true,,,draft
frash-hareem-al-sultan-air-freshener-shop-online-best-price-in-dubai-uae,,,,,,,,,,,,,,,,,,,,,,,,,,,,,,,https://cdn.shopify.com/s/files/1/0626/6119/8023/files/FRASH_HAREEM_AL_SULTAN_AIR_FRESHENER_320ML_-_Khadlaj_Perfumes-1964510.jpg?v=1722409465,2,FRASH HAREEM AL SULTAN AIR FRESHENER 320ML - Khadlaj Perfumes,,,,,,,,,,,,,,,,,,,,,,,,,,,,,,,,,,,,,,,,,,,,,,,,,,,,,,,,,,,
barwaaz-solid-grey-spray-shop-online-best-price-in-dubai-uae,BARWAAZ SOLID GREY EDP SPRAY 100ML,"<style type=""text/css"" data-mce-fragment=""1""><!--
td {border: 1px solid #cccccc;}br {mso-data-placement:same-cell;}
--></style>
<span data-sheets-value='{""1"":2,""2"":""Introducing Barwaaz Solid Grey, an eau de parfum that exudes confidence and sophistication. This captivating fragrance is a composition of fresh and aromatic notes, reminiscent of a refined and elegant gentleman.\n\nAt the top, the invigorating blend of bergamot, cypress, and lemon creates a fresh and citrusy opening. The zesty brightness of the bergamot is complemented by the green and woody nuances of cypress, while the uplifting scent of lemon adds a touch of vibrancy. This combination sets the stage for a captivating olfactory experience.\n\nAs the fragrance develops, the middle notes of fig, juniper berry, and rosemary emerge. The sweet and fruity essence of fig intertwines with the crisp and aromatic qualities of juniper berry, creating a harmonious balance. The herbal and invigorating scent of rosemary adds a touch of freshness and vitality to the fragrance, enhancing its overall appeal.\n\nIn the base, the fragrance is anchored by the warm and earthy blend of cedar, vetiver, and ambergris. The woody and aromatic accords of cedar provide a sense of grounding and sophistication, while vetiver adds a touch of smokiness and depth. The subtle yet alluring presence of ambergris lends a hint of sensuality and allure, completing the composition.\n\nBarwaaz Solid Grey is a fragrance that embodies the essence of a modern gentleman who is both confident and refined. Its fresh and aromatic notes create an aura of sophistication and allure, making it perfect for any occasion. Step into a world of elegance and charm with Barwaaz Solid Grey, and let its captivating blend transport you to new heights of style and sophistication.""}' data-sheets-userformat='{""2"":15233,""3"":{""1"":0},""10"":0,""11"":4,""12"":0,""14"":{""1"":2,""2"":0},""15"":""Calibri"",""16"":11}' data-mce-fragment=""1"">Introducing Barwaaz Solid Grey, an eau de parfum that exudes confidence and sophistication. This captivating fragrance is a composition of fresh and aromatic notes, reminiscent of a refined and elegant gentleman.<br data-mce-fragment=""1""><br data-mce-fragment=""1"">At the top, the invigorating blend of bergamot, cypress, and lemon creates a fresh and citrusy opening. The zesty brightness of the bergamot is complemented by the green and woody nuances of cypress, while the uplifting scent of lemon adds a touch of vibrancy. This combination sets the stage for a captivating olfactory experience.<br data-mce-fragment=""1""><br data-mce-fragment=""1"">As the fragrance develops, the middle notes of fig, juniper berry, and rosemary emerge. The sweet and fruity essence of fig intertwines with the crisp and aromatic qualities of juniper berry, creating a harmonious balance. The herbal and invigorating scent of rosemary adds a touch of freshness and vitality to the fragrance, enhancing its overall appeal.<br data-mce-fragment=""1""><br data-mce-fragment=""1"">In the base, the fragrance is anchored by the warm and earthy blend of cedar, vetiver, and amber wood. The woody and aromatic accords of cedar provide a sense of grounding and sophistication, while vetiver adds a touch of smokiness and depth. The subtle yet alluring presence of amber wood lends a hint of sensuality and allure, completing the composition.<br data-mce-fragment=""1""><br data-mce-fragment=""1"">Barwaaz Solid Grey is a fragrance that embodies the essence of a modern gentleman who is both confident and refined. Its fresh and aromatic notes create an aura of sophistication and allure, making it perfect for any occasion. Step into a world of elegance and charm with Barwaaz Solid Grey, and let its captivating blend transport you to new heights of style and sophistication.</span>",Khadlaj-perfumes,Health & Beauty > Personal Care > Cosmetics > Perfumes & Colognes,PERFUME SPRAY,"Men, Perfume Spray",true,Size,100 ml,,,,,,,,'6291107974392,500.0,shopify,deny,manual,35.00,,true,true,,,,,'6291107974392,https://cdn.shopify.com/s/files/1/0626/6119/8023/files/BARWAAZ_SOLID_GREY_EDP_SPRAY_100ML_-_Khadlaj_Perfumes-1964221.jpg?v=1784369469,1,BARWAAZ SOLID GREY EDP SPRAY 100ML - Khadlaj Perfumes,false,Barwaaz Solid Grey Woody Musk Perfume Online UAE,"Barwaaz Solid Grey perfume blends woody and musk tones, delivering a sophisticated and luxurious fragrance for men and women in UAE.",,,,,,,,,,,,,"<div class=""pyramid-section_lists""><h6 style=""font-weight:600;"">Top Notes</h6>
<p>Bergamot, Cypress, Lemon</p>
</div>
<div class=""pyramid-section_lists""><h6 style=""font-weight:600;"">Middle Notes</h6>
<p>Fig, Juniper berry, Rosemary</p>
</div>
<div class=""pyramid-section_lists""><h6 style=""font-weight:600;"">Base Notes</h6>
<p>Cedar, Vetiver, Amber wood </p>
</div>",,,,,,,,,,,,,,,,,,https://cdn.shopify.com/s/files/1/0626/6119/8023/files/BARWAAZ_SOLID_GREY_EDP_SPRAY_100ML_-_Khadlaj_Perfumes-1964213.jpg?v=1722409018,g,,,true,,,true,,,true,,,true,,,true,,,true,,,true,,,active
barwaaz-solid-grey-spray-shop-online-best-price-in-dubai-uae,,,,,,,,,,,,,,,,,,,,,,,,,,,,,,,https://cdn.shopify.com/s/files/1/0626/6119/8023/files/BARWAAZ_SOLID_GREY_EDP_SPRAY_100ML_-_Khadlaj_Perfumes-1964213.jpg?v=1722409018,2,BARWAAZ SOLID GREY EDP SPRAY 100ML - Khadlaj Perfumes,,,,,,,,,,,,,,,,,,,,,,,,,,,,,,,,,,,,,,,,,,,,,,,,,,,,,,,,,,,
barwaaz-solid-grey-spray-shop-online-best-price-in-dubai-uae,,,,,,,,,,,,,,,,,,,,,,,,,,,,,,,https://cdn.shopify.com/s/files/1/0626/6119/8023/files/BARWAAZ_SOLID_GREY_EDP_SPRAY_100ML_-_Khadlaj_Perfumes-1964217.jpg?v=1722409024,3,BARWAAZ SOLID GREY EDP SPRAY 100ML - Khadlaj Perfumes,,,,,,,,,,,,,,,,,,,,,,,,,,,,,,,,,,,,,,,,,,,,,,,,,,,,,,,,,,,
barwaaz-saddle-brown-spray-shop-online-best-price-in-dubai-uae,BARWAAZ SADDLE BROWN EDP 100 ML,"<style type=""text/css"" data-mce-fragment=""1""><!--
td {border: 1px solid #cccccc;}br {mso-data-placement:same-cell;}
--></style>
<span data-sheets-value='{""1"":2,""2"":""Introducing Barwaaz Saddle Brown, an eau de parfum that embodies the spirit of adventure and rugged elegance. This captivating fragrance is a journey through the untamed wilderness, where the scent of bergamot and lemon mingles with the earthy notes of musk and civet.\n\nAt the top, the invigorating blend of bergamot and lemon creates a fresh and zesty opening, reminiscent of the crisp air of a morning ride. The citrusy brightness adds a touch of vibrancy to the fragrance, setting the stage for an exhilarating olfactory experience.\n\nAs the scent develops, the warm and sensual notes of musk and civet emerge. These animalic accords evoke the essence of the untamed wilderness, reminiscent of the freedom and strength found in nature. The musky and leathery nuances add a touch of masculinity and allure, creating a captivating aura.\n\nIn the base, the fragrance is grounded by the rich and woody blend of cedarwood and amber. The earthy and aromatic notes of cedarwood provide a sense of grounding and stability, while the warm and resinous accords of amber add a touch of depth and sophistication.\n\nBarwaaz Saddle Brown is a fragrance for those who embrace their adventurous spirit and exude an air of rugged elegance. Its captivating blend of citrus, musk, and woody accords creates a scent that is both invigorating and comforting. Perfect for those who seek to stand out and make a lasting impression, Barwaaz Saddle Brown is a fragrance that embodies the essence of an untamed journey. Let the captivating allure of Barwaaz Saddle Brown transport you to the heart of an unforgettable adventure.""}' data-sheets-userformat='{""2"":15233,""3"":{""1"":0},""10"":0,""11"":4,""12"":0,""14"":{""1"":2,""2"":0},""15"":""Calibri"",""16"":11}' data-mce-fragment=""1"">Introducing Barwaaz Saddle Brown, an eau de parfum that embodies the spirit of adventure and rugged elegance. This captivating fragrance is a journey through the untamed wilderness, where the scent of bergamot and lemon mingles with the earthy notes of musk and civet.<br data-mce-fragment=""1""><br data-mce-fragment=""1"">At the top, the invigorating blend of bergamot and lemon creates a fresh and zesty opening, reminiscent of the crisp air of a morning ride. The citrusy brightness adds a touch of vibrancy to the fragrance, setting the stage for an exhilarating olfactory experience.<br data-mce-fragment=""1""><br data-mce-fragment=""1"">As the scent develops, the warm and sensual notes of musk and civet emerge. These animalic accords evoke the essence of the untamed wilderness, reminiscent of the freedom and strength found in nature. The musky and leathery nuances add a touch of masculinity and allure, creating a captivating aura.<br data-mce-fragment=""1""><br data-mce-fragment=""1"">In the base, the fragrance is grounded by the rich and woody blend of cedarwood and amber. The earthy and aromatic notes of cedarwood provide a sense of grounding and stability, while the warm and resinous accords of amber add a touch of depth and sophistication.<br data-mce-fragment=""1""><br data-mce-fragment=""1"">Barwaaz Saddle Brown is a fragrance for those who embrace their adventurous spirit and exude an air of rugged elegance. Its captivating blend of citrus, musk, and woody accords creates a scent that is both invigorating and comforting. Perfect for those who seek to stand out and make a lasting impression, Barwaaz Saddle Brown is a fragrance that embodies the essence of an untamed journey. Let the captivating allure of Barwaaz Saddle Brown transport you to the heart of an unforgettable adventure.</span>",Khadlaj-perfumes,Health & Beauty > Personal Care > Cosmetics > Perfumes & Colognes,PERFUME SPRAY,"Men, Perfume Spray",true,Size,100 ml,,,,,,,,'6298754254204,500.0,shopify,deny,manual,35.00,,true,true,,,,,'6298754254204,https://cdn.shopify.com/s/files/1/0626/6119/8023/files/BARWAAZ_SADDLE_BROWN_EDP_100_ML_-_Khadlaj_Perfumes-1964210.jpg?v=1784369421,1,BARWAAZ SADDLE BROWN EDP 100 ML - Khadlaj Perfumes,false,,,,,,,,,,,,,,,"<div class=""pyramid-section_lists""><h6 style=""font-weight:600;"">Top Notes</h6>
<p> Bergamot, Lemon</p>
</div>
<div class=""pyramid-section_lists""><h6 style=""font-weight:600;"">Middle Notes</h6>
<p>Musk, Civet</p>
</div>
<div class=""pyramid-section_lists""><h6 style=""font-weight:600;"">Base Notes</h6>
<p>Cedarwood, Amber</p>
</div>",,,,,,,,,,,,,,,,,,https://cdn.shopify.com/s/files/1/0626/6119/8023/files/BARWAAZ_SADDLE_BROWN_EDP_100_ML_-_Khadlaj_Perfumes-1964207.jpg?v=1722409006,g,,,true,,,true,,,true,,,true,,,true,,,true,,,true,,,active
barwaaz-saddle-brown-spray-shop-online-best-price-in-dubai-uae,,,,,,,,,,,,,,,,,,,,,,,,,,,,,,,https://cdn.shopify.com/s/files/1/0626/6119/8023/files/BARWAAZ_SADDLE_BROWN_EDP_100_ML_-_Khadlaj_Perfumes-1964207.jpg?v=1722409006,2,BARWAAZ SADDLE BROWN EDP 100 ML - Khadlaj Perfumes,,,,,,,,,,,,,,,,,,,,,,,,,,,,,,,,,,,,,,,,,,,,,,,,,,,,,,,,,,,
oud-noir-100ml-spray-shop-online-best-price-in-dubai-uae,OUD NOIR 100ML EDP SPRAY,"<style type=""text/css""><!--
td {border: 1px solid #cccccc;}br {mso-data-placement:same-cell;}
--></style>
<p><span data-sheets-userformat='{""2"":15233,""3"":{""1"":0},""10"":0,""11"":4,""12"":0,""14"":{""1"":2,""2"":0},""15"":""Calibri"",""16"":11}' data-sheets-value='{""1"":2,""2"":""Oud Noir, an exquisite eau de parfum that captures the essence of mystery and allure. This captivating fragrance is a journey into the depths of rich, smoky oud intertwined with luxurious and aromatic accords.\n\nAt the top, spicy notes blended with saffron and raspberry create an intriguing and fiery opening. The warm and exotic spices blend harmoniously with the sensual sweetness of raspberry, setting the stage for a captivating olfactory experience.\n\nAs the fragrance unfolds, a mesmerizing combination of incense, rose, and cypriol emerges. The aromatic and mystical notes of incense fill the air, creating an aura of mystique and spirituality. The delicate and romantic essence of rose adds a touch of elegance and beauty, while the earthy and woody nuances of cypriol provide depth and complexity.\n\nIn the base, the fragrance is anchored by the captivating blend of patchouli, oud, and ambery accords. The earthy and musky notes of patchouli create a solid foundation, while the smoky and resinous oud adds a sense of depth and intensity. The warm and ambery notes add a touch of sensuality and allure, leaving a lasting impression.\n\nOud Noir is a fragrance for those who embrace the enigmatic and seek to make a statement. Its captivating blend of spicy, smoky, and aromatic accords creates an alluring and mysterious aura. Perfect for special occasions or when you want to leave a lasting impression, Oud Noir is a scent that exudes confidence and sophistication. Let the captivating allure of Oud Noir transport you to a world of intrigue and fascination.""}'>Oud Noir, an exquisite eau de parfum that captures the essence of mystery and allure. This captivating fragrance is a journey into the depths of rich, smoky oud intertwined with luxurious and aromatic accords.<br><br>At the top, spicy notes blended with saffron and raspberry create an intriguing and fiery opening. The warm and exotic spices blend harmoniously with the sensual sweetness of raspberry, setting the stage for a captivating olfactory experience.<br><br>As the fragrance unfolds, a mesmerizing combination of incense, rose, and cypriol emerges. The aromatic and mystical notes of incense fill the air, creating an aura of mystique and spirituality. The delicate and romantic essence of rose adds a touch of elegance and beauty, while the earthy and woody nuances of cypriol provide depth and complexity.<br><br>In the base, the fragrance is anchored by the captivating blend of patchouli, oud, and ambery accords. The earthy and musky notes of patchouli create a solid foundation, while the smoky and resinous oud adds a sense of depth and intensity. The warm and ambery notes add a touch of sensuality and allure, leaving a lasting impression.<br><br>Oud Noir is a fragrance for those who embrace the enigmatic and seek to make a statement. Its captivating blend of spicy, smoky, and aromatic accords creates an alluring and mysterious aura. Perfect for special occasions or when you want to leave a lasting impression, Oud Noir is a scent that exudes confidence and sophistication. Let the captivating allure of Oud Noir transport you to a world of intrigue and fascination.</span><br></p>",Khadlaj-perfumes,Health & Beauty > Personal Care > Cosmetics > Perfumes & Colognes,PERFUME SPRAY,"Deals, Perfume Spray, unisex",true,Size,100 ML,,,,,,,,,0.0,shopify,deny,manual,50.00,118.00,true,true,,,,,,https://cdn.shopify.com/s/files/1/0626/6119/8023/files/OUD_NOIR_100ML_EDP_SPRAY_-_Khadlaj_Perfumes-1965741.jpg?v=1784012003,1,OUD NOIR 100ML EDP SPRAY - Khadlaj Perfumes,false,"Oud Noir Smoky, Woody | Luxury Perfume Online Dubai","Oud Noir crafted with smoky and woody notes, a premium luxury perfume for men available online in Dubai.",,,,,,,,,,,,,"<div class=""pyramid-section_lists""><h6 style=""font-weight:600;"">Top Notes</h6>
<p>Spicy, Saffron, Raspberry</p>
</div>
<div class=""pyramid-section_lists""><h6 style=""font-weight:600;"">Middle Notes</h6>
<p>Incense, Rose, Cypriol</p>
</div>
<div class=""pyramid-section_lists""><h6 style=""font-weight:600;"">Base Notes</h6>
<p>Patchouli, Oud, Ambery</p>
</div>",,,,,,,,,,,,,,,,,,,g,,,true,,,true,,,true,,,true,,,true,,,true,,,true,,,active
oud-noir-100ml-spray-shop-online-best-price-in-dubai-uae,,,,,,,,,,,,,,,,,,,,,,,,,,,,,,,https://cdn.shopify.com/s/files/1/0626/6119/8023/files/OUD_NOIR_100ML_EDP_SPRAY_-_Khadlaj_Perfumes-1965737.jpg?v=1722411731,2,OUD NOIR 100ML EDP SPRAY - Khadlaj Perfumes,,,,,,,,,,,,,,,,,,,,,,,,,,,,,,,,,,,,,,,,,,,,,,,,,,,,,,,,,,,
oud-noir-100ml-spray-shop-online-best-price-in-dubai-uae,,,,,,,,,,,,,,,,,,,,,,,,,,,,,,,https://cdn.shopify.com/s/files/1/0626/6119/8023/files/OUD_NOIR_100ML_EDP_SPRAY_-_Khadlaj_Perfumes-1965745.jpg?v=1722411745,3,OUD NOIR 100ML EDP SPRAY - Khadlaj Perfumes,,,,,,,,,,,,,,,,,,,,,,,,,,,,,,,,,,,,,,,,,,,,,,,,,,,,,,,,,,,
oud-noir-100ml-spray-shop-online-best-price-in-dubai-uae,,,,,,,,,,,,,,,,,,,,,,,,,,,,,,,https://cdn.shopify.com/s/files/1/0626/6119/8023/files/OUD_NOIR_100ML_EDP_SPRAY_-_Khadlaj_Perfumes-1965749.jpg?v=1722411752,4,OUD NOIR 100ML EDP SPRAY - Khadlaj Perfumes,,,,,,,,,,,,,,,,,,,,,,,,,,,,,,,,,,,,,,,,,,,,,,,,,,,,,,,,,,,
oud-muattar-qaiser-shop-online-best-price-in-dubai-uae,OUD MUATTAR QAISER 100GM,"<style type=""text/css""><!--
td {border: 1px solid #cccccc;}br {mso-data-placement:same-cell;}
--></style>
<p><span data-sheets-userformat='{""2"":15299,""3"":{""1"":0},""4"":{""1"":2,""2"":16777215},""9"":0,""10"":0,""11"":4,""12"":0,""14"":{""1"":2,""2"":0},""15"":""Calibri"",""16"":11}' data-sheets-value=""{&quot;1&quot;:2,&quot;2&quot;:&quot;Elevate the ambiance of your home with the captivating scent of Oud Moattar Qaiser. This exquisite home fragrance is carefully crafted to create a luxurious and inviting atmosphere that envelops your space with its opulent aroma.\n\nAt the top, the refreshing and zesty notes of bergamot intertwine with the seductive allure of musk, creating an enchanting opening that captivates the senses. The combination of bergamot's citrusy brightness and musk's sensual depth sets the stage for a truly immersive olfactory experience.\n\nAs the fragrance unfolds, the middle notes of patchouli and rose take center stage, infusing your surroundings with their rich and floral elegance. The earthy and aromatic essence of patchouli blends harmoniously with the delicate and romantic aroma of rose, creating a balanced and captivating bouquet that lingers in the air.\n\nIn the base, the warm and woody notes of sandalwood and oud anchor the fragrance, adding depth and sophistication to the composition. The creamy and velvety texture of sandalwood combines with the deep and resinous character of oud, creating a solid foundation that exudes a sense of tranquility and luxury.\n\nIndulge in the refined and captivating aura of Oud Moattar Qaiser and transform your home into a haven of elegance and serenity. Whether you're entertaining guests or simply seeking a moment of relaxation, this fragrance will immerse you in a world of opulence and refinement. Experience the timeless allure of Oud Moattar Qaiser and let its harmonious blend of bergamot, musk, patchouli, rose, sandalwood, and oud transport you to a realm of unparalleled luxury. Directions for use: Place a coal on a bukhoor burner and ensure to use a foil underneath to prevent overheating. Place the Bukhoor tablet on the coal to release the captivating fragrance. Keep the burner on elevated surfaces, away from flames, direct heat, and sunlight. Remember to store it out of reach of children for safety.&quot;}"">Elevate the ambiance of your home with the captivating scent of Oud Moattar Qaiser. This exquisite home fragrance is carefully crafted to create a luxurious and inviting atmosphere that envelops your space with its opulent aroma.<br><br>At the top, the refreshing and zesty notes of bergamot intertwine with the seductive allure of musk, creating an enchanting opening that captivates the senses. The combination of bergamot's citrusy brightness and musk's sensual depth sets the stage for a truly immersive olfactory experience.<br><br>As the fragrance unfolds, the middle notes of patchouli and rose take center stage, infusing your surroundings with their rich and floral elegance. The earthy and aromatic essence of patchouli blends harmoniously with the delicate and romantic aroma of rose, creating a balanced and captivating bouquet that lingers in the air.<br><br>In the base, the warm and woody notes of sandalwood and oud anchor the fragrance, adding depth and sophistication to the composition. The creamy and velvety texture of sandalwood combines with the deep and resinous character of oud, creating a solid foundation that exudes a sense of tranquility and luxury.<br><br>Indulge in the refined and captivating aura of Oud Moattar Qaiser and transform your home into a haven of elegance and serenity. Whether you're entertaining guests or simply seeking a moment of relaxation, this fragrance will immerse you in a world of opulence and refinement. Experience the timeless allure of Oud Moattar Qaiser and let its harmonious blend of bergamot, musk, patchouli, rose, sandalwood, and oud transport you to a realm of unparalleled luxury. Directions for use: Place a coal on a bukhoor burner and ensure to use a foil underneath to prevent overheating. Place the Bukhoor tablet on the coal to release the captivating fragrance. Keep the burner on elevated surfaces, away from flames, direct heat, and sunlight. Remember to store it out of reach of children for safety.</span><br></p>",Khadlaj-perfumes,Home & Garden > Decor > Home Fragrances,OUD MUATTAR,"OUD MUATTAR, UNISEX",true,Size,100 g,,,,,,,,'6297000742939,500.0,shopify,deny,manual,60.00,,true,true,,,,,'6297000742939,https://cdn.shopify.com/s/files/1/0626/6119/8023/files/OUD_MUATTAR_QAISER_100GM_-_Khadlaj_Perfumes-1965714.jpg?v=1722411690,1,OUD MUATTAR QAISER 100GM - Khadlaj Perfumes,false,Oud Muattar Premium Aroma - Luxury Home Fragrance,Premium oud Muattar aroma for a luxury home fragrance experience. Perfect for creating an inviting atmosphere.,592,,,,,,,,,,,,"<div class=""pyramid-section_lists""><h6 style=""font-weight:600;"">Top Notes</h6>
<p>Bergamot, Musk</p>
</div>
<div class=""pyramid-section_lists""><h6 style=""font-weight:600;"">Middle Notes</h6>
<p>Patchouli, Rose</p>
</div>
<div class=""pyramid-section_lists""><h6 style=""font-weight:600;"">Base Notes</h6>
<p>Sandalwood, Oud</p>
</div>",,,,,,,,,,,,,,,,,,,g,,,true,,,true,,,true,,,true,,,true,,,true,,,true,75.00,,active
oud-muattar-qaiser-shop-online-best-price-in-dubai-uae,,,,,,,,,,,,,,,,,,,,,,,,,,,,,,,https://cdn.shopify.com/s/files/1/0626/6119/8023/files/OUD_MUATTAR_QAISER_100GM_-_Khadlaj_Perfumes-1965717.jpg?v=1722411695,2,OUD MUATTAR QAISER 100GM - Khadlaj Perfumes,,,,,,,,,,,,,,,,,,,,,,,,,,,,,,,,,,,,,,,,,,,,,,,,,,,,,,,,,,,
oud-muattar-munawwara-shop-online-best-price-in-dubai-uae,OUD MUATTAR MUNAWWARA 35 G,"<style type=""text/css"" data-mce-fragment=""1""><!--
td {border: 1px solid #cccccc;}br {mso-data-placement:same-cell;}
--></style>
<span data-sheets-value='{""1"":2,""2"":""Step into a realm of timeless elegance and tranquility with Oud Moattar Munawwara, a captivating home fragrance that will envelop your space with its exquisite aroma. This carefully crafted blend of notes is designed to create a serene and inviting ambience that will leave a lasting impression.\n\nAt the top, the refreshing notes of bergamot and musk greet your senses, setting the stage for a journey of olfactory bliss. The citrusy and uplifting essence of bergamot intertwines with the velvety and sensual allure of musk, creating a harmonious and captivating opening.\n\nAs the fragrance develops, the middle notes of honey and rose take center stage, infusing your surroundings with their sweet and floral embrace. The golden nectar of honey adds a touch of warmth and richness, while the delicate and romantic aroma of rose petals fills the air with an enchanting and soothing presence.\n\nIn the base, the woody and aromatic notes of cedarwood and agarwood anchor the fragrance, adding depth and sophistication to the composition. The earthy and comforting scent of cedarwood blends harmoniously with the deep and resinous character of agarwood, creating a solid foundation that exudes warmth and serenity.\n\nLet the enchanting blend of bergamot, musk, honey, rose, cedarwood, and agarwood transport you to a world of serenity and tranquility. Oud Moattar Munawwara is the perfect choice for those who seek to create a calming and luxurious ambience in their home. Immerse yourself in the captivating aura of Oud Moattar Munawwara and experience the true essence of refined elegance and serenity. Directions for use: Place a coal on a bukhoor burner and ensure to use a foil underneath to prevent overheating. Place the Bukhoor tablet on the coal to release the captivating fragrance. Keep the burner on elevated surfaces, away from flames, direct heat, and sunlight. Remember to store it out of reach of children for safety.""}' data-sheets-userformat='{""2"":15233,""3"":{""1"":0},""10"":0,""11"":4,""12"":0,""14"":{""1"":2,""2"":0},""15"":""Calibri"",""16"":11}' data-mce-fragment=""1"">Step into a realm of timeless elegance and tranquility with Oud Moattar Munawwara, a captivating home fragrance that will envelop your space with its exquisite aroma. This carefully crafted blend of notes is designed to create a serene and inviting ambience that will leave a lasting impression.<br data-mce-fragment=""1""><br data-mce-fragment=""1"">At the top, the refreshing notes of bergamot and musk greet your senses, setting the stage for a journey of olfactory bliss. The citrusy and uplifting essence of bergamot intertwines with the velvety and sensual allure of musk, creating a harmonious and captivating opening.<br data-mce-fragment=""1""><br data-mce-fragment=""1"">As the fragrance develops, the middle notes of honey and rose take center stage, infusing your surroundings with their sweet and floral embrace. The golden nectar of honey adds a touch of warmth and richness, while the delicate and romantic aroma of rose petals fills the air with an enchanting and soothing presence.<br data-mce-fragment=""1""><br data-mce-fragment=""1"">In the base, the woody and aromatic notes of cedarwood and agarwood anchor the fragrance, adding depth and sophistication to the composition. The earthy and comforting scent of cedarwood blends harmoniously with the deep and resinous character of agarwood, creating a solid foundation that exudes warmth and serenity.<br data-mce-fragment=""1""><br data-mce-fragment=""1"">Let the enchanting blend of bergamot, musk, honey, rose, cedarwood, and agarwood transport you to a world of serenity and tranquility. Oud Moattar Munawwara is the perfect choice for those who seek to create a calming and luxurious ambience in their home. Immerse yourself in the captivating aura of Oud Moattar Munawwara and experience the true essence of refined elegance and serenity. Directions for use: Place a coal on a bukhoor burner and ensure to use a foil underneath to prevent overheating. Place the Bukhoor tablet on the coal to release the captivating fragrance. Keep the burner on elevated surfaces, away from flames, direct heat, and sunlight. Remember to store it out of reach of children for safety.</span>",Khadlaj-perfumes,Home & Garden > Decor > Home Fragrances,OUD MUATTAR,"OUD MUATTAR, UNISEX",true,Size,35 g,,,,,,,,'6297000742953,500.0,shopify,deny,manual,35.00,,true,true,,,,,'6297000742953,https://cdn.shopify.com/s/files/1/0626/6119/8023/files/OUD_MUATTAR_MUNAWWARA_35_G_-_Khadlaj_Perfumes-1965696.jpg?v=1722411648,1,OUD MUATTAR MUNAWWARA 35 G - Khadlaj Perfumes,false,"Luxury Oud Muattar - Woody, Musk Home Fragrance Oil",Luxury oud Muattar with woody and musk notes for a refined home ambiance. Elegant scent designed for long-lasting appeal.,592,,,,,,,,,,,,"<div class=""pyramid-section_lists""><h6 style=""font-weight:600;"">Top Notes</h6>
<p>Bergamot, Musk</p>
</div>
<div class=""pyramid-section_lists""><h6 style=""font-weight:600;"">Middle Notes</h6>
<p>Honey, Rose</p>
</div>
<div class=""pyramid-section_lists""><h6 style=""font-weight:600;"">Base Notes</h6>
<p> Cedarwood, Agarwood</p>
</div>",,,,,,,,,,,,,,,,,,https://cdn.shopify.com/s/files/1/0626/6119/8023/files/OUD_MUATTAR_MUNAWWARA_35_G_-_Khadlaj_Perfumes-1965696.jpg?v=1722411648,g,,,true,,,true,,,true,,,true,,,true,,,true,,,true,,,active
oud-muattar-munawwara-shop-online-best-price-in-dubai-uae,,,,,,,,,,,,,,,,,,,,,,,,,,,,,,,https://cdn.shopify.com/s/files/1/0626/6119/8023/files/OUD_MUATTAR_MUNAWWARA_35_G_-_Khadlaj_Perfumes-1965699.jpg?v=1722411655,2,OUD MUATTAR MUNAWWARA 35 G - Khadlaj Perfumes,,,,,,,,,,,,,,,,,,,,,,,,,,,,,,,,,,,,,,,,,,,,,,,,,,,,,,,,,,,
oud-muattar-ghaliya-shop-online-best-price-in-dubai-uae,OUD MUATTAR GHALIYA 35 G,"<style type=""text/css""><!--
td {border: 1px solid #cccccc;}br {mso-data-placement:same-cell;}
--></style>
<p><span data-sheets-userformat='{""2"":15233,""3"":{""1"":0},""10"":0,""11"":4,""12"":0,""14"":{""1"":2,""2"":0},""15"":""Calibri"",""16"":11}' data-sheets-value='{""1"":2,""2"":""Indulge in the captivating allure of Oud Moattar Ghaliya and transform your home into a sanctuary of opulence and elegance. This exquisite home and ambience fragrance is carefully crafted to create an enchanting and inviting atmosphere that lingers in the air.\n\nAt the top, the intoxicating notes of cardamom and lily of the valley greet your senses, evoking a sense of freshness and vibrancy. The aromatic and spicy nuances of cardamom blend harmoniously with the delicate and floral essence of lily of the valley, creating a captivating and invigorating opening.\n\nAs the fragrance develops, the middle notes of freesia and muget take center stage, adding a touch of grace and beauty to the composition. The delicate and enchanting aroma of freesia intertwines with the soft and romantic scent of muget, enveloping your space in a mesmerizing and charming aura.\n\nIn the base, the warm and earthy notes of nutmeg and patchouli anchor the fragrance with their rich and comforting tones. The aromatic and spicy character of nutmeg blends seamlessly with the deep and woody essence of patchouli, creating a solid foundation that exudes sophistication and warmth.\n\nOud Moattar Ghaliya is the perfect choice for those seeking a luxurious and captivating ambience for their home. Allow the alluring blend of cardamom, lily of the valley, freesia, muget, nutmeg, and patchouli to transport you to a realm of pure indulgence and serenity. Experience the captivating power of Oud Moattar Ghaliya and let your home be adorned with elegance, beauty, and a touch of enchantment. Directions for use: Place a coal on a bukhoor burner and ensure to use a foil underneath to prevent overheating. Place the Bukhoor tablet on the coal to release the captivating fragrance. Keep the burner on elevated surfaces, away from flames, direct heat, and sunlight. Remember to store it out of reach of children for safety.""}'>Indulge in the captivating allure of Oud Moattar Ghaliya and transform your home into a sanctuary of opulence and elegance. This exquisite home and ambience fragrance is carefully crafted to create an enchanting and inviting atmosphere that lingers in the air.<br><br>At the top, the intoxicating notes of cardamom and lily of the valley greet your senses, evoking a sense of freshness and vibrancy. The aromatic and spicy nuances of cardamom blend harmoniously with the delicate and floral essence of lily of the valley, creating a captivating and invigorating opening.<br><br>As the fragrance develops, the middle notes of freesia and muget take center stage, adding a touch of grace and beauty to the composition. The delicate and enchanting aroma of freesia intertwines with the soft and romantic scent of muget, enveloping your space in a mesmerizing and charming aura.<br><br>In the base, the warm and earthy notes of nutmeg and patchouli anchor the fragrance with their rich and comforting tones. The aromatic and spicy character of nutmeg blends seamlessly with the deep and woody essence of patchouli, creating a solid foundation that exudes sophistication and warmth.<br><br>Oud Moattar Ghaliya is the perfect choice for those seeking a luxurious and captivating ambience for their home. Allow the alluring blend of cardamom, lily of the valley, freesia, muget, nutmeg, and patchouli to transport you to a realm of pure indulgence and serenity. Experience the captivating power of Oud Moattar Ghaliya and let your home be adorned with elegance, beauty, and a touch of enchantment. Directions for use: Place a coal on a bukhoor burner and ensure to use a foil underneath to prevent overheating. Place the Bukhoor tablet on the coal to release the captivating fragrance. Keep the burner on elevated surfaces, away from flames, direct heat, and sunlight. Remember to store it out of reach of children for safety.</span><br></p>",Khadlaj-perfumes,Health & Beauty > Personal Care > Cosmetics > Perfumes & Colognes,OUD MUATTAR,"OUD MUATTAR, UNISEX",true,Size,35 g,,,,,,,,'6297000742946,500.0,shopify,deny,manual,35.00,,true,true,,,,,'6297000742946,https://cdn.shopify.com/s/files/1/0626/6119/8023/files/OUD_MUATTAR_GHALIYA_35_G_-_Khadlaj_Perfumes-1965626.jpg?v=1722411515,1,OUD MUATTAR GHALIYA 35 G - Khadlaj Perfumes,false,Oud Muattar Rich Aroma - Premium Home Fragrance Online,Rich oud Muattar aroma for a premium home fragrance experience. Crafted for long-lasting luxury and freshness.,,,,,,,,,,,,,"<div class=""pyramid-section_lists""><h6 style=""font-weight:600;"">Top Notes</h6>
<p> Cardamom,Lily of the Valley</p>
</div>
<div class=""pyramid-section_lists""><h6 style=""font-weight:600;"">Middle Notes</h6>
<p>Freesia, Muget</p>
</div>
<div class=""pyramid-section_lists""><h6 style=""font-weight:600;"">Base Notes</h6>
<p>Nutmeg, Patchouli</p>
</div>",,,,,,,,,,,,,,,,,,https://cdn.shopify.com/s/files/1/0626/6119/8023/files/OUD_MUATTAR_GHALIYA_35_G_-_Khadlaj_Perfumes-1965626.jpg?v=1722411515,g,,,true,,,true,,,true,,,true,,,true,,,true,,,true,,,active
oud-muattar-ghaliya-shop-online-best-price-in-dubai-uae,,,,,,,,,,,,,,,,,,,,,,,,,,,,,,,https://cdn.shopify.com/s/files/1/0626/6119/8023/files/OUD_MUATTAR_GHALIYA_35_G_-_Khadlaj_Perfumes-1965629.jpg?v=1722411520,2,OUD MUATTAR GHALIYA 35 G - Khadlaj Perfumes,,,,,,,,,,,,,,,,,,,,,,,,,,,,,,,,,,,,,,,,,,,,,,,,,,,,,,,,,,,
