Handle,Title,Body (HTML),Vendor,Product Category,Type,Tags,Published,Option1 Name,Option1 Value,Option1 Linked To,Option2 Name,Option2 Value,Option2 Linked To,Option3 Name,Option3 Value,Option3 Linked To,Variant SKU,Variant Grams,Variant Inventory Tracker,Variant Inventory Policy,Variant Fulfillment Service,Variant Price,Variant Compare At Price,Variant Requires Shipping,Variant Taxable,Unit Price Total Measure,Unit Price Total Measure Unit,Unit Price Base Measure,Unit Price Base Measure Unit,Variant Barcodes,Image Src,Image Position,Image Alt Text,Gift Card,SEO Title,SEO Description,Google Shopping / Google Product Category,Google Shopping / Gender,Google Shopping / Age Group,Google Shopping / MPN,Google Shopping / Condition,Google Shopping / Custom Product,Google Shopping / Custom Label 0,Google Shopping / Custom Label 1,Google Shopping / Custom Label 2,Google Shopping / Custom Label 3,Google Shopping / Custom Label 4,PRE - ORDER DELIVERY (product.metafields.custom.pre_order_delivery),Pyramid Description (product.metafields.custom.pyramid_description),EComposer product countdown end at (product.metafields.ecomposer.countdown),EComposer product countdown start at (product.metafields.ecomposer.countdown_from),Google: Custom Product (product.metafields.mm-google-shopping.custom_product),Low stock threshold (product.metafields.sam.lowstockthreshold),Color (product.metafields.shopify.color-pattern),Dispenser type (product.metafields.shopify.dispenser-type),Fragrance (product.metafields.shopify.fragrance),Incense type (product.metafields.shopify.incense-type),Material (product.metafields.shopify.material),Occasion (product.metafields.shopify.occasion),Olfactory family (product.metafields.shopify.olfactory-family),Product form (product.metafields.shopify.product-form),Scent (product.metafields.shopify.scent),Season (product.metafields.shopify.season),Target gender (product.metafields.shopify.target-gender),Usage type (product.metafields.shopify.usage-type),EasifyBoxBuilderUrl (product.metafields._easifyboxbuilder.url),Variant Image,Variant Weight Unit,Variant Tax Code,Cost per item,Included / United Arab Emirates,Price / United Arab Emirates,Compare At Price / United Arab Emirates,Included / Bahrain,Price / Bahrain,Compare At Price / Bahrain,Included / KSA,Price / KSA,Compare At Price / KSA,Included / Kuwait,Price / Kuwait,Compare At Price / Kuwait,Included / NORTH AFRICA,Price / NORTH AFRICA,Compare At Price / NORTH AFRICA,Included / Oman,Price / Oman,Compare At Price / Oman,Included / Qatar,Price / Qatar,Compare At Price / Qatar,Status
saqr-al-badiya-extrait-de-parfum-spray-for-men-with-aquatic-notes-shop-online-dubai-uae,SAQR AL BADIYA 100 ML EXTRAIT DE PARFUM SPRAY FOR MEN,"<p>Experience the essence of rugged elegance with SAQR AL BADIYA, a sophisticated Eau de Parfum crafted for men who embrace strength and charisma. The fragrance opens with vibrant top notes of saffron and bergamot, creating a bold and captivating introduction. At its heart, the refreshing blend of green tea and cedar adds depth and refinement, while the base notes of leather, beeswax, and woody undertones leave a warm and enduring trail.</p>
<p>Saqr Al Badiya is a tribute to timeless masculinity and a perfect companion for every occasion</p>",Khadlaj-perfumes,Health & Beauty > Personal Care > Cosmetics > Perfumes & Colognes,PERFUME SPRAY,"30% offer, Deals, Men, Perfume Spray",true,Size,100 ML,,,,,,,,'6291107978765,1000.0,shopify,deny,manual,75.00,140.00,true,true,,,,,'6291107978765,https://cdn.shopify.com/s/files/1/0626/6119/8023/files/3_c731ae61-af1b-42d1-b131-10ec842e6fa2.jpg?v=1783947616,1,SAQR AL BADIYA 100 ML EXTRAIT DE PARFUM SPRAY FOR MEN - Khadlaj Perfumes,false,Buy Saqr Al Badiya Perfume for Men Online in Dubai | Khadlaj,Looking for Men's Perfume? Khadlaj Perfumes Offers Saqr Al Badiya Extrait de Parfum with Fresh Aquatic Notes and Bold Aroma. Shop Online in UAE Now!,479,,,,,,,,,,,,"<div class=""pyramid-section_lists""><h6 style=""font-weight:600;"">Top Notes</h6>
<p>Saffron, Bergamot</p>
</div>
<div class=""pyramid-section_lists""><h6 style=""font-weight:600;"">Middle Notes</h6>
<p>Green Tea, Cedar</p>
</div>
<div class=""pyramid-section_lists""><h6 style=""font-weight:600;"">Base Notes</h6>
<p>Leather, Beeswax, Woody</p>
</div>",,,,,,,,,,everyday; formal; casual,,,tea-tree; aquatic; citrus; woody,fall; spring,male,,,,g,,,true,,,true,,,true,,,true,,,true,,,true,,,true,,,active
saqr-al-badiya-extrait-de-parfum-spray-for-men-with-aquatic-notes-shop-online-dubai-uae,,,,,,,,,,,,,,,,,,,,,,,,,,,,,,,https://cdn.shopify.com/s/files/1/0626/6119/8023/files/5_600a2e59-b23a-4cb9-b3c2-264978c89095.jpg?v=1734505262,2,SAQR AL BADIYA 100 ML EXTRAIT DE PARFUM SPRAY FOR MEN - Khadlaj Perfumes,,,,,,,,,,,,,,,,,,,,,,,,,,,,,,,,,,,,,,,,,,,,,,,,,,,,,,,,,,,
saqr-al-badiya-extrait-de-parfum-spray-for-men-with-aquatic-notes-shop-online-dubai-uae,,,,,,,,,,,,,,,,,,,,,,,,,,,,,,,https://cdn.shopify.com/s/files/1/0626/6119/8023/files/1_861b563d-c8d8-4dd9-8eec-c71b7df34330.jpg?v=1734505060,3,SAQR AL BADIYA 100 ML EXTRAIT DE PARFUM SPRAY FOR MEN - Khadlaj Perfumes,,,,,,,,,,,,,,,,,,,,,,,,,,,,,,,,,,,,,,,,,,,,,,,,,,,,,,,,,,,
saqr-al-badiya-extrait-de-parfum-spray-for-men-with-aquatic-notes-shop-online-dubai-uae,,,,,,,,,,,,,,,,,,,,,,,,,,,,,,,https://cdn.shopify.com/s/files/1/0626/6119/8023/files/4_194e3356-024d-43ef-8337-4c2c49092619.jpg?v=1734505337,4,SAQR AL BADIYA 100 ML EXTRAIT DE PARFUM SPRAY FOR MEN - Khadlaj Perfumes,,,,,,,,,,,,,,,,,,,,,,,,,,,,,,,,,,,,,,,,,,,,,,,,,,,,,,,,,,,
rasayel-shagaf-100-ml-edp-de-parfum-spray-for-men,RASAYEL SHAGAF 100 ML EAU DE PARFUM SPRAY FOR MEN,"<p data-start=""0"" data-end=""165"" class=""PDq2pG_selectionAnchorContainer""><strong data-start=""0"" data-end=""13"">Top Notes</strong><br data-start=""13"" data-end=""16"">A crisp and energising opening of apple, aldehydes, grapefruit, and ginger delivers a bright burst of fruity freshness with a sparkling, modern edge.<span aria-hidden=""true"" class=""PDq2pG_selectionAnchor""></span></p>
<p data-start=""167"" data-end=""341""><strong data-start=""167"" data-end=""183"">Middle Notes</strong><br data-start=""183"" data-end=""186"">Lavender, sage, and geranium form an aromatic heart that is clean, herbal, and elegantly balanced, bringing a refined masculine character to the fragrance.</p>
<p data-start=""343"" data-end=""532"" data-is-last-node="""" data-is-only-node=""""><strong data-start=""343"" data-end=""357"">Base Notes</strong><br data-start=""357"" data-end=""360"">The scent settles into a warm, long-lasting base of tonka bean, cedar, olibanum, and patchouli, creating a smooth woody trail with depth, richness, and subtle smoky warmth.</p>",Khadlaj-perfumes,Health & Beauty > Personal Care > Cosmetics > Perfumes & Colognes > Eaux de Parfum,PERFUME SPRAY,"Deals, Men, Perfume Spray",true,Size,100 ML,,,,,,,,'6291107977867,500.0,shopify,deny,manual,50.00,90.00,true,true,,,,,'6291107977867,https://cdn.shopify.com/s/files/1/0626/6119/8023/files/1_2d82819d-6f72-4cf2-a7cd-32afa93a490d.jpg?v=1776230769,1,RASAYEL SHAGAF 100 ML EAU DE PARFUM SPRAY FOR MEN - Khadlaj Perfumes,false,KHADLAJ RASAYEL SHAGAF 100 ML EDP SPRAY FOR MEN,,479,,,,,,,,,,,,,,,,,,,,,,everyday; formal; casual,,,citrus; fruity; lavender; vanilla,fall; winter; spring; summer,male,,,,g,,,true,,,true,,,true,,,true,,,true,,,true,,,true,,,active
rasayel-shagaf-100-ml-edp-de-parfum-spray-for-men,,,,,,,,,,,,,,,,,,,,,,,,,,,,,,,https://cdn.shopify.com/s/files/1/0626/6119/8023/files/2_ab0ed6b5-ec07-4047-93e1-f6fa159c44df.jpg?v=1776230769,2,RASAYEL SHAGAF 100 ML EAU DE PARFUM SPRAY FOR MEN - Khadlaj Perfumes,,,,,,,,,,,,,,,,,,,,,,,,,,,,,,,,,,,,,,,,,,,,,,,,,,,,,,,,,,,
rasayel-shagaf-100-ml-edp-de-parfum-spray-for-men,,,,,,,,,,,,,,,,,,,,,,,,,,,,,,,https://cdn.shopify.com/s/files/1/0626/6119/8023/files/3_32d7c1a6-95e5-4f8e-874f-f2c86ae58a5a.jpg?v=1776230769,3,RASAYEL SHAGAF 100 ML EAU DE PARFUM SPRAY FOR MEN - Khadlaj Perfumes,,,,,,,,,,,,,,,,,,,,,,,,,,,,,,,,,,,,,,,,,,,,,,,,,,,,,,,,,,,
rasayel-vid-100-ml-extrait-de-parfum-spray-copy,RASAYEL VID 100 ML EAU DE PARFUM SPRAY FOR WOMEN,"<p data-start=""0"" data-end=""162"" class=""PDq2pG_selectionAnchorContainer""><strong data-start=""0"" data-end=""13"">Top Notes</strong><br data-start=""13"" data-end=""16"">A vibrant and juicy opening of strawberry, grapes, and orange creates a bright, fruity burst that feels fresh, playful, and instantly captivating.<span aria-hidden=""true"" class=""PDq2pG_selectionAnchor""></span></p>
<p data-start=""164"" data-end=""356""><strong data-start=""164"" data-end=""180"">Middle Notes</strong><br data-start=""180"" data-end=""183"">The fragrance unfolds into an elegant floral heart of rose, white musk, gardenia, jasmine, ylang-ylang, and lily, adding a soft, romantic, and beautifully refined character.</p>
<p data-start=""358"" data-end=""509"" data-is-last-node="""" data-is-only-node=""""><strong data-start=""358"" data-end=""372"">Base Notes</strong><br data-start=""372"" data-end=""375"">A warm and lasting blend of tonka bean, amber, and sandalwood settles on the skin, leaving behind a smooth, creamy, and sensual trail.</p>",Khadlaj-perfumes,Health & Beauty > Personal Care > Cosmetics > Perfumes & Colognes > Eaux de Parfum,PERFUME SPRAY,"Deals, Perfume Spray, Women",true,Size,100 ML,,,,,,,,'6291107977874,500.0,shopify,deny,manual,50.00,90.00,true,true,,,,,'6291107977874,https://cdn.shopify.com/s/files/1/0626/6119/8023/files/1_b14b9e94-d424-46f2-b70a-42bb9e7f0859.jpg?v=1776230721,1,RASAYEL VID 100 ML EAU DE PARFUM SPRAY FOR WOMEN - Khadlaj Perfumes,false,KHADLAJ RASAYEL VID 100 ML EXTRAIT DE PARFUM SPRAY FOR WOMEN,,479,,,,,,,,,,,,,,,,,,,,,,everyday; formal; casual,,,citrus; fruity; sandalwood; spicy,fall; winter; spring; summer,female,,,,g,,,true,,,true,,,true,,,true,,,true,,,true,,,true,,,active
rasayel-vid-100-ml-extrait-de-parfum-spray-copy,,,,,,,,,,,,,,,,,,,,,,,,,,,,,,,https://cdn.shopify.com/s/files/1/0626/6119/8023/files/2_6aa7eaae-bcbe-487e-9be0-0aea3cc91b93.jpg?v=1776230721,2,RASAYEL VID 100 ML EAU DE PARFUM SPRAY FOR WOMEN - Khadlaj Perfumes,,,,,,,,,,,,,,,,,,,,,,,,,,,,,,,,,,,,,,,,,,,,,,,,,,,,,,,,,,,
rasayel-vid-100-ml-extrait-de-parfum-spray-copy,,,,,,,,,,,,,,,,,,,,,,,,,,,,,,,https://cdn.shopify.com/s/files/1/0626/6119/8023/files/3_01262bd2-f253-4b3d-9e5b-98a955cfa0a8.jpg?v=1776230721,3,RASAYEL VID 100 ML EAU DE PARFUM SPRAY FOR WOMEN - Khadlaj Perfumes,,,,,,,,,,,,,,,,,,,,,,,,,,,,,,,,,,,,,,,,,,,,,,,,,,,,,,,,,,,
cream-velvet-100-ml-extrait-de-parfum-for-women-best-perfumes,CREAM VELVET 100 ML EXTRAIT DE PARFUM FOR WOMEN,"<p>Indulge in the opulent allure of <strong>Khadlaj</strong> <strong>Cream Velvet</strong>, a masterpiece crafted for the woman who seeks elegance in every detail. This exquisite extrait de parfum envelops you in a luxurious symphony of irresistible notes.</p>
<p>Top Notes: A delectable opening of buttery caramel that creates an indulgent first impression.<br>Mid Notes: The heart blossoms with the sweet richness of honey, delicate jasmine, and the creamy warmth of tonka bean.<br>Base Notes: A sensual trail of amber, musk, and vanilla leaves a lasting impression of refined elegance.</p>
<p>Perfect for making a statement, Cream Velvet is a timeless scent that embodies the essence of femininity and sophistication.</p>
<h2>Khadlaj’s Cream Velvet – A Luxurious Gourmand Fragrance for Women</h2>
<p>Fragrance is an industry characterized by an abundance of scents, yet few can have as memorable an effect. To the women who adore the creamy gourmand fragrances blended with sophistication and elegance, Cream Velvet by Khadlaj Perfumes will provide the luxurious smell to the nostrils that is both warm, comforting, feminine and simply too addictive.</p>
<span id=""dots1""></span><span id=""more1"">
<p>Designed in an opulent caramel, dainty vanilla, flowery-like tiny flowers, amber, and gentle musk, Cream Velvet is a luxury perfume meant to remind women of the pleasured lusciousness combined with classy appeal. The scent envelopes the user in a velvety halo that is warm but elegant and has become one of the new craze among the best perfumes for women.</p>
<p>Since the new generation of fragrance lovers is still in search of high quality gourmand natures that feel classy rather than intrusive, Cream Velvet offers its creamy texture and warm effects that persist longer. Are you shopping in high-end perfume brands or in Best perfume online, Cream Velvet has an unforgettable fragrance experience.</p>
<h2>Discover the Soft Luxury of Cream Velvet</h2>
<p>Cream Velvet is a perfume which creates the effect of comfort and a high level of sophistication instantly. Based on the tastes of creamy desserts, smooth textures, and cozy sweetness, the perfume aims to combine the richness of gourmand's tastes with female elegance in a harmoniously appropriate manner.</p>
<p>The fragrance starts with the dense buttery caramel accents that instantly become decadent and opulent. As the smell develops, honey, tonka bean, and jasmine form a gentle flowerly warmth so that the perfume would not be too sweet. Lastly, vanilla, amber, and musk are resting softly into the skin and leaving a provocative and long wind.</p>
<p>For those ladies who cannot resist the charms of gentle and rich perfumes, Cream Velvet becomes the ideal choice as it offers a smooth and flawless shift from one note to another.</p>
<p>In the present-day range of luxurious perfumes for women, Cream Velvet has found itself quite famous because of its dual nature as both playful and elegant.</p>
<h2>A Signature Fragrance for Women Who Love Gourmand Elegance</h2>
<p>There is no denying that sweet fragrances have become increasingly popular among women as their coziness, femininity, and individuality attract many women. However, not all gourmand perfumes can boast of offering such attributes.</p>
<p>Women who enjoy:</p>
<ul>
<li>Vanilla fragrances</li>
<li>Caramel scents</li>
<li>Creamy perfumes</li>
<li>Warm amber compositions</li>
<li>Sweet oriental fragrances</li>
</ul>
<p>will appreciate the depth and softness that Cream Velvet delivers.</p>
<p>For fragrance lovers searching for premium women’s perfume online, this scent offers a modern gourmand profile with excellent versatility.</p>
<h2>The Fragrance Notes of Cream Velvet</h2>
<p>One of the reasons Cream Velvet has become popular among perfume enthusiasts is its beautifully layered fragrance structure. Every stage of the scent adds warmth, richness, and femininity.</p>
<h3>Top Notes – Creamy Caramel Indulgence</h3>
<p>The fragrance opens with:</p>
<ul>
<li>Caramel</li>
<li>Butter</li>
</ul>
<p>These delicious gourmand notes immediately create a rich and creamy first impression. The buttery caramel accord feels warm, smooth, and comforting while maintaining elegance.</p>
<h3>Heart Notes – Floral Sweet Sophistication</h3>
<p>As the fragrance develops, the heart reveals:</p>
<ul>
<li>Honey</li>
<li>Tonka Bean</li>
<li>Jasmine</li>
</ul>
<p>The honey and tonka bean enhance the creamy gourmand warmth, while jasmine introduces a subtle floral sophistication that elevates the fragrance beautifully.</p>
<h3>Base Notes – Warm Velvet Finish</h3>
<p>The dry-down settles into:</p>
<ul>
<li>Vanilla</li>
<li>Musk</li>
<li>Amber</li>
</ul>
<p>It is due to such rich and luxurious ingredients that this perfume is so beautifully and sensually finished off in order to make quite a good impression when applied onto the skin. Vanilla contributes sweetness, the musk ingredient ensures softness, and amber ensures richness and warmth.</p>
<p>This ends up creating an ultra-luxurious scent which is rich, elegant, and luxurious.</p>
<h2>Why Women Love Cream Velvet</h2>
<p>It has become an instant hit with women loving their gourmand perfumes since it offers not only sweet but luxurious and comfortable scents.</p>
<h3>1. Smooth Creamy Gourmand Character</h3>
<p>The perfume has a rich and creamy character without being sugary and too heavy.</p>
<h3>2. Feminine and Elegant</h3>
<p>The floral warmth and musky base help create sophistication that makes the fragrance suitable for mature feminine styling.</p>
<h3>3. Excellent Longevity</h3>
<p>Many reviewers appreciate its impressive performance and wear time, making it one of the preferred choices for a long lasting perfume for women.</p>
<h3>4. Versatile Wearability</h3>
<p>Cream Velvet works marvelously during evenings and chilly weather conditions, as well as in love situations and even daily luxury.</p>
<h3>5. Premium Fragrance Experience</h3>
<p>From its bottle design to its fragrance composition, all things about Cream Velvet speak volumes of luxury and elegance.</p>
<p>For women seeking premium women fragrances, Cream Velvet becomes an invaluable choice for their collection.</p>
<h2>The Rise of Gourmand Fragrances in Luxury Perfumery</h2>
<p>The modern perfume industry has changed as a result of the popularity of gourmand fragrances. Customers are more than ever attracted to comforting scents which are warm, sweet, and emotional.</p>
<p>Luxury gourmand fragrances are especially loved because they:</p>
<ul>
<li>Feel comforting</li>
<li>Create memorable scent trails</li>
<li>Offer cozy sophistication</li>
<li>Blend sweetness with sensuality</li>
<li>Feel emotionally inviting</li>
</ul>
<p>Cream Velvet represents this trend beautifully.</p>
<p>Instead of being reminiscent of any regular dessert fragrance, it exudes the aura of a luxurious fragrance, which revolves around creamy and gourmand luxury.</p>
<p>It is no wonder why many fragrance enthusiasts rank it among the top women’s fragrances when it comes to gourmand perfumes.</p>
<h2>A Luxury Fragrance Inspired by Modern Femininity</h2>
<p>Modern women look for fragrances which tell about themselves, their personality, elegance, and confidence. The right perfume will add style to your image.</p>
<p>Cream Velvet captures:</p>
<ul>
<li>Soft femininity</li>
<li>Warm confidence</li>
<li>Luxurious comfort</li>
<li>Modern elegance</li>
<li>Sweet sensuality</li>
</ul>
<p>The perfume is perfect to those women who prefer making a soft yet memorable impression.</p>
<p>Cream Velvet is one of the most premium perfumes for her that she could wear since it strikes the right mix of sweetness and sophistication.</p>
<h2>The Influence of Arabian Luxury Perfumery</h2>
<p>The Middle Eastern fragrance sector has gained recognition in the world and across the generations due to the ability to come up with viscous, opulent and long-lasting perfume compositions. Arabian perfumery is characterized with:</p>
<ul>
<li>Premium ingredients</li>
<li>Deep fragrance layering</li>
<li>Exceptional longevity</li>
<li>Rich oriental compositions</li>
<li>Luxurious presentation</li>
</ul>
<p>Khadlaj Perfumes manages to oft-blend these traditional Arabian values in fragrances with the modern gourmand inclinations.</p>
<p>Cream Velvet provides the modern reflection of oriental hedonism with creamy sweetness and sophisticated softness as the demand for high-quality Arabic perfumes for women persists in the world.</p>
<p>Women who like perfumes with an Arabian spirit in the modern world will relish the warm amber, vanilla, and musky richness that Cream Velvet conveys.</p>
<h2>Cream Velvet and the Luxury Oud Influence</h2>
<p>As much as Cream Velvet is more of a creamy gourmand fragrance, its warm amber-musky richness makes it luxurious oriental as those who love fragrances that have the smell of oud.</p>
<p>Women searching for:</p>
<ul>
<li>oud perfume for women</li>
<li>rich oriental fragrances</li>
<li>luxurious warm perfumes</li>
<li>sensual musky scents</li>
</ul>
<p>often enjoy fragrances with creamy amber warmth similar to Cream Velvet.</p>
<p>The luxurious dry-down it provides gives a richness that is sophisticated and fits in well with the current luxury oud perfume trends, whilst remaining soft and accessible.</p>
<h2>The Perfect Fragrance for Every Occasion</h2>
<p>Cream Velvet is one of the most versatile products. The perfume evolves according to the moods and events as well as season.</p>
<h3>Evening Elegance</h3>
<p>The smooth amber warmth renders Cream Velvet ideal in dinners, parties and evening elegance.</p>
<h3>Romantic Moments</h3>
<p>Its subtly sweetness and muscular sensuality give it a certain intimate and sexy charm that would be as well suited in love scenes.</p>
<h3>Everyday Luxury</h3>
<p>Despite its rich gourmand profile, the fragrance remains wearable enough for daily use.</p>
<h3>Seasonal Comfort</h3>
<p>Cream Velvet performs especially beautifully during autumn, winter, and cooler evenings because of its warm gourmand character.</p>
<p>This versatility makes it one of the most attractive options for women searching for premium women perfume Dubai collections.</p>
<h2>Long-Lasting Luxury Performance</h2>
<p>Performance plays a major role when selecting luxury fragrances. Women often seek perfumes that remain noticeable for hours while still feeling elegant and smooth.</p>
<p>Cream Velvet offers:</p>
<ul>
<li>Strong longevity</li>
<li>Soft projection</li>
<li>Warm sillage</li>
<li>Comfortable wearability</li>
<li>Rich gourmand depth</li>
</ul>
<p>Many fragrance enthusiasts have praised its lasting power and compliment-generating quality.</p>
<p>This makes it one of the preferred choices among women searching for a dependable long lasting perfume for women.</p>
<h2>Why Women Prefer Shopping Perfumes Online</h2>
<p>Online fragrance shopping has become increasingly popular because it offers convenience and accessibility. Today, customers enjoy discovering new perfumes from the comfort of home.</p>
<p>Shopping for women’s perfume online allows customers to:</p>
<ul>
<li>Explore fragrance notes</li>
<li>Read scent descriptions</li>
<li>Compare perfume styles</li>
<li>Discover niche brands</li>
<li>Access luxury collections</li>
<li>Enjoy convenient delivery</li>
</ul>
<p>For fragrance lovers searching for the Best perfume online, Khadlaj Perfumes offers a premium fragrance experience through its elegant online collection.</p>
<p>Cream Velvet has become one of the sought-after gourmand fragrances available through modern perfume e-commerce platforms.</p>
<h2>Khadlaj Perfumes – Crafting Luxury Fragrance Experiences</h2>
<p>Khadlaj Perfumes has established itself as a respected luxury fragrance brand by combining traditional Arabian perfumery craftsmanship with modern fragrance innovation.</p>
<p>The brand is known for:</p>
<ul>
<li>Long-lasting compositions</li>
<li>Elegant fragrance design</li>
<li>Premium ingredients</li>
<li>Luxurious packaging</li>
<li>Sophisticated oriental blends</li>
<li>Modern international appeal</li>
</ul>
<p>Cream Velvet shows the brand dedication to producing high-quality fragrances that are luxurious, memorable and well-crafted.</p>
<p>Khadlaj Perfumes remains one of the collections of luxury perfumes for women seeking quality and high-fashion perfumes.</p>
<h2>The Emotional Connection of Fragrance</h2>
<p>Perfume is deeply connected to emotion and memory. A fragrance can instantly create comfort, confidence, nostalgia, or attraction.</p>
<p>Cream Velvet creates:</p>
<ul>
<li>Warm emotional comfort</li>
<li>Soft feminine elegance</li>
<li>Sensual sweetness</li>
<li>Luxurious self-expression</li>
</ul>
<p>One of the factors behind the popularity of such gourmand perfumes is this particular emotion.</p>
<p>Women who wear Cream Velvet can relish the comfort and addictiveness of the perfume, but still be able to preserve its luxurious aura.</p>
<h2>Fragrance Layering Tips for Cream Velvet</h2>
<p>Women who use fragrances to layer their scents will find Cream Velvet an excellent perfume to work with.</p>
<p>It pairs beautifully with:</p>
<ul>
<li>Vanilla body lotions</li>
<li>Soft musk oils</li>
<li>Amber-based perfumes</li>
<li>Caramel skincare products</li>
<li>Warm floral body mists</li>
</ul>
<p>For best performance:</p>
<ul>
<li>Apply on moisturized skin</li>
<li>Spray on pulse points</li>
<li>Use after showering</li>
<li>Avoid rubbing the fragrance</li>
<li>Store away from sunlight and heat</li>
</ul>
<p>These simple practices help maximize fragrance longevity and projection.</p>
<h2>A Beautiful Gift for Women</h2>
<p>Luxury fragrances remain one of the most elegant and thoughtful gifts for women. Cream Velvet makes an excellent gifting option because of its universally appealing gourmand profile.</p>
<p>It is ideal for:</p>
<ul>
<li>Birthdays</li>
<li>Anniversaries</li>
<li>Festive celebrations</li>
<li>Romantic gifts</li>
<li>Luxury fragrance collections</li>
</ul>
<p>Women who enjoy:</p>
<ul>
<li>vanilla fragrances</li>
<li>creamy perfumes</li>
<li>oriental gourmand scents</li>
<li>elegant sweet fragrances</li>
</ul>
<p>will especially appreciate the luxurious character of Cream Velvet.</p>
<p>For customers searching for premium ladies perfume UAE collections, Cream Velvet offers a sophisticated gifting choice with modern feminine appeal.</p>
<h2>Experience the Velvet Luxury of Cream Velvet</h2>
<p>Cream Velvet by Khadlaj Perfumes is more than just a fragrance. It is a luxurious expression of warmth, femininity, and creamy gourmand elegance.</p>
<p>From its rich caramel opening to its soft honey-tonka heart and warm vanilla-musky finish, every layer of the fragrance is crafted to create comfort, sophistication, and sensuality.</p>
<p>Whether you are searching for:</p>
<ul>
<li>the best perfumes for women</li>
<li>elegant premium women fragrances</li>
<li>luxurious Arabic perfumes for women</li>
<li>a comforting long lasting perfume for women</li>
<li>or the Best perfume online</li>
</ul>
<p>Cream Velvet offers a fragrance experience that feels unforgettable, indulgent, and beautifully feminine.</p>
<p>Discover why Cream Velvet continues to become one of the most loved gourmand-inspired perfumes for her among women who appreciate modern luxury fragrance artistry.</p>
 </span>
<button onclick=""myFunction()"" id=""myBtn1"" style=""background-color: black;color: white;padding: 7px;border-radius: 10px;"">Read more</button>
<style>
#more1 {display: none;}
</style>
<script>
function myFunction() {
  var dots1 = document.getElementById(""dots1"");
  var more1Text = document.getElementById(""more1"");
  var btnText = document.getElementById(""myBtn1"");

  if (dots1.style.display === ""none"") {
	dots1.style.display = ""inline"";
	btnText.innerHTML = ""Read more""; 
	more1Text.style.display = ""none"";
  } else {
	dots1.style.display = ""none"";
	btnText.innerHTML = ""Read less""; 
	more1Text.style.display = ""inline"";
  }
}
</script>",Khadlaj-perfumes,Health & Beauty > Personal Care > Cosmetics > Perfumes & Colognes > Eaux de Parfum,PERFUME SPRAY,"Deals, Perfume Spray, Women",true,Size,100 ML,,,,,,,,'6291107978819,1000.0,shopify,deny,manual,100.00,150.00,true,true,,,,,'6291107978819,https://cdn.shopify.com/s/files/1/0626/6119/8023/files/Cream_Velvet_03.jpg?v=1783947094,1,CREAM VELVET 100 ML EXTRAIT DE PARFUM FOR WOMEN - Khadlaj Perfumes,false,Best Cream Velvet Perfume for Women in UAE |  Khadlaj perfumes,Looking for Women's Perfume? Khadlaj Perfumes Offers Cream Velvet Extrait de Parfum with Soft Creamy Notes and Elegant Finish. Shop Online in Dubai Now!,479,,,,,,,,,,,,"<div class=""pyramid-section_lists""><h6 style=""font-weight:600;"">Top Notes</h6>
<p>Buttery, Caramel</p>
</div>
<div class=""pyramid-section_lists""><h6 style=""font-weight:600;"">Middle Notes</h6>
<p>Honey, Jasmine, Tonka </p>
</div>
<div class=""pyramid-section_lists""><h6 style=""font-weight:600;"">Base Notes</h6>
<p>Amber, Musk, Vanila</p>
</div>",,,,,,,,,,formal; casual; everyday,,,vanilla; musk; jasmine,spring; summer; winter; fall,female,,,,g,,,true,,,true,,,true,,,true,,,true,,,true,,,true,,,active
cream-velvet-100-ml-extrait-de-parfum-for-women-best-perfumes,,,,,,,,,,,,,,,,,,,,,,,,,,,,,,,https://cdn.shopify.com/s/files/1/0626/6119/8023/files/CreamVelvet01_4f0dfae6-16ce-4ced-b61a-8fdb2671d6ba.jpg?v=1736149414,2,CREAM VELVET 100 ML EXTRAIT DE PARFUM FOR WOMEN - Khadlaj Perfumes,,,,,,,,,,,,,,,,,,,,,,,,,,,,,,,,,,,,,,,,,,,,,,,,,,,,,,,,,,,
cream-velvet-100-ml-extrait-de-parfum-for-women-best-perfumes,,,,,,,,,,,,,,,,,,,,,,,,,,,,,,,https://cdn.shopify.com/s/files/1/0626/6119/8023/files/CreamVelvet02.jpg?v=1736149095,3,CREAM VELVET 100 ML EXTRAIT DE PARFUM FOR WOMEN - Khadlaj Perfumes,,,,,,,,,,,,,,,,,,,,,,,,,,,,,,,,,,,,,,,,,,,,,,,,,,,,,,,,,,,
cream-velvet-100-ml-extrait-de-parfum-for-women-best-perfumes,,,,,,,,,,,,,,,,,,,,,,,,,,,,,,,https://cdn.shopify.com/s/files/1/0626/6119/8023/files/Cream_Velvet_04.jpg?v=1736149548,4,CREAM VELVET 100 ML EXTRAIT DE PARFUM FOR WOMEN - Khadlaj Perfumes,,,,,,,,,,,,,,,,,,,,,,,,,,,,,,,,,,,,,,,,,,,,,,,,,,,,,,,,,,,
la-fede-aura-manga-splash-100-ml-edp-spray-for-women,LA FEDE AURA MANGA SPLASH 100 ML EDP SPRAY FOR WOMEN,"<p>Discover the vibrant essence of <strong>La Fede Aura Manga Splash</strong>, a captivating fragrance crafted for women who exude confidence and charm. This exquisite scent opens with the luscious blend of mango, black pepper, and blackberry, offering a fruity and spicy burst of freshness.</p>
<p>At its heart, delicate notes of orris, lotus, and jasmine unfold, creating a soft floral harmony that radiates elegance. The base notes of vanilla icing pink, patchouli, and warm undertones leave a lingering, sensual impression.</p>
<p>Perfect for any occasion, La Fede Aura Manga Splash celebrates the bold spirit and timeless allure of femininity.</p>",Khadlaj-perfumes,Health & Beauty > Personal Care > Cosmetics > Perfumes & Colognes > Eaux de Parfum,PERFUME SPRAY,"Deals, Perfume Spray, Women",true,Size,100 ML,,,,,,,,'6291107979106,600.0,shopify,deny,manual,55.00,70.00,true,true,,,,,'6291107979106,https://cdn.shopify.com/s/files/1/0626/6119/8023/files/MangaSplash01.jpg?v=1776230669,1,LA FEDE AURA MANGA SPLASH 100 ML EDP SPRAY FOR WOMEN - Khadlaj Perfumes,false,,,479,,,,,,,,,,,,"<div class=""pyramid-section_lists""><h6 style=""font-weight:600;"">Top Notes</h6>
<p>Mango, Black Pepper, Blackberry</p>
</div>
<div class=""pyramid-section_lists""><h6 style=""font-weight:600;"">Middle Notes</h6>
<p>Orris, Jasmine, Lotus </p>
</div>
<div class=""pyramid-section_lists""><h6 style=""font-weight:600;"">Base Notes</h6>
<p>Vanila, Icing Pink, Patchouli</p>
</div>",,,,,,,,,,everyday; formal; casual,,,fruity; jasmine; vanilla,spring; summer; winter; fall,female,,,,g,,,true,,,true,,,true,,,true,,,true,,,true,,,true,,,active
la-fede-aura-manga-splash-100-ml-edp-spray-for-women,,,,,,,,,,,,,,,,,,,,,,,,,,,,,,,https://cdn.shopify.com/s/files/1/0626/6119/8023/files/Manga_Splash_03.jpg?v=1776230669,2,LA FEDE AURA MANGA SPLASH 100 ML EDP SPRAY FOR WOMEN - Khadlaj Perfumes,,,,,,,,,,,,,,,,,,,,,,,,,,,,,,,,,,,,,,,,,,,,,,,,,,,,,,,,,,,
la-fede-aura-manga-splash-100-ml-edp-spray-for-women,,,,,,,,,,,,,,,,,,,,,,,,,,,,,,,https://cdn.shopify.com/s/files/1/0626/6119/8023/files/Manga_Splash_02.jpg?v=1776230669,3,LA FEDE AURA MANGA SPLASH 100 ML EDP SPRAY FOR WOMEN - Khadlaj Perfumes,,,,,,,,,,,,,,,,,,,,,,,,,,,,,,,,,,,,,,,,,,,,,,,,,,,,,,,,,,,
la-fede-aura-manga-splash-100-ml-edp-spray-for-women-copy,LA FEDE AURA PISTA DESSERT 100 ML EDP SPRAY FOR WOMEN,"<p>Indulge in the irresistible charm of <strong>La Fede Aura Pista Dessert</strong>, a fragrance that embodies sweetness, sophistication, and a touch of playful decadence.</p>
<p>This delightful scent opens with a unique combination of pistachio, bergamot, rum, and cardamom, creating an enticing and aromatic introduction. The heart blooms with a luscious blend of lily of the valley, pear, jasmine, raspberry, and white peach, delivering a fresh and fruity floral experience.</p>
<p>The base lingers with a deliciously sweet and warm mix of cotton candy, tonka bean, sandalwood, loukhoum, and cedar, enveloping you in a creamy, velvety embrace.</p>
<p>Perfect for women who love to make a statement, <strong>La Fede Aura Pista Dessert </strong>is the ultimate expression of elegance and indulgence.</p>",Khadlaj-perfumes,Health & Beauty > Personal Care > Cosmetics > Perfumes & Colognes > Eaux de Parfum,PERFUME SPRAY,"Deals, Perfume Spray, Women",true,Size,100 ML,,,,,,,,'6291107979090,600.0,shopify,deny,manual,55.00,70.00,true,true,,,,,'6291107979090,https://cdn.shopify.com/s/files/1/0626/6119/8023/files/Pistadessert01.jpg?v=1776230643,1,LA FEDE AURA PISTA DESSERT 100 ML EDP SPRAY FOR WOMEN - Khadlaj Perfumes,false,,,479,,,,,,,,,,,,"<div class=""pyramid-section_lists""><h6 style=""font-weight:600;"">Top Notes</h6>
<p> Pistachio, Bergamot, Rum, Cardamom</p>
</div>
<div class=""pyramid-section_lists""><h6 style=""font-weight:600;"">Middle Notes</h6>
<p>Lily Of The Valley, Pear, Jasmin, Raspberry, White Peach </p>
</div>
<div class=""pyramid-section_lists""><h6 style=""font-weight:600;"">Base Notes</h6>
<p> Cotton Candy, Tonka Bean, Sandalwood, Loukhoum, Cedar</p>
</div>",,,,,,,,,,everyday; formal; casual,,,fruity; jasmine; vanilla,spring; summer; winter; fall,female,,,,g,,,true,,,true,,,true,,,true,,,true,,,true,,,true,,,active
la-fede-aura-manga-splash-100-ml-edp-spray-for-women-copy,,,,,,,,,,,,,,,,,,,,,,,,,,,,,,,https://cdn.shopify.com/s/files/1/0626/6119/8023/files/Pista_dessert_03.jpg?v=1776230643,2,LA FEDE AURA PISTA DESSERT 100 ML EDP SPRAY FOR WOMEN - Khadlaj Perfumes,,,,,,,,,,,,,,,,,,,,,,,,,,,,,,,,,,,,,,,,,,,,,,,,,,,,,,,,,,,
arabian-treasure-20-ml-contrated-perfume-oil-alcohol-free-dubai-uae,ARABIAN TREASURE 20 ML,"<p>Discover the enchanting allure of <strong>Arabian Treasure 20ml</strong> by Khadlaj Perfumes, a luxurious fragrance crafted to captivate your senses. This exquisite blend opens with vibrant top notes of Davana, Sicilian Bergamot, and Pink Pepper, delivering a refreshing and spicy burst. The heart reveals a sophisticated fusion of Agarwood (Oud), White Amber, and Rosemary, exuding depth and elegance. Finally, the base unfolds with rich, warm notes of Leather, Musk, and Haitian Vetiver, leaving a mesmerizing and long-lasting impression.</p>
<p>Experience the essence of Arabian luxury in every drop – perfect for those who appreciate timeless sophistication.</p>",Khadlaj-perfumes,Health & Beauty > Personal Care > Cosmetics > Perfumes & Colognes > Eaux de Parfum,CPO,"concentrated perfume oil, CPO, UNISEX",true,Size,20 ML,,,,,,,,'6291107978352,500.0,shopify,deny,manual,45.00,,true,true,,,,,'6291107978352,https://cdn.shopify.com/s/files/1/0626/6119/8023/files/1_6c145478-a2d1-4169-962c-49172a4c0834.jpg?v=1737809848,1,ARABIAN TREASURE 20 ML - Khadlaj Perfumes,false,"Oud, Amber, Musk Fragrance | Alcohol-Free Perfume Oil Online","Shop Khadlaj Arabian Treasure 20 ml Concentrated Perfume Oil - a luxurious unisex perfume oil with davana, oud, leather, and musk notes. Alcohol-free fragrance by Khadlaj.",479,,,,,,,,,,,,"<div class=""pyramid-section_lists""><h6 style=""font-weight:600;"">Top Notes</h6>
<p>Davana, Sicilian, Bergamot, Pink Pepper</p>
</div>
<div class=""pyramid-section_lists""><h6 style=""font-weight:600;"">Middle Notes</h6>
<p>Agarwood (Oud), White Amber, Rosemary</p>
</div>
<div class=""pyramid-section_lists""><h6 style=""font-weight:600;"">Base Notes</h6>
<p>Leather, Musk & Haitian Vetiver</p>
</div>",,,,,,,,,,everyday; formal; special-occasion; casual,,,musk; spicy; citrus; amber; woody,fall; spring,unisex,,,,g,,,true,,,true,,,true,,,true,,,true,,,true,,,true,,,active
arabian-treasure-20-ml-contrated-perfume-oil-alcohol-free-dubai-uae,,,,,,,,,,,,,,,,,,,,,,,,,,,,,,,https://cdn.shopify.com/s/files/1/0626/6119/8023/files/3_6cff4d8f-5f86-4355-9a5d-abb81a740c00.jpg?v=1736916084,2,ARABIAN TREASURE 20 ML - Khadlaj Perfumes,,,,,,,,,,,,,,,,,,,,,,,,,,,,,,,,,,,,,,,,,,,,,,,,,,,,,,,,,,,
arabian-treasure-20-ml-contrated-perfume-oil-alcohol-free-dubai-uae,,,,,,,,,,,,,,,,,,,,,,,,,,,,,,,https://cdn.shopify.com/s/files/1/0626/6119/8023/files/2_6df35fb1-e26c-46d6-af2a-a8eb3985c75c.jpg?v=1736916084,3,ARABIAN TREASURE 20 ML - Khadlaj Perfumes,,,,,,,,,,,,,,,,,,,,,,,,,,,,,,,,,,,,,,,,,,,,,,,,,,,,,,,,,,,
amber-pure-20-ml-alcohol-free-concentrated-perfume-oils,AMBER PURE 20 ML,"<p>Discover the timeless allure of<strong> Amber Pure,</strong> a luxurious 20ml fragrance by Khadlaj Perfumes. This exquisite scent opens with the refreshing and zesty notes of orange, bergamot, and lemon, creating an invigorating start. The heart reveals a delightful medley of fruity accords, adding a playful and vibrant touch. Finally, the fragrance settles into a warm and captivating base of musk, amber, and vanilla, leaving a rich and long-lasting impression.</p>
<p>Perfect for any occasion, <strong>Amber Pure </strong>is a sophisticated blend of freshness and warmth that complements your unique style. Unveil your elegance with every spray.</p>",Khadlaj-perfumes,Health & Beauty > Personal Care > Cosmetics > Perfumes & Colognes,CPO,"concentrated perfume oil, CPO, Men, UNISEX, Women",true,Size,20 ML,,,,,,,,'6291107978369,300.0,shopify,deny,manual,45.00,,true,true,,,,,'6291107978369,https://cdn.shopify.com/s/files/1/0626/6119/8023/files/3_e11d6c3a-c93a-4ea8-9e37-f7eae4bb3bc7.jpg?v=1784375039,1,AMBER PURE 20 ML - Khadlaj Perfumes,false,"Amber, Floral, Musk Fragrance | Alcohol-Free Perfume Oil","Shop Khadlaj Amber Pure 20 ml Alcohol-Free Concentrated Perfume Oil - premium amber perfume oils with musk, vanilla & bergamot. Perfect arabian perfume oils by Khadlaj.",479,,,,,,,,,,,,"<div class=""pyramid-section_lists""><h6 style=""font-weight:600;"">Top Notes</h6>
<p>Orange, Bergamot, Lemon</p>
</div>
<div class=""pyramid-section_lists""><h6 style=""font-weight:600;"">Middle Notes</h6>
<p>Watermelon, Cyclamen, Jasmine</p>
</div>
<div class=""pyramid-section_lists""><h6 style=""font-weight:600;"">Base Notes</h6>
<p>Musk, Amber, Vanilla</p>
</div>",,,,,,,,,,everyday; formal; special-occasion; casual,,,amber; musk; vanilla,fall; spring,unisex,,,,g,,,true,,,true,,,true,,,true,,,true,,,true,,,true,,,active
amber-pure-20-ml-alcohol-free-concentrated-perfume-oils,,,,,,,,,,,,,,,,,,,,,,,,,,,,,,,https://cdn.shopify.com/s/files/1/0626/6119/8023/files/1_0debad8e-9492-414d-a8e1-628687dcc0f8.jpg?v=1737809616,2,AMBER PURE 20 ML - Khadlaj Perfumes,,,,,,,,,,,,,,,,,,,,,,,,,,,,,,,,,,,,,,,,,,,,,,,,,,,,,,,,,,,
amber-pure-20-ml-alcohol-free-concentrated-perfume-oils,,,,,,,,,,,,,,,,,,,,,,,,,,,,,,,https://cdn.shopify.com/s/files/1/0626/6119/8023/files/2_a5852dcf-65ba-46de-ada7-c1be979dd92a.jpg?v=1737804730,3,AMBER PURE 20 ML - Khadlaj Perfumes,,,,,,,,,,,,,,,,,,,,,,,,,,,,,,,,,,,,,,,,,,,,,,,,,,,,,,,,,,,
anabia-red-20-ml-atyaab-concentrated-perfume-oils,ANABIA RED 20 ML,"<p>Step into a world of elegance and charm with <strong>Anabia Red</strong>, a mesmerizing fragrance from the house of Khadlaj Perfumes. This luxurious scent begins with a vibrant burst of black currant, orange, mandarin orange, grapefruit, cassia, and bergamot, creating a lively and refreshing opening. At its heart lies an enchanting bouquet of rose, apricot, jasmine, lily, and lily-of-the-valley, adding a touch of floral sophistication. The base is beautifully grounded with warm and inviting notes of vanilla, tonka bean, musk, amber, and Virginia cedar, leaving a rich and lasting impression.</p>
<p><strong>Anabia Red</strong> is a perfect blend of fruity freshness, floral elegance, and warm sensuality, making it a must-have for every occasion. Redefine your style with every spray!</p>",Khadlaj-perfumes,Health & Beauty > Personal Care > Cosmetics > Perfumes & Colognes,CPO,"concentrated perfume oil, CPO, Men, perfume oil, UNISEX, Women",true,Size,20 ML,,,,,,,,'6291107977775,300.0,shopify,deny,manual,32.00,,true,true,,,,,'6291107977775,https://cdn.shopify.com/s/files/1/0626/6119/8023/files/1_26b7f88c-550c-44a9-a17a-58b0cd5ab000.jpg?v=1737806512,1,ANABIA RED 20 ML - Khadlaj Perfumes,false,"Fruity, Floral, Musk Fragrance | Concentrated Perfume Oil","Shop Khadlaj Anabia Red 20 ml Atyaab Concentrated Perfume Oil - a luxurious unisex perfume oil with black currant, rose, vanilla & cedarwood notes. Alcohol-free fragrance by Khadlaj.",479,,,,,,,,,,,,"<div class=""pyramid-section_lists""><h6 style=""font-weight:600;"">Top Notes</h6>
<p>Black Currant, Mandarin, Grapefruit, Bergamot</p>
</div>
<div class=""pyramid-section_lists""><h6 style=""font-weight:600;"">Middle Notes</h6>
<p>Rose, Apricot, Jasmine, Lily-of-the-Valley </p>
</div>
<div class=""pyramid-section_lists""><h6 style=""font-weight:600;"">Base Notes</h6>
<p>Vanilla, Tonka Bean, Musk, Amber, Cedarwood.</p>
</div>",,,,,,,,,,everyday; formal; casual,,,fruity; musk; amber,spring; summer; winter,unisex,,,,g,,,true,,,true,,,true,,,true,,,true,,,true,,,true,,,active
anabia-red-20-ml-atyaab-concentrated-perfume-oils,,,,,,,,,,,,,,,,,,,,,,,,,,,,,,,https://cdn.shopify.com/s/files/1/0626/6119/8023/files/4_0d518155-87a3-4775-9fb3-92c952c6e4fa.jpg?v=1737806598,2,ANABIA RED 20 ML - Khadlaj Perfumes,,,,,,,,,,,,,,,,,,,,,,,,,,,,,,,,,,,,,,,,,,,,,,,,,,,,,,,,,,,
anabia-red-20-ml-atyaab-concentrated-perfume-oils,,,,,,,,,,,,,,,,,,,,,,,,,,,,,,,https://cdn.shopify.com/s/files/1/0626/6119/8023/files/2_63be69de-5686-466a-a4e1-3d8c4b4962d2.jpg?v=1737806673,3,ANABIA RED 20 ML - Khadlaj Perfumes,,,,,,,,,,,,,,,,,,,,,,,,,,,,,,,,,,,,,,,,,,,,,,,,,,,,,,,,,,,
johayna-purple-20-ml,JOHAYNA PURPLE 20 ML,"<p>Immerse yourself in the playful sophistication of <strong>Johayna Purple</strong>, a 20ml fragrance designed to captivate your senses. The journey begins with the vibrant and zesty notes of kiwi, rhubarb, and pink pepper, creating an exciting and refreshing opening. The heart unveils a delicate fusion of watermelon, cyclamen, and jasmine, adding a touch of floral sweetness and aquatic charm. Finally, the scent settles into a warm and comforting base of lemon tree, musk, and sandalwood, leaving an unforgettable trail of elegance and allure.</p>
<p><strong>Johayna Purple </strong>is a perfect blend of fruity freshness, floral elegance, and woody warmth – the ultimate accessory for any occasion. Let your individuality shine with every spray!</p>",Khadlaj-perfumes,Health & Beauty > Personal Care > Cosmetics > Perfumes & Colognes,CPO,"concentrated perfume oil, CPO, perfume oil, UNISEX",true,Size,20 ML,,,,,,,,'6291107977324,300.0,shopify,deny,manual,45.00,,true,true,,,,,'6291107977324,https://cdn.shopify.com/s/files/1/0626/6119/8023/files/1_e9c5b590-d65c-4983-ad1f-1505f393c04d.jpg?v=1737811443,1,JOHAYNA PURPLE 20 ML - Khadlaj Perfumes,false,"Floral, Musk Fragrance | Best Non-Alcoholic Perfume Oil Online","Shop Khadlaj Johayna Purple 20 ml Perfume Oil — premium perfume oils, arabian perfume oils, oil perfume fragrances by Khadlaj.",479,,,,,,,,,,,,"<div class=""pyramid-section_lists""><h6 style=""font-weight:600;"">Top Notes</h6>
<p>Kiwi, Rhuburb, Pink Pepper </p>
</div>
<div class=""pyramid-section_lists""><h6 style=""font-weight:600;"">Middle Notes</h6>
<p>Fruits</p>
</div>
<div class=""pyramid-section_lists""><h6 style=""font-weight:600;"">Base Notes</h6>
<p>Lemon Tree, Musk, Sandalwood</p>
</div>",,,,,,,,,,everyday; formal; casual; special-occasion,,,citrus; fruity; jasmine,fall; spring; winter,unisex,,,,g,,,true,,,true,,,true,,,true,,,true,,,true,,,true,,,active
johayna-purple-20-ml,,,,,,,,,,,,,,,,,,,,,,,,,,,,,,,https://cdn.shopify.com/s/files/1/0626/6119/8023/files/3_c65ff337-7d6f-4807-aba0-e617570abc93.jpg?v=1737811492,2,JOHAYNA PURPLE 20 ML - Khadlaj Perfumes,,,,,,,,,,,,,,,,,,,,,,,,,,,,,,,,,,,,,,,,,,,,,,,,,,,,,,,,,,,
azure-velvet-100-ml-extrait-de-parfum-unisex-fragrance-to-buy-online-dubai-uae,AZURE VELVET 100 ML EXTRAIT DE PARFUM,"<p>Discover the enchanting allure of <strong>Khadlaj Azure Velvet</strong>, a unisex fragrance crafted for those who seek elegance and sophistication.</p>
<p><strong>Top Notes:</strong> A refreshing burst of Bergamot, Lavender, and Mint creates an invigorating opening.<br><strong>Mid Notes:</strong> A harmonious blend of Floral, Fruity, and Fresh notes adds a captivating charm.<br><strong>Base Notes:</strong> A rich and warm foundation of Woody, Powdery, and Incense notes leaves an unforgettable impression.<br>Perfectly balanced, <strong>Azure Velvet</strong> is a fragrance that complements both men and women, making it ideal for any occasion. Embrace the timeless essence of luxury with every spritz.</p>",Khadlaj-perfumes,Health & Beauty > Personal Care > Cosmetics > Perfumes & Colognes > Eaux de Parfum,PERFUME SPRAY,"Deals, Men, Perfume Spray, UNISEX, Women",true,Size,100 ML,,,,,,,,'6291107978802,650.0,shopify,deny,manual,110.00,150.00,true,true,,,,,'6291107978802,https://cdn.shopify.com/s/files/1/0626/6119/8023/files/Azure_Velvet_03.jpg?v=1783946944,1,AZURE VELVET 100 ML EXTRAIT DE PARFUM - Khadlaj Perfumes,false,Buy Azure Velvet Unisex Perfume Online in UAE | Khadlaj Perfumes,Looking for Unisex Perfume? Khadlaj Perfumes Offers Azure Velvet Extrait de Parfum with Smooth Woody Notes and Lasting Elegance. Shop Online in Dubai Now!,479,,,,,,,,,,,,"<div class=""pyramid-section_lists""><h6 style=""font-weight:600;"">Top Notes</h6>
<p>Bergamot, Lavender, Mint</p>
</div>
<div class=""pyramid-section_lists""><h6 style=""font-weight:600;"">Middle Notes</h6>
<p>Floral, Fruity, Fresh</p>
</div>
<div class=""pyramid-section_lists""><h6 style=""font-weight:600;"">Base Notes</h6>
<p>Woody, Powdery,Incense</p>
</div>",,,,,,,,,,everyday; casual; special-occasion; formal,,,fresh; fruity; woody,winter; fall; spring; summer,unisex,,,,g,,,true,,,true,,,true,,,true,,,true,,,true,,,true,,,active
azure-velvet-100-ml-extrait-de-parfum-unisex-fragrance-to-buy-online-dubai-uae,,,,,,,,,,,,,,,,,,,,,,,,,,,,,,,https://cdn.shopify.com/s/files/1/0626/6119/8023/files/AzureVelvet01.jpg?v=1737977836,2,AZURE VELVET 100 ML EXTRAIT DE PARFUM - Khadlaj Perfumes,,,,,,,,,,,,,,,,,,,,,,,,,,,,,,,,,,,,,,,,,,,,,,,,,,,,,,,,,,,
azure-velvet-100-ml-extrait-de-parfum-unisex-fragrance-to-buy-online-dubai-uae,,,,,,,,,,,,,,,,,,,,,,,,,,,,,,,https://cdn.shopify.com/s/files/1/0626/6119/8023/files/Azure_Velvet_04.jpg?v=1737977940,3,AZURE VELVET 100 ML EXTRAIT DE PARFUM - Khadlaj Perfumes,,,,,,,,,,,,,,,,,,,,,,,,,,,,,,,,,,,,,,,,,,,,,,,,,,,,,,,,,,,
opus-reborn-100-ml-edp-spray-for-men-fragrance-to-shop-online-dubai-uae,OPUS REBORN 100 ML EDP SPRAY FOR MEN,"<p>Khadlaj <strong>Opus Reborn 100ML Eau de Parfum for Men</strong> – A bold and sophisticated fragrance.</p>
<p>Opus Reborn opens with a vibrant burst of lemon, warm spices, and violet, creating a refreshing yet intriguing introduction. At its heart, aromatic geranium and soothing lavender add depth and refinement, evoking timeless elegance. The fragrance settles into a rich and masculine base of moss and tonka, leaving a lasting impression of confidence and allure.</p>
<p>Perfect for men who appreciate power, sophistication, and a touch of mystery. Elevate your presence with Opus Reborn.</p>",Khadlaj-perfumes,Health & Beauty > Personal Care > Cosmetics > Perfumes & Colognes > Eaux de Parfum,PERFUME SPRAY,"30% offer, Deals, Men, Perfume Spray",true,Size,100 ML,,,,,,,,'6291107978130,600.0,shopify,deny,manual,50.00,100.00,true,true,,,,,'6291107978130,https://cdn.shopify.com/s/files/1/0626/6119/8023/files/Opus_Reborn-03.jpg?v=1783947747,1,OPUS REBORN 100 ML EDP SPRAY FOR MEN - Khadlaj Perfumes,false,Buy Opus Reborn Perfume for Men Online in UAE | Khadlaj Perfumes,Looking for Men's Perfume? Khadlaj Perfumes Offers Opus Reborn EDP with Intense Aromatic Notes and a Distinctive Masculine Scent. Shop Online in Dubai Now!,479,,,,,,,,,,,,"<div class=""pyramid-section_lists""><h6 style=""font-weight:600;"">Top Notes</h6>
<p>Lemon, Spicy, Voilet </p>
</div>
<div class=""pyramid-section_lists""><h6 style=""font-weight:600;"">Middle Notes</h6>
<p>Aromatic, Geranium, Lavender </p>
</div>
<div class=""pyramid-section_lists""><h6 style=""font-weight:600;"">Base Notes</h6>
<p>Moss, Tonka </p>
</div>",,,,,,,,,,everyday; formal; casual,,,spicy; lavender; citrus,fall; spring,male,,,,g,,,true,,,true,,,true,,,true,,,true,,,true,,,true,,,active
opus-reborn-100-ml-edp-spray-for-men-fragrance-to-shop-online-dubai-uae,,,,,,,,,,,,,,,,,,,,,,,,,,,,,,,https://cdn.shopify.com/s/files/1/0626/6119/8023/files/Opus_Reborn-01.jpg?v=1738300548,2,OPUS REBORN 100 ML EDP SPRAY FOR MEN - Khadlaj Perfumes,,,,,,,,,,,,,,,,,,,,,,,,,,,,,,,,,,,,,,,,,,,,,,,,,,,,,,,,,,,
opus-reborn-100-ml-edp-spray-for-men-fragrance-to-shop-online-dubai-uae,,,,,,,,,,,,,,,,,,,,,,,,,,,,,,,https://cdn.shopify.com/s/files/1/0626/6119/8023/files/Opus_Reborn-04.jpg?v=1738300630,3,OPUS REBORN 100 ML EDP SPRAY FOR MEN - Khadlaj Perfumes,,,,,,,,,,,,,,,,,,,,,,,,,,,,,,,,,,,,,,,,,,,,,,,,,,,,,,,,,,,
opus-reborn-100-ml-edp-spray-for-men-fragrance-to-shop-online-dubai-uae,,,,,,,,,,,,,,,,,,,,,,,,,,,,,,,https://cdn.shopify.com/s/files/1/0626/6119/8023/files/Opus_Reborn-02.jpg?v=1738301016,4,OPUS REBORN 100 ML EDP SPRAY FOR MEN - Khadlaj Perfumes,,,,,,,,,,,,,,,,,,,,,,,,,,,,,,,,,,,,,,,,,,,,,,,,,,,,,,,,,,,
bleu-glace-100-ml-extrait-de-parfum-for-men-fresh-fragrance-online-dubai-uae,BLEU GLACE 100 ML EXTRAIT DE PARFUM FOR MEN,"<p><strong>Khadlaj Bleu Glace 100 ML Extrait de Parfum for Men</strong> – A fragrance of pure sophistication and Icy freshness.</p>
<p>Bleu Glacé opens with a crisp fusion of bergamot, zesty lemon, and juicy apple, delivering an invigorating burst of energy. The heart unfolds with aromatic lavender, marine accords, and a touch of smoky incense, evoking a sense of mystery and depth. Finally, the scent settles into a refined base of oakmoss, creamy sandalwood, and warm tonka beans, leaving a bold and lasting impression.</p>
<p>A perfect choice for men who exude confidence and elegance. Embrace the essence of freshness with <strong>Bleu Glace</strong></p>",Khadlaj-perfumes,Health & Beauty > Personal Care > Cosmetics > Perfumes & Colognes > Eaux de Parfum,PERFUME SPRAY,"Deals, Perfume Spray",true,Size,100 ML,,,,,,,,'6291107978949,1000.0,shopify,deny,manual,75.00,120.00,true,true,,,,,'6291107978949,https://cdn.shopify.com/s/files/1/0626/6119/8023/files/Bleu_Glace_02.jpg?v=1784382935,1,BLEU GLACE 100 ML EXTRAIT DE PARFUM FOR MEN - Khadlaj Perfumes,false,KHADLAJ BLEU GLACE 100 ML EXTRAIT DE PARFUM FOR MEN,,479,,,,,,,,,,,,"<div class=""pyramid-section_lists""><h6 style=""font-weight:600;"">Top Notes</h6>
<p>Bergamot, Lemon, Apple</p>
</div>
<div class=""pyramid-section_lists""><h6 style=""font-weight:600;"">Middle Notes</h6>
<p>Lavender, Marina Notes, Incense</p>
</div>
<div class=""pyramid-section_lists""><h6 style=""font-weight:600;"">Base Notes</h6>
<p>Oakmoss, Sandalwood, Tonka Beans </p>
</div>",,,,,,,,,,everyday; casual; formal,,,citrus; fresh; lavender; sandalwood,spring; summer; fall,male,,,,g,,,true,,,true,,,true,,,true,,,true,,,true,,,true,,,active
bleu-glace-100-ml-extrait-de-parfum-for-men-fresh-fragrance-online-dubai-uae,,,,,,,,,,,,,,,,,,,,,,,,,,,,,,,https://cdn.shopify.com/s/files/1/0626/6119/8023/files/Bleu_Glace_01.jpg?v=1738325236,2,BLEU GLACE 100 ML EXTRAIT DE PARFUM FOR MEN - Khadlaj Perfumes,,,,,,,,,,,,,,,,,,,,,,,,,,,,,,,,,,,,,,,,,,,,,,,,,,,,,,,,,,,
bleu-glace-100-ml-extrait-de-parfum-for-men-fresh-fragrance-online-dubai-uae,,,,,,,,,,,,,,,,,,,,,,,,,,,,,,,https://cdn.shopify.com/s/files/1/0626/6119/8023/files/Bleu_Glace_03.jpg?v=1738325436,3,BLEU GLACE 100 ML EXTRAIT DE PARFUM FOR MEN - Khadlaj Perfumes,,,,,,,,,,,,,,,,,,,,,,,,,,,,,,,,,,,,,,,,,,,,,,,,,,,,,,,,,,,
bleu-glace-100-ml-extrait-de-parfum-for-men-fresh-fragrance-online-dubai-uae,,,,,,,,,,,,,,,,,,,,,,,,,,,,,,,https://cdn.shopify.com/s/files/1/0626/6119/8023/files/Bleu_Glace_04.jpg?v=1738325497,4,BLEU GLACE 100 ML EXTRAIT DE PARFUM FOR MEN - Khadlaj Perfumes,,,,,,,,,,,,,,,,,,,,,,,,,,,,,,,,,,,,,,,,,,,,,,,,,,,,,,,,,,,
bleu-glace-100-ml-extrait-de-parfum-for-men-fresh-fragrance-online-dubai-uae,,,,,,,,,,,,,,,,,,,,,,,,,,,,,,,https://cdn.shopify.com/s/files/1/0626/6119/8023/files/Bleu_Glace-Infographics.jpg?v=1738325517,5,BLEU GLACE 100 ML EXTRAIT DE PARFUM FOR MEN - Khadlaj Perfumes,,,,,,,,,,,,,,,,,,,,,,,,,,,,,,,,,,,,,,,,,,,,,,,,,,,,,,,,,,,
desert-rose-100-ml-extrait-de-parfum-for-women-fragrance-to-shop-online-dubai-uae,DESERT ROSE 100 ML EXTRAIT DE PARFUM FOR WOMEN,"<p><strong>Khadlaj Desert Rose 100ML Extrait de Parfum for Women </strong>– A mesmerizing blend of elegance and sensuality.</p>
<p>Desert Rose opens with a vibrant fusion of blackcurrant, lychee, and zesty orange, creating a fruity and refreshing allure. At its heart, a delicate bouquet of freesia, peach, and rose unfolds, adding a floral sophistication that captivates the senses. The fragrance gracefully settles into a warm and indulgent base of caramel, musk, and patchouli, leaving a lasting, irresistible trail.</p>
<p>A fragrance crafted for the woman who embodies grace, confidence, and timeless beauty. Experience the magic of <strong>Desert Rose</strong>.</p>",Khadlaj-perfumes,Health & Beauty > Personal Care > Cosmetics > Perfumes & Colognes > Eaux de Parfum,PERFUME SPRAY,"Deals, Perfume Spray, Women",true,Size,100 ML,,,,,,,,'6291107978956,1000.0,shopify,deny,manual,75.00,120.00,true,true,,,,,'6291107978956,https://cdn.shopify.com/s/files/1/0626/6119/8023/files/Desert_Rose_02.jpg?v=1784383039,1,DESERT ROSE 100 ML EXTRAIT DE PARFUM FOR WOMEN - Khadlaj Perfumes,false,KHADLAJ DESERT ROSE 100 ML EXTRAIT DE PARFUM FOR WOMEN,,479,,,,,,,,,,,,"<div class=""pyramid-section_lists""><h6 style=""font-weight:600;"">Top Notes</h6>
<p>Blackcurrant, Lychee, Orange </p>
</div>
<div class=""pyramid-section_lists""><h6 style=""font-weight:600;"">Middle Notes</h6>
<p>Freesia, Peach, Rose</p>
</div>
<div class=""pyramid-section_lists""><h6 style=""font-weight:600;"">Base Notes</h6>
<p>Caramel, Musk , Patchouli </p>
</div>",,,,,,,,,,everyday; casual; formal,,,fruity; musk; patchouli,spring; summer; fall,female,,,,g,,,true,,,true,,,true,,,true,,,true,,,true,,,true,,,active
desert-rose-100-ml-extrait-de-parfum-for-women-fragrance-to-shop-online-dubai-uae,,,,,,,,,,,,,,,,,,,,,,,,,,,,,,,https://cdn.shopify.com/s/files/1/0626/6119/8023/files/Desert_Rose_01.jpg?v=1738326411,2,DESERT ROSE 100 ML EXTRAIT DE PARFUM FOR WOMEN - Khadlaj Perfumes,,,,,,,,,,,,,,,,,,,,,,,,,,,,,,,,,,,,,,,,,,,,,,,,,,,,,,,,,,,
desert-rose-100-ml-extrait-de-parfum-for-women-fragrance-to-shop-online-dubai-uae,,,,,,,,,,,,,,,,,,,,,,,,,,,,,,,https://cdn.shopify.com/s/files/1/0626/6119/8023/files/Desert_Rose_03.jpg?v=1738326632,3,DESERT ROSE 100 ML EXTRAIT DE PARFUM FOR WOMEN - Khadlaj Perfumes,,,,,,,,,,,,,,,,,,,,,,,,,,,,,,,,,,,,,,,,,,,,,,,,,,,,,,,,,,,
desert-rose-100-ml-extrait-de-parfum-for-women-fragrance-to-shop-online-dubai-uae,,,,,,,,,,,,,,,,,,,,,,,,,,,,,,,https://cdn.shopify.com/s/files/1/0626/6119/8023/files/Desert_Rose_04.jpg?v=1738326839,4,DESERT ROSE 100 ML EXTRAIT DE PARFUM FOR WOMEN - Khadlaj Perfumes,,,,,,,,,,,,,,,,,,,,,,,,,,,,,,,,,,,,,,,,,,,,,,,,,,,,,,,,,,,
nuha-vanilla-pearl-85-ml-edp-spray-for-women-online-dubai-uae,NUHA VANILLA PEARL 85 ML EDP SPRAY FOR WOMEN,"<p>Discover the exquisite charm of <strong>Nuha Vanilla Pearl By Khadlaj Perfumes</strong>, a fragrance crafted for those who embrace elegance with a touch of warmth. This enchanting blend unfolds like a luxurious symphony, balancing fruity freshness, soft florals, and rich gourmand notes.</p>
<p><strong>Top Notes:</strong> A radiant burst of freesia, strawberry, and blackcurrant creates a fresh and captivating introduction.<br></p>
<p><strong>Heart Notes: </strong>The fragrance blossoms into a delicate harmony of cashmere, raspberry, and magnolia, adding depth and refinement.</p>
<p><strong>Base Notes:</strong> A sensual fusion of vanilla, moss, and caramel lingers beautifully, leaving a lasting impression of sweetness and sophistication.</p>
<p><strong>Khadlaj Nuha Vanilla Pearl</strong> – A timeless scent that embodies grace, warmth, and allure. Experience luxury today!</p>",Khadlaj-perfumes,Health & Beauty > Personal Care > Cosmetics > Perfumes & Colognes > Eaux de Parfum,PERFUME SPRAY,"30% offer, Deals",true,Size,85 ML,,,,,,,,'6291107979182,500.0,shopify,deny,manual,65.00,85.00,true,true,,,,,'6291107979175,https://cdn.shopify.com/s/files/1/0626/6119/8023/files/Nuha_Vanilla_Pearl_03.jpg?v=1783946810,1,NUHA VANILLA PEARL 85 ML EDP SPRAY FOR WOMEN - Khadlaj Perfumes,false,Buy Nuha Vanilla Pearl Perfume for Women Online | Best in Dubai,Looking for Women's Perfume? Khadlaj Perfumes Offers Nuha Vanilla Pearl EDP with Sweet Vanilla Notes and Luxurious Scent. Shop Online in UAE Now!,479,,,,,,,,,,,,"<div class=""pyramid-section_lists""><h6 style=""font-weight:600;"">Top Notes</h6>
<p>Fressia, Strawberry, 
Blackcurrant</p>
</div>
<div class=""pyramid-section_lists""><h6 style=""font-weight:600;"">Middle Notes</h6>
<p>Cashmere, 
Raspberry, Magnolia</p>
</div>
<div class=""pyramid-section_lists""><h6 style=""font-weight:600;"">Base Notes</h6>
<p>Vanilla, Moss, Caramel</p>
</div>",,,,,,,,,,everyday; formal; casual; special-occasion,,,vanilla; fresh; strawberry; caramel,winter; fall; spring; summer,female,,,,g,,,true,,,true,,,true,,,true,,,true,,,true,,,true,,,active
nuha-vanilla-pearl-85-ml-edp-spray-for-women-online-dubai-uae,,,,,,,,,,,,,,,,,,,,,,,,,,,,,,,https://cdn.shopify.com/s/files/1/0626/6119/8023/files/NuhaVanillaPearl01.jpg?v=1738919612,2,NUHA VANILLA PEARL 85 ML EDP SPRAY FOR WOMEN - Khadlaj Perfumes,,,,,,,,,,,,,,,,,,,,,,,,,,,,,,,,,,,,,,,,,,,,,,,,,,,,,,,,,,,
nuha-vanilla-pearl-85-ml-edp-spray-for-women-online-dubai-uae,,,,,,,,,,,,,,,,,,,,,,,,,,,,,,,https://cdn.shopify.com/s/files/1/0626/6119/8023/files/Nuha_Vanilla_Pearl_02.jpg?v=1738919720,3,NUHA VANILLA PEARL 85 ML EDP SPRAY FOR WOMEN - Khadlaj Perfumes,,,,,,,,,,,,,,,,,,,,,,,,,,,,,,,,,,,,,,,,,,,,,,,,,,,,,,,,,,,
nuha-vanilla-pearl-85-ml-edp-spray-for-women-online-dubai-uae,,,,,,,,,,,,,,,,,,,,,,,,,,,,,,,https://cdn.shopify.com/s/files/1/0626/6119/8023/files/Nuha_Vanilla_Pearl-infogrphics.jpg?v=1738919737,4,NUHA VANILLA PEARL 85 ML EDP SPRAY FOR WOMEN - Khadlaj Perfumes,,,,,,,,,,,,,,,,,,,,,,,,,,,,,,,,,,,,,,,,,,,,,,,,,,,,,,,,,,,
nuha-cherry-blush-85-ml-edp-spray-for-women-online-shopping-uae,NUHA CHERRY BLUSH 85 ML EDP SPRAY FOR WOMEN,"<p>Indulge in the irresistible charm of <strong>Khadlaj Nuha Cherry Blush</strong>, a luxurious fragrance that captivates the senses with its bold and alluring blend.</p>
<p><strong>Top Notes</strong> – A luscious fusion of cherry, rum, and wine, delivering a rich and intoxicating opening.</p>
<p><strong>Heart Notes</strong> – A delicate floral medley of jasmine, rose, orris, complemented by the sweetness of raspberry and the depth of cedarwood.</p>
<p><strong>Base Notes</strong> – A warm and sensual finish of tonka, labdanum, vanilla, vetiver, musk, and sandalwood, leaving a lasting impression of elegance.</p>
<p>Experience passion in every spritz—<strong>Khadlaj Nuha Cherry Blush</strong> is the perfect fragrance for those who dare to be unforgettable.</p>",Khadlaj-perfumes,Health & Beauty > Personal Care > Cosmetics > Perfumes & Colognes > Eaux de Parfum,PERFUME SPRAY,"30% offer, Deals",true,Size,85 ML,,,,,,,,'6291107979175,500.0,shopify,deny,manual,65.00,85.00,true,true,,,,,'6291107979175,https://cdn.shopify.com/s/files/1/0626/6119/8023/files/Nuha_cherry_blush_03.jpg?v=1783946612,1,NUHA CHERRY BLUSH 85 ML EDP SPRAY FOR WOMEN - Khadlaj Perfumes,false,Buy Nuha Cherry Blush Perfume for Women Online | Khadlaj Perfumes,Looking for Women's Perfume? Khadlaj Perfumes Offers Nuha Cherry Blush EDP with Fruity Floral Notes and Elegant Aroma for Everyday Wear. Shop Now!,479,,,,,,,,,,,,"<div class=""pyramid-section_lists""><h6 style=""font-weight:600;"">Top Notes</h6>
<p>Cherry, Rum, Wine</p>
</div>
<div class=""pyramid-section_lists""><h6 style=""font-weight:600;"">Middle Notes</h6>
<p>Jasmin, Rose, Orris, Raspberry, Cedarwood</p>
</div>
<div class=""pyramid-section_lists""><h6 style=""font-weight:600;"">Base Notes</h6>
<p>Tonka, Labdanum, Vanilla, Vetiver, Musky, Sandalwood</p>
</div>",,,,,,,,,,everyday; formal; casual; special-occasion,,,vanilla; cherry; jasmine; rose,winter; fall; spring; summer,female,,,,g,,,true,,,true,,,true,,,true,,,true,,,true,,,true,,,active
nuha-cherry-blush-85-ml-edp-spray-for-women-online-shopping-uae,,,,,,,,,,,,,,,,,,,,,,,,,,,,,,,https://cdn.shopify.com/s/files/1/0626/6119/8023/files/Nuha_cherry_blush_01.jpg?v=1742290643,2,NUHA CHERRY BLUSH 85 ML EDP SPRAY FOR WOMEN - Khadlaj Perfumes,,,,,,,,,,,,,,,,,,,,,,,,,,,,,,,,,,,,,,,,,,,,,,,,,,,,,,,,,,,
nuha-cherry-blush-85-ml-edp-spray-for-women-online-shopping-uae,,,,,,,,,,,,,,,,,,,,,,,,,,,,,,,https://cdn.shopify.com/s/files/1/0626/6119/8023/files/Nuha_cherry_blush_02.jpg?v=1742290643,3,NUHA CHERRY BLUSH 85 ML EDP SPRAY FOR WOMEN - Khadlaj Perfumes,,,,,,,,,,,,,,,,,,,,,,,,,,,,,,,,,,,,,,,,,,,,,,,,,,,,,,,,,,,
private-blend-tobac-extra-extrait-de-parfum-100-ml-for-men,PRIVATE BLEND TOBAC EXTRA EXTRAIT DE PARFUM 100 ML,"<p>Indulge in the bold and sophisticated essence of PRIVATE BLEND TOBAC EXTRA EXTRAIT DE PARFUM By Khadlaj. This luxurious extrait de parfum opens with a rich fusion of saffron, nutmeg, and cinnamon, creating a warm and spicy allure. At its heart, an intoxicating blend of tobacco, incense, and orris adds depth and mystery. Finally, the fragrance settles into a sensual base of patchouli, oud, and vanilla, leaving a lasting impression of refined elegance.</p>
<p>Experience the perfect balance of warmth, spice, and smokiness—crafted for those who seek a distinctive and unforgettable scent.</p>",Khadlaj-perfumes,Health & Beauty > Personal Care > Cosmetics > Perfumes & Colognes > Eaux de Parfum,PERFUME SPRAY,"Deals, Men, Perfume Spray",true,Size,100 ML,,,,,,,,'6291107979403,1000.0,shopify,deny,manual,110.00,150.00,true,true,,,,,'6291107979403,https://cdn.shopify.com/s/files/1/0626/6119/8023/files/Tobac_Extra_03.jpg?v=1783946489,1,PRIVATE BLEND TOBAC EXTRA EXTRAIT DE PARFUM 100 ML - Khadlaj Perfumes,false,,Looking for Men's Perfume? Khadlaj Perfumes Offers Private Blend Tobac Extra Extrait de Parfum with Rich Tobacco Notes and a Long-Lasting Scent. Shop Now!,479,,,,,,,,,,,,,,,,,,,,,,everyday; casual; formal,,,woody; patchouli; vanilla; cinnamon,winter; fall; spring,male,,,,g,,,true,,,true,,,true,,,true,,,true,,,true,,,true,,,active
private-blend-tobac-extra-extrait-de-parfum-100-ml-for-men,,,,,,,,,,,,,,,,,,,,,,,,,,,,,,,https://cdn.shopify.com/s/files/1/0626/6119/8023/files/TobacExtra01.jpg?v=1740231807,2,PRIVATE BLEND TOBAC EXTRA EXTRAIT DE PARFUM 100 ML - Khadlaj Perfumes,,,,,,,,,,,,,,,,,,,,,,,,,,,,,,,,,,,,,,,,,,,,,,,,,,,,,,,,,,,
private-blend-tobac-extra-extrait-de-parfum-100-ml-for-men,,,,,,,,,,,,,,,,,,,,,,,,,,,,,,,https://cdn.shopify.com/s/files/1/0626/6119/8023/files/Tobac_Extra_02.jpg?v=1740231906,3,PRIVATE BLEND TOBAC EXTRA EXTRAIT DE PARFUM 100 ML - Khadlaj Perfumes,,,,,,,,,,,,,,,,,,,,,,,,,,,,,,,,,,,,,,,,,,,,,,,,,,,,,,,,,,,
private-blend-musk-ice-extrait-de-parfum-100-ml-designer-fragrance,PRIVATE BLEND MUSK ICE EXTRAIT DE PARFUM 100 ML FOR WOMEN,"<p>Discover refined freshness and timeless elegance with Private Blend Musk Ice Extrait De Parfum 100ml for Women by Khadlaj Perfumes. Designed for the modern woman who appreciates sophistication with a refreshing twist, this exquisite extrait concentration offers long-lasting performance and a beautifully balanced scent profile.</p>
<p>The fragrance opens with a bright and uplifting blend of bergamot and mandarin, delivering a crisp citrus sparkle that instantly energizes the senses. At the heart, delicate lily of the valley, juicy peach, and soft orange blossom create a graceful floral-fruity harmony that feels feminine and radiant.</p>
<p>As the scent settles, a smooth and sensual base of musk, moss, and vetiver unfolds, leaving a clean, elegant, and subtly earthy trail that lingers throughout the day.</p>
<p>Private Blend Musk Ice is perfect for daytime sophistication, elegant evenings, or whenever you want to feel effortlessly fresh yet luxurious. A fragrance that embodies purity, softness, and confident femininity, wrapped in the signature excellence of Khadlaj Perfumes.</p>",Khadlaj-perfumes,Health & Beauty > Personal Care > Cosmetics > Perfumes & Colognes > Eaux de Parfum,PERFUME SPRAY,"Deals, Perfume Spray, Women",true,Size,100 ML,,,,,,,,'6291107979410,1000.0,shopify,deny,manual,110.00,150.00,true,true,,,,,'6291107979410,https://cdn.shopify.com/s/files/1/0626/6119/8023/files/Musk_Ice_03.jpg?v=1784370680,1,PRIVATE BLEND MUSK ICE EXTRAIT DE PARFUM 100 ML FOR WOMEN - Khadlaj Perfumes,false,Private Blend Musk Ice Extrait de Parfum Luxury Perfume Online,"Private Blend Musk Ice Extrait de Parfum crafted with rich musk notes, delivering a premium designer fragrance for men and women.",479,,,,,,,,,,,,"<div class=""pyramid-section_lists""><h6 style=""font-weight:600;"">Top Notes</h6>
<p>Bergamot, Mandarin</p>
</div>
<div class=""pyramid-section_lists""><h6 style=""font-weight:600;"">Middle Notes</h6>
<p>Lily of the valley, Peach, Orange Blossom </p>
</div>
<div class=""pyramid-section_lists""><h6 style=""font-weight:600;"">Base Notes</h6>
<p>Musk, Musse, Vetiver</p>
</div>",,,,,,,,,,everyday; casual; formal,,,fruity; citrus; musk; amber,fall; spring; summer,female,,,,g,,,true,,,true,,,true,,,true,,,true,,,true,,,true,,,active
private-blend-musk-ice-extrait-de-parfum-100-ml-designer-fragrance,,,,,,,,,,,,,,,,,,,,,,,,,,,,,,,https://cdn.shopify.com/s/files/1/0626/6119/8023/files/MuskIce01.jpg?v=1752062427,2,PRIVATE BLEND MUSK ICE EXTRAIT DE PARFUM 100 ML FOR WOMEN - Khadlaj Perfumes,,,,,,,,,,,,,,,,,,,,,,,,,,,,,,,,,,,,,,,,,,,,,,,,,,,,,,,,,,,
private-blend-musk-ice-extrait-de-parfum-100-ml-designer-fragrance,,,,,,,,,,,,,,,,,,,,,,,,,,,,,,,https://cdn.shopify.com/s/files/1/0626/6119/8023/files/Musk_Ice_04.jpg?v=1771398752,3,PRIVATE BLEND MUSK ICE EXTRAIT DE PARFUM 100 ML FOR WOMEN - Khadlaj Perfumes,,,,,,,,,,,,,,,,,,,,,,,,,,,,,,,,,,,,,,,,,,,,,,,,,,,,,,,,,,,
private-blend-musk-ice-extrait-de-parfum-100-ml-designer-fragrance,,,,,,,,,,,,,,,,,,,,,,,,,,,,,,,https://cdn.shopify.com/s/files/1/0626/6119/8023/files/Musk_Ice_02.jpg?v=1771398752,4,PRIVATE BLEND MUSK ICE EXTRAIT DE PARFUM 100 ML FOR WOMEN - Khadlaj Perfumes,,,,,,,,,,,,,,,,,,,,,,,,,,,,,,,,,,,,,,,,,,,,,,,,,,,,,,,,,,,
la-fede-white-forest-strawberry-edp-for-women-best-gourmand-fragrance-dubai-online,LA FEDE WHITE FOREST STRAWBERRY 100 ML EAU DE PARFUM FOR WOMEN,"<p><strong>La Fede White Forest Strawberry Eau de Parfum</strong> – A delightful gourmand fragrance that captures the essence of sweet indulgence. With luscious strawberry and blackberry as the top notes, this scent opens with a fruity burst reminiscent of freshly baked pastries. At its heart, a floral symphony of jasmine and rose adds elegance, while the warm base of vanilla, amber, and sandalwood creates a rich, creamy finish.</p>
<p>A perfect treat for those who love cake and pastry-inspired fragrances, evoking the sweetness of a dessert-filled paradise.</p>",Khadlaj-perfumes,Health & Beauty > Personal Care > Cosmetics > Perfumes & Colognes > Eaux de Parfum,PERFUME SPRAY,"Deals, Perfume Spray, Women",true,Size,100 ML,,,,,,,,'6291107979120,600.0,shopify,deny,manual,75.00,150.00,true,true,,,,,'6291107979120,https://cdn.shopify.com/s/files/1/0626/6119/8023/files/Whiteforeststrawberry02.jpg?v=1776231284,1,LA FEDE WHITE FOREST STRAWBERRY 100 ML EAU DE PARFUM FOR WOMEN - Khadlaj Perfumes,false,LA FEDE WHITE FOREST STRAWBERRY EDP FOR WOMEN BEST GOURMAND FRAGRANCE,,479,,,,,,,,,,,,"<div class=""pyramid-section_lists""><h6 style=""font-weight:600;"">Top Notes</h6>
<p>Strawberry, Blackberry</p>
</div>
<div class=""pyramid-section_lists""><h6 style=""font-weight:600;"">Middle Notes</h6>
<p>Jasmin, Rose</p>
</div>
<div class=""pyramid-section_lists""><h6 style=""font-weight:600;"">Base Notes</h6>
<p>Vanilla, Amber, Sandalwood</p>
</div>",,,,,,,,,,everyday; casual; formal,,,vanilla; amber; strawberry; rose,winter; fall; spring,female,,,,g,,,true,,,true,,,true,,,true,,,true,,,true,,,true,,,active
la-fede-white-forest-strawberry-edp-for-women-best-gourmand-fragrance-dubai-online,,,,,,,,,,,,,,,,,,,,,,,,,,,,,,,https://cdn.shopify.com/s/files/1/0626/6119/8023/files/White_forest_strawberry_01.jpg?v=1776231284,2,LA FEDE WHITE FOREST STRAWBERRY 100 ML EAU DE PARFUM FOR WOMEN - Khadlaj Perfumes,,,,,,,,,,,,,,,,,,,,,,,,,,,,,,,,,,,,,,,,,,,,,,,,,,,,,,,,,,,
la-fede-white-forest-strawberry-edp-for-women-best-gourmand-fragrance-dubai-online,,,,,,,,,,,,,,,,,,,,,,,,,,,,,,,https://cdn.shopify.com/s/files/1/0626/6119/8023/files/White_forest_strawberry_04.jpg?v=1776231284,3,LA FEDE WHITE FOREST STRAWBERRY 100 ML EAU DE PARFUM FOR WOMEN - Khadlaj Perfumes,,,,,,,,,,,,,,,,,,,,,,,,,,,,,,,,,,,,,,,,,,,,,,,,,,,,,,,,,,,
la-fede-choco-brown-100-ml-eau-de-parfum-for-women-dubai-kunafa-chocolate-inspired-scent,LA FEDE CHOCO BROWN 100 ML EAU DE PARFUM FOR WOMEN,"<p><strong>La Fede Choco Brown Eau de Parfum</strong> is a decadent gourmand fragrance inspired by the rich, indulgent essence of chocolate cakes and pastries. The scent opens with a delightful blend of nut, cocoa, and hazelnut, creating a warm and inviting introduction. At its heart, creamy pistachio, luscious chocolate, and smooth milk come together to evoke the sensation of a luxurious dessert. The base notes of chocolate vanilla and caramel, and rich undertones provide a long-lasting, comforting finish.</p>
<p>Perfect for those who appreciate edible-inspired scents, La Fede Choco Brown offers an irresistible fragrance experience that lingers beautifully.</p>",Khadlaj-perfumes,Health & Beauty > Personal Care > Cosmetics > Perfumes & Colognes > Eaux de Parfum,PERFUME SPRAY,"Deals, Perfume Spray, Women",true,Size,100 ML,,,,,,,,'6291107979113,600.0,shopify,deny,manual,50.00,100.00,true,true,,,,,'6291107979113,https://cdn.shopify.com/s/files/1/0626/6119/8023/files/BrownChoco2.jpg?v=1776231251,1,LA FEDE CHOCO BROWN 100 ML EAU DE PARFUM FOR WOMEN - Khadlaj Perfumes,false,LA FEDE CHOCO BROWN EDP FOR WOMEN GOURMAND CHOCOLATE PISTACHIO SCENT,,479,,,,,,,,,,,,"<div class=""pyramid-section_lists""><h6 style=""font-weight:600;"">Top Notes</h6>
<p>Nut, Cocoa, Hazelnut</p>
</div>
<div class=""pyramid-section_lists""><h6 style=""font-weight:600;"">Middle Notes</h6>
<p>Pistachio, Chocolate, Milk</p>
</div>
<div class=""pyramid-section_lists""><h6 style=""font-weight:600;"">Base Notes</h6>
<p>Chocolate, Vanilla, Caramel</p>
</div>",,,,,,,,,,everyday; casual; formal,,,chocolate; caramel; vanilla,winter; fall; spring,female,,,,g,,,true,,,true,,,true,,,true,,,true,,,true,,,true,,,active
la-fede-choco-brown-100-ml-eau-de-parfum-for-women-dubai-kunafa-chocolate-inspired-scent,,,,,,,,,,,,,,,,,,,,,,,,,,,,,,,https://cdn.shopify.com/s/files/1/0626/6119/8023/files/Brown_Choco_1.jpg?v=1776231251,2,LA FEDE CHOCO BROWN 100 ML EAU DE PARFUM FOR WOMEN - Khadlaj Perfumes,,,,,,,,,,,,,,,,,,,,,,,,,,,,,,,,,,,,,,,,,,,,,,,,,,,,,,,,,,,
la-fede-choco-brown-100-ml-eau-de-parfum-for-women-dubai-kunafa-chocolate-inspired-scent,,,,,,,,,,,,,,,,,,,,,,,,,,,,,,,https://cdn.shopify.com/s/files/1/0626/6119/8023/files/Brown_Choco_4.jpg?v=1776231251,3,LA FEDE CHOCO BROWN 100 ML EAU DE PARFUM FOR WOMEN - Khadlaj Perfumes,,,,,,,,,,,,,,,,,,,,,,,,,,,,,,,,,,,,,,,,,,,,,,,,,,,,,,,,,,,
la-fede-symbol-of-love-100-ml-eau-de-parfum-for-women-scents-by-khadlaj,LA FEDE SYMBOL OF LOVE 100 ML EAU DE PARFUM FOR WOMEN,"<p>Experience the essence of love with La Fede Symbol of Love Eau de Parfum from the house of Khadlaj, a captivating blend of citrus, floral, and gourmand notes. The fragrance opens with a refreshing burst of Lemon, Orange, and Mandarin, leading into a delicate floral heart of Jasmine and Blossom. The warm and sensual base of Vanilla, Sugary accords, and Ambroxan leaves a lasting impression of romance and sophistication.</p>
<p>Perfect for those who embrace elegance with a touch of sweetness.</p>",Khadlaj-perfumes,Health & Beauty > Personal Care > Cosmetics > Perfumes & Colognes > Eaux de Parfum,PERFUME SPRAY,"Deals, Perfume Spray",true,Size,100 ML,,,,,,,,,1000.0,shopify,deny,manual,75.00,150.00,true,true,,,,,,https://cdn.shopify.com/s/files/1/0626/6119/8023/files/SymbolofLove-1.jpg?v=1776230343,1,LA FEDE SYMBOL OF LOVE 100 ML EAU DE PARFUM FOR WOMEN - Khadlaj Perfumes,false,LA FEDE SYMBOL OF LOVE 100 ML EAU DE PARFUM FOR WOMEN SCENTS BY KHADLAJ,,479,,,,,,,,,,,,"<div class=""pyramid-section_lists""><h6 style=""font-weight:600;"">Top Notes</h6>
<p>Lemon, Orange, Mandarin</p>
</div>
<div class=""pyramid-section_lists""><h6 style=""font-weight:600;"">Middle Notes</h6>
<p>Jasmin, Blossom</p>
</div>
<div class=""pyramid-section_lists""><h6 style=""font-weight:600;"">Base Notes</h6>
<p>Vanilla, Sugary, Ambroxan</p>
</div>",,,,,,,,,,formal; everyday; casual,,,fruity; citrus; jasmine; vanilla,fall; winter; spring; summer,female,,,,g,,,true,,,true,,,true,,,true,,,true,,,true,,,true,,,active
la-fede-symbol-of-love-100-ml-eau-de-parfum-for-women-scents-by-khadlaj,,,,,,,,,,,,,,,,,,,,,,,,,,,,,,,https://cdn.shopify.com/s/files/1/0626/6119/8023/files/Symbol_of_Love-3.jpg?v=1776230343,2,LA FEDE SYMBOL OF LOVE 100 ML EAU DE PARFUM FOR WOMEN - Khadlaj Perfumes,,,,,,,,,,,,,,,,,,,,,,,,,,,,,,,,,,,,,,,,,,,,,,,,,,,,,,,,,,,
la-fede-symbol-of-power-100-ml-eau-de-parfum-unisex-scents-by-khadlaj,LA FEDE SYMBOL OF POWER 100 ML EAU DE PARFUM,"<p> A bold and commanding La Fede Symbol of Power Eau de Parfum that exudes confidence and strength. This dynamic scent opens with a zesty fusion of Bergamot, Lemon, and Pepper, creating an invigorating first impression. The heart unfolds with a refined blend of Jasmine, Lavender, and Juniper, adding depth and elegance. Finally, the base settles into a powerful combination of Patchouli, Ambroxan, and Leather, leaving a lasting trail of sophistication and dominance.</p>
<p>Elevate your presence with Symbol of Power – a fragrance crafted for those who lead with charisma.</p>",Khadlaj-perfumes,Health & Beauty > Personal Care > Cosmetics > Perfumes & Colognes > Eaux de Parfum,PERFUME SPRAY,"Deals, Perfume Spray, UNISEX",true,Size,100 ML,,,,,,,,,1000.0,shopify,deny,manual,75.00,150.00,true,true,,,,,,https://cdn.shopify.com/s/files/1/0626/6119/8023/files/SymbolofPower-1.jpg?v=1776230317,1,LA FEDE SYMBOL OF POWER 100 ML EAU DE PARFUM - Khadlaj Perfumes,false,LA FEDE SYMBOL OF POWER 100 ML EAU DE PARFUM UNISEX SCENTS BY KHADLAJ,,479,,,,,,,,,,,,"<div class=""pyramid-section_lists""><h6 style=""font-weight:600;"">Top Notes</h6>
<p>Bergamot, Lemon, Pepper</p>
</div>
<div class=""pyramid-section_lists""><h6 style=""font-weight:600;"">Middle Notes</h6>
<p>Jasmine, Lavender, Juniper</p>
</div>
<div class=""pyramid-section_lists""><h6 style=""font-weight:600;"">Base Notes</h6>
<p>Patchouli, Ambroxan, Leather</p>
</div>",,,,,,,,,,formal; everyday; casual,,,citrus; jasmine; patchouli; amber,fall; winter; spring; summer,female,,,,g,,,true,,,true,,,true,,,true,,,true,,,true,,,true,,,active
la-fede-symbol-of-power-100-ml-eau-de-parfum-unisex-scents-by-khadlaj,,,,,,,,,,,,,,,,,,,,,,,,,,,,,,,https://cdn.shopify.com/s/files/1/0626/6119/8023/files/Symbol_of_Power-3.jpg?v=1776230317,2,LA FEDE SYMBOL OF POWER 100 ML EAU DE PARFUM - Khadlaj Perfumes,,,,,,,,,,,,,,,,,,,,,,,,,,,,,,,,,,,,,,,,,,,,,,,,,,,,,,,,,,,
la-fede-celeste-toffee-100-ml-eau-de-parfum,LA FEDE CELESTE TOFFEE 100 ML EAU DE PARFUM,"<p>Indulge in the irresistible charm of <strong>La Fede Celeste Toffee Eau De Parfum </strong>from the house of Khadlaj Perfumes, a decadent fragrance that captures the essence of sweet indulgence. Opening with rich caramel and coffee, this scent unfolds into a creamy heart of tonka bean and milk, creating a warm and comforting aura. The base lingers with the velvety sweetness of vanilla, honey, and white musk, making it a truly captivating gourmand experience. Perfect for those who love a touch of luxury in every spritz!</p>
<p> </p>
<p> </p>
<p> </p>",Khadlaj-perfumes,Health & Beauty > Personal Care > Cosmetics > Perfumes & Colognes > Eaux de Parfum,PERFUME SPRAY,"Deals, Perfume Spray, Women",true,Size,100 ML,,,,,,,,'6291107979069,500.0,shopify,deny,manual,50.00,75.00,true,true,,,,,'6291107979069,https://cdn.shopify.com/s/files/1/0626/6119/8023/files/Toffee01.jpg?v=1742357488,1,LA FEDE CELESTE TOFFEE 100 ML EAU DE PARFUM - Khadlaj Perfumes,false,LA FEDE CELESTE TOFFEE 100 ML EAU DE PARFUM - KHADLAJ,,479,,,,,,,,,,,,"<div class=""pyramid-section_lists""><h6 style=""font-weight:600;"">Top Notes</h6>
<p>Caramel, Coffee</p>
</div>
<div class=""pyramid-section_lists""><h6 style=""font-weight:600;"">Middle Notes</h6>
<p>Tonka Bean, Milk</p>
</div>
<div class=""pyramid-section_lists""><h6 style=""font-weight:600;"">Base Notes</h6>
<p>Vanilla, Honey, White Musk</p>
</div>",,,,,,,,,,everyday; formal; casual,,,caramel; coffee; vanilla; musk,summer; fall; spring,female,,,,g,,,true,,,true,,,true,,,true,,,true,,,true,,,true,,,active
la-fede-celeste-toffee-100-ml-eau-de-parfum,,,,,,,,,,,,,,,,,,,,,,,,,,,,,,,https://cdn.shopify.com/s/files/1/0626/6119/8023/files/Toffee_02.jpg?v=1742357655,2,LA FEDE CELESTE TOFFEE 100 ML EAU DE PARFUM - Khadlaj Perfumes,,,,,,,,,,,,,,,,,,,,,,,,,,,,,,,,,,,,,,,,,,,,,,,,,,,,,,,,,,,
la-fede-celeste-toffee-100-ml-eau-de-parfum,,,,,,,,,,,,,,,,,,,,,,,,,,,,,,,https://cdn.shopify.com/s/files/1/0626/6119/8023/files/Toffee_04.jpg?v=1742357734,3,LA FEDE CELESTE TOFFEE 100 ML EAU DE PARFUM - Khadlaj Perfumes,,,,,,,,,,,,,,,,,,,,,,,,,,,,,,,,,,,,,,,,,,,,,,,,,,,,,,,,,,,
la-fede-celeste-joice-100-ml-eau-de-parfum-women-scents,LA FEDE CELESTE JOICE 100 ML EAU DE PARFUM FOR WOMEN,"<p>Discover<strong> La Fede Celeste Joice Eau De Parfum </strong>from the house of Khadlaj Perfumes, a captivating fragrance that blends fruity sweetness with floral elegance and a warm, velvety base. The scent opens with juicy Pear, Orange, and Strawberry, leading to a delicate heart of Jasmine, Rose, Praline, and Peach. Finally, the fragrance settles into a luxurious base of Vanilla, Moss, Scented, and Sandalwood, leaving a lasting impression of sophistication and charm.</p>
<p>Perfect for those who love a harmonious balance of freshness and warmth.</p>
<p> </p>
<p> </p>
<p> </p>",Khadlaj-perfumes,Health & Beauty > Personal Care > Cosmetics > Perfumes & Colognes > Eaux de Parfum,PERFUME SPRAY,"Deals, Perfume Spray, Women",true,Size,100 ML,,,,,,,,'6291107979052,500.0,shopify,deny,manual,50.00,75.00,true,true,,,,,'6291107979052,https://cdn.shopify.com/s/files/1/0626/6119/8023/files/Joice01.jpg?v=1742360987,1,LA FEDE CELESTE JOICE 100 ML EAU DE PARFUM FOR WOMEN - Khadlaj Perfumes,false,LA FEDE CELESTE JOICE 100 ML EAU DE PARFUM - KHADLAJ WOMEN SCENTS,,479,,,,,,,,,,,,"<div class=""pyramid-section_lists""><h6 style=""font-weight:600;"">Top Notes</h6>
<p>Pear, Orange, Strawberry</p>
</div>
<div class=""pyramid-section_lists""><h6 style=""font-weight:600;"">Middle Notes</h6>
<p>Jasmine Rose, Praline, Peach</p>
</div>
<div class=""pyramid-section_lists""><h6 style=""font-weight:600;"">Base Notes</h6>
<p>Vanilla, Moss, Sandalwood</p>
</div>",,,,,,,,,,everyday; formal; casual,,,fruity; strawberry; jasmine; rose; vanilla; sandalwood,summer; fall; spring,female,,,,g,,,true,,,true,,,true,,,true,,,true,,,true,,,true,,,active
la-fede-celeste-joice-100-ml-eau-de-parfum-women-scents,,,,,,,,,,,,,,,,,,,,,,,,,,,,,,,https://cdn.shopify.com/s/files/1/0626/6119/8023/files/Joice_02.jpg?v=1742361071,2,LA FEDE CELESTE JOICE 100 ML EAU DE PARFUM FOR WOMEN - Khadlaj Perfumes,,,,,,,,,,,,,,,,,,,,,,,,,,,,,,,,,,,,,,,,,,,,,,,,,,,,,,,,,,,
la-fede-celeste-joice-100-ml-eau-de-parfum-women-scents,,,,,,,,,,,,,,,,,,,,,,,,,,,,,,,https://cdn.shopify.com/s/files/1/0626/6119/8023/files/Joice_03.jpg?v=1742361141,3,LA FEDE CELESTE JOICE 100 ML EAU DE PARFUM FOR WOMEN - Khadlaj Perfumes,,,,,,,,,,,,,,,,,,,,,,,,,,,,,,,,,,,,,,,,,,,,,,,,,,,,,,,,,,,
la-fede-celeste-aqua-100-ml-eau-de-parfum-for-men-and-women,LA FEDE CELESTE AQUA 100 ML EAU DE PARFUM,"<p>Experience the refreshing elegance of <strong>La Fede Celeste Aqua Eau De Parfum </strong>from the house of Khadlaj Perfumes. This captivating fragrance embodies the essence of fresh citrus and aquatic notes. The scent opens with a vibrant blend of Grapefruit, Orange, Lemon, Mandarin, Mint, and Marine Lavender, offering an invigorating burst of freshness. At its heart, a sophisticated mix of Pepper, Nutmeg, Jasmine, Violet, and Geranium adds warmth and depth. The fragrance settles into a rich and lasting base of Sandalwood, Cedarwood, Patchouli, Amber, and Musk, creating a harmonious balance of freshness and warmth.</p>
<p>Perfect for those who seek a refined, uplifting scent that lingers beautifully.</p>
<p> </p>
<p> </p>
<p> </p>",Khadlaj-perfumes,Health & Beauty > Personal Care > Cosmetics > Perfumes & Colognes > Eaux de Parfum,PERFUME SPRAY,"Deals, Perfume Spray, UNISEX",true,Size,100 ML,,,,,,,,'6291107979038,500.0,shopify,deny,manual,50.00,75.00,true,true,,,,,'6291107979038,https://cdn.shopify.com/s/files/1/0626/6119/8023/files/Aqua02.jpg?v=1742359156,1,LA FEDE CELESTE AQUA 100 ML EAU DE PARFUM - Khadlaj Perfumes,false,LA FEDE CELESTE AQUA 100 ML EAU DE PARFUM FOR MEN & WOMEN - KHADLAJ,,479,,,,,,,,,,,,"<div class=""pyramid-section_lists""><h6 style=""font-weight:600;"">Top Notes</h6>
<p>Grapefruit, Lemon, Bergamot</p>
</div>
<div class=""pyramid-section_lists""><h6 style=""font-weight:600;"">Middle Notes</h6>
<p>Jasmine, Ginger, Melon</p>
</div>
<div class=""pyramid-section_lists""><h6 style=""font-weight:600;"">Base Notes</h6>
<p>Amber, Cedar, Sandalwood, Patchouli</p>
</div>",,,,,,,,,,everyday; formal; casual,,,aquatic; jasmine; sandalwood; patchouli,summer; fall; spring,female,,,,g,,,true,,,true,,,true,,,true,,,true,,,true,,,true,,,active
la-fede-celeste-aqua-100-ml-eau-de-parfum-for-men-and-women,,,,,,,,,,,,,,,,,,,,,,,,,,,,,,,https://cdn.shopify.com/s/files/1/0626/6119/8023/files/Aqua_01.jpg?v=1742359322,2,LA FEDE CELESTE AQUA 100 ML EAU DE PARFUM - Khadlaj Perfumes,,,,,,,,,,,,,,,,,,,,,,,,,,,,,,,,,,,,,,,,,,,,,,,,,,,,,,,,,,,
la-fede-celeste-aqua-100-ml-eau-de-parfum-for-men-and-women,,,,,,,,,,,,,,,,,,,,,,,,,,,,,,,https://cdn.shopify.com/s/files/1/0626/6119/8023/files/Aqua_04.jpg?v=1742359413,3,LA FEDE CELESTE AQUA 100 ML EAU DE PARFUM - Khadlaj Perfumes,,,,,,,,,,,,,,,,,,,,,,,,,,,,,,,,,,,,,,,,,,,,,,,,,,,,,,,,,,,
la-fede-celeste-fluer-100-ml-eau-de-parfum-for-women,LA FEDE CELESTE FLUER 100 ML EAU DE PARFUM,"<p>Experience the elegance of <strong>La Fede Celeste Fleur Eau De Parfum </strong>from the house of Khadlaj, a captivating fragrance that blends rich gourmand notes with warm woody undertones. Opening with a luscious burst of Blackcurrant, Rum, Hazelnut, and Pear, this exquisite scent unfolds into a heart of Benzoin, Myrrh, Violet, and Softwood, adding a delicate depth. The base lingers with Cedarwood, Caramel, Musk, and Vanilla, creating a luxurious and long-lasting aroma.</p>
<p>A perfect balance of sweetness and sophistication, Celeste Fleur is designed for those who embrace timeless elegance.</p>
<p> </p>
<p> </p>
<p> </p>",Khadlaj-perfumes,Health & Beauty > Personal Care > Cosmetics > Perfumes & Colognes > Eaux de Parfum,PERFUME SPRAY,"Deals, Perfume Spray, Women",true,Size,100 ML,,,,,,,,'6291107979045,500.0,shopify,deny,manual,50.00,75.00,true,true,,,,,'6291107979045,https://cdn.shopify.com/s/files/1/0626/6119/8023/files/Fleur01.jpg?v=1742360562,1,LA FEDE CELESTE FLUER 100 ML EAU DE PARFUM - Khadlaj Perfumes,false,LA FEDE CELESTE FLEUR 100 ML EAU DE PARFUM FOR WOMEN - KHADLAJ,,479,,,,,,,,,,,,"<div class=""pyramid-section_lists""><h6 style=""font-weight:600;"">Top Notes</h6>
<p>Blackcurrant, Rum, Hazelnut, Pear </p>
</div>
<div class=""pyramid-section_lists""><h6 style=""font-weight:600;"">Middle Notes</h6>
<p>Benzoin, Myrrh, Violet, Softwood </p>
</div>
<div class=""pyramid-section_lists""><h6 style=""font-weight:600;"">Base Notes</h6>
<p>Cedarwood, Caramel, Musk vanilla</p>
</div>",,,,,,,,,,everyday; formal; casual,,,fruity; woody; caramel; vanilla; musk,summer; fall; spring,female,,,,g,,,true,,,true,,,true,,,true,,,true,,,true,,,true,,,active
la-fede-celeste-fluer-100-ml-eau-de-parfum-for-women,,,,,,,,,,,,,,,,,,,,,,,,,,,,,,,https://cdn.shopify.com/s/files/1/0626/6119/8023/files/Fleur_02.jpg?v=1742360703,2,LA FEDE CELESTE FLUER 100 ML EAU DE PARFUM - Khadlaj Perfumes,,,,,,,,,,,,,,,,,,,,,,,,,,,,,,,,,,,,,,,,,,,,,,,,,,,,,,,,,,,
la-fede-celeste-fluer-100-ml-eau-de-parfum-for-women,,,,,,,,,,,,,,,,,,,,,,,,,,,,,,,https://cdn.shopify.com/s/files/1/0626/6119/8023/files/Fleur_03.jpg?v=1742360819,3,LA FEDE CELESTE FLUER 100 ML EAU DE PARFUM - Khadlaj Perfumes,,,,,,,,,,,,,,,,,,,,,,,,,,,,,,,,,,,,,,,,,,,,,,,,,,,,,,,,,,,
oud-muattar-al-bahaar-80-g-home-fragrances-shop-dubai-uae,OUD MUATTAR AL BAHAAR 80 G,"<p>A Captivating Aroma of Al Bahaar Legacy, Luxury and Tradition.</p>
<p>Experience the essence of pure elegance with Oud Muattar Al Bahaar, a meticulously crafted incense blend that fills your space with an enchanting and long-lasting fragrance. Infused with the finest oud chips, this exquisite creation unveils a mesmerizing symphony of rich, woody, and aromatic notes, evoking a sense of tranquility and opulence.</p>
<p>Perfect for special occasions or daily rituals, Oud Muattar Al Bahaar transforms your surroundings into a haven of serenity and sophistication. Let the luxurious scent uplift your moments and indulge in the art of perfumery by Khadlaj.</p>",Khadlaj-perfumes,Home & Garden > Decor > Home Fragrances,OUD MUATTAR,"OUD MUATTAR, UNISEX",true,Size,80 G,,,,,,,,'6291107976099,500.0,shopify,deny,manual,27.00,,true,true,,,,,'6291107976099,https://cdn.shopify.com/s/files/1/0626/6119/8023/files/1_877a032f-4a5f-4f20-a752-8aec61ab8693.jpg?v=1743683457,1,OUD MUATTAR AL BAHAAR 80 G - Khadlaj Perfumes,false,"Luxury Oud Muattar - Amber, Woody Home Fragrance Oil",Amber woody oud Muattar aroma for a luxury home fragrance. Elegant and perfect for a lasting home ambiance.,592,,,,,,,,,,,,,,,,,,,,,,,,,,,,,,,g,,,true,,,true,,,true,,,true,,,true,,,true,,,true,,,active
oud-muattar-al-bahaar-80-g-home-fragrances-shop-dubai-uae,,,,,,,,,,,,,,,,,,,,,,,,,,,,,,,https://cdn.shopify.com/s/files/1/0626/6119/8023/files/3_8f6c0f10-5c06-4807-8019-94ba397992e4.jpg?v=1743683510,2,OUD MUATTAR AL BAHAAR 80 G - Khadlaj Perfumes,,,,,,,,,,,,,,,,,,,,,,,,,,,,,,,,,,,,,,,,,,,,,,,,,,,,,,,,,,,
oud-muattar-al-bahaar-80-g-home-fragrances-shop-dubai-uae,,,,,,,,,,,,,,,,,,,,,,,,,,,,,,,https://cdn.shopify.com/s/files/1/0626/6119/8023/files/2_a39244be-9fb7-4336-8e0c-7a6b8d964e4c.jpg?v=1743683567,3,OUD MUATTAR AL BAHAAR 80 G - Khadlaj Perfumes,,,,,,,,,,,,,,,,,,,,,,,,,,,,,,,,,,,,,,,,,,,,,,,,,,,,,,,,,,,
oud-muattar-rukaiya-80-g-home-fragrances-shop-online-dubai-uae,OUD MUATTAR RUKAIYA 80 G,"<p>Indulge in the rich and captivating essence of Oud Muattar Rukaiya, a signature creation by Khadlaj Perfumes. This exquisite blend of premium oud chips is infused with a harmonious mix of floral, woody, and spicy notes, creating an enchanting ambiance that lingers in every space.</p>
<p>Designed for those who appreciate elegance and tradition, Oud Muattar Rukaiya is perfect for special occasions, daily rituals, or enhancing the atmosphere of your home. Simply place the scented oud chips on a heated burner to release a mesmerizing fragrance that exudes warmth and sophistication.</p>
<p>Experience the timeless charm of Oud Muattar Rukaiya – where tradition meets luxury.</p>",Khadlaj-perfumes,Home & Garden > Decor > Home Fragrances,OUD MUATTAR,"OUD MUATTAR, UNISEX",true,Size,80 G,,,,,,,,'6291107976136,500.0,shopify,deny,manual,35.00,,true,true,,,,,'6291107976136,https://cdn.shopify.com/s/files/1/0626/6119/8023/files/1_61dd215a-bb27-4637-b1d2-64fea1ae62dc.jpg?v=1743684702,1,OUD MUATTAR RUKAIYA 80 G - Khadlaj Perfumes,false,Oud Muattar Fresh Aroma - Premium Home & Office Fragrance,Fresh oud Muattar aroma for premium home and office ambiance. Long-lasting fragrance for a refined environment.,592,,,,,,,,,,,,,,,,,,,,,,,,,,,,,,,g,,,true,,,true,,,true,,,true,,,true,,,true,,,true,,,active
oud-muattar-rukaiya-80-g-home-fragrances-shop-online-dubai-uae,,,,,,,,,,,,,,,,,,,,,,,,,,,,,,,https://cdn.shopify.com/s/files/1/0626/6119/8023/files/3_09432b42-8f5d-41fe-b598-911d650871bd.jpg?v=1743684702,2,OUD MUATTAR RUKAIYA 80 G - Khadlaj Perfumes,,,,,,,,,,,,,,,,,,,,,,,,,,,,,,,,,,,,,,,,,,,,,,,,,,,,,,,,,,,
oud-muattar-rukaiya-80-g-home-fragrances-shop-online-dubai-uae,,,,,,,,,,,,,,,,,,,,,,,,,,,,,,,https://cdn.shopify.com/s/files/1/0626/6119/8023/files/2_6f08c36e-4beb-4b09-bdf6-fb68dd7b8427.jpg?v=1743684612,3,OUD MUATTAR RUKAIYA 80 G - Khadlaj Perfumes,,,,,,,,,,,,,,,,,,,,,,,,,,,,,,,,,,,,,,,,,,,,,,,,,,,,,,,,,,,
oud-muattar-qissa-home-and-office-aromatic-fragrance-online-dubai-uae,OUD MUATTAR QISSA 40 G,"<p>Immerse yourself in the luxurious aroma of Oud Muattar Qissa, a distinguished creation by Khadlaj Perfumes. Crafted from the finest oud chips and delicately infused with floral, woody, and spicy notes, this exquisite blend fills any space with a captivating and lasting fragrance.</p>
<p>Perfect for those who value tradition and refinement, Oud Muattar Qissa enhances both special occasions and everyday moments. Simply place the aromatic oud chips on a heated burner to unveil an enchanting scent that radiates warmth, elegance, and sophistication.</p>
<p>Discover the refined beauty of Oud Muattar Qissa — where timeless tradition meets modern luxury.</p>",Khadlaj-perfumes,Home & Garden > Decor > Home Fragrances,OUD MUATTAR,"OUD MUATTAR, UNISEX",true,Size,40 G,,,,,,,,'6291107978680,500.0,shopify,deny,manual,35.00,,true,true,,,,,'6291107978680,https://cdn.shopify.com/s/files/1/0626/6119/8023/files/OudQissa-01.jpg?v=1745839856,1,OUD MUATTAR QISSA 40 G - Khadlaj Perfumes,false,Oud Muattar Floral Aroma - Luxury Home Ambiance Oil,"Floral oud Muattar aroma for a luxury home ambiance. Elegant, long-lasting scent for premium living spaces.",592,,,,,,,,,,,,,,,,,,,,,,,,,woody,,,,,,g,,,true,,,true,,,true,,,true,,,true,,,true,,,true,,,active
oud-muattar-qissa-home-and-office-aromatic-fragrance-online-dubai-uae,,,,,,,,,,,,,,,,,,,,,,,,,,,,,,,https://cdn.shopify.com/s/files/1/0626/6119/8023/files/Oud_Qissa-03.jpg?v=1745839937,2,OUD MUATTAR QISSA 40 G - Khadlaj Perfumes,,,,,,,,,,,,,,,,,,,,,,,,,,,,,,,,,,,,,,,,,,,,,,,,,,,,,,,,,,,
oud-muattar-qissa-home-and-office-aromatic-fragrance-online-dubai-uae,,,,,,,,,,,,,,,,,,,,,,,,,,,,,,,https://cdn.shopify.com/s/files/1/0626/6119/8023/files/Oud_Qissa-02.jpg?v=1745840017,3,OUD MUATTAR QISSA 40 G - Khadlaj Perfumes,,,,,,,,,,,,,,,,,,,,,,,,,,,,,,,,,,,,,,,,,,,,,,,,,,,,,,,,,,,
khadlaj-island-vanilla-dunes-100-ml-extrait-de-parfum-spray-for-men,KHADLAJ ISLAND VANILLA DUNES 100 ML EXTRAIT DE PARFUM SPRAY,"<p>Introducing <strong>Island Vanilla Dunes</strong>, a captivating fragrance inspired by the warmth of golden desert sands, soft amber skies, and the irresistible comfort of creamy vanilla. Rich, elegant, and deeply inviting, this scent is designed for those who enjoy a luxurious blend of fresh citrus, warm woods, and indulgent sweetness.</p>
<p>The fragrance opens with a refined combination of lavender, bergamot, and cardamom. The aromatic freshness of lavender and bergamot creates a bright, uplifting start, while cardamom adds a gentle spicy warmth that gives the opening a sophisticated character.</p>
<p>At the heart, orange blossom brings a luminous floral softness, beautifully balanced by the smoky richness of guaiac wood and the smooth warmth of dry amber. Together, these notes create a warm, elegant core that feels both sensual and comforting.</p>
<p>As it settles on the skin, Island Vanilla Dunes reveals an indulgent base of vanilla, praline, and amber notes. Creamy vanilla blends with the sweet richness of praline, while amber adds depth and lasting warmth, leaving behind a smooth and irresistible trail.</p>
<p>Island Vanilla Dunes is perfect for anyone who loves warm, sweet, and sophisticated fragrances. Ideal for evenings, special occasions, or whenever you want to carry an aura of effortless luxury and desert-inspired elegance.</p>",Khadlaj-perfumes,Health & Beauty > Personal Care > Cosmetics > Perfumes & Colognes > Eaux de Parfum,PERFUME SPRAY,"Deals, Men, Perfume Spray",true,Size,100 ML,,,,,,,,'6291107979748,1000.0,shopify,deny,manual,125.00,180.00,true,true,,,,,'6291107979748,https://cdn.shopify.com/s/files/1/0626/6119/8023/files/Island_Vanilla-3.jpg?v=1783945707,1,KHADLAJ ISLAND VANILLA DUNES 100 ML EXTRAIT DE PARFUM SPRAY - Khadlaj Perfumes,false,"Vanilla, Musk Fragrance | Luxury Perfume For Men Online","Shop Khadlaj Island Vanilla Dunes 100 ml Extrait de Parfum Spray - a premium men's perfume eau de parfum with cinnamon, vanilla, and amber notes by Khadlaj.",479,,,,,,,,,,,,"<div class=""pyramid-section_lists"">
  <h6 style=""font-weight:600;"">Top Notes</h6>
  <p>Lavender, Bergamot, Cardamom</p>
</div>

<div class=""pyramid-section_lists"">
  <h6 style=""font-weight:600;"">Middle Notes</h6>
  <p>Orange Blossom, Guaiac Wood, Dry Amber</p>
</div>

<div class=""pyramid-section_lists"">
  <h6 style=""font-weight:600;"">Base Notes</h6>
  <p>Vanilla, Praline, Amber Notes</p>
</div>",,,,,,,,,,everyday; casual; formal; special-occasion,,,citrus; vanilla; cinnamon; musk; amber,spring; summer,male,,,,g,,,true,,,true,,,true,,,true,,,true,,,true,,,true,,,active
khadlaj-island-vanilla-dunes-100-ml-extrait-de-parfum-spray-for-men,,,,,,,,,,,,,,,,,,,,,,,,,,,,,,,https://cdn.shopify.com/s/files/1/0626/6119/8023/files/IslandVanilla-1.jpg?v=1744948973,2,KHADLAJ ISLAND VANILLA DUNES 100 ML EXTRAIT DE PARFUM SPRAY - Khadlaj Perfumes,,,,,,,,,,,,,,,,,,,,,,,,,,,,,,,,,,,,,,,,,,,,,,,,,,,,,,,,,,,
khadlaj-island-vanilla-dunes-100-ml-extrait-de-parfum-spray-for-men,,,,,,,,,,,,,,,,,,,,,,,,,,,,,,,https://cdn.shopify.com/s/files/1/0626/6119/8023/files/Dunes_Static_2_copy.jpg?v=1744950927,3,KHADLAJ ISLAND VANILLA DUNES 100 ML EXTRAIT DE PARFUM SPRAY - Khadlaj Perfumes,,,,,,,,,,,,,,,,,,,,,,,,,,,,,,,,,,,,,,,,,,,,,,,,,,,,,,,,,,,
khadlaj-island-vanilla-dunes-100-ml-extrait-de-parfum-spray-for-men,,,,,,,,,,,,,,,,,,,,,,,,,,,,,,,https://cdn.shopify.com/s/files/1/0626/6119/8023/files/Island_Vanilla-2.jpg?v=1744949155,4,KHADLAJ ISLAND VANILLA DUNES 100 ML EXTRAIT DE PARFUM SPRAY - Khadlaj Perfumes,,,,,,,,,,,,,,,,,,,,,,,,,,,,,,,,,,,,,,,,,,,,,,,,,,,,,,,,,,,
cloud-candy-100-ml-extrait-de-parfum-fruity-marshmallow-fragrance-for-women-to-shop-online-in-dubai-uae,CLOUD CANDY 100 ML EXTRAIT DE PARFUM SPRAY FOR WOMEN,"<p>Experience a dreamy indulgence with Cloud Candy by Khadlaj Perfumes – an Extrait De Parfum crafted. Discover the best marshmallow candy-sweet fragrance that blushes beautifully on a woman's skin. Cloud Candy by Khadlaj Perfumes is an irresistible Extrait De Parfum designed for those who love playful, feminine scents. It opens with juicy notes of strawberry and tangerine, melts into a heart of fluffy marshmallow and creamy coconut, and finishes with a warm base of musk, vanilla, sugar, and ambroxan.</p>
<p>Perfect for daily wear or special moments, Cloud Candy leaves a soft, sweet trail that's unforgettable.</p>
<h2>Khadlaj’s Cloud Candy Perfume – A Sweet Luxury Fragrance Experience for Women</h2>
<p>In terms of seeking the ideal Perfume for women, fragrance enthusiasts usually seek something that is unusual, sophisticated, enduring, and unforgettable. We require a perfume not only that smells beautiful but also gives it personality, confidence, and style. This is just what Khadlaj Perfumes brought to the market with Cloud Candy, an exclusive gourmand-inspired perfume, designed by women who love the sweetness of a cloud and a twinkle mix coupled with sophistication.</p>
<p>Khadlaj perfumes believes in detail, high-quality ingredients, and the contemporary timelessness of every perfume. Cloud Candy is one of the most popular perfumes amongst women in need of an expressive, soft signature fragrance. Created around the scents of fruity and marshmallow, this perfume sets a dreamlike scent experience that is youthful, feminine, and luxurious all simultaneously.</p>
<span id=""dots1""></span><span id=""more1"">
<p>To women who enjoy sourcing quality scents or reading about the Best perfume online, Cloud Candy can be a sweet fragrance calendar that is easy to wear throughout the day and stunning in the evening.</p>
<h2>Discover the Sweet Elegance of Cloud Candy</h2>
<p>Cloud Candy by Khadlaj Perfumes is more than just another fragrance. It is a sensory experience that integrates sweetness, softness, and warmth into a sophisticated scent experience. The perfume will be aimed at dreamy gourmand and modern femininity and will attract attention once sprayed.</p>
<p>Females are now seeking perfumes that can be comforting and yet luxurious. Cloud Candy strikes the right balance between these factors. It is pleasant and sweet like candies without being overwhelming, so it can be the perfect everyday piece but also a fantastic event wear.</p>
<p>Cloud Candy has become a popular fragrance out of the increasing array of Luxury perfumes due to its unusual combination of fruitiness and warm marshmallow creaminess. It is both playful and mature, sweet and elegant, and hence it is suitable for women across all age groups and fashion sense.</p>
<p>Whether you are going to have brunch, are at some evening party, on a dinner date, or just passing through your daily chores, this perfume gives you some romantic flair to your every minute.</p>
<h2>A Fragrance Designed for Modern Women</h2>
<p>The world of perfumes for her has evolved significantly over the years. Modern women want perfumes to complement, but not dominate their personality. Cloud Candy is the embodiment of this development.</p>
<p>This perfume is targeted at women who want to be elegant but at the same time a little funky. It is the best exotic to individuals who enjoy gourmand fragrances yet demand class in fragrance profiles. The fragrance is not too sweet, and the refined notes make the perfume have a balance and be wearable all year round.</p>
<p>Khadlaj Perfumes recognizes that perfume is very intimate. A scent can be an identity of somebody that will leave a trail of fame wherever they go. Cloud Candy has adapted this ideology into developing an experience that is warm, cozy, and memorable.</p>
<p>To women seeking the best women's perfume, Cloud Candy promises a luxurious experience without losing its simple appeal.</p>
<h2>The Luxury of Fruity and Marshmallow Notes</h2>
<p>A unique feature that differentiates the fragrance is the way in which it was formulated. The perfume has both fruity notes and the marshmallow sweetness that makes it highly addictive and soothing.</p>
<p>In the opening stage, one will find vibrant fruity notes that will instantly uplift the senses. This makes the perfume highly vibrant and energetic.</p>
<p>It gets to such an extent that creamy marshmallow notes will be evident in the blend. This food lover develops a comfortable and feminine appearance that is contemporary and lavish.</p>
<p>Lastly, the base sinks in a smooth and smooth finish that stays on the skin for hours after application. The dry down is inviting, soft, and warm, and inviting giving the fragrance a lingering effect.</p>
<p>It is this sweetness and sophistication that have made Cloud Candy one of the most remarkable Luxury perfumes of today.</p>
<h2>Why Women Love Cloud Candy</h2>
<p>The choice of fragrance is indeed a very personal affair, yet some fragrances tend to become favorites due to the emotions they evoke. Cloud Candy is popular among women for several reasons:</p>
<h3>1. Soft Yet Long-Lasting</h3>
<p>Sweet odours do not last long and are heavy, and most of them become heavier with time. Cloud Candy has a good balance and is long-lasting, making it pleasant during the day.</p>
<h3>2. Feminine and Elegant</h3>
<p>The perfume is such a perfect idolization of femininity without being too young or even grown-up. It would be applicable to women who are modern and sophisticated.</p>
<h3>3. Perfect for Everyday Wear</h3>
<p>Cloud Candy is an everyday scent due to its non-obtrusive nature as compared to some of the aggressive luxury perfumes. It can easily go from casual environments to sophisticated nights.</p>
<h3>4. Beautiful Gourmand Profile</h3>
<p>Women refusing a sweet scent would love the warmth of the marshmallow and the freshness of the fruits that give the scent its uniqueness.</p>
<h3>5. Premium Presentation</h3>
<p>Khadlaj Perfumes comprises exquisite packaging as well as posh fragrances. Cloud Candy is a mirror of this high-quality identity.</p>
<p>These attributes make Cloud Candy a reliable and desirable brand to those customers that are researching on Perfumes online.</p>
<h2>The Growing Popularity of Gourmand Fragrances</h2>
<p>Gourmand fragrances have emerged as one of the most preferred categories of perfumes in the last few years. These perfumes tend to have dessert-based fragrances that comprise vanilla, caramel, marshmallow, chocolate, or fruit-flavored candy notes.</p>
<p>Nevertheless, the contemporary gourmand fragrance is not just the perfume of sweetness anymore. The trend in the luxury perfume houses is now in developing gourmand perfumes, which are sophisticated, habitually wearable and pleasant to the eyes.</p>
<p>Cloud Candy is the embodiment of such a modern practice. The sweetness of the marshmallow is made light and airy and warmed softly to form a fervor that is luxurious rather than cloying.</p>
<p>This transformation has seen gourmand-inspired perfumes for her be desired by her womens in particular who desire fragrances that are comforting yet trendy.</p>
<h2>Khadlaj Perfumes – Redefining Luxury Fragrance</h2>
<p>Khadlaj Perfumes has established itself as a brand to be reckoned with in the perfume market by producing premium quality perfumes that are driven by grace, artisanship, and contemporary opulence. The brand has a reputation for producing a high level of fragrance which is attained through combining traditional perfumery knowledge with the newest trends in the fragrance business.</p>
<p>Khadlaj Perfumes provides a diverse range of fragrances of lovers with various tastes in terms of oriental fragrances and modern gourmand products. Their perfumes are valued on the grounds of:</p>
<ul>
<li aria-level=""1"">
<p>Long-lasting performance</p>
</li>
<li aria-level=""1"">
<p>Premium quality ingredients</p>
</li>
<li aria-level=""1"">
<p>Luxurious presentation</p>
</li>
<li aria-level=""1"">
<p>Sophisticated fragrance compositions</p>
</li>
<li aria-level=""1"">
<p>Elegant bottle designs</p>
</li>
<li aria-level=""1"">
<p>Modern fragrance innovation</p>
</li>
</ul>
<p>Cloud candy is an ideal picture of how the brand has been able to produce fragrances that resonate with modern day women and still retains a luxurious brand name.<b></b></p>
<p>At Khadlaj Perfumes, there exists a convenient way that makes it easy for those interested to Buy Perfume online to discover some of the best perfumes available.</p>
<h2>A Perfect Perfume for Every Occasion</h2>
<p>What makes Cloud Candy unique among other Perfume for women brands is the adaptability of its fragrance. The perfume is able to match up to varying circumstances and conditions.</p>
<h3>Daytime Elegance</h3>
<p>Given its fruity notes, the fragrance is highly appropriate for wearing during the day as it is light, fresh, and bright.</p>
<h3>Evening Sophistication</h3>
<p>With the marshmallow notes taking root, the perfume becomes more sophisticated, making it the right one for evening events like dinner dates.</p>
<h3>Romantic Moments</h3>
<p>Because of its gourmand quality, the perfume is quite romantic, making it perfect for such special times.</p>
<h3>Everyday Signature Scent</h3>
<p>Many women choose Cloud Candy as their everyday signature fragrance because it feels comforting, feminine, and effortlessly stylish.</p>
<p>This versatility makes it one of the most desirable Perfumes online for women seeking a fragrance that fits multiple lifestyles.</p>
<h2>Luxury Fragrances and Personal Identity</h2>
<p>Perfume is more than a beauty product. It is an extension of personality and identity. The fragrance someone wears often becomes associated with their presence, confidence, and style.</p>
<p>Cloud Candy helps women express:</p>
<ul>
<li aria-level=""1"">
<p>Femininity</p>
</li>
<li aria-level=""1"">
<p>Confidence</p>
</li>
<li aria-level=""1"">
<p>Warmth</p>
</li>
<li aria-level=""1"">
<p>Elegance</p>
</li>
<li aria-level=""1"">
<p>Playfulness</p>
</li>
<li aria-level=""1"">
<p>Sophistication</p>
</li>
</ul>
<p>This bond is among the reasons why luxury scents will never cease to exist. The smells can evoke memories, lift our spirits, and even enable us to express ourselves.</p>
<p>The women in the contemporary world have become sensitive to perfumes made to suit them, and, as such, the Cloud Candy perfume fits perfectly into their luxurious and sweet appeals.</p>
<h2>The Convenience of Shopping Perfumes Online</h2>
<p>The change in the fragrance industry in the past few years has been significant, as more individuals are now opting to shop Perfumes online than ever before.</p>
<p>Shopping online allows customers to:</p>
<ul>
<li aria-level=""1"">
<p>Discover new fragrances easily</p>
</li>
<li aria-level=""1"">
<p>Explore detailed fragrance notes</p>
</li>
<li aria-level=""1"">
<p>Compare different perfumes</p>
</li>
<li aria-level=""1"">
<p>Access exclusive collections</p>
</li>
<li aria-level=""1"">
<p>Shop from trusted luxury brands</p>
</li>
<li aria-level=""1"">
<p>Enjoy home delivery convenience</p>
</li>
</ul>
<p>To the customers wishing to Buy perfume online, there is Khadlaj Perfumes that offers an easy online shop as the site has complete details about the products and real luxury fragrances.</p>
<p>Cloud Candy has emerged as the preferred option amongst females who love to find exquisite perfumes online retail store websites.</p>
<h2>Perfumes for Women in UAE</h2>
<p>The UAE culture of fragrances is extensive in luxury, beauty, and uniqueness. The female clientele of the area is fond of high- quality perfumes that are stylish and deliver durability.</p>
<p>With the ever-increasing demand for high-end Perfumes for women in UAE, Khadlaj Perfumes has established itself as a high-quality luxury perfume company. Cloud Candy is particularly attractive to those women who appreciate the new trends in fragrance gourmandism, yet who prefer to feel elegant and sophisticated.</p>
<p>High-quality compositions, durability, and luxurious presentation are characteristics that the UAE market has shown appreciation for in the fragrances market. Cloud Candy manages to follow these anticipations and adds a gentler, playful spin to them.</p>
<p>Cloud Candy can provide a new and unique experience of premium perfumes UAE that is up-to-date and luxurious to those who are fond of fragrance and are willing to spend a bit more.</p>
<h2>The Importance of Long-Lasting Fragrance</h2>
<p>Longevity is one of the most significant determinants that women will put into consideration when buying perfume. A perfume need not be applied many times and should be noticeable and pleasant for several hours.</p>
<p>Cloud Candy is designed to provide:</p>
<ul>
<li aria-level=""1"">
<p>Smooth projection</p>
</li>
<li aria-level=""1"">
<p>Balanced sillage</p>
</li>
<li aria-level=""1"">
<p>Comfortable wearability</p>
</li>
<li aria-level=""1"">
<p>Lasting sweetness</p>
</li>
<li aria-level=""1"">
<p>Elegant dry-down</p>
</li>
</ul>
<p>This makes it ideal for women with busy lifestyles who want a fragrance that remains beautiful throughout the day.</p>
<p>Among premium womens fragrance options, long-lasting performance often defines luxury, and Cloud Candy delivers that experience effectively.</p>
<h2>Fragrance Layering and Styling Tips</h2>
<p>Women who love fragrances often enjoy experimenting with layering techniques to personalize their scent experience.</p>
<p>Cloud Candy works beautifully when paired with:</p>
<ul>
<li aria-level=""1"">
<p>Soft vanilla body lotions</p>
</li>
<li aria-level=""1"">
<p>Creamy musk body oils</p>
</li>
<li aria-level=""1"">
<p>Fruity skincare products</p>
</li>
<li aria-level=""1"">
<p>Light floral mists</p>
</li>
</ul>
<p>For best results:</p>
<ul>
<li aria-level=""1"">
<p>Apply perfume on pulse points</p>
</li>
<li aria-level=""1"">
<p>Spray lightly on hair or clothing</p>
</li>
<li aria-level=""1"">
<p>Moisturize skin before application</p>
</li>
<li aria-level=""1"">
<p>Avoid rubbing the fragrance after spraying</p>
</li>
</ul>
<p>These simple practices help enhance fragrance longevity and create a richer scent experience.</p>
<h2>Why Cloud Candy Makes a Perfect Gift</h2>
<p>Luxury fragrances remain one of the most thoughtful and elegant gifts for women. Whether for birthdays, anniversaries, celebrations, or festive occasions, perfume carries emotional value and sophistication.</p>
<p>Cloud Candy makes an excellent gift because:</p>
<ul>
<li aria-level=""1"">
<p>Its fragrance profile is widely appealing</p>
</li>
<li aria-level=""1"">
<p>The presentation feels premium</p>
</li>
<li aria-level=""1"">
<p>The scent feels feminine and luxurious</p>
</li>
<li aria-level=""1"">
<p>It suits different age groups</p>
</li>
<li aria-level=""1"">
<p>It works across multiple occasions</p>
</li>
</ul>
<p>Cloud Candy provides a luxurious and accessible fragrance experience to anyone who makes a search to find the Best perfume online as a gift to a loved one.</p>
<h2>Experience the World of Khadlaj Perfumes</h2>
<p>The luxury scent adventure becomes even more rewarding as the perfume reflects the personality, self-esteem, and elegance. Khadlaj Perfumes Cloud Candy represents all these.</p>
<p>Cloud Candy has a fruity start with marshmallow softness and a luxurious finish, creating the experience of the fragrance that is contemporary, warm, and memorable.</p>
<p>Being one of the rising favorites among women looking to purchase high quality Perfume for women, it keeps getting the attention of the fragrance lovers, who love their sweetness and sophistication at the same time.</p>
<p>Whether it is trying out new perfumes for her, trying out the best Luxury perfumes, or trying to Buy perfume online, Cloud Candy can provide you with a fragrance experience that is simultaneously elegant and playful.</p>
<p>Dive in the high end of the Khadlaj Perfumes and understand why Cloud Candy has been a favourite amongst the women endorsing the recent luxurious fragrance art.</p>
</span>
<button onclick=""myFunction()"" id=""myBtn1"" style=""background-color: black;color: white;padding: 7px;border-radius: 10px;"">Read more</button>
<style>
#more1 {display: none;}
</style>
<script>
function myFunction() {
  var dots1 = document.getElementById(""dots1"");
  var more1Text = document.getElementById(""more1"");
  var btnText = document.getElementById(""myBtn1"");

  if (dots1.style.display === ""none"") {
	dots1.style.display = ""inline"";
	btnText.innerHTML = ""Read more""; 
	more1Text.style.display = ""none"";
  } else {
	dots1.style.display = ""none"";
	btnText.innerHTML = ""Read less""; 
	more1Text.style.display = ""inline"";
  }
}
</script>",Khadlaj-perfumes,Health & Beauty > Personal Care > Cosmetics > Perfumes & Colognes > Eaux de Parfum,PERFUME SPRAY,"Deals, Perfume Spray, Women",true,Size,100 ML,,,,,,,,'6291107979557,1000.0,shopify,deny,manual,100.00,130.00,true,true,,,,,'6291107979557,https://cdn.shopify.com/s/files/1/0626/6119/8023/files/Cloud_Candy-3.jpg?v=1783945979,1,CLOUD CANDY 100 ML EXTRAIT DE PARFUM SPRAY FOR WOMEN - Khadlaj Perfumes,false,Cloud Candy Perfume | Best Eau De Parfum Perfume | Khadlaj Perfumes,"Shop Cloud Candy Perfume from Khadlaj Perfumes – the best Eau De Parfum for women in the UAE. A fruity, marshmallow scent is perfect for any occasion. Order Now!",,,,,,,,,,,,,"<div class=""pyramid-section_lists""><h6 style=""font-weight:600;"">Top Notes</h6>
<p>Strawberry, Green Tangerine, Freesia</p>
</div>
<div class=""pyramid-section_lists""><h6 style=""font-weight:600;"">Middle Notes</h6>
<p>Fluffy Marshmallow, Coconut, Whipped Cream</p>
</div>
<div class=""pyramid-section_lists""><h6 style=""font-weight:600;"">Base Notes</h6>
<p>White Musk, Vanilla, Sugar, Raspberry, Ambroxan</p>
</div>",,,,,,,,,,everyday,,,strawberry; marshmallow; fruity; musk; vanilla,summer; spring,female,,,,g,,,true,,,true,,,true,,,true,,,true,,,true,,,true,,,active
cloud-candy-100-ml-extrait-de-parfum-fruity-marshmallow-fragrance-for-women-to-shop-online-in-dubai-uae,,,,,,,,,,,,,,,,,,,,,,,,,,,,,,,https://cdn.shopify.com/s/files/1/0626/6119/8023/files/CloudCandy-1.jpg?v=1746078194,2,CLOUD CANDY 100 ML EXTRAIT DE PARFUM SPRAY FOR WOMEN - Khadlaj Perfumes,,,,,,,,,,,,,,,,,,,,,,,,,,,,,,,,,,,,,,,,,,,,,,,,,,,,,,,,,,,
cloud-candy-100-ml-extrait-de-parfum-fruity-marshmallow-fragrance-for-women-to-shop-online-in-dubai-uae,,,,,,,,,,,,,,,,,,,,,,,,,,,,,,,https://cdn.shopify.com/s/files/1/0626/6119/8023/files/Cloud_Candy-2.jpg?v=1746078179,3,CLOUD CANDY 100 ML EXTRAIT DE PARFUM SPRAY FOR WOMEN - Khadlaj Perfumes,,,,,,,,,,,,,,,,,,,,,,,,,,,,,,,,,,,,,,,,,,,,,,,,,,,,,,,,,,,
cloud-candy-100-ml-extrait-de-parfum-fruity-marshmallow-fragrance-for-women-to-shop-online-in-dubai-uae,,,,,,,,,,,,,,,,,,,,,,,,,,,,,,,https://cdn.shopify.com/s/files/1/0626/6119/8023/files/Cloud_Candy-4.jpg?v=1746078249,4,CLOUD CANDY 100 ML EXTRAIT DE PARFUM SPRAY FOR WOMEN - Khadlaj Perfumes,,,,,,,,,,,,,,,,,,,,,,,,,,,,,,,,,,,,,,,,,,,,,,,,,,,,,,,,,,,
cloud-candy-100-ml-extrait-de-parfum-fruity-marshmallow-fragrance-for-women-to-shop-online-in-dubai-uae,,,,,,,,,,,,,,,,,,,,,,,,,,,,,,,https://cdn.shopify.com/s/files/1/0626/6119/8023/files/Cloud_Candy-Infographics.jpg?v=1746078351,5,CLOUD CANDY 100 ML EXTRAIT DE PARFUM SPRAY FOR WOMEN - Khadlaj Perfumes,,,,,,,,,,,,,,,,,,,,,,,,,,,,,,,,,,,,,,,,,,,,,,,,,,,,,,,,,,,
eid-special-shukran-4-pieces-summer-collection-gift-set-for-men-women,SHUKRAN 4 PIECES SUMMER COLLECTION GIFT SET,"<p>Celebrate this Eid with gratitude and elegance. The Shukran 4-Piece Summer Collection By Khadlaj Perfumes features a carefully curated selection of our most beloved summer scents, beautifully packaged as a thoughtful gift for your loved ones — or a well-deserved treat for yourself.</p>
<p>Each fragrance in this exclusive set captures the essence of the season with refreshing, vibrant, and long-lasting notes. Perfect for gifting during Eid, this limited-edition collection combines style, sentiment, and signature Khadlaj quality.</p>
<p>Make this Eid unforgettable with the gift of fragrance.</p>",Khadlaj-perfumes,Health & Beauty > Personal Care > Cosmetics > Perfumes & Colognes,PERFUME SPRAY,"giftset, Men, Perfume Spray, UNISEX, Women",true,Size,Gift Set,,,,,,,,,2000.0,shopify,deny,manual,240.00,,true,true,,,,,,https://cdn.shopify.com/s/files/1/0626/6119/8023/files/Shukran_Gift_Box-02.jpg?v=1747891789,1,SHUKRAN 4 PIECES SUMMER COLLECTION GIFT SET - Khadlaj Perfumes,false,Eid Gifting | Summer Fragrance Set For Men & Women Online,"Celebrate Eid with Khadlaj Eid Special Shukran 4-Piece Summer Gift Set - luxurious perfume gift set, gift sets for women, and perfume for men. Perfect for any occasion in UAE.",479,,,,,,,,,,,,,,,,,,,,,,special-occasion,,,fresh; woody; oriental; musk,summer; spring,unisex; male; female,,,,g,,,true,,,true,,,true,,,true,,,true,,,true,,,true,,,active
eid-special-shukran-4-pieces-summer-collection-gift-set-for-men-women,,,,,,,,,,,,,,,,,,,,,,,,,,,,,,,https://cdn.shopify.com/s/files/1/0626/6119/8023/files/ShukranGiftBox-05.jpg?v=1747891789,2,SHUKRAN 4 PIECES SUMMER COLLECTION GIFT SET - Khadlaj Perfumes,,,,,,,,,,,,,,,,,,,,,,,,,,,,,,,,,,,,,,,,,,,,,,,,,,,,,,,,,,,
eid-special-shukran-4-pieces-summer-collection-gift-set-for-men-women,,,,,,,,,,,,,,,,,,,,,,,,,,,,,,,https://cdn.shopify.com/s/files/1/0626/6119/8023/files/Shukran_Gift_Box-01.jpg?v=1747889782,3,SHUKRAN 4 PIECES SUMMER COLLECTION GIFT SET - Khadlaj Perfumes,,,,,,,,,,,,,,,,,,,,,,,,,,,,,,,,,,,,,,,,,,,,,,,,,,,,,,,,,,,
pure-dehnal-oud-shiekh-qadim-3ml-signature-collection,DEHNAL OUD SHEIKH QADIM 3ML,"<p data-start=""207"" data-end=""470"">Experience timeless elegance with <strong data-start=""241"" data-end=""268"">Dehnal Oud Sheikh Qadim</strong>, a signature creation by <strong data-start=""294"" data-end=""314"">Khadlaj Perfumes</strong>. This luxurious <strong data-start=""331"" data-end=""355"">3ML pure perfume oil</strong> is crafted from the finest grade of natural Dehnal Oud, renowned for its deep, woody richness and spiritual depth.</p>
<p data-start=""472"" data-end=""803"">A tribute to heritage and tradition, <em data-start=""509"" data-end=""523"">Sheikh Qadim</em> embodies the essence of classic oud with powerful, long-lasting notes that leave an unforgettable impression. Its concentrated oil form ensures a refined and personal olfactory journey, perfect for those who value purity, prestige, and authenticity in their fragrance collection.</p>",Khadlaj-perfumes,Health & Beauty > Personal Care > Cosmetics > Perfumes & Colognes,DEHN AL OUDH,"DEHN AL OUDH, UNISEX",true,Size,3ML,,,,,,,,'6291107978239,1000.0,shopify,deny,manual,325.00,,true,true,,,,,'6291107978239,https://cdn.shopify.com/s/files/1/0626/6119/8023/files/OUDSHEIKHOADIM-1.jpg?v=1748412205,1,DEHNAL OUD SHEIKH QADIM 3ML - Khadlaj Perfumes,false,"Oud, Amber Fragrance | Luxury Non-Alcoholic Perfume Oil","Oud and amber fragrance in luxury non-alcoholic perfume oil. Long-lasting, refined scent for men and women.",,,,,,,,,,,,,"<div class=""pyramid-section_lists""><h6 style=""font-weight:600;"">Notes</h6>
<p>Pure Dehnal Oud</p>
</div>",,,,,,,,,,special-occasion,,,oriental; woody,winter; summer; spring,unisex,,,,g,,,true,,,true,,,true,,,true,,,true,,,true,,,true,,,active
pure-dehnal-oud-shiekh-qadim-3ml-signature-collection,,,,,,,,,,,,,,,,,,,,,,,,,,,,,,,https://cdn.shopify.com/s/files/1/0626/6119/8023/files/OUD_SHEIKH_OADIM-3.jpg?v=1748412272,2,DEHNAL OUD SHEIKH QADIM 3ML - Khadlaj Perfumes,,,,,,,,,,,,,,,,,,,,,,,,,,,,,,,,,,,,,,,,,,,,,,,,,,,,,,,,,,,
pure-dehnal-oud-shiekh-qadim-3ml-signature-collection,,,,,,,,,,,,,,,,,,,,,,,,,,,,,,,https://cdn.shopify.com/s/files/1/0626/6119/8023/files/OUD_SHEIKH_OADIM-4.jpg?v=1748412371,3,DEHNAL OUD SHEIKH QADIM 3ML - Khadlaj Perfumes,,,,,,,,,,,,,,,,,,,,,,,,,,,,,,,,,,,,,,,,,,,,,,,,,,,,,,,,,,,
pure-dehnal-qaisar-seufi-signature-creation-scents-dubai-uae,DEHNAL OUD QAISAR SEUFI 3ML,"<p data-start=""193"" data-end=""442"">Experience the essence of royalty with <strong data-start=""232"" data-end=""259"">Dehnal Oud Qaisar Seufi</strong>, a premium pure perfume oil crafted under the <strong data-start=""306"" data-end=""338"">Khadlaj Signature Collection</strong>. This 3ML masterpiece is a refined blend of the finest Seufi-grade oud - rare, rich, and deeply resonant.</p>
<p data-start=""444"" data-end=""702"">Hand-selected and meticulously aged, the oil exudes warm, woody, and leathery notes with a natural depth that evolves beautifully on the skin. Its purity and intensity make it an exceptional choice for true oud connoisseurs seeking authenticity and elegance.</p>",Khadlaj-perfumes,Health & Beauty > Personal Care > Cosmetics > Perfumes & Colognes,DEHN AL OUDH,"DEHN AL OUDH, UNISEX",true,Size,3ML,,,,,,,,'6291107978222,500.0,shopify,deny,manual,325.00,,true,true,,,,,'6291107978222,https://cdn.shopify.com/s/files/1/0626/6119/8023/files/OUDOAISARSEUFI-1.jpg?v=1748414508,1,DEHNAL OUD QAISAR SEUFI 3ML - Khadlaj Perfumes,false,"Woody, Musk Fragrance | Premium Non-Alcoholic Perfume Oil",Woody and musk fragrance in premium non-alcoholic perfume oil. Elegant and long-lasting luxury scent experience.,,,,,,,,,,,,,"<div class=""pyramid-section_lists""><h6 style=""font-weight:600;"">Notes</h6>
<p>Pure Dehnal Oud</p>
</div>",,,,,,,,,,special-occasion,,,oriental; woody,winter; summer; spring,,,,,g,,,true,,,true,,,true,,,true,,,true,,,true,,,true,,,active
pure-dehnal-qaisar-seufi-signature-creation-scents-dubai-uae,,,,,,,,,,,,,,,,,,,,,,,,,,,,,,,https://cdn.shopify.com/s/files/1/0626/6119/8023/files/OUD_OAISAR_SEUFI-3.jpg?v=1748414554,2,DEHNAL OUD QAISAR SEUFI 3ML - Khadlaj Perfumes,,,,,,,,,,,,,,,,,,,,,,,,,,,,,,,,,,,,,,,,,,,,,,,,,,,,,,,,,,,
pure-dehnal-qaisar-seufi-signature-creation-scents-dubai-uae,,,,,,,,,,,,,,,,,,,,,,,,,,,,,,,https://cdn.shopify.com/s/files/1/0626/6119/8023/files/OUD_OAISAR_SEUFI-4.jpg?v=1748414612,3,DEHNAL OUD QAISAR SEUFI 3ML - Khadlaj Perfumes,,,,,,,,,,,,,,,,,,,,,,,,,,,,,,,,,,,,,,,,,,,,,,,,,,,,,,,,,,,
oud-pure-mysterious-combodian-pure-dehnal-oud-signature-collection,OUD PURE MYSTERIOUS COMBODIAN 3ML PURE PERFUME OIL,"<p>Discover the captivating essence of Oud Pure Mysterious Cambodian, a luxurious 3ML perfume oil crafted with precision and passion under the Khadlaj Signature Creation line, created by our Founder &amp; Master Perfumer, Mr. Mohamed Iqbal Abdul Sattar.</p>
<p>This Pure Dehnal Oud perfume oil is derived from the finest Cambodian oud, renowned for its deep, rich, and mysterious aroma. A true symbol of sophistication, it opens with an intense woody warmth and evolves into a smooth, resinous richness that lingers beautifully on the skin.</p>
<p>Perfect for those who appreciate heritage, purity, and the unmatched allure of natural oud, this exquisite oil is ideal for personal indulgence or as a premium gift.</p>",Khadlaj-perfumes,Health & Beauty > Personal Care > Cosmetics > Perfumes & Colognes,DEHN AL OUDH,"DEHN AL OUDH, UNISEX",false,Size,3ML,,,,,,,,'6291107978208,500.0,shopify,deny,manual,325.00,,true,true,,,,,'6291107978208,https://cdn.shopify.com/s/files/1/0626/6119/8023/files/MysteriousCambodian01.jpg?v=1748417278,1,OUD PURE MYSTERIOUS COMBODIAN 3ML PURE PERFUME OIL - Khadlaj Perfumes,false,"Oud, Amber, Musk Fragrance | Luxury Perfume Oil Collection","Oud, amber, and musk fragrance in a luxury perfume oil collection. Alcohol-free and crafted for lasting elegance.",,,,,,,,,,,,,"<div class=""pyramid-section_lists""><h6 style=""font-weight:600;"">Notes</h6>
<p>Pure Dehnal Oud</p>
</div>",,,,,,,,,,special-occasion,,,oriental; woody,winter; summer; spring,unisex,,,,g,,,true,,,true,,,true,,,true,,,true,,,true,,,true,,,draft
oud-pure-mysterious-combodian-pure-dehnal-oud-signature-collection,,,,,,,,,,,,,,,,,,,,,,,,,,,,,,,https://cdn.shopify.com/s/files/1/0626/6119/8023/files/Mysterious_Cambodian_03.jpg?v=1748417331,2,OUD PURE MYSTERIOUS COMBODIAN 3ML PURE PERFUME OIL - Khadlaj Perfumes,,,,,,,,,,,,,,,,,,,,,,,,,,,,,,,,,,,,,,,,,,,,,,,,,,,,,,,,,,,
oud-pure-mysterious-combodian-pure-dehnal-oud-signature-collection,,,,,,,,,,,,,,,,,,,,,,,,,,,,,,,https://cdn.shopify.com/s/files/1/0626/6119/8023/files/Mysterious_Cambodian_02.jpg?v=1748417383,3,OUD PURE MYSTERIOUS COMBODIAN 3ML PURE PERFUME OIL - Khadlaj Perfumes,,,,,,,,,,,,,,,,,,,,,,,,,,,,,,,,,,,,,,,,,,,,,,,,,,,,,,,,,,,
oud-pure-mysterious-combodian-pure-dehnal-oud-signature-collection,,,,,,,,,,,,,,,,,,,,,,,,,,,,,,,https://cdn.shopify.com/s/files/1/0626/6119/8023/files/Mysterious_Cambodian_04.jpg?v=1748417426,4,OUD PURE MYSTERIOUS COMBODIAN 3ML PURE PERFUME OIL - Khadlaj Perfumes,,,,,,,,,,,,,,,,,,,,,,,,,,,,,,,,,,,,,,,,,,,,,,,,,,,,,,,,,,,
oud-pure-magical-thai-3ml-pure-dehnal-oudh-perfume-oil-sho-online-dubai-uae,OUD PURE MAGICAL THAI 3ML PURE PERFUME OIL,"<p>Experience the enchantment of the Far East with Oud Pure Magical Thai, a premium 3ML perfume oil from Khadlaj’s Signature Collection, created by our Founder &amp; Master Perfumer, Mr. Mohamed Iqbal Abdul Sattar.</p>
<p>This luxurious Dehnal Oud Pure perfume oil is a tribute to the rich olfactory heritage of Thailand, celebrated for its deep, woody, and mystical oud traditions.</p>
<p>Hand-selected from the finest natural sources, the oud oil is expertly distilled to perfection, delivering a long-lasting, highly concentrated fragrance that radiates warmth, depth, and authenticity. Just a single drop is enough to leave a powerful and memorable impression.</p>
<p>Ideal for personal indulgence or as a premium gifting choice for true oud connoisseurs.</p>",Khadlaj-perfumes,Health & Beauty > Personal Care > Cosmetics > Perfumes & Colognes > Perfume Oils,DEHN AL OUDH,"DEHN AL OUDH, UNISEX",true,Size,3ML,,,,,,,,,500.0,shopify,deny,manual,325.00,,true,true,,,,,,https://cdn.shopify.com/s/files/1/0626/6119/8023/files/MagicalThai01.jpg?v=1748419115,1,OUD PURE MAGICAL THAI 3ML PURE PERFUME OIL - Khadlaj Perfumes,false,"Oud, Floral, Musk Fragrance | Premium Perfume Oil Online","Oud, floral, and musk fragrance in premium perfume oil. Long-lasting luxury scent for refined fragrance lovers.",,,,,,,,,,,,,"<div class=""pyramid-section_lists""><h6 style=""font-weight:600;"">Notes</h6>
<p>Pure Dehnal Oud</p>
</div>",,,,,,,,,,special-occasion,,,oriental; woody,winter; summer; spring,unisex,,,,g,,,true,,,true,,,true,,,true,,,true,,,true,,,true,,,active
oud-pure-magical-thai-3ml-pure-dehnal-oudh-perfume-oil-sho-online-dubai-uae,,,,,,,,,,,,,,,,,,,,,,,,,,,,,,,https://cdn.shopify.com/s/files/1/0626/6119/8023/files/Magical_Thai_03.jpg?v=1748419167,2,OUD PURE MAGICAL THAI 3ML PURE PERFUME OIL - Khadlaj Perfumes,,,,,,,,,,,,,,,,,,,,,,,,,,,,,,,,,,,,,,,,,,,,,,,,,,,,,,,,,,,
oud-pure-magical-thai-3ml-pure-dehnal-oudh-perfume-oil-sho-online-dubai-uae,,,,,,,,,,,,,,,,,,,,,,,,,,,,,,,https://cdn.shopify.com/s/files/1/0626/6119/8023/files/Magical_Thai_02.jpg?v=1748419221,3,OUD PURE MAGICAL THAI 3ML PURE PERFUME OIL - Khadlaj Perfumes,,,,,,,,,,,,,,,,,,,,,,,,,,,,,,,,,,,,,,,,,,,,,,,,,,,,,,,,,,,
oud-pure-magical-thai-3ml-pure-dehnal-oudh-perfume-oil-sho-online-dubai-uae,,,,,,,,,,,,,,,,,,,,,,,,,,,,,,,https://cdn.shopify.com/s/files/1/0626/6119/8023/files/Magical_Thai_04.jpg?v=1748419272,4,OUD PURE MAGICAL THAI 3ML PURE PERFUME OIL - Khadlaj Perfumes,,,,,,,,,,,,,,,,,,,,,,,,,,,,,,,,,,,,,,,,,,,,,,,,,,,,,,,,,,,
oud-pour-leather-100ml-edp-spray-for-men-and-women,OUD POUR LEATHER 100ML EDP SPRAY FOR MEN,"<p>Step into a world of refined elegance and daring charm with Oud Pour Leather EDP by Khadlaj Perfumes — a unisex fragrance that masterfully blends spicy warmth, floral sophistication, and the timeless allure of leather and oud.</p>
<p>This luxurious scent opens with a captivating burst of Mandarin, Nutmeg, and Cumin, offering a spicy citrus lift. The heart reveals a rich floral complexity with Violet, Saffron, Lily of the Valley, and Ambroxan, adding depth and radiance. At the base, the sensual harmony of Leathery Accord, Moss, White Musk, and Oud creates a lasting signature that is both bold and memorable.</p>
<p>Unleash your signature presence with the elegance of leather and the power of oud— Khadlaj Oud Pour Leather is more than a fragrance, it's an identity.</p>",Khadlaj-perfumes,Health & Beauty > Personal Care > Cosmetics > Perfumes & Colognes > Eaux de Parfum,PERFUME SPRAY,"Deals, Men, UNISEX, Women",true,Size,100 ML,,,,,,,,'6291107977843,1000.0,shopify,deny,manual,100.00,150.00,true,true,,,,,'6291107977843,https://cdn.shopify.com/s/files/1/0626/6119/8023/files/OUD_POUR_LEATHER.jpg?v=1783945848,1,OUD POUR LEATHER 100ML EDP SPRAY FOR MEN - Khadlaj Perfumes,false,"Oud, Leather, Musk Fragrance | Luxury Perfume For Men & Women","Shop Khadlaj Oud Pour Leather 100 ml Eau de Parfum Spray  - a premium unisex perfume eau de parfum blending mandarin, nutmeg, violet, saffron, and oud by Khadlaj.",479,,,,,,,,,,,,"<div class=""pyramid-section_lists""><h6 style=""font-weight:600;"">Top Notes</h6>
<p>Mandarin, Nutmeg, Cumin</p>
</div>
<div class=""pyramid-section_lists""><h6 style=""font-weight:600;"">Middle Notes</h6>
<p> Violet, Saffron, Lily Of The Valley, Ambroxan</p>
</div>
<div class=""pyramid-section_lists""><h6 style=""font-weight:600;"">Base Notes</h6>
<p> Leathery Accord, Moss, White Musk, Oud</p>
</div>",,,,,,,,,,everyday; formal; casual; special-occasion,,,citrus; woody; amber; spicy,spring; summer; winter; fall,unisex,,,,g,,,true,,,true,,,true,,,true,,,true,,,true,,,true,,,active
oud-pour-leather-100ml-edp-spray-for-men-and-women,,,,,,,,,,,,,,,,,,,,,,,,,,,,,,,https://cdn.shopify.com/s/files/1/0626/6119/8023/files/1_41c47053-70eb-4776-ad5a-04481faad7c4.jpg?v=1748608476,2,OUD POUR LEATHER 100ML EDP SPRAY FOR MEN - Khadlaj Perfumes,,,,,,,,,,,,,,,,,,,,,,,,,,,,,,,,,,,,,,,,,,,,,,,,,,,,,,,,,,,
oud-pour-leather-100ml-edp-spray-for-men-and-women,,,,,,,,,,,,,,,,,,,,,,,,,,,,,,,https://cdn.shopify.com/s/files/1/0626/6119/8023/files/4_9ed32c65-3ec1-4a86-866e-9c0d4639a1c1.jpg?v=1748611017,3,OUD POUR LEATHER 100ML EDP SPRAY FOR MEN - Khadlaj Perfumes,,,,,,,,,,,,,,,,,,,,,,,,,,,,,,,,,,,,,,,,,,,,,,,,,,,,,,,,,,,
biscotti-caramel-pop-100-ml-extrait-de-parfum-spray-for-men-women-gourmand-lovers-fragrance-dubai-uae,BISCOTTI CARAMEL POP 100 ML EXTRAIT DE PARFUM SPRAY FOR MEN & WOMEN,"<p>Indulge in the sweet allure of Biscotti Caramel Pop – a luxurious gourmand fragrance crafted for those who love to make a bold, delectable statement. This exquisite unisex scent opens with the mouthwatering aroma of buttery popcorn, setting a playful yet indulgent tone. The heart unveils a rich blend of roasted chestnut, smooth chocolate, and warm benzoin, adding depth and warmth. As the scent settles, a velvety base of caramel, brown sugar, and creamy vanilla wraps you in an irresistible, long-lasting trail. </p>
<p>Perfect for both men and women who appreciate a scent that's as comforting as it is captivating, Biscotti Caramel Pop is a deliciously bold olfactory treat that lingers.</p>
",Khadlaj-perfumes,Health & Beauty > Personal Care > Cosmetics > Perfumes & Colognes > Eaux de Parfum,PERFUME SPRAY,"Men, Perfume Spray, UNISEX, Women",true,Size,100 ML,,,,,,,,'6291107979953,1000.0,shopify,deny,manual,0.00,110.00,true,true,,,,,'6291107979953,https://cdn.shopify.com/s/files/1/0626/6119/8023/files/Biscotti_Caramel_Pop-3_d5613249-6b48-4c8b-8b10-65ab03db07df.jpg?v=1784370936,1,BISCOTTI CARAMEL POP 100 ML EXTRAIT DE PARFUM SPRAY FOR MEN & WOMEN - Khadlaj Perfumes,false,Biscotti Caramel Pop Gourmand Sweet Perfume for Men & Women Online Dubai,"Biscotti Caramel Pop perfume blends gourmand and sweet notes, a luxurious fragrance for men and women who love unique scents in Dubai, UAE.",,,,,,,,,,,,,"<div class=""pyramid-section_lists""><h6 style=""font-weight:600;"">Top Notes</h6>
<p>Pop Corn, Butter</p>
</div>
<div class=""pyramid-section_lists""><h6 style=""font-weight:600;"">Middle Notes</h6>
<p>Chestnut, Chocolate, Benzoin </p>
</div>
<div class=""pyramid-section_lists""><h6 style=""font-weight:600;"">Base Notes</h6>
<p> Caramel, Brown Sugar, Vanilla</p>
</div>",,,,,,,,,,everyday; casual; special-occasion; formal,,,butter; caramel; chocolate; vanilla,summer; spring,unisex,,,,g,,,true,,,true,,,true,,,true,,,true,,,true,,,true,,,active
biscotti-caramel-pop-100-ml-extrait-de-parfum-spray-for-men-women-gourmand-lovers-fragrance-dubai-uae,,,,,,,,,,,,,,,,,,,,,,,,,,,,,,,https://cdn.shopify.com/s/files/1/0626/6119/8023/files/BiscottiCaramelPop-1.jpg?v=1776407678,2,BISCOTTI CARAMEL POP 100 ML EXTRAIT DE PARFUM SPRAY FOR MEN & WOMEN - Khadlaj Perfumes,,,,,,,,,,,,,,,,,,,,,,,,,,,,,,,,,,,,,,,,,,,,,,,,,,,,,,,,,,,
biscotti-caramel-pop-100-ml-extrait-de-parfum-spray-for-men-women-gourmand-lovers-fragrance-dubai-uae,,,,,,,,,,,,,,,,,,,,,,,,,,,,,,,https://cdn.shopify.com/s/files/1/0626/6119/8023/files/Biscotti_Caramel_Pop-2.jpg?v=1776407678,3,BISCOTTI CARAMEL POP 100 ML EXTRAIT DE PARFUM SPRAY FOR MEN & WOMEN - Khadlaj Perfumes,,,,,,,,,,,,,,,,,,,,,,,,,,,,,,,,,,,,,,,,,,,,,,,,,,,,,,,,,,,
biscotti-caramel-pop-100-ml-extrait-de-parfum-spray-for-men-women-gourmand-lovers-fragrance-dubai-uae,,,,,,,,,,,,,,,,,,,,,,,,,,,,,,,https://cdn.shopify.com/s/files/1/0626/6119/8023/files/Biscotti_Caramel_Pop-4.jpg?v=1776407678,4,BISCOTTI CARAMEL POP 100 ML EXTRAIT DE PARFUM SPRAY FOR MEN & WOMEN - Khadlaj Perfumes,,,,,,,,,,,,,,,,,,,,,,,,,,,,,,,,,,,,,,,,,,,,,,,,,,,,,,,,,,,
biscotti-date-toffee-100-ml-extrait-de-parfum-spray-for-unisex-gourmand-lover-fragrances,BISCOTTI DATE TOFFEE 100 ML EXTRAIT DE PARFUM SPRAY FOR MEN & WOMEN,"<p>Indulge your senses with Biscotti Date Toffee, an exquisite gourmand fragrance that blends rich oriental notes with irresistible sweetness. This luxurious extrait de parfum opens with the lush warmth of dates, complemented by the zesty brightness of orange and the bold aroma of coffee, setting a deliciously inviting tone.</p>
<p>At its heart, a decadent fusion of caramel, sugary accords, and benzoin creates a velvety sweetness that envelops the skin. As the fragrance settles, the base reveals a smooth, comforting trail of sandalwood, vanilla, and amber, leaving behind an enchanting signature.</p>
<p>Perfect for those who crave bold elegance with a sweet twist, Biscotti Date Toffee is a timeless scent for both men and women who dare to be different.</p>
",Khadlaj-perfumes,Health & Beauty > Personal Care > Cosmetics > Perfumes & Colognes > Eaux de Parfum,PERFUME SPRAY,"Men, Perfume Spray, UNISEX, Women",true,Size,100 ML,,,,,,,,'6291107979977,1000.0,shopify,deny,manual,0.00,110.00,true,true,,,,,'6291107979977,https://cdn.shopify.com/s/files/1/0626/6119/8023/files/Biscotti_Date_Toffee-3.jpg?v=1784370825,1,BISCOTTI DATE TOFFEE 100 ML EXTRAIT DE PARFUM SPRAY FOR MEN & WOMEN - Khadlaj Perfumes,false,Biscotti Date Toffee Unisex Gourmand Extrait de Parfum Online,"Biscotti Date Toffee offers unisex gourmand notes, creating a luxurious extrait de parfum for those who love sweet and warm fragrances.",,,,,,,,,,,,,"<div class=""pyramid-section_lists""><h6 style=""font-weight:600;"">Top Notes</h6>
<p>Dates, Orange, Coffee</p>
</div>
<div class=""pyramid-section_lists""><h6 style=""font-weight:600;"">Middle Notes</h6>
<p>Caramel, Sugary Accords, Benzoin</p>
</div>
<div class=""pyramid-section_lists""><h6 style=""font-weight:600;"">Base Notes</h6>
<p> Sandalwood, Vanilla, Amber</p>
</div>",,,,,,,,,,everyday; casual; special-occasion; formal,,,fruity; coffee; caramel; chocolate; amber,summer; spring,unisex,,,,g,,,true,,,true,,,true,,,true,,,true,,,true,,,true,,,active
biscotti-date-toffee-100-ml-extrait-de-parfum-spray-for-unisex-gourmand-lover-fragrances,,,,,,,,,,,,,,,,,,,,,,,,,,,,,,,https://cdn.shopify.com/s/files/1/0626/6119/8023/files/BiscottiDateToffee-1.jpg?v=1776407655,2,BISCOTTI DATE TOFFEE 100 ML EXTRAIT DE PARFUM SPRAY FOR MEN & WOMEN - Khadlaj Perfumes,,,,,,,,,,,,,,,,,,,,,,,,,,,,,,,,,,,,,,,,,,,,,,,,,,,,,,,,,,,
biscotti-date-toffee-100-ml-extrait-de-parfum-spray-for-unisex-gourmand-lover-fragrances,,,,,,,,,,,,,,,,,,,,,,,,,,,,,,,https://cdn.shopify.com/s/files/1/0626/6119/8023/files/Biscotti_Date_Toffee-2.jpg?v=1776407655,3,BISCOTTI DATE TOFFEE 100 ML EXTRAIT DE PARFUM SPRAY FOR MEN & WOMEN - Khadlaj Perfumes,,,,,,,,,,,,,,,,,,,,,,,,,,,,,,,,,,,,,,,,,,,,,,,,,,,,,,,,,,,
biscotti-date-toffee-100-ml-extrait-de-parfum-spray-for-unisex-gourmand-lover-fragrances,,,,,,,,,,,,,,,,,,,,,,,,,,,,,,,https://cdn.shopify.com/s/files/1/0626/6119/8023/files/Biscotti_Date_Toffee-4.jpg?v=1776407655,4,BISCOTTI DATE TOFFEE 100 ML EXTRAIT DE PARFUM SPRAY FOR MEN & WOMEN - Khadlaj Perfumes,,,,,,,,,,,,,,,,,,,,,,,,,,,,,,,,,,,,,,,,,,,,,,,,,,,,,,,,,,,
khadlaj-nafais-sharq-edp-designer-fragrance-for-women-dubai-uae,KHADLAJ NAFAIS SHARQ 100 ML EAU DE PARFUM FOR WOMEN,"<p>Unveiling the soul of oriental luxury, Nafais Sharq by Khadlaj Perfumes is a fragrance that celebrates refined femininity and timeless sophistication. Crafted with an exquisite blend of luminous florals, creamy fruits, and deep musky warmth, this scent is a tribute to the modern connoisseur.</p>
<p>The journey opens with a radiant blend of Gardenia, Vanilla, Apricot, and Tree Blossoms—a sweet and floral invitation to elegance. The heart unfolds into a soft fusion of White Wood, Pear, and Freesia, adding airy freshness and graceful depth. As it settles, the base lingers with a sensual mix of Musk, Amber, and Bourbon Vanilla, leaving a luxurious trail of warmth and allure.</p>",Khadlaj-perfumes,Health & Beauty > Personal Care > Cosmetics > Perfumes & Colognes > Eaux de Parfum,PERFUME SPRAY,"Deals, Perfume Spray, Women",true,Size,100 ML,,,,,,,,'6298043070003,1000.0,shopify,deny,manual,95.00,125.00,true,true,,,,,'6298043070003,https://cdn.shopify.com/s/files/1/0626/6119/8023/files/NAFAIS-3.jpg?v=1783943403,1,KHADLAJ NAFAIS SHARQ 100 ML EAU DE PARFUM FOR WOMEN - Khadlaj Perfumes,false,"Floral, Oud Fragrance | Premium Perfume For Women Online","Shop Khadlaj Nafais Sharq 100 ml Eau de Parfum - a premium perfume for women eau de parfum. Experience luminous florals, creamy fruits & deep musky warmth by Khadlaj.",,,,,,,,,,,,,"<div class=""pyramid-section_lists""><h6 style=""font-weight:600;"">Top Notes</h6>
<p>Gardenia, Vanilla, Apricot, Tree Blossoms</p>
</div>
<div class=""pyramid-section_lists""><h6 style=""font-weight:600;"">Middle Notes</h6>
<p>White Wood, Pear, Freesia</p>
</div>
<div class=""pyramid-section_lists""><h6 style=""font-weight:600;"">Base Notes</h6>
<p> Musk, Amber, Bourbon Vanilla</p>
</div>",,,,,,,,,,everyday; casual; special-occasion; formal,,,musk; amber; vanilla; floral; fruity,summer; spring,female,,,,g,,,true,,,true,,,true,,,true,,,true,,,true,,,true,,,active
khadlaj-nafais-sharq-edp-designer-fragrance-for-women-dubai-uae,,,,,,,,,,,,,,,,,,,,,,,,,,,,,,,https://cdn.shopify.com/s/files/1/0626/6119/8023/files/NAFAIS-1.jpg?v=1751435111,2,KHADLAJ NAFAIS SHARQ 100 ML EAU DE PARFUM FOR WOMEN - Khadlaj Perfumes,,,,,,,,,,,,,,,,,,,,,,,,,,,,,,,,,,,,,,,,,,,,,,,,,,,,,,,,,,,
khadlaj-nafais-sharq-edp-designer-fragrance-for-women-dubai-uae,,,,,,,,,,,,,,,,,,,,,,,,,,,,,,,https://cdn.shopify.com/s/files/1/0626/6119/8023/files/NAFAIS-4.jpg?v=1751435284,3,KHADLAJ NAFAIS SHARQ 100 ML EAU DE PARFUM FOR WOMEN - Khadlaj Perfumes,,,,,,,,,,,,,,,,,,,,,,,,,,,,,,,,,,,,,,,,,,,,,,,,,,,,,,,,,,,
khadlaj-nafais-sharq-edp-designer-fragrance-for-women-dubai-uae,,,,,,,,,,,,,,,,,,,,,,,,,,,,,,,https://cdn.shopify.com/s/files/1/0626/6119/8023/files/NafaisSharq.jpg?v=1771044837,4,KHADLAJ NAFAIS SHARQ 100 ML EAU DE PARFUM FOR WOMEN - Khadlaj Perfumes,,,,,,,,,,,,,,,,,,,,,,,,,,,,,,,,,,,,,,,,,,,,,,,,,,,,,,,,,,,
khadlaj-special-edition-shiyaaka-shadow-edp-men-fresh-fragrance-dubai-uae,SPECIAL EDITION SHIYAAKA SHADOW 100 ML EAU DE PARFUM FOR MEN,"<p>Unleash the power of presence with Shiyaaka Shadow – Special Edition, a premium fragrance for men by Khadlaj Perfumes. Crafted for the modern gentleman, this scent is a bold expression of charisma, depth, and quiet strength.</p>
<p>It opens with a dynamic blend of Pink Pepper, Grapefruit, and Lavender, offering a fresh yet spicy introduction. The heart reveals warm and woody notes of Dry Amber, Cedarwood, and Cashmere Wood, evoking strength and sophistication. Finally, the base settles into a lasting impression of Musk, Patchouli, and Moss, delivering depth and masculine elegance.<br><br>Shiyaaka Shadow for Men is more than a fragrance—it's your personal signature. Perfect for evening wear or making a statement any time of day.<br></p>
<h2>Khadlaj’s Shiyaaka Shadow – A Bold Signature Fragrance for Modern Men</h2>
<p>However, a great perfume goes beyond a smell. It is confidence, elegance, personality, and even a symbol of someone. For those who are sophisticated and have taste but are modern and daring, Khadlaj’s Shiyaaka Shadow creates an excellent combination of a powerful perfume that exudes masculinity, luxury, and elegance.</p>
<span id=""dots1""></span><span id=""more1"">
<p>Khadlaj’s Shiyaaka Shadow is an elegant perfume that is crafted to suit any modern man. The perfume has notes of refreshing citrus, spicy and warm, rich wooden aroma, and subtle musk, which gives the perfume a unique, premium scent. This scent from Khadlaj Perfumes is becoming popular among those searching for the best perfume for men</p>
<p>The perfume is versatile in that it can be worn during the day, formal evenings, business meetings, or any other time that one is dressed. However, the perfume remains powerful enough to represent a great male.</p>
<p>For men in search of great luxury perfumes, Shiyaaka Shadow is recommended.</p>
<h2>Discover the Power of Shiyaaka Shadow</h2>
<p>The Shadow fragrance from the Shiyaaka line has been designed specifically for men who want their fragrance to be an embodiment of the confidence and distinctiveness of its owner. Undoubtedly, it does not belong to the category of aggressive and strong fragrances. On the contrary, its elegance cannot fail to attract people’s attention.</p>
<p>This composition begins with the notes of such components as grapefruit, pink pepper, and lavender. The next stage presents the elements of woodiness. And the final note of this perfume contains the musky components.</p>
<p>This well-layered scent composition allows for use in either day or nighttime. It is both modern and elegant and at the same time masculine.</p>
<p>In expensive perfume for him, one that makes an impact, is Shiyaaka Shadow since it succeeds in mixing freshness with intensity without sacrificing sophistication.</p>
<h2>A Fragrance Crafted for the Modern Gentleman</h2>
<p>Today’s man expects his fragrances to match his style of life and personality. The modern male fragrance should be sophisticated and versatile.</p>
<p>Shiyaaka Shadow embodies all these qualities. It is crafted for men who:</p>
<ul>
<li>
<p>Appreciate premium fragrances</p>
</li>
<li>
<p>Prefer elegant woody compositions</p>
</li>
<li>
<p>Enjoy long-lasting performance</p>
</li>
<li>
<p>Want versatility for different occasions</p>
</li>
<li>
<p>Value sophistication and modern luxury</p>
</li>
</ul>
<p>As one of the emerging favorites among Perfume for men collections, Shiyaaka Shadow represents contemporary masculinity with timeless appeal.</p>
<p>The fragrance feels equally suitable for:</p>
<ul>
<li>
<p>Office wear</p>
</li>
<li>
<p>Evening events</p>
</li>
<li>
<p>Formal gatherings</p>
</li>
<li>
<p>Dinner dates</p>
</li>
<li>
<p>Daily luxury</p>
</li>
<li>
<p>Travel and special occasions</p>
</li>
</ul>
<p>Because of its versatility, it makes a great signature cologne for men looking for a scent that works well all day.</p>
<h2>The Fragrance Notes of Shiyaaka Shadow</h2>
<p>One of the factors that make this scent popular amongst fragrance lovers is its high quality fragrance notes. Every note works together to create a luxury experience.</p>
<h3>Top Notes – Fresh and Spicy Opening</h3>
<p>The fragrance begins with:</p>
<ul>
<li>
<p>Grapefruit</p>
</li>
<li>
<p>Pink Pepper</p>
</li>
<li>
<p>Lavender</p>
</li>
</ul>
<p>These notes create an energetic and refreshing introduction with a spicy edge that instantly feels masculine and modern. The citrus freshness keeps the opening bright, while the pepper adds character and sophistication.</p>
<h3>Heart Notes – Warm Woody Elegance</h3>
<p>As the fragrance develops, the heart introduces:</p>
<ul>
<li>
<p>Dry Amber</p>
</li>
<li>
<p>Cedarwood</p>
</li>
<li>
<p>Cashmere Wood</p>
</li>
</ul>
<p>This stage gives Shiyaaka Shadow its smooth woody richness. The amber warmth blends perfectly with the soft woods, creating a refined masculine core that feels luxurious and elegant.</p>
<h3>Base Notes – Deep Masculine Finish</h3>
<p>The dry-down settles into:</p>
<ul>
<li>
<p>Musk</p>
</li>
<li>
<p>Patchouli</p>
</li>
<li>
<p>Moss</p>
</li>
</ul>
<p>The low notes will create warmth and sensuality in the scent for a longer duration. With musk and wood in the scent, there will be an excellent longevity as well as a unique trail, which is distinctly male in character.</p>
<p>Overall, these notes will create a beautiful progression of the perfume while maintaining a perfect harmony between them.</p>
<h2>Why Men Love Shiyaaka Shadow</h2>
<p>There are various reasons why fragrance enthusiasts enjoy using Shiyaaka Shadow. This scent blends modern freshness with masculine richness quite successfully.</p>
<h3>1. Long-Lasting Performance</h3>
<p>One of the biggest reasons customers search for the best long lasting perfumes for men is durability. Shiyaaka Shadow offers impressive longevity with a composition that stays noticeable for hours.</p>
<h3>2. Versatile Masculine Profile</h3>
<p>The fragrance works across different settings and seasons. It feels fresh enough for daytime yet rich enough for evening sophistication.</p>
<h3>3. Luxurious Without Being Overwhelming</h3>
<p>Many strong masculine fragrances become too intense. Shiyaaka Shadow remains smooth and wearable while still maintaining excellent presence.</p>
<h3>4. Premium Presentation</h3>
<p>Khadlaj Perfumes is known for luxurious packaging and elegant bottle design. Shiyaaka Shadow reflects this premium identity beautifully.</p>
<h3>5. Balanced Modern Fragrance</h3>
<p>It is the combination of citric notes, woody tones, and a musk accord that helps create an aura of scent that is both contemporary and classic.</p>
<p>In the case of customers looking for high-end perfumes online, Shiyaaka Shadow is definitely an enticing choice for them.</p>
<h2>The Evolution of Luxury Men’s Fragrances</h2>
<p>Over the years, there has been a change in the face of fragrances for men. There have been a lot of developments and changes that have been seen in the world of luxury masculine fragrances.</p>
<p>Shiyaaka Shadow reflects this modern evolution perfectly.</p>
<p>It combines:</p>
<ul>
<li>
<p>Freshness</p>
</li>
<li>
<p>Woody elegance</p>
</li>
<li>
<p>Spicy sophistication</p>
</li>
<li>
<p>Musky warmth</p>
</li>
<li>
<p>Long-lasting depth</p>
</li>
</ul>
<p>Such balance is the key ingredient of contemporary Luxury perfumes for men. The present-day consumer expects fragrances that are premium in nature, but yet comfortable enough to be used on a regular basis.</p>
<p>Shiyaaka Shadow is an outstanding blend of classic manliness and trendy perfume style, making it appealing and desirable to the current generation.</p>
<h2>A Sophisticated Alternative for Fragrance Enthusiasts</h2>
<p>For many fragrance connoisseurs, Shiyaaka Shadow is valued precisely because of the high-quality of the composition along with its performance and flexibility. For example, some reviews state that the smooth woody notes can be comparable with those of luxury male fragrances due to the balanced combination of citrus and amber.</p>
<p>The uniqueness of Shiyaaka Shadow is in its sophisticated composition which does not include too many elements.</p>
<p>Men searching for the best perfume for men often look for fragrances that:</p>
<ul>
<li>
<p>Smell luxurious</p>
</li>
<li>
<p>Last long</p>
</li>
<li>
<p>Feel versatile</p>
</li>
<li>
<p>Create compliments</p>
</li>
<li>
<p>Offer signature scent potential</p>
</li>
</ul>
<p>Shiyaaka Shadow checks all these boxes beautifully.</p>
<h2>Luxury Fragrances and Masculine Identity</h2>
<p>A fragrance becomes part of a man’s personal style. The scent someone wears often creates the first impression before words are even spoken.</p>
<p>Shiyaaka Shadow enhances:</p>
<ul>
<li>
<p>Confidence</p>
</li>
<li>
<p>Sophistication</p>
</li>
<li>
<p>Presence</p>
</li>
<li>
<p>Elegance</p>
</li>
<li>
<p>Masculinity</p>
</li>
<li>
<p>Modern style</p>
</li>
</ul>
<p>For this reason, luxurious perfumes for him will always remain relevant in his styling and fashion choices.</p>
<p>Perfumes will assist men in projecting their personalities using their scents, and this is something that Shiyaaka Shadow does effortlessly.</p>
<h2>The Growing Demand for Long-Lasting Perfumes</h2>
<p>For consumers who are in search of perfumes, performance is one of the critical factors that should be considered. In the case of men, this factor becomes even more important since it becomes imperative that the perfume remains throughout the day without having to apply it often.</p>
<p>This is why there is increasing demand for the best long-lasting perfumes for men.</p>
<p>Shiyaaka Shadow delivers:</p>
<ul>
<li>
<p>Strong longevity</p>
</li>
<li>
<p>Smooth projection</p>
</li>
<li>
<p>Elegant scent trail</p>
</li>
<li>
<p>Balanced intensity</p>
</li>
<li>
<p>Consistent performance</p>
</li>
</ul>
<p>Eau De Parfum has the effect of giving the perfume added staying power while still retaining elegance.</p>
<p>It makes it suitable for professionals, traveling, evening wear, and everyday luxury.</p>
<h2>The Influence of Oud and Woody Masculine Fragrances</h2>
<p>There have been many impacts on the global perfume market by the perfumes produced in the Middle East, especially the woody and oud perfumes.</p>
<p>Though Shiyaaka Shadow is not an oud-rich perfume, it appeals to men with a love for Middle Eastern fragrances because of its musky-woody nature.</p>
<p>Fragrances such as Shiyaaka Shadow are appreciated by customers looking for the best oud for men perfumes because they provide:</p>
<ul>
<li>
<p>Depth</p>
</li>
<li>
<p>Warmth</p>
</li>
<li>
<p>Sophistication</p>
</li>
<li>
<p>Longevity</p>
</li>
<li>
<p>Masculine richness</p>
</li>
</ul>
<p>Shiyaaka Shadow incorporates many of these luxurious characteristics while remaining versatile and modern.</p>
<p>This makes it an excellent option for men who enjoy woody oriental-style fragrances with contemporary refinement.</p>
<h2>Khadlaj Perfumes – Crafting Luxury Since 1997</h2>
<p>Khadlaj Perfumes is a UAE-based perfume house known for creating elegant oriental and occidental fragrance blends. Established in 1997, the brand has become recognized for luxurious craftsmanship, premium ingredients, and sophisticated scent compositions.</p>
<p>Khadlaj Perfumes continues to grow internationally because of its commitment to:</p>
<ul>
<li>
<p>Premium fragrance quality</p>
</li>
<li>
<p>Long-lasting compositions</p>
</li>
<li>
<p>Luxury packaging</p>
</li>
<li>
<p>Modern fragrance innovation</p>
</li>
<li>
<p>Elegant Arabian perfumery traditions</p>
</li>
</ul>
<p>The range of Shiyaaka products has gained popularity among fragrance enthusiasts due to its versatility and luxury of masculinity.</p>
<p>Shiyaaka Shadow can be regarded as the current perception of masculinity by the company.</p>
<h2>Why Men Prefer Shopping Perfumes Online</h2>
<p>E-commerce has dramatically changed the way people shop for perfumes. In this regard, more and more buyers like looking at perfumes online since they are provided with a range of advantages, including convenience.</p>
<p>Online perfume shopping allows customers to:</p>
<ul>
<li>
<p>Explore fragrance notes</p>
</li>
<li>
<p>Compare scent profiles</p>
</li>
<li>
<p>Read fragrance descriptions</p>
</li>
<li>
<p>Discover luxury collections</p>
</li>
<li>
<p>Access exclusive releases</p>
</li>
<li>
<p>Shop comfortably from anywhere</p>
</li>
</ul>
<p>For those men searching for Best perfume online, Khadlaj Perfumes provides a flawless luxury perfume buying experience.</p>
<p>Online shopping is convenient when it comes to searching for niche and luxury perfumes that are not always found in regular stores.</p>
<h2>A Signature Scent for Every Occasion</h2>
<p>One of the strongest features of Shiyaaka Shadow is its versatility. The fragrance adapts naturally to different situations and environments.</p>
<h3>Office and Professional Wear</h3>
<p>The fresh citrus opening creates a clean and polished impression that feels professional and elegant.</p>
<h3>Evening Events</h3>
<p>As the fragrance develops into warm woody and musky tones, it becomes richer and more sophisticated for evening settings.</p>
<h3>Date Nights</h3>
<p>The smooth amber and musk base adds sensuality and warmth, making it ideal for romantic occasions.</p>
<h3>Everyday Luxury</h3>
<p>Shiyaaka Shadow is wearable enough to become a daily signature scent while still feeling premium and luxurious.</p>
<p>This adaptability is what makes it one of the standout Perfume for men choices in the luxury fragrance market.</p>
<h2>The Art of Wearing Luxury Fragrance</h2>
<p>To maximize fragrance performance and longevity, proper application is important.</p>
<p>For best results:</p>
<ul>
<li>
<p>Apply fragrance on pulse points</p>
</li>
<li>
<p>Spray on moisturized skin</p>
</li>
<li>
<p>Avoid rubbing the fragrance</p>
</li>
<li>
<p>Use after showering</p>
</li>
<li>
<p>Store the bottle away from heat and sunlight</p>
</li>
</ul>
<p>Such basic steps ensure not only good-quality but also improved projection and longevity of the fragrance.</p>
<p>The men who value top luxury perfumes realize that the fragrance is an integral component of grooming and personal styling.</p>
<h2>The Perfect Gift for Men</h2>
<p>A luxury fragrance will never cease to be a perfect gift for men. No matter whether it is a birthday, an anniversary, a holiday, or some special occasion, nothing says more than a top-quality fragrance.</p>
<p>Shiyaaka Shadow makes an excellent gift because:</p>
<ul>
<li>
<p>It has broad masculine appeal</p>
</li>
<li>
<p>The scent feels luxurious and versatile</p>
</li>
<li>
<p>The bottle presentation is elegant</p>
</li>
<li>
<p>It suits multiple age groups</p>
</li>
<li>
<p>It works for various occasions</p>
</li>
</ul>
<p>For anyone searching for the Best perfume online to gift someone special, Shiyaaka Shadow offers an excellent balance of luxury, performance, and modern masculinity.</p>
<h2>Experience Masculine Luxury with Shiyaaka Shadow</h2>
<p>Shiyaaka Shadow by Khadlaj Perfumes is not just any other perfume; it is an expression of self-assurance, elegance, and modern-day masculinity.</p>
<p>Its freshness from the top notes of citrus-spiced scent through the warm woody notes in the heart to the musky male base makes the composition of this fragrance truly unique. Its versatility, longevity, and luxurious formula have helped it become one of the most sought-after perfumes for men.</p>
<p>Whether you are exploring premium Perfumes online, searching for the best long lasting perfumes for men, or looking for a sophisticated signature Perfume for men, Shiyaaka Shadow delivers an unforgettable fragrance experience.</p>
<p>Step into the world of Khadlaj perfumes and see for yourself why this fragrance has become a benchmark in modern masculinity.</p>
 </span>
<button onclick=""myFunction()"" id=""myBtn1"" style=""background-color: black;color: white;padding: 7px;border-radius: 10px;"">Read more</button>
<style>
#more1 {display: none;}
</style>
<script>
function myFunction() {
  var dots1 = document.getElementById(""dots1"");
  var more1Text = document.getElementById(""more1"");
  var btnText = document.getElementById(""myBtn1"");

  if (dots1.style.display === ""none"") {
	dots1.style.display = ""inline"";
	btnText.innerHTML = ""Read more1""; 
	more1Text.style.display = ""none"";
  } else {
	dots1.style.display = ""none"";
	btnText.innerHTML = ""Read less""; 
	more1Text.style.display = ""inline"";
  }
}
</script>",Khadlaj-perfumes,Health & Beauty > Personal Care > Cosmetics > Perfumes & Colognes > Eaux de Parfum,PERFUME SPRAY,"Deals, Men, Perfume Spray",true,Size,100 ML,,,,,,,,'6291107979359,1000.0,shopify,deny,manual,100.00,150.00,true,true,,,,,'6291107979359,https://cdn.shopify.com/s/files/1/0626/6119/8023/files/Shiyaaka_Shadow-3.jpg?v=1783943040,1,SPECIAL EDITION SHIYAAKA SHADOW 100 ML EAU DE PARFUM FOR MEN - Khadlaj Perfumes,false,"Fresh, Woody Fragrance | Luxury Perfume For Men Online","Shop Khadlaj Shiyaaka Shadow 100 ml Eau de Parfum - premium perfume for men eau de parfum with pink pepper, grapefruit & lavender fragrance.",,,,,,,,,,,,,"<div class=""pyramid-section_lists""><h6 style=""font-weight:600;"">Top Notes</h6>
<p>Pink Pepper, Grapefruit, Lavender</p>
</div>
<div class=""pyramid-section_lists""><h6 style=""font-weight:600;"">Middle Notes</h6>
<p>Dry Amber, Cedarwood, Cashmere Wood</p>
</div>
<div class=""pyramid-section_lists""><h6 style=""font-weight:600;"">Base Notes</h6>
<p> Musk, Patchouli, Moss</p>
</div>",,,,,,,,,,everyday; casual; special-occasion; formal,,,musk; amber; fruity; fresh; lavender; patchouli,summer; spring,male,,,,g,,,true,,,true,,,true,,,true,,,true,,,true,,,true,,,active
khadlaj-special-edition-shiyaaka-shadow-edp-men-fresh-fragrance-dubai-uae,,,,,,,,,,,,,,,,,,,,,,,,,,,,,,,https://cdn.shopify.com/s/files/1/0626/6119/8023/files/ShiyaakaShadow-1.jpg?v=1751436581,2,SPECIAL EDITION SHIYAAKA SHADOW 100 ML EAU DE PARFUM FOR MEN - Khadlaj Perfumes,,,,,,,,,,,,,,,,,,,,,,,,,,,,,,,,,,,,,,,,,,,,,,,,,,,,,,,,,,,
khadlaj-special-edition-shiyaaka-shadow-edp-men-fresh-fragrance-dubai-uae,,,,,,,,,,,,,,,,,,,,,,,,,,,,,,,https://cdn.shopify.com/s/files/1/0626/6119/8023/files/Shiyaaka_Shadow-2_47aba695-803d-4144-8da4-03520663f712.jpg?v=1751436709,3,SPECIAL EDITION SHIYAAKA SHADOW 100 ML EAU DE PARFUM FOR MEN - Khadlaj Perfumes,,,,,,,,,,,,,,,,,,,,,,,,,,,,,,,,,,,,,,,,,,,,,,,,,,,,,,,,,,,
khadlaj-special-edition-shiyaaka-shadow-edp-men-fresh-fragrance-dubai-uae,,,,,,,,,,,,,,,,,,,,,,,,,,,,,,,https://cdn.shopify.com/s/files/1/0626/6119/8023/files/Shiyaaka_Shadow-4.jpg?v=1751436773,4,SPECIAL EDITION SHIYAAKA SHADOW 100 ML EAU DE PARFUM FOR MEN - Khadlaj Perfumes,,,,,,,,,,,,,,,,,,,,,,,,,,,,,,,,,,,,,,,,,,,,,,,,,,,,,,,,,,,
la-fede-edge-original-eau-de-parfum-for-women-copy,LA FEDE EDGE ORIGINAL 100 ML EAU DE PARFUM FOR WOMEN,"<p>Step into a world of refined power with La Fede Edge Original, a captivating eau de parfum that balances fresh vibrancy with warm sensuality. From the prestigious House of Khadlaj, this scent is designed for those who lead with confidence and leave a lasting impression.</p>
<p>The fragrance opens with a zesty blend of bergamot, spicy ginger, and luxurious saffron, creating an energetic and invigorating first impression. At its heart lies a rich harmony of jasmine, dry amber, and a hint of cotton candy, adding depth with a soft, alluring sweetness. The base settles into a smooth, lasting trail of vanilla and moss, grounding the composition with a warm and earthy elegance.</p>",Khadlaj-perfumes,Health & Beauty > Personal Care > Cosmetics > Perfumes & Colognes > Eaux de Parfum,PERFUME SPRAY,Perfume Spray,true,Size,100 ML,,,,,,,,'6291107978383,650.0,shopify,deny,manual,90.00,,true,true,,,,,'6291107978383,https://cdn.shopify.com/s/files/1/0626/6119/8023/files/EdgeOriginal-1.jpg?v=1776231633,1,LA FEDE EDGE ORIGINAL 100 ML EAU DE PARFUM FOR WOMEN - Khadlaj Perfumes,false,LA FEDE EDGE ORIGINAL EAU DE PARFUM FOR WOMEN SCENTS BY KHADLAJ,,479,,,,,,,,,,,,"<div class=""pyramid-section_lists""><h6 style=""font-weight:600;"">Top Notes</h6>
<p>Bergamot, Ginger, Saffron</p>
</div>
<div class=""pyramid-section_lists""><h6 style=""font-weight:600;"">Middle Notes</h6>
<p>Jasmine, Dry Amber, Cotton Candy</p>
</div>
<div class=""pyramid-section_lists""><h6 style=""font-weight:600;"">Base Notes</h6>
<p>Vanilla, Moss</p>
</div>",,,,,,,,,,formal; everyday; casual,,,citrus; spicy; amber; vanilla,fall; winter; spring; summer,female,,,,g,,,true,,,true,,,true,,,true,,,true,,,true,,,true,,,active
la-fede-edge-original-eau-de-parfum-for-women-copy,,,,,,,,,,,,,,,,,,,,,,,,,,,,,,,https://cdn.shopify.com/s/files/1/0626/6119/8023/files/Edge_Original-3.jpg?v=1776231633,2,LA FEDE EDGE ORIGINAL 100 ML EAU DE PARFUM FOR WOMEN - Khadlaj Perfumes,,,,,,,,,,,,,,,,,,,,,,,,,,,,,,,,,,,,,,,,,,,,,,,,,,,,,,,,,,,
la-fede-edge-original-eau-de-parfum-for-women-copy,,,,,,,,,,,,,,,,,,,,,,,,,,,,,,,https://cdn.shopify.com/s/files/1/0626/6119/8023/files/Edge_Original-2.jpg?v=1776231633,3,LA FEDE EDGE ORIGINAL 100 ML EAU DE PARFUM FOR WOMEN - Khadlaj Perfumes,,,,,,,,,,,,,,,,,,,,,,,,,,,,,,,,,,,,,,,,,,,,,,,,,,,,,,,,,,,
la-fede-edge-intense-100-ml-eau-de-parfum-for-unisex-scents-dubai-uae,LA FEDE EDGE INTENSE 100 ML EAU DE PARFUM FOR MEN & WOMEN,"<p>La Fede Edge Intense is a bold statement of confidence and sophistication from the House of Khadlaj. This exquisite fragrance opens with a spicy blend infused with the vibrant freshness of geranium and the fruity intrigue of blackcurrant, creating a captivating first impression.</p>
<p>At its heart, a luxurious bouquet of jasmine and rose mingles with the rich depth of labdanum, delivering a warm and sensual floral core. The scent settles into a smooth, lasting base of sweet sugary notes layered with earthy moss, leaving behind a powerful and elegant trail.</p>
<p>Perfectly balanced for both men and women, La Fede Edge Intense is designed for those who dare to leave a mark — with every encounter.</p>",Khadlaj-perfumes,Health & Beauty > Personal Care > Cosmetics > Perfumes & Colognes > Eaux de Parfum,PERFUME SPRAY,Perfume Spray,true,Size,100 ML,,,,,,,,'6291107978376,650.0,shopify,deny,manual,90.00,,true,true,,,,,'6291107978376,https://cdn.shopify.com/s/files/1/0626/6119/8023/files/EdgeIntense-1.jpg?v=1776231578,1,LA FEDE EDGE INTENSE 100 ML EAU DE PARFUM FOR MEN & WOMEN - Khadlaj Perfumes,false,LA FEDE EDGE INTENSE EAU DE PARFUM FOR UNISEX SCENTS BY KHADLAJ,,479,,,,,,,,,,,,"<div class=""pyramid-section_lists""><h6 style=""font-weight:600;"">Top Notes</h6>
<p>Spicy, Geranium, Blackcurrant</p>
</div>
<div class=""pyramid-section_lists""><h6 style=""font-weight:600;"">Middle Notes</h6>
<p>Jasmine, Rose, Labdanum</p>
</div>
<div class=""pyramid-section_lists""><h6 style=""font-weight:600;"">Base Notes</h6>
<p>Sugary, Moss</p>
</div>",,,,,,,,,,formal; everyday; casual,,,spicy; fruity; vanilla; floral,fall; winter; spring; summer,unisex,,,,g,,,true,,,true,,,true,,,true,,,true,,,true,,,true,,,active
la-fede-edge-intense-100-ml-eau-de-parfum-for-unisex-scents-dubai-uae,,,,,,,,,,,,,,,,,,,,,,,,,,,,,,,https://cdn.shopify.com/s/files/1/0626/6119/8023/files/Edge_Intense-3.jpg?v=1776231578,2,LA FEDE EDGE INTENSE 100 ML EAU DE PARFUM FOR MEN & WOMEN - Khadlaj Perfumes,,,,,,,,,,,,,,,,,,,,,,,,,,,,,,,,,,,,,,,,,,,,,,,,,,,,,,,,,,,
la-fede-edge-intense-100-ml-eau-de-parfum-for-unisex-scents-dubai-uae,,,,,,,,,,,,,,,,,,,,,,,,,,,,,,,https://cdn.shopify.com/s/files/1/0626/6119/8023/files/Edge_Intense-2.jpg?v=1776231578,3,LA FEDE EDGE INTENSE 100 ML EAU DE PARFUM FOR MEN & WOMEN - Khadlaj Perfumes,,,,,,,,,,,,,,,,,,,,,,,,,,,,,,,,,,,,,,,,,,,,,,,,,,,,,,,,,,,
zayaan-gold-100-ml-eau-de-parfum-for-men,ZAYAAN GOLD 100 ML EAU DE PARFUM FOR MEN,"<p>Khadlaj Zayaan Gold is a bold and sophisticated fragrance crafted for those who command presence. Opening with the sweet richness of plum and a warm touch of cinnamon, cardamom, and bergamot, it immediately captivates the senses. The heart unfolds into an aromatic blend of lavender, davana, and artemisia, adding depth and elegance. Finally, the fragrance settles into a powerful base of tonka bean, benzoin, patchouli, and labdanum, leaving behind a long-lasting, luxurious trail.</p>
<p>A perfect balance of spicy warmth and refined sensuality, Zayaan Gold is a statement scent for Men</p>",Khadlaj-perfumes,Health & Beauty > Personal Care > Cosmetics > Perfumes & Colognes > Eaux de Parfum,PERFUME SPRAY,"Deals, Men, Perfume Spray",true,Size,100 ML,,,,,,,,'6298043070041,1000.0,shopify,continue,manual,130.00,150.00,true,true,,,,,'6298043070041,https://cdn.shopify.com/s/files/1/0626/6119/8023/files/Zayan_Gold-3_RESIZE.jpg?v=1783936479,1,ZAYAAN GOLD 100 ML EAU DE PARFUM FOR MEN - Khadlaj Perfumes,false,Zayaan Gold Woody Amber Musk Perfume for Men Online,"Zayaan Gold perfume crafted with woody, amber, and musk notes, offering a luxurious fragrance for men who embrace sophistication.",,,,,,,,,,,,,"<div class=""pyramid-section_lists""><h6 style=""font-weight:600;"">Top Notes</h6>
<p> Plum, Cinnamon, Cardamom, Bergamot</p>
</div>
<div class=""pyramid-section_lists""><h6 style=""font-weight:600;"">Middle Notes</h6>
<p>Lavender, Davana, Artemisia</p>
</div>
<div class=""pyramid-section_lists""><h6 style=""font-weight:600;"">Base Notes</h6>
<p> Tonka Bean, Benzoin, Patchouli, Labdanum</p>
</div>",,,,,,,,,,everyday; casual; special-occasion; formal,,,caramel; sandalwood; floral; fruity,summer; spring,male,,,,g,,,true,,,true,,,true,,,true,,,true,,,true,,,true,,,active
zayaan-gold-100-ml-eau-de-parfum-for-men,,,,,,,,,,,,,,,,,,,,,,,,,,,,,,,https://cdn.shopify.com/s/files/1/0626/6119/8023/files/ZayanGold-1RESIZE.jpg?v=1754135037,2,ZAYAAN GOLD 100 ML EAU DE PARFUM FOR MEN - Khadlaj Perfumes,,,,,,,,,,,,,,,,,,,,,,,,,,,,,,,,,,,,,,,,,,,,,,,,,,,,,,,,,,,
zayaan-gold-100-ml-eau-de-parfum-for-men,,,,,,,,,,,,,,,,,,,,,,,,,,,,,,,https://cdn.shopify.com/s/files/1/0626/6119/8023/files/Zayan_Gold-2_RESIZE.jpg?v=1754135197,3,ZAYAAN GOLD 100 ML EAU DE PARFUM FOR MEN - Khadlaj Perfumes,,,,,,,,,,,,,,,,,,,,,,,,,,,,,,,,,,,,,,,,,,,,,,,,,,,,,,,,,,,
zayaan-gold-100-ml-eau-de-parfum-for-men,,,,,,,,,,,,,,,,,,,,,,,,,,,,,,,https://cdn.shopify.com/s/files/1/0626/6119/8023/files/Zayan_Gold-4_RESIZE.jpg?v=1754135312,4,ZAYAAN GOLD 100 ML EAU DE PARFUM FOR MEN - Khadlaj Perfumes,,,,,,,,,,,,,,,,,,,,,,,,,,,,,,,,,,,,,,,,,,,,,,,,,,,,,,,,,,,
la-fede-celebrity-fame-100ml-eau-de-parfum,LA FEDE CELEBRITY FAME 100ML EAU DE PARFUM,"<p data-start=""186"" data-end=""633"">Celebrity Fame opens with a striking blend of<strong> </strong>Spicy Accords, Elemi Metallic, and Grapefruit, delivering an energizing burst of freshness and edge. The heart unfolds with the intriguing harmony of Orange Blossom, Incense, Patchouli, and Osmanthus, adding warmth and a touch of mystery. Anchored by a smooth, captivating base of Vanilla and Moss, the fragrance leaves a lasting impression of modern elegance and depth.</p>
<p data-start=""635"" data-end=""765"" data-is-last-node="""" data-is-only-node="""">Crafted for those who move with confidence and charisma, Celebrity Fame is the perfect scent to define your presence - day or night.</p>",Khadlaj-perfumes,Health & Beauty > Personal Care > Cosmetics > Perfumes & Colognes > Eaux de Parfum,PERFUME SPRAY,"30% offer, Deals, Men, Perfume Spray",true,Size,100 ML,,,,,,,,'6291107978925,1000.0,shopify,deny,manual,75.00,130.00,true,true,,,,,'6291107978925,https://cdn.shopify.com/s/files/1/0626/6119/8023/files/CELEBRITY_FAME-3.jpg?v=1784374252,1,LA FEDE CELEBRITY FAME 100ML EAU DE PARFUM - Khadlaj Perfumes,false,La Fede Celebrity Fame Floral Fruity Musk Perfume Online,"La Fede Celebrity Fame combines floral, fruity, and musk notes, a luxury perfume designed for confident and elegant women online.",,,,,,,,,,,,,"<div class=""pyramid-section_lists""><h6 style=""font-weight:600;"">Top Notes</h6>
<p>Spicy, Elemi Metallic, Grapefruit</p>
</div>
<div class=""pyramid-section_lists""><h6 style=""font-weight:600;"">Middle Notes</h6>
<p>Orange Blossom, Incense, Patchouli, Osmanthus</p>
</div>
<div class=""pyramid-section_lists""><h6 style=""font-weight:600;"">Base Notes</h6>
<p>Vanilla, Moss</p>
</div>",,,,,,,,,,everyday; casual; special-occasion; formal,,,patchouli; spicy; vanilla,summer; spring,unisex,,,,g,,,true,,,true,,,true,,,true,,,true,,,true,,,true,,,active
la-fede-celebrity-fame-100ml-eau-de-parfum,,,,,,,,,,,,,,,,,,,,,,,,,,,,,,,https://cdn.shopify.com/s/files/1/0626/6119/8023/files/CELEBRITYFAME-1_77dc4f13-dac8-4ef7-bab2-23536c48efef.jpg?v=1754633479,2,LA FEDE CELEBRITY FAME 100ML EAU DE PARFUM - Khadlaj Perfumes,,,,,,,,,,,,,,,,,,,,,,,,,,,,,,,,,,,,,,,,,,,,,,,,,,,,,,,,,,,
la-fede-celebrity-fame-100ml-eau-de-parfum,,,,,,,,,,,,,,,,,,,,,,,,,,,,,,,https://cdn.shopify.com/s/files/1/0626/6119/8023/files/CELEBRITY_FAME-2.jpg?v=1754633724,3,LA FEDE CELEBRITY FAME 100ML EAU DE PARFUM - Khadlaj Perfumes,,,,,,,,,,,,,,,,,,,,,,,,,,,,,,,,,,,,,,,,,,,,,,,,,,,,,,,,,,,
la-fede-celebrity-fame-100ml-eau-de-parfum,,,,,,,,,,,,,,,,,,,,,,,,,,,,,,,https://cdn.shopify.com/s/files/1/0626/6119/8023/files/CELEBRITY_FAME-4.jpg?v=1754633782,4,LA FEDE CELEBRITY FAME 100ML EAU DE PARFUM - Khadlaj Perfumes,,,,,,,,,,,,,,,,,,,,,,,,,,,,,,,,,,,,,,,,,,,,,,,,,,,,,,,,,,,
la-fede-celebrity-crush-100ml-eau-de-parfum,LA FEDE CELEBRITY CRUSH 100ML EAU DE PARFUM,"<p data-start=""270"" data-end=""582"">Fall into the charm of<strong> </strong>Celebrity Crush, a fragrance that captures the electric thrill of admiration and the magic of a moment that lingers. It opens with a dazzling burst of Mandarin, juicy Pear, and a hint of Pink Pepper, delivering a bright and spirited introduction that instantly turns heads.</p>
<p data-start=""584"" data-end=""909"">The heart unveils a soft yet sensual blend of creamy florals, Jasmine, and Lavender, wrapping the senses in a delicate embrace that feels both comforting and intriguing. As the fragrance settles, notes of Musk and Vanilla emerge, leaving behind a warm, lasting impression that evokes closeness and desire.</p>
<p data-start=""911"" data-end=""1108"" data-is-last-node="""" data-is-only-node="""">Celebrity Crush is designed for those who light up a room effortlessly, capturing hearts with every move and leaving behind a trail of unforgettable elegance.</p>",Khadlaj-perfumes,Health & Beauty > Personal Care > Cosmetics > Perfumes & Colognes > Eaux de Parfum,PERFUME SPRAY,"30% offer, Deals, Men, Perfume Spray",true,Size,100 ML,,,,,,,,'6291107978918,1000.0,shopify,deny,manual,75.00,130.00,true,true,,,,,'6291107978918,https://cdn.shopify.com/s/files/1/0626/6119/8023/files/CELEBRITY_CRUSH-3.jpg?v=1784374422,1,LA FEDE CELEBRITY CRUSH 100ML EAU DE PARFUM - Khadlaj Perfumes,false,La Fede Celebrity Crush Fruity Floral Musk Perfume Online,"La Fede Celebrity Crush perfume crafted with fruity, floral, and musk notes, offering a premium fragrance for women who love elegance.",,,,,,,,,,,,,"<div class=""pyramid-section_lists""><h6 style=""font-weight:600;"">Top Notes</h6>
<p>Mandarin, Pear, Pink Pepper</p>
</div>
<div class=""pyramid-section_lists""><h6 style=""font-weight:600;"">Middle Notes</h6>
<p>Creamy, Jasmine, Lavender</p>
</div>
<div class=""pyramid-section_lists""><h6 style=""font-weight:600;"">Base Notes</h6>
<p>Musk, Vanilla</p>
</div>",,,,,,,,,,everyday; casual; special-occasion; formal,,,musk; lavender; vanilla; jasmine; floral,summer; spring,unisex; female,,,,g,,,true,,,true,,,true,,,true,,,true,,,true,,,true,,,active
la-fede-celebrity-crush-100ml-eau-de-parfum,,,,,,,,,,,,,,,,,,,,,,,,,,,,,,,https://cdn.shopify.com/s/files/1/0626/6119/8023/files/CELEBRITYCRUSH-1.jpg?v=1754635363,2,LA FEDE CELEBRITY CRUSH 100ML EAU DE PARFUM - Khadlaj Perfumes,,,,,,,,,,,,,,,,,,,,,,,,,,,,,,,,,,,,,,,,,,,,,,,,,,,,,,,,,,,
la-fede-celebrity-crush-100ml-eau-de-parfum,,,,,,,,,,,,,,,,,,,,,,,,,,,,,,,https://cdn.shopify.com/s/files/1/0626/6119/8023/files/CELEBRITY_CRUSH-2.jpg?v=1754635450,3,LA FEDE CELEBRITY CRUSH 100ML EAU DE PARFUM - Khadlaj Perfumes,,,,,,,,,,,,,,,,,,,,,,,,,,,,,,,,,,,,,,,,,,,,,,,,,,,,,,,,,,,
la-fede-celebrity-crush-100ml-eau-de-parfum,,,,,,,,,,,,,,,,,,,,,,,,,,,,,,,https://cdn.shopify.com/s/files/1/0626/6119/8023/files/CELEBRITY_CRUSH-4.jpg?v=1754635500,4,LA FEDE CELEBRITY CRUSH 100ML EAU DE PARFUM - Khadlaj Perfumes,,,,,,,,,,,,,,,,,,,,,,,,,,,,,,,,,,,,,,,,,,,,,,,,,,,,,,,,,,,
island-dreams-100-ml-extrait-de-parfum,KHADLAJ ISLAND DREAMS 100 ML EXTRAIT DE PARFUM,"<p data-end=""485"" data-start=""89"">Island Dreams is a fragrance that whisks you away to a world where turquoise waters meet endless skies. It opens with the sparkling brightness of bergamot and the spicy warmth of ginger, instantly awakening your senses like a refreshing island breeze. The vibrant grapefruit accord at its heart adds a juicy, sun-kissed energy that feels both invigorating and uplifting.</p>
<p data-end=""918"" data-start=""487"">As the scent settles, the elegant depth of ambroxan intertwines with the smooth sensuality of musk, creating a warm and addictive embrace that lingers like the memory of a perfect getaway. Each spray is a reminder of white sandy beaches, gentle waves, and the carefree spirit of island life. Khadlaj Island Dreams isn’t just a fragrance — it’s a ticket to your own private paradise, bottled for you to carry anywhere.</p>",Khadlaj-perfumes,Health & Beauty > Personal Care > Cosmetics > Perfumes & Colognes > Eaux de Parfum,PERFUME SPRAY,"Deals, Men, Perfume Spray, UNISEX, Women",true,Size,100 ML,,,,,,,,'6291107979991,1000.0,shopify,deny,manual,125.00,180.00,true,true,,,,,'6291107979991,https://cdn.shopify.com/s/files/1/0626/6119/8023/files/Island_Dreams-3.jpg?v=1783940088,1,KHADLAJ ISLAND DREAMS 100 ML EXTRAIT DE PARFUM - Khadlaj Perfumes,false,"Bergamot, Ginger, Musk Fragrance | Luxury Perfume Spray Online","Shop Island Dreams 100 ml Extrait de Parfum - a premium perfume for men Eau de parfum. Discover long-lasting fragrance with bergamot, ginger, and musk by Khadlaj Perfumes.",,,,,,,,,,,,,"<div class=""pyramid-section_lists""><h6 style=""font-weight:600;"">Top Notes</h6>
<p>Bergamot, Ginger</p>
</div>
<div class=""pyramid-section_lists""><h6 style=""font-weight:600;"">Middle Notes</h6>
<p>Grapefruit Accord</p>
</div>
<div class=""pyramid-section_lists""><h6 style=""font-weight:600;"">Base Notes</h6>
<p> Ambroxan, Musk</p>
</div>",,,,,,,,,,everyday; casual; special-occasion; formal,,,floral; musk; citrus; fruity; fresh,summer; spring,unisex,,,,g,,,true,,,true,,,true,,,true,,,true,,,true,,,true,,,active
island-dreams-100-ml-extrait-de-parfum,,,,,,,,,,,,,,,,,,,,,,,,,,,,,,,https://cdn.shopify.com/s/files/1/0626/6119/8023/files/IslandDreams-1.jpg?v=1754913255,2,KHADLAJ ISLAND DREAMS 100 ML EXTRAIT DE PARFUM - Khadlaj Perfumes,,,,,,,,,,,,,,,,,,,,,,,,,,,,,,,,,,,,,,,,,,,,,,,,,,,,,,,,,,,
island-dreams-100-ml-extrait-de-parfum,,,,,,,,,,,,,,,,,,,,,,,,,,,,,,,https://cdn.shopify.com/s/files/1/0626/6119/8023/files/Island_Dreams-2.jpg?v=1754913375,3,KHADLAJ ISLAND DREAMS 100 ML EXTRAIT DE PARFUM - Khadlaj Perfumes,,,,,,,,,,,,,,,,,,,,,,,,,,,,,,,,,,,,,,,,,,,,,,,,,,,,,,,,,,,
island-dreams-100-ml-extrait-de-parfum,,,,,,,,,,,,,,,,,,,,,,,,,,,,,,,https://cdn.shopify.com/s/files/1/0626/6119/8023/files/Island_Dreams-4.jpg?v=1754913436,4,KHADLAJ ISLAND DREAMS 100 ML EXTRAIT DE PARFUM - Khadlaj Perfumes,,,,,,,,,,,,,,,,,,,,,,,,,,,,,,,,,,,,,,,,,,,,,,,,,,,,,,,,,,,
grand-collection-3-pieces-edp-sprays-gift-set-for-women-online-dubai-uae,GRAND COLLECTION 3 PIECES GIFT SET FOR WOMEN,"<p>GRAND COLLECTION 3-PIECES GIFT SET by Khadlaj Perfumes is an elegant fragrance ensemble, thoughtfully designed for women who appreciate luxury and sophistication. This exclusive gift set features three exquisite designer Eau de Parfums — Oud Noir, Rose Couture, and Sensuos Night — each crafted to capture timeless femininity and allure.</p>
<p>Whether for personal indulgence or as the perfect gift, the GRAND COLLECTION celebrates elegance in every spray, making it an essential addition to any fragrance lover’s collection.</p>",Khadlaj-perfumes,Health & Beauty > Personal Care > Cosmetics > Perfumes & Colognes > Eaux de Parfum,PERFUME SPRAY,"giftset, Men, Perfume Spray, UNISEX, Women",true,Size,Gift Set,,,,,,,,'6291107979625,2000.0,shopify,deny,manual,210.00,,true,true,,,,,'6291107979625,https://cdn.shopify.com/s/files/1/0626/6119/8023/files/GrandGiftBox-01.jpg?v=1756378107,1,GRAND COLLECTION 3 PIECES GIFT SET FOR WOMEN - Khadlaj Perfumes,false,"Luxury EDP Gift Set For Women | Oud, Rose, Floral Fragrances","Shop Khadlaj Grand Collection 3-Piece EDP Gift Set for Women - luxurious perfume gift set, gift sets for women, and perfume for women in UAE.",479,,,,,,,,,,,,,,,,,,,,,,special-occasion; everyday,,,woody; oriental; musk; rose; fruity; vanilla,summer; spring; fall,female,,,,g,,,true,,,true,,,true,,,true,,,true,,,true,,,true,,,active
grand-collection-3-pieces-edp-sprays-gift-set-for-women-online-dubai-uae,,,,,,,,,,,,,,,,,,,,,,,,,,,,,,,https://cdn.shopify.com/s/files/1/0626/6119/8023/files/GrandGiftBox-02.jpg?v=1756378107,2,GRAND COLLECTION 3 PIECES GIFT SET FOR WOMEN - Khadlaj Perfumes,,,,,,,,,,,,,,,,,,,,,,,,,,,,,,,,,,,,,,,,,,,,,,,,,,,,,,,,,,,
grand-collection-3-pieces-edp-sprays-gift-set-for-women-online-dubai-uae,,,,,,,,,,,,,,,,,,,,,,,,,,,,,,,https://cdn.shopify.com/s/files/1/0626/6119/8023/files/GrandGiftBox-03_3165934b-a570-4842-a425-aa3586ebf9ff.jpg?v=1756378107,3,GRAND COLLECTION 3 PIECES GIFT SET FOR WOMEN - Khadlaj Perfumes,,,,,,,,,,,,,,,,,,,,,,,,,,,,,,,,,,,,,,,,,,,,,,,,,,,,,,,,,,,
grand-collection-3-pieces-edp-sprays-gift-set-for-women-online-dubai-uae,,,,,,,,,,,,,,,,,,,,,,,,,,,,,,,https://cdn.shopify.com/s/files/1/0626/6119/8023/files/GrandGiftBox-04.jpg?v=1756378107,4,GRAND COLLECTION 3 PIECES GIFT SET FOR WOMEN - Khadlaj Perfumes,,,,,,,,,,,,,,,,,,,,,,,,,,,,,,,,,,,,,,,,,,,,,,,,,,,,,,,,,,,
biscotti-melon-misk-100-ml-extrait-de-parfum-spray-for-women-online-dubai-uae,BISCOTTI MELON MISK 100 ML EXTRAIT DE PARFUM SPRAY FOR WOMEN,"<p>Khadlaj Biscotti Melon Misk is a fresh, sweet, and creamy fragrance designed for everyday sophistication. The scent opens with vibrant notes of grapefruit, lemon, and bergamot, leading into a smooth heart of coconut milk, melon, and rose. The base lingers with the comforting sweetness of sugary vanilla balanced by earthy oakmoss, creating a long-lasting, gourmand yet refreshing signature.</p>
<p>Perfect for those who enjoy fruity freshness wrapped in creamy sweetness.</p>
",Khadlaj-perfumes,Health & Beauty > Personal Care > Cosmetics > Perfumes & Colognes > Eaux de Parfum,PERFUME SPRAY,"Perfume Spray, Women",true,Size,100 ML,,,,,,,,'6291107979960,10.0,shopify,deny,manual,0.00,110.00,true,true,,,,,'6291107979960,https://cdn.shopify.com/s/files/1/0626/6119/8023/files/Biscotti_Melon_Misk-3.jpg?v=1783942967,1,BISCOTTI MELON MISK 100 ML EXTRAIT DE PARFUM SPRAY FOR WOMEN - Khadlaj Perfumes,false,"Melon, Biscotti, Musk Fragrance | Perfume For Women Online","Shop Biscotti Melon Misk 100 ml Extrait de Parfum Spray - a premium perfume for women Eau de parfum. Enjoy long-lasting grapefruit, coconut milk, and vanilla fragrance by Khadlaj.",,,,,,,,,,,,,"<div class=""pyramid-section_lists""><h6 style=""font-weight:600;"">Top Notes</h6>
<p>Grapefruit, Lemon, Bergamot</p>
</div>
<div class=""pyramid-section_lists""><h6 style=""font-weight:600;"">Middle Notes</h6>
<p>Coconut Milk, Melon. Rose</p>
</div>
<div class=""pyramid-section_lists""><h6 style=""font-weight:600;"">Base Notes</h6>
<p> Sugary, Vanilla, Oakmoss</p>
</div>",,,,,,,,,,everyday; casual; special-occasion; formal,,,fruity; fresh; citrus; vanilla,summer; spring,female,,,,g,,,true,,,true,,,true,,,true,,,true,,,true,,,true,,,active
biscotti-melon-misk-100-ml-extrait-de-parfum-spray-for-women-online-dubai-uae,,,,,,,,,,,,,,,,,,,,,,,,,,,,,,,https://cdn.shopify.com/s/files/1/0626/6119/8023/files/BiscottiMelonMisk-1.jpg?v=1776407629,2,BISCOTTI MELON MISK 100 ML EXTRAIT DE PARFUM SPRAY FOR WOMEN - Khadlaj Perfumes,,,,,,,,,,,,,,,,,,,,,,,,,,,,,,,,,,,,,,,,,,,,,,,,,,,,,,,,,,,
biscotti-melon-misk-100-ml-extrait-de-parfum-spray-for-women-online-dubai-uae,,,,,,,,,,,,,,,,,,,,,,,,,,,,,,,https://cdn.shopify.com/s/files/1/0626/6119/8023/files/Biscotti_Melon_Misk-4.jpg?v=1776407629,3,BISCOTTI MELON MISK 100 ML EXTRAIT DE PARFUM SPRAY FOR WOMEN - Khadlaj Perfumes,,,,,,,,,,,,,,,,,,,,,,,,,,,,,,,,,,,,,,,,,,,,,,,,,,,,,,,,,,,
biscotti-melon-misk-100-ml-extrait-de-parfum-spray-for-women-online-dubai-uae,,,,,,,,,,,,,,,,,,,,,,,,,,,,,,,https://cdn.shopify.com/s/files/1/0626/6119/8023/files/Biscotti_Melon_Misk-2.jpg?v=1776407629,4,BISCOTTI MELON MISK 100 ML EXTRAIT DE PARFUM SPRAY FOR WOMEN - Khadlaj Perfumes,,,,,,,,,,,,,,,,,,,,,,,,,,,,,,,,,,,,,,,,,,,,,,,,,,,,,,,,,,,
khadlaj-titan-100-ml-eau-de-parfum-spray-for-men-refreshing-scents-to-buy-online-dubai-uae,KHADLAJ TITAN 100 ML EAU DE PARFUM SPRAY FOR MEN,"<p>Unleash your strength and confidence with Khadlaj Titan, a bold Eau de Parfum crafted for the modern man. This powerful fragrance opens with a refreshing burst of mandarin, pink peppercorns, and grapefruit, setting a vibrant and energetic tone. At its heart, lavender, incense, and suede create a sophisticated blend of elegance and depth. Finally, the fragrance settles into a warm, long-lasting base of amber, vanilla, and tonka bean, leaving behind a trail of refined masculinity.</p>",Khadlaj-perfumes,Health & Beauty > Personal Care > Cosmetics > Perfumes & Colognes > Eaux de Parfum,PERFUME SPRAY,"Deals, Men, Perfume Spray",true,Size,100 ML,,,,,,,,'6298043070065,1000.0,shopify,continue,manual,95.00,125.00,true,true,,,,,'6298043070065,https://cdn.shopify.com/s/files/1/0626/6119/8023/files/TITAN-3.jpg?v=1783942163,1,KHADLAJ TITAN 100 ML EAU DE PARFUM SPRAY FOR MEN - Khadlaj Perfumes,false,"Citrus, Woody, Musk Fragrance | Premium Perfume For Men Online","Shop Khadlaj Titan 100 ml Eau de Parfum Spray - a premium perfume for men Eau de parfum. Experience bold notes of mandarin, pink peppercorns, and amber by Khadlaj.",,,,,,,,,,,,,"<div class=""pyramid-section_lists""><h6 style=""font-weight:600;"">Top Notes</h6>
<p>Mandarin, Pink Peppercorns, Grapefruit</p>
</div>
<div class=""pyramid-section_lists""><h6 style=""font-weight:600;"">Middle Notes</h6>
<p>Lavender, Incense, Suede</p>
</div>
<div class=""pyramid-section_lists""><h6 style=""font-weight:600;"">Base Notes</h6>
<p>Amber, Vanilla, Tonka Bean</p>
</div>",,,,,,,,,,everyday; casual; special-occasion; formal,,,fruity; fresh; vanilla; oriental,summer; spring; fall,male,,,,g,,,true,,,true,,,true,,,true,,,true,,,true,,,true,,,active
khadlaj-titan-100-ml-eau-de-parfum-spray-for-men-refreshing-scents-to-buy-online-dubai-uae,,,,,,,,,,,,,,,,,,,,,,,,,,,,,,,https://cdn.shopify.com/s/files/1/0626/6119/8023/files/titan.png?v=1781615569,2,KHADLAJ TITAN 100 ML EAU DE PARFUM SPRAY FOR MEN - Khadlaj Perfumes,,,,,,,,,,,,,,,,,,,,,,,,,,,,,,,,,,,,,,,,,,,,,,,,,,,,,,,,,,,
khadlaj-titan-100-ml-eau-de-parfum-spray-for-men-refreshing-scents-to-buy-online-dubai-uae,,,,,,,,,,,,,,,,,,,,,,,,,,,,,,,https://cdn.shopify.com/s/files/1/0626/6119/8023/files/TITAN-4.jpg?v=1757569342,3,KHADLAJ TITAN 100 ML EAU DE PARFUM SPRAY FOR MEN - Khadlaj Perfumes,,,,,,,,,,,,,,,,,,,,,,,,,,,,,,,,,,,,,,,,,,,,,,,,,,,,,,,,,,,
khadlaj-titan-100-ml-eau-de-parfum-spray-for-men-refreshing-scents-to-buy-online-dubai-uae,,,,,,,,,,,,,,,,,,,,,,,,,,,,,,,https://cdn.shopify.com/s/files/1/0626/6119/8023/files/TITAN-2.jpg?v=1757569286,4,KHADLAJ TITAN 100 ML EAU DE PARFUM SPRAY FOR MEN - Khadlaj Perfumes,,,,,,,,,,,,,,,,,,,,,,,,,,,,,,,,,,,,,,,,,,,,,,,,,,,,,,,,,,,
