Handle,Title,Body (HTML),Vendor,Product Category,Type,Tags,Published,Option1 Name,Option1 Value,Option1 Linked To,Option2 Name,Option2 Value,Option2 Linked To,Option3 Name,Option3 Value,Option3 Linked To,Variant SKU,Variant Grams,Variant Inventory Tracker,Variant Inventory Policy,Variant Fulfillment Service,Variant Price,Variant Compare At Price,Variant Requires Shipping,Variant Taxable,Unit Price Total Measure,Unit Price Total Measure Unit,Unit Price Base Measure,Unit Price Base Measure Unit,Variant Barcodes,Image Src,Image Position,Image Alt Text,Gift Card,SEO Title,SEO Description,Google Shopping / Google Product Category,Google Shopping / Gender,Google Shopping / Age Group,Google Shopping / MPN,Google Shopping / Condition,Google Shopping / Custom Product,Google Shopping / Custom Label 0,Google Shopping / Custom Label 1,Google Shopping / Custom Label 2,Google Shopping / Custom Label 3,Google Shopping / Custom Label 4,PRE - ORDER DELIVERY (product.metafields.custom.pre_order_delivery),Pyramid Description (product.metafields.custom.pyramid_description),EComposer product countdown end at (product.metafields.ecomposer.countdown),EComposer product countdown start at (product.metafields.ecomposer.countdown_from),Google: Custom Product (product.metafields.mm-google-shopping.custom_product),Low stock threshold (product.metafields.sam.lowstockthreshold),Color (product.metafields.shopify.color-pattern),Dispenser type (product.metafields.shopify.dispenser-type),Fragrance (product.metafields.shopify.fragrance),Incense type (product.metafields.shopify.incense-type),Material (product.metafields.shopify.material),Occasion (product.metafields.shopify.occasion),Olfactory family (product.metafields.shopify.olfactory-family),Product form (product.metafields.shopify.product-form),Scent (product.metafields.shopify.scent),Season (product.metafields.shopify.season),Target gender (product.metafields.shopify.target-gender),Usage type (product.metafields.shopify.usage-type),EasifyBoxBuilderUrl (product.metafields._easifyboxbuilder.url),Variant Image,Variant Weight Unit,Variant Tax Code,Cost per item,Included / United Arab Emirates,Price / United Arab Emirates,Compare At Price / United Arab Emirates,Included / Bahrain,Price / Bahrain,Compare At Price / Bahrain,Included / KSA,Price / KSA,Compare At Price / KSA,Included / Kuwait,Price / Kuwait,Compare At Price / Kuwait,Included / NORTH AFRICA,Price / NORTH AFRICA,Compare At Price / NORTH AFRICA,Included / Oman,Price / Oman,Compare At Price / Oman,Included / Qatar,Price / Qatar,Compare At Price / Qatar,Status
peach-velvet-100-ml-extrait-de-parfum-for-women-top-women-fragrance-brand-uae,PEACH VELVET 100 ML EXTRAIT DE PARFUM FOR WOMEN,"<p>Indulge in the luscious allure of Peach Velvet, a fragrance that wraps you in warmth, sweetness, and sensuality. This enchanting scent opens with a juicy blend of peach, creamy accords, nectarine, and exotic guava, creating a fruity-gourmand introduction that feels both playful and luxurious.</p>
<p>At the heart, vanilla and amber add a soft golden glow, while hints of ginger and cinnamon bring a spicy twist that excites the senses. Finally, the fragrance rests on a velvety base of caramel, musk, and sandalwood, leaving behind a smooth, long-lasting trail of irresistible sweetness and sophistication.</p>
<p>A perfect balance of fruity freshness and creamy warmth, <strong data-start=""991"" data-end=""1007"">Peach Velvet</strong> is crafted for those who love to stand out with elegance and charm.</p>",Khadlaj-perfumes,Health & Beauty > Personal Care > Cosmetics > Perfumes & Colognes > Eaux de Parfum,PERFUME SPRAY,"Deals, Perfume Spray, Women",true,Size,100 ML,,,,,,,,'6298043070034,1000.0,shopify,continue,manual,100.00,150.00,true,true,,,,,'6298043070034,https://cdn.shopify.com/s/files/1/0626/6119/8023/files/PeachVelvet-03.jpg?v=1783942044,1,PEACH VELVET 100 ML EXTRAIT DE PARFUM FOR WOMEN - Khadlaj Perfumes,false,"Peach, Floral Fragrance | Luxury Perfume For Women Online","Shop Peach Velvet 100 ml Extrait de Parfum - a premium perfume for women Eau de parfum. Enjoy long-lasting peach, vanilla, and musk fragrance by Khadlaj.",479,,,,,,,,,,,,"<div class=""pyramid-section_lists""><h6 style=""font-weight:600;"">Top Notes</h6>
<p>Peach, Cream Accord, Nectarine, Guava</p>
</div>
<div class=""pyramid-section_lists""><h6 style=""font-weight:600;"">Middle Notes</h6>
<p>Vanilla, Amber, Ginger, Cinnamon </p>
</div>
<div class=""pyramid-section_lists""><h6 style=""font-weight:600;"">Base Notes</h6>
<p>Caramel, Musk, Sandalwood</p>
</div>",,,,,,,,,,formal; casual; everyday; special-occasion,,,vanilla; cinnamon; musk; caramel; sandalwood,spring; summer; winter; fall,female,,,,g,,,true,,,true,,,true,,,true,,,true,,,true,,,true,,,active
peach-velvet-100-ml-extrait-de-parfum-for-women-top-women-fragrance-brand-uae,,,,,,,,,,,,,,,,,,,,,,,,,,,,,,,https://cdn.shopify.com/s/files/1/0626/6119/8023/files/peach-velvet.png?v=1781615520,2,PEACH VELVET 100 ML EXTRAIT DE PARFUM FOR WOMEN - Khadlaj Perfumes,,,,,,,,,,,,,,,,,,,,,,,,,,,,,,,,,,,,,,,,,,,,,,,,,,,,,,,,,,,
peach-velvet-100-ml-extrait-de-parfum-for-women-top-women-fragrance-brand-uae,,,,,,,,,,,,,,,,,,,,,,,,,,,,,,,https://cdn.shopify.com/s/files/1/0626/6119/8023/files/Peach_Velvet-04.jpg?v=1757677583,3,PEACH VELVET 100 ML EXTRAIT DE PARFUM FOR WOMEN - Khadlaj Perfumes,,,,,,,,,,,,,,,,,,,,,,,,,,,,,,,,,,,,,,,,,,,,,,,,,,,,,,,,,,,
peach-velvet-100-ml-extrait-de-parfum-for-women-top-women-fragrance-brand-uae,,,,,,,,,,,,,,,,,,,,,,,,,,,,,,,https://cdn.shopify.com/s/files/1/0626/6119/8023/files/PeachVelvet-02.jpg?v=1757677520,4,PEACH VELVET 100 ML EXTRAIT DE PARFUM FOR WOMEN - Khadlaj Perfumes,,,,,,,,,,,,,,,,,,,,,,,,,,,,,,,,,,,,,,,,,,,,,,,,,,,,,,,,,,,
mansion-eau-de-parfum-spray-for-unisex-scents-by-khadlaj-dubai-uae,KHADLAJ MANSION 100 ML EAU DE PARFUM SPRAY FOR MEN AND WOMEN,"<p>Khadlaj Mansion Eau de Parfum is a bold expression of refinement and indulgence, crafted for those who appreciate the art of luxury perfumery.</p>
<p>The fragrance opens with an intoxicating blend of cognac, raspberry, and nutty accords, setting a rich and sophisticated tone. At its heart, the warmth of tonka bean merges seamlessly with delicate rose, violet, and myrrh, creating depth and elegance. Finally, the scent rests on an irresistible base of sandalwood, oakmoss, praline, and caramel, leaving behind a sensual gourmand trail that is both powerful and unforgettable.</p>
<p>A perfect balance of strength and sweetness, Mansion Eau de Parfum is designed for those who command presence and leave a lasting impression.</p>",Khadlaj-perfumes,Health & Beauty > Personal Care > Cosmetics > Perfumes & Colognes > Eaux de Parfum,PERFUME SPRAY,"Deals, Men, Perfume Spray, UNISEX, Women",true,Size,100 ML,,,,,,,,'6298043070331,1000.0,shopify,deny,manual,85.00,120.00,true,true,,,,,'6298043070331,https://cdn.shopify.com/s/files/1/0626/6119/8023/files/mansion_2.jpg?v=1783942858,1,KHADLAJ MANSION 100 ML EAU DE PARFUM SPRAY FOR MEN AND WOMEN - Khadlaj Perfumes,false,BUY MANSION EAU DE PARFUM SPRAY LONG LASTING UNISEX SCENTS BY KHADLAJ,,,,,,,,,,,,,,"<div class=""pyramid-section_lists""><h6 style=""font-weight:600;"">Top Notes</h6>
<p>Cognac,  Raspberry, Nutty </p>
</div>
<div class=""pyramid-section_lists""><h6 style=""font-weight:600;"">Middle Notes</h6>
<p>Tonka Bean, Rose, Myrrh, Violet</p>
</div>
<div class=""pyramid-section_lists""><h6 style=""font-weight:600;"">Base Notes</h6>
<p>Sandalwood, Oakmoss, Praline, Caramel</p>
</div>",,,,,,,,,,everyday; casual; special-occasion; formal,,,fruity; rose; caramel; sandalwood,summer; spring; fall,male; unisex; female,,,,g,,,true,,,true,,,true,,,true,,,true,,,true,,,true,,,active
mansion-eau-de-parfum-spray-for-unisex-scents-by-khadlaj-dubai-uae,,,,,,,,,,,,,,,,,,,,,,,,,,,,,,,https://cdn.shopify.com/s/files/1/0626/6119/8023/files/mansion_1.jpg?v=1758517653,2,KHADLAJ MANSION 100 ML EAU DE PARFUM SPRAY FOR MEN AND WOMEN - Khadlaj Perfumes,,,,,,,,,,,,,,,,,,,,,,,,,,,,,,,,,,,,,,,,,,,,,,,,,,,,,,,,,,,
mansion-eau-de-parfum-spray-for-unisex-scents-by-khadlaj-dubai-uae,,,,,,,,,,,,,,,,,,,,,,,,,,,,,,,https://cdn.shopify.com/s/files/1/0626/6119/8023/files/Mansion-4.jpg?v=1758516798,3,KHADLAJ MANSION 100 ML EAU DE PARFUM SPRAY FOR MEN AND WOMEN - Khadlaj Perfumes,,,,,,,,,,,,,,,,,,,,,,,,,,,,,,,,,,,,,,,,,,,,,,,,,,,,,,,,,,,
mansion-eau-de-parfum-spray-for-unisex-scents-by-khadlaj-dubai-uae,,,,,,,,,,,,,,,,,,,,,,,,,,,,,,,https://cdn.shopify.com/s/files/1/0626/6119/8023/files/Mansion-2.jpg?v=1758516732,4,KHADLAJ MANSION 100 ML EAU DE PARFUM SPRAY FOR MEN AND WOMEN - Khadlaj Perfumes,,,,,,,,,,,,,,,,,,,,,,,,,,,,,,,,,,,,,,,,,,,,,,,,,,,,,,,,,,,
khadlaj-ria-100-ml-eau-de-parfum-spray-for-women-fruity-sweet-fragrance-for-women,KHADLAJ RIA 100 ML EAU DE PARFUM SPRAY FOR WOMEN,"<p>Step into a world of charm and confidence with Khadlaj RIA, a captivating fragrance designed for the modern woman. Opening with a delightful burst of cherry, mandarin orange, raspberry, and strawberry, this scent instantly awakens the senses with fruity sweetness.</p>
<p>At its heart, grapefruit and musk blend gracefully to add depth and sensuality, while the base notes of patchouli and blackcurrant leave a long-lasting, elegant trail.</p>
<p>Perfect for both day and evening wear, RIA is a fragrance that embodies femininity, freshness, and sophistication. A true reflection of timeless allure.</p>
<h2>Khadlaj Ria – A Fruity Feminine Fragrance Crafted for Modern Elegance</h2>
<p>One of the strongest means to convey personality is fragrance. Beautiful scent can make memories, boost confidence and make a lasting impression even after a person has walked out of the room. To female fragrance lovers in search of a blend of vibrant fruit scents and softness, elegance and a rather classy fragrance, Khadlaj Ria proposes a fragrance experience of a perfect balance to feel youthful, luxurious and easy to be feminine.</p>
<span id=""dots1""></span><span id=""more1"">
<p>Ria is a contemporary fruity-musky Eau de Parfum created by Khadlaj Perfumes that caters to the needs of women who enjoy sweetness in a sophisticated way. This perfume is a blend of juicy berries, crispy citrus, subtle musk, and classy patchouli, eloquently producing the scent profile that seems both energetic and graceful.</p>
<p>With the contemporary trend of fruity perfumes, Ria has become one of the new entries in the list of best perfumes for women can use to pursue fresh, colorful, and multi-purpose dazzles over luxury fragrances. Ria is a charmingly vibrant fruity opening full of musky depth which makes it the embodiment of the modern femininity.</p>
<p>Browsing high-end fragrance collections or looking at the Best perfume online, Ria has a scent experience that is modern, fun, and graceful, all at the same time.</p>
<h2>Discover the Fresh Fruity Elegance of Ria</h2>
<p>Ria by Khadlaj Perfumes is designed to suit women who love perfumes that are cheerful, feminine and mood elevating. Compared to too thick oriental perfumes or too gummy gourmand perfumes, Ria is a well-balanced compromise between fruity sweetness and elegant coolness.</p>
<p>This perfume starts with a bang of cherry, raspberry, strawberry and mandarin orange, which forms an instant fruity explosion. It is then given a freshness and softness with the taste of grapefruit and musk and a deeper fancy finish with patchouli and blackcurrant.</p>
<p>This is its layered composition providing Ria with a contemporary fruity-musky identity which is versatile and can be worn anytime and in any season.</p>
<p>Ria is one of the most successful premium women eau de parfum collections due to its capacity to merge fresh fruit juvenile energy with luxurious aesthetic.</p>
<h2>A Fragrance Designed for the Modern Woman</h2>
<p>Modern women often look for fragrances that match different moods and lifestyles. A perfume today should feel versatile enough for daily wear while still carrying enough sophistication for evenings and special occasions.</p>
<p>Ria embodies this balance beautifully.</p>
<p>It is ideal for women who:</p>
<ul>
<li>Enjoy fruity feminine fragrances</li>
<li>Prefer clean musky scents</li>
<li>Love soft sweetness</li>
<li>Appreciate modern luxury perfumes</li>
<li>Want a fresh signature fragrance</li>
<li>Enjoy versatile perfumes for day and night</li>
</ul>
<p>As one of the growing favorites among premium women fragrances, Ria appeals to women who appreciate fragrances that feel lively yet polished.</p>
<p>The scent feels equally suitable for:</p>
<ul>
<li>Daily office wear</li>
<li>Brunch outings</li>
<li>Casual luxury</li>
<li>Evening dinners</li>
<li>Travel</li>
<li>Summer gatherings</li>
<li>Romantic occasions</li>
</ul>
<p>Its adaptability makes it an excellent signature fragrance for women who enjoy modern feminine elegance.</p>
<h2>The Fragrance Notes of Khadlaj Ria</h2>
<p>A refreshing fruity-musky aroma is another factor that has made Ria popular amongst lovers of fragrances. The different layers of the fragrance add to an experience that is vibrant and elegant.</p>
<h3>Top Notes – Juicy Fruity Freshness</h3>
<p>The fragrance opens with:</p>
<ul>
<li>Mandarin Orange</li>
<li>Raspberry</li>
<li>Cherry</li>
<li>Strawberry</li>
</ul>
<p>There is an initial impression of fruitiness, playfulness, and freshness brought on by these fruity accords. The blend is juicy, sparkling and young yet sophisticated.</p>
<h3>Heart Notes – Fresh Musk and Citrus</h3>
<p>As the scent evolves, the heart reveals:</p>
<ul>
<li>Grapefruit</li>
<li>Musk</li>
</ul>
<p>The grapefruit introduces a tangy freshness while the musk softens the fragrance with a clean and elegant texture. This stage creates a smooth transition between fruity brightness and deeper warmth.</p>
<h3>Base Notes – Elegant Depth and Warmth</h3>
<p>The fragrance settles into:</p>
<ul>
<li>Patchouli</li>
<li>Blackcurrant</li>
</ul>
<p>These background notes are full, deep and refined. patchouli adds woody-earthiness, blackcurrant sweetening up the fruity playfulness of the dry-down.</p>
<p>All these layers were absorbed to create a scent that is felt vibrant, feminine, modern and luxurious during its period of wearing.</p>
<h2>Why Women Love Khadlaj Ria</h2>
<p>Ria has been fast becoming popular due to its perfume profile that is not intrusive but elegant. Women like the fact that the scent can be worn anytime, anywhere but at the same time provide character and class.</p>
<h3>1. Fruity Yet Sophisticated</h3>
<p>The fragrance is carrying with it juicy fruity sweetness not overwhelming or juvenile.</p>
<h3>2. Soft Feminine Musk</h3>
<p>The musky heart brings a touch of elegance and softness which is a counterbalance to the bright fruits.</p>
<h3>3. Comfortable Daily Wear</h3>
<p>Ria can be worn during the day at work, city trips, travel, and at casual luxury events.</p>
<h3>4. Attractive Modern Composition</h3>
<p>The blending fruit-musky-patchouli aroma is contemporary and trendy amid feminine warmth.</p>
<h3>5. Luxurious Presentation</h3>
<p>Khadlaj Perfumes is reputed to have a finely packaged and luxurious fragrance experiences that Ria embodies impeccably.</p>
<p>These features make Ria a good addition to any perfume for her who are interested in stylish perfumes and fragrances.</p>
<h2>The Rise of Fruity Perfumes in Modern Luxury Fragrance</h2>
<p>In contemporary perfumery, the fragrances of fruits are greatly enhanced. The olfactory offerings of today are no longer dandy candy perfumes. Fruity perfumes have become sophisticated, elegant and layered by the luxury perfume houses.</p>
<p>Modern fruity perfumes combine:</p>
<ul>
<li>Fresh fruits</li>
<li>Musk</li>
<li>Woods</li>
<li>Florals</li>
<li>Amber</li>
<li>Patchouli</li>
<li>Oriental notes</li>
</ul>
<p>This generates fragrances experiences that are not too sweet to touch.</p>
<p>It corresponds to the latest fragrance fashion news according to which fruity perfumes are still highly popular as consumers are increasingly favoring uplifting, all-purpose and mood-enhancing fragrances.</p>
<p>The Ria is an ideal example of this trend with its vinegar-like perfume smell of fruity fragrance and clean musk and patchouli richness.</p>
<p>In the case of women who want the most feminine fruity perfume for women, Ria presents freshness, femininity and luxurious in a perfect ratio.</p>
<h2>A Luxurious Arabic Fragrance Experience</h2>
<p>The Middle Eastern perfumery has earned world-wide admiration due to the luxurious nature of fragrances, long lasting compositions and style of applying fragrances, and in the process, the fragrance.</p>
<p>Khadlaj Perfumes is a blend of the traditional Arabian perfume application and the global trends in perfumes. Ria is a perfect acceptance of this fusion.</p>
<p>While Ria leans modern and fruity, its musky-patchouli richness and elegant structure still reflect the sophistication associated with premium Arabic perfumes for women.</p>
<p>Women who appreciate luxurious Middle Eastern fragrance aesthetics will enjoy:</p>
<ul>
<li>The smooth richness</li>
<li>The elegant layering</li>
<li>The refined musky depth</li>
<li>The lasting feminine trail</li>
</ul>
<p>Among collections of luxury Arabic perfume for women, Ria offers a more youthful and contemporary fruity interpretation while still maintaining luxurious oriental elegance.</p>
<h2>Fruity Perfumes and Feminine Identity</h2>
<p>Fragrance is deeply connected to personality and emotional expression. Fruity feminine fragrances often create impressions of:</p>
<ul>
<li>Confidence</li>
<li>Positivity</li>
<li>Warmth</li>
<li>Energy</li>
<li>Soft femininity</li>
<li>Modern style</li>
</ul>
<p>Ria captures all these emotions naturally.</p>
<p>The pineal berry aperture brings about cheeriness and playfulness, and the dry-down patchouli brings something sophisticated and profound. The fragrance was chosen as it creates an emotion balance that enables women to like a scent that is both daring and dignified.</p>
<p>Fruity-musky perfumes, such as Ria, remain on the rise to the top of the ranks of the modern luxury perfume for women collections due to their perception of universality of putting them on and their emotional uplifting features.</p>
<h2>The Importance of Long-Lasting Performance</h2>
<p>The most significant aspects of choosing premium fragrances are its performance. Women have begun to seek perfumes that have long lasting qualities yet they do not become overwhelming.</p>
<p>Ria delivers:</p>
<ul>
<li>Comfortable projection</li>
<li>Smooth wearability</li>
<li>Noticeable scent trail</li>
<li>Balanced intensity</li>
<li>Elegant longevity</li>
</ul>
<p>Many fragrance enthusiasts have praised the fragrance’s staying power and fruity-musky consistency throughout wear.</p>
<p>This makes it a desirable option for women looking for a dependable long lasting perfume for women suitable for everyday luxury.</p>
<h2>Women Perfume Dubai – Luxury Fragrance Culture</h2>
<p>Dubai has become one of the world’s leading destinations for luxury fragrances and oriental perfumery. The region’s fragrance culture values:</p>
<ul>
<li>Rich compositions</li>
<li>Long-lasting performance</li>
<li>Elegant packaging</li>
<li>Premium ingredients</li>
<li>Sophisticated scent layering</li>
</ul>
<p>With the increased demand of high quality women perfume Dubai collections, one brand such as Khadlaj Perfumes, has gained tremendous fame as a result of its high quality in providing premium perfume experiences on their customers, coupled with the travel of modern trends and Arabian culture commingled.</p>
<p>Ria is a perfect expression of the dynamic fragrance culture that is in Dubai, conjuring a blend of modern fruity freshness and elegant oriental undertone.</p>
<h2>The Influence of Oud and Oriental Luxury</h2>
<p>Though it is not a conventional oud-heavy fragrance, the musky patchouli base of Ria brings about a sense of warmth and sophistication in the fragrance that is commonly enjoyed by oriental perfume lovers.</p>
<p>Women searching for:</p>
<ul>
<li>luxury oud perfume</li>
<li>rich feminine fragrances</li>
<li>modern oriental scents</li>
<li>elegant Arabic perfumes</li>
</ul>
<p>often appreciate perfumes that offer similar luxurious warmth and depth.</p>
<p>Ria achieves this through its balanced fruity-oriental composition that feels modern, feminine, and luxurious without becoming overly intense.</p>
<h2>A Versatile Fragrance for Every Occasion</h2>
<p>One of the strongest features of Ria is its versatility. The fragrance adapts beautifully to different moods, settings, and seasons.</p>
<h3>Daytime Freshness</h3>
<p>The fruity citrus opening makes Ria perfect for daytime wear, office settings, and casual outings.</p>
<h3>Romantic Evenings</h3>
<p>The musky patchouli dry-down creates softness and sensuality ideal for dinner dates and evening elegance.</p>
<h3>Summer and Spring Wear</h3>
<p>The juicy berry freshness feels especially beautiful during warmer seasons.</p>
<h3>Everyday Signature Fragrance</h3>
<p>Its balanced composition allows it to become a comfortable daily signature scent.</p>
<p>This versatility makes it one of the most attractive choices among premium women eau de parfum collections.</p>
<h2>Why Women Prefer Shopping Perfumes Online</h2>
<p>Online fragrance shopping has transformed the way customers discover luxury perfumes. Today, many women prefer browsing fragrances online because it offers convenience and wider product discovery.</p>
<p>Shopping for women’s perfume online allows customers to:</p>
<ul>
<li>Explore fragrance notes</li>
<li>Read perfume descriptions</li>
<li>Discover new collections</li>
<li>Compare scent styles</li>
<li>Access luxury brands</li>
<li>Enjoy convenient home delivery</li>
</ul>
<p>For women searching for the Best perfume online, Khadlaj Perfumes offers an elegant and accessible luxury fragrance experience.</p>
<p>Ria has become one of the attractive fruity feminine fragrances available through modern perfume e-commerce platforms.</p>
<h2>Khadlaj Perfumes – Crafting Modern Luxury Fragrance</h2>
<p>Khadlaj Perfumes has a gift of integrating the ancient craftsmanship of Arabian perfumes with the current world trends of perfumes.</p>
<p>The brand is known to be:</p>
<ul>
<li>Premium fragrance ingredients</li>
<li>Luxurious packaging</li>
<li>Elegant scent compositions</li>
<li>Long-lasting fragrances</li>
<li>Modern oriental interpretations</li>
<li>Sophisticated feminine and masculine collections</li>
</ul>
<p>Ria reflects the brand’s ability to create youthful luxury fragrances that feel modern while maintaining Middle Eastern elegance.</p>
<p>Among collections of premium women fragrances, Khadlaj Perfumes continues to attract fragrance lovers worldwide.</p>
<h2>The Emotional Power of Fragrance</h2>
<p>Perfume has the ability to create emotional experiences and memorable impressions. Fruity feminine perfumes can remind:</p>
<ul>
<li>Joy</li>
<li>Freshness</li>
<li>Confidence</li>
<li>Softness</li>
<li>Attraction</li>
<li>Comfort</li>
</ul>
<p>Ria creates exactly this emotional atmosphere.</p>
<p>Its juicy fruits feel lively and uplifting, while the musk and patchouli create elegance and softness that linger beautifully throughout the day.</p>
<p>Women who wear Ria often appreciate how effortlessly feminine and easy-to-wear the fragrance feels.</p>
<h2>The Perfect Gift for Women</h2>
<p>Luxury fragrances remain one of the most timeless and elegant gifts for women. Ria makes an excellent gifting option because of its universally appealing fruity-musky profile.</p>
<p>It is ideal for:</p>
<ul>
<li>Birthdays</li>
<li>Anniversaries</li>
<li>Festive celebrations</li>
<li>Romantic gifts</li>
<li>Everyday luxury gifting</li>
</ul>
<p>Women who enjoy:</p>
<ul>
<li>fruity perfumes</li>
<li>musky feminine fragrances</li>
<li>modern luxury scents</li>
<li>Arabic-inspired perfumes</li>
</ul>
<p>will especially appreciate the elegant balance of freshness and warmth that Ria offers.</p>
<h2>Experience the Feminine Luxury of Khadlaj Ria</h2>
<p>Khadlaj Ria is more than just a fragrance. It is a celebration of femininity, freshness, elegance, and modern luxury.</p>
<p>From its juicy berry-citrus opening to its clean musky heart and sophisticated patchouli finish, every layer of the fragrance is designed to create a refined and memorable experience.</p>
<p>Whether you are searching for:</p>
<ul>
<li>the best perfumes for women</li>
<li>premium women eau de parfum</li>
<li>elegant Arabic perfumes for women</li>
<li>a versatile luxury perfume for women</li>
<li>or the Best perfume online</li>
</ul>
<p>Ria offers a fragrance journey that feels vibrant, luxurious, and beautifully feminine.</p>
<p>Discover the luxurious world of Khadlaj Perfumes and experience why Ria continues to stand out among modern fruity feminine fragrances.</p>
</span>
<button onclick=""myFunction()"" id=""myBtn1"" style=""background-color: black;color: white;padding: 7px;border-radius: 10px;"">Read more</button>
<style>
#more1 {display: none;}
</style>
<script>
function myFunction() {
  var dots1 = document.getElementById(""dots1"");
  var more1Text = document.getElementById(""more1"");
  var btnText = document.getElementById(""myBtn1"");

  if (dots1.style.display === ""none"") {
	dots1.style.display = ""inline"";
	btnText.innerHTML = ""Read more""; 
	more1Text.style.display = ""none"";
  } else {
	dots1.style.display = ""none"";
	btnText.innerHTML = ""Read less""; 
	more1Text.style.display = ""inline"";
  }
}
</script>",Khadlaj-perfumes,Health & Beauty > Personal Care > Cosmetics > Perfumes & Colognes > Eaux de Parfum,PERFUME SPRAY,"Deals, Perfume Spray, Women",true,Size,100 ML,,,,,,,,'6298043070485,650.0,shopify,deny,manual,100.00,150.00,true,true,,,,,'6298043070485,https://cdn.shopify.com/s/files/1/0626/6119/8023/files/Ria-3.jpg?v=1783941881,1,KHADLAJ RIA 100 ML EAU DE PARFUM SPRAY FOR WOMEN - Khadlaj Perfumes,false,Khadlaj Ria Fruity Sweet Floral Musk Perfume for Women Online,"Khadlaj Ria blends fruity, sweet, and floral musk notes, creating a luxurious perfume for women who enjoy elegant and feminine scents.",,,,,,,,,,,,,"<div class=""pyramid-section_lists""><h6 style=""font-weight:600;"">Top Notes</h6>
<p>Cherry, Mandarin Orange  Raspberry, Strawberry</p>
</div>
<div class=""pyramid-section_lists""><h6 style=""font-weight:600;"">Middle Notes</h6>
<p>Grapefruit, Musk</p>
</div>
<div class=""pyramid-section_lists""><h6 style=""font-weight:600;"">Base Notes</h6>
<p>Patchouli, Blackcurrant</p>
</div>",,,,,,,,,,everyday; casual; special-occasion; formal,,,fruity; strawberry; musk; patchouli,summer; spring; fall,female,,,,g,,,true,,,true,,,true,,,true,,,true,,,true,,,true,,,active
khadlaj-ria-100-ml-eau-de-parfum-spray-for-women-fruity-sweet-fragrance-for-women,,,,,,,,,,,,,,,,,,,,,,,,,,,,,,,https://cdn.shopify.com/s/files/1/0626/6119/8023/files/Ria-1.jpg?v=1760188171,2,KHADLAJ RIA 100 ML EAU DE PARFUM SPRAY FOR WOMEN - Khadlaj Perfumes,,,,,,,,,,,,,,,,,,,,,,,,,,,,,,,,,,,,,,,,,,,,,,,,,,,,,,,,,,,
khadlaj-ria-100-ml-eau-de-parfum-spray-for-women-fruity-sweet-fragrance-for-women,,,,,,,,,,,,,,,,,,,,,,,,,,,,,,,https://cdn.shopify.com/s/files/1/0626/6119/8023/files/Ria-2.jpg?v=1760188286,3,KHADLAJ RIA 100 ML EAU DE PARFUM SPRAY FOR WOMEN - Khadlaj Perfumes,,,,,,,,,,,,,,,,,,,,,,,,,,,,,,,,,,,,,,,,,,,,,,,,,,,,,,,,,,,
khadlaj-ria-100-ml-eau-de-parfum-spray-for-women-fruity-sweet-fragrance-for-women,,,,,,,,,,,,,,,,,,,,,,,,,,,,,,,https://cdn.shopify.com/s/files/1/0626/6119/8023/files/Ria-4.jpg?v=1760188371,4,KHADLAJ RIA 100 ML EAU DE PARFUM SPRAY FOR WOMEN - Khadlaj Perfumes,,,,,,,,,,,,,,,,,,,,,,,,,,,,,,,,,,,,,,,,,,,,,,,,,,,,,,,,,,,
special-edition-shiyaaka-snow-100-ml-eau-de-parfum-for-men,SPECIAL EDITION SHIYAAKA SNOW 100 ML EAU DE PARFUM FOR MEN,"<p>Discover Shiyaaka Snow by Khadlaj Perfumes, a special edition fragrance that defines masculine freshness and elegance. The scent opens with vibrant Mandarin Orange, Citrus Notes, and Bergamot, followed by a spicy heart of Neroli, Nutmeg, and Pink Pepper. Finally, it settles into a warm and lasting base of Indonesian Vetiver Oil and Cardamom.</p>
<p>A refreshing, confident, and timeless scent crafted for men who stand out with effortless style.</p>",Khadlaj-perfumes,Health & Beauty > Personal Care > Cosmetics > Perfumes & Colognes > Eaux de Parfum,PERFUME SPRAY,"Deals, Men, Perfume Spray",true,Size,100 ML,,,,,,,,'6291107979335,1000.0,shopify,deny,manual,100.00,150.00,true,true,,,,,'6291107979335,https://cdn.shopify.com/s/files/1/0626/6119/8023/files/Shiyaaka_Shadow-3_bef3b7fa-b2c9-4ec5-adcc-0b3f9ac42034.jpg?v=1783941783,1,SPECIAL EDITION SHIYAAKA SNOW 100 ML EAU DE PARFUM FOR MEN - Khadlaj Perfumes,false,KHADLAJ SHIYAAKA SNOW | SPECIAL EDITION Luxury Perfume For Men Online,"Shop Khadlaj Shiyaaka Shadow 100 ml Eau de Parfum - premium perfume for men eau de parfum with pink pepper, grapefruit & lavender fragrance.",,,,,,,,,,,,,"<div class=""pyramid-section_lists""><h6 style=""font-weight:600;"">Top Notes</h6>
<p>Mandarin Orange, Citrus Notes, Bergamot</p>
</div>
<div class=""pyramid-section_lists""><h6 style=""font-weight:600;"">Middle Notes</h6>
<p>Neroli, Nutmeg, Pink Pepper</p>
</div>
<div class=""pyramid-section_lists""><h6 style=""font-weight:600;"">Base Notes</h6>
<p> Indonesian Vetivar Oil, Cardamom</p>
</div>",,,,,,,,,,everyday; casual; special-occasion; formal,,,fresh; citrus; spicy; woody,spring; fall; winter,male,,,,g,,,true,,,true,,,true,,,true,,,true,,,true,,,true,,,active
special-edition-shiyaaka-snow-100-ml-eau-de-parfum-for-men,,,,,,,,,,,,,,,,,,,,,,,,,,,,,,,https://cdn.shopify.com/s/files/1/0626/6119/8023/files/shiyaaka-snow.png?v=1781615422,2,SPECIAL EDITION SHIYAAKA SNOW 100 ML EAU DE PARFUM FOR MEN - Khadlaj Perfumes,,,,,,,,,,,,,,,,,,,,,,,,,,,,,,,,,,,,,,,,,,,,,,,,,,,,,,,,,,,
special-edition-shiyaaka-snow-100-ml-eau-de-parfum-for-men,,,,,,,,,,,,,,,,,,,,,,,,,,,,,,,https://cdn.shopify.com/s/files/1/0626/6119/8023/files/Shiyaaka_Shadow-2_6e5dfad3-1107-4934-9381-530aab4947df.jpg?v=1761113292,3,SPECIAL EDITION SHIYAAKA SNOW 100 ML EAU DE PARFUM FOR MEN - Khadlaj Perfumes,,,,,,,,,,,,,,,,,,,,,,,,,,,,,,,,,,,,,,,,,,,,,,,,,,,,,,,,,,,
special-edition-shiyaaka-snow-100-ml-eau-de-parfum-for-men,,,,,,,,,,,,,,,,,,,,,,,,,,,,,,,https://cdn.shopify.com/s/files/1/0626/6119/8023/files/Shiyaaka_Shadow-4_13f3f1d4-46c2-4070-949b-5d8f081fdb55.jpg?v=1761113342,4,SPECIAL EDITION SHIYAAKA SNOW 100 ML EAU DE PARFUM FOR MEN - Khadlaj Perfumes,,,,,,,,,,,,,,,,,,,,,,,,,,,,,,,,,,,,,,,,,,,,,,,,,,,,,,,,,,,
special-edition-shiyaaka-snow-100-ml-eau-de-parfum-for-men,,,,,,,,,,,,,,,,,,,,,,,,,,,,,,,https://cdn.shopify.com/s/files/1/0626/6119/8023/files/Shiyaaka_Snow-Infographics.jpg?v=1761113401,5,SPECIAL EDITION SHIYAAKA SNOW 100 ML EAU DE PARFUM FOR MEN - Khadlaj Perfumes,,,,,,,,,,,,,,,,,,,,,,,,,,,,,,,,,,,,,,,,,,,,,,,,,,,,,,,,,,,
khadlaj-nafais-magrib-100-ml-eau-de-parfum-for-men-women,KHADLAJ NAFAIS MAGRIB 100 ML EAU DE PARFUM FOR MEN & WOMEN,"<p>Experience the refreshing harmony of Nafais Magrib by Khadlaj Perfumes, a unisex fragrance that captures the essence of modern sophistication and timeless freshness.</p>
<p>The scent opens with vibrant Yuzu, Grapefruit, and Mandarin, creating an invigorating citrus burst. The heart reveals a delightful blend of Tropical Fruits and Galbanum, adding a lush, green sweetness. Finally, the fragrance settles into a smooth and airy base of Ozonic, Aldehydes, and Musk, leaving a clean, elegant trail that lingers beautifully.</p>
<p>Perfect for everyday wear, Nafais Magrib embodies freshness, energy, and understated luxury. A fragrance that truly shines from day to night.</p>",Khadlaj-perfumes,Health & Beauty > Personal Care > Cosmetics > Perfumes & Colognes > Eaux de Parfum,PERFUME SPRAY,"Deals, Men, Perfume Spray, UNISEX, Women",true,Size,100 ML,,,,,,,,'6298043070010,1000.0,shopify,continue,manual,95.00,125.00,true,true,,,,,'6298043070010,https://cdn.shopify.com/s/files/1/0626/6119/8023/files/Nafais_Magrib-3.jpg?v=1783940515,1,KHADLAJ NAFAIS MAGRIB 100 ML EAU DE PARFUM FOR MEN & WOMEN - Khadlaj Perfumes,false,KHADLAJ NAFAIS MAGRIB 100 ML EAU DE PARFUM FOR MEN & WOMEN ,"Shop Khadlaj Nafais Sharq 100 ml Eau de Parfum - a premium perfume for women eau de parfum. Experience luminous florals, creamy fruits & deep musky warmth by Khadlaj.",,,,,,,,,,,,,"<div class=""pyramid-section_lists""><h6 style=""font-weight:600;"">Top Notes</h6>
<p>Yuzu, Grapefruit, Mandarin</p>
</div>
<div class=""pyramid-section_lists""><h6 style=""font-weight:600;"">Middle Notes</h6>
<p>Tropical Fruits, Galbanum</p>
</div>
<div class=""pyramid-section_lists""><h6 style=""font-weight:600;"">Base Notes</h6>
<p>Ozonic, Aldehydes, Musk</p>
</div>",,,,,,,,,,everyday; casual; special-occasion; formal,,,fruity; citrus; spicy; vanilla,spring; winter; fall,unisex,,,,g,,,true,,,true,,,true,,,true,,,true,,,true,,,true,,,active
khadlaj-nafais-magrib-100-ml-eau-de-parfum-for-men-women,,,,,,,,,,,,,,,,,,,,,,,,,,,,,,,https://cdn.shopify.com/s/files/1/0626/6119/8023/files/NafaisMagrib-1.jpg?v=1761115734,2,KHADLAJ NAFAIS MAGRIB 100 ML EAU DE PARFUM FOR MEN & WOMEN - Khadlaj Perfumes,,,,,,,,,,,,,,,,,,,,,,,,,,,,,,,,,,,,,,,,,,,,,,,,,,,,,,,,,,,
khadlaj-nafais-magrib-100-ml-eau-de-parfum-for-men-women,,,,,,,,,,,,,,,,,,,,,,,,,,,,,,,https://cdn.shopify.com/s/files/1/0626/6119/8023/files/KV-MAGRIB_revised_RESIZE_0360b6d6-6823-45f8-969c-6541e2f316ed.png?v=1771044919,3,KHADLAJ NAFAIS MAGRIB 100 ML EAU DE PARFUM FOR MEN & WOMEN - Khadlaj Perfumes,,,,,,,,,,,,,,,,,,,,,,,,,,,,,,,,,,,,,,,,,,,,,,,,,,,,,,,,,,,
khadlaj-nafais-magrib-100-ml-eau-de-parfum-for-men-women,,,,,,,,,,,,,,,,,,,,,,,,,,,,,,,https://cdn.shopify.com/s/files/1/0626/6119/8023/files/Nafais_Magrib-Infographics.jpg?v=1771044919,4,KHADLAJ NAFAIS MAGRIB 100 ML EAU DE PARFUM FOR MEN & WOMEN - Khadlaj Perfumes,,,,,,,,,,,,,,,,,,,,,,,,,,,,,,,,,,,,,,,,,,,,,,,,,,,,,,,,,,,
khadlaj-nafais-magrib-100-ml-eau-de-parfum-for-men-women,,,,,,,,,,,,,,,,,,,,,,,,,,,,,,,https://cdn.shopify.com/s/files/1/0626/6119/8023/files/NafaisMagrib.jpg?v=1771044919,5,KHADLAJ NAFAIS MAGRIB 100 ML EAU DE PARFUM FOR MEN & WOMEN - Khadlaj Perfumes,,,,,,,,,,,,,,,,,,,,,,,,,,,,,,,,,,,,,,,,,,,,,,,,,,,,,,,,,,,
oud-pure-oud-galazaid-60-ml-master-perfumer-collection-edp-spray-for-men-women,OUD PURE OUD GALAZAID 60 ML MASTER PERFUMER COLLECTION EDP SPRAY FOR MEN & WOMEN,"<p>Created by our Founder &amp; Master Perfumer, Mr. Mohamed Iqbal Abdul Sattar, Oud Pure Oud Galazaid from Khadlaj’s Master Perfumer Collection invites you to immerse yourself in the richness of oriental luxury. Crafted for true connoisseurs of fine fragrance, this scent embodies depth, warmth, and timeless sophistication.</p>
<p>The fragrance opens with the delicate aroma of Indian Rose, unfolding into an exquisite heart of Shama Amber, Indian Sandalwood, and Dehn Al Oudh. It settles into a powerful Oud base, leaving a long-lasting and elegant trail that reflects pure opulence.</p>
<p>Perfect for special occasions or everyday luxury, Oud Pure Oud Galazaid is a celebration of the art of perfumery in its purest form.</p>",Khadlaj-perfumes,Health & Beauty > Personal Care > Cosmetics > Perfumes & Colognes > Eaux de Parfum,PERFUME SPRAY,"Deals, Men, Perfume Spray, UNISEX, Women",true,Size,60 ML,,,,,,,,'6291107979588,1000.0,shopify,deny,manual,150.00,200.00,true,true,,,,,'6291107979588,https://cdn.shopify.com/s/files/1/0626/6119/8023/files/OudGalazaid-1.jpg?v=1761124773,1,OUD PURE OUD GALAZAID 60 ML MASTER PERFUMER COLLECTION EDP SPRAY FOR MEN & WOMEN - Khadlaj Perfumes,false,,,479,,,,,,,,,,,,"<div class=""pyramid-section_lists""><h6 style=""font-weight:600;"">Top Notes</h6>
<p>Indian Rose</p>
</div>
<div class=""pyramid-section_lists""><h6 style=""font-weight:600;"">Middle Notes</h6>
<p>Shama Amber, Indian Sandalwood, Dehn Al Oudh</p>
</div>
<div class=""pyramid-section_lists""><h6 style=""font-weight:600;"">Base Notes</h6>
<p>Oud</p>
</div>",,,,,,,,,,everyday; formal; special-occasion,,,woody; oriental; amber,winter; fall; spring,unisex,,,,g,,,true,,,true,,,true,,,true,,,true,,,true,,,true,,,active
oud-pure-oud-galazaid-60-ml-master-perfumer-collection-edp-spray-for-men-women,,,,,,,,,,,,,,,,,,,,,,,,,,,,,,,https://cdn.shopify.com/s/files/1/0626/6119/8023/files/Oud_Galazaid-3.jpg?v=1761124822,2,OUD PURE OUD GALAZAID 60 ML MASTER PERFUMER COLLECTION EDP SPRAY FOR MEN & WOMEN - Khadlaj Perfumes,,,,,,,,,,,,,,,,,,,,,,,,,,,,,,,,,,,,,,,,,,,,,,,,,,,,,,,,,,,
oud-pure-oud-galazaid-60-ml-master-perfumer-collection-edp-spray-for-men-women,,,,,,,,,,,,,,,,,,,,,,,,,,,,,,,https://cdn.shopify.com/s/files/1/0626/6119/8023/files/Oud_Galazaid-4.jpg?v=1761124960,3,OUD PURE OUD GALAZAID 60 ML MASTER PERFUMER COLLECTION EDP SPRAY FOR MEN & WOMEN - Khadlaj Perfumes,,,,,,,,,,,,,,,,,,,,,,,,,,,,,,,,,,,,,,,,,,,,,,,,,,,,,,,,,,,
oud-pure-oud-galazaid-60-ml-master-perfumer-collection-edp-spray-for-men-women,,,,,,,,,,,,,,,,,,,,,,,,,,,,,,,https://cdn.shopify.com/s/files/1/0626/6119/8023/files/Oud_Galazaid-Infographics.jpg?v=1761127964,4,OUD PURE OUD GALAZAID 60 ML MASTER PERFUMER COLLECTION EDP SPRAY FOR MEN & WOMEN - Khadlaj Perfumes,,,,,,,,,,,,,,,,,,,,,,,,,,,,,,,,,,,,,,,,,,,,,,,,,,,,,,,,,,,
oud-pure-oud-galazaid-60-ml-master-perfumer-collection-edp-spray-for-men-women,,,,,,,,,,,,,,,,,,,,,,,,,,,,,,,https://cdn.shopify.com/s/files/1/0626/6119/8023/files/Oud_Galazaid-2.jpg?v=1761124891,5,OUD PURE OUD GALAZAID 60 ML MASTER PERFUMER COLLECTION EDP SPRAY FOR MEN & WOMEN - Khadlaj Perfumes,,,,,,,,,,,,,,,,,,,,,,,,,,,,,,,,,,,,,,,,,,,,,,,,,,,,,,,,,,,
oud-pure-oud-barakat-60-ml-master-perfumer-collection-edp-spray-for-men-women,OUD PURE OUD BARAKAT 60 ML MASTER PERFUMER COLLECTION EDP SPRAY FOR MEN & WOMEN,"<p>Immerse yourself in the luxurious depth of Oud Pure Oud Barakat by Khadlaj Perfumes, an exquisite creation from the Master Perfumer Collection, created by our Founder &amp; Master Perfumer, Mr. Mohamed Iqbal Abdul Sattar. Crafted for those who appreciate the richness of oriental elegance, this fragrance is a tribute to timeless sophistication and pure opulence.</p>
<p>The scent opens with earthy Vetiver, warm Saffron, and aromatic Nagarmotha, setting a bold and captivating tone. The heart reveals a sensual blend of Saffron and Musk, adding depth and allure. Finally, the fragrance settles into a powerful base of Dehn Al Oudh, leaving a long-lasting, regal trail.</p>",Khadlaj-perfumes,Health & Beauty > Personal Care > Cosmetics > Perfumes & Colognes > Eaux de Parfum,PERFUME SPRAY,"Deals, Men, Perfume Spray, UNISEX, Women",true,Size,60 ML,,,,,,,,'6291107979564,1000.0,shopify,deny,manual,150.00,200.00,true,true,,,,,'6291107979564,https://cdn.shopify.com/s/files/1/0626/6119/8023/files/Oud_Barakat-3.jpg?v=1783940266,1,OUD PURE OUD BARAKAT 60 ML MASTER PERFUMER COLLECTION EDP SPRAY FOR MEN & WOMEN - Khadlaj Perfumes,false,,,479,,,,,,,,,,,,"<div class=""pyramid-section_lists""><h6 style=""font-weight:600;"">Top Notes</h6>
<p>Vetivar, Saffron, Nagarmotha</p>
</div>
<div class=""pyramid-section_lists""><h6 style=""font-weight:600;"">Middle Notes</h6>
<p>Saffron, Musk</p>
</div>
<div class=""pyramid-section_lists""><h6 style=""font-weight:600;"">Base Notes</h6>
<p>Dehn Al Oudh</p>
</div>",,,,,,,,,,everyday; formal; special-occasion,,,saffron; woody; oriental; musk,winter; fall; spring,unisex,,,,g,,,true,,,true,,,true,,,true,,,true,,,true,,,true,,,active
oud-pure-oud-barakat-60-ml-master-perfumer-collection-edp-spray-for-men-women,,,,,,,,,,,,,,,,,,,,,,,,,,,,,,,https://cdn.shopify.com/s/files/1/0626/6119/8023/files/OudBarakat-1.jpg?v=1761128736,2,OUD PURE OUD BARAKAT 60 ML MASTER PERFUMER COLLECTION EDP SPRAY FOR MEN & WOMEN - Khadlaj Perfumes,,,,,,,,,,,,,,,,,,,,,,,,,,,,,,,,,,,,,,,,,,,,,,,,,,,,,,,,,,,
oud-pure-oud-barakat-60-ml-master-perfumer-collection-edp-spray-for-men-women,,,,,,,,,,,,,,,,,,,,,,,,,,,,,,,https://cdn.shopify.com/s/files/1/0626/6119/8023/files/Oud_Barakat-4.jpg?v=1761128935,3,OUD PURE OUD BARAKAT 60 ML MASTER PERFUMER COLLECTION EDP SPRAY FOR MEN & WOMEN - Khadlaj Perfumes,,,,,,,,,,,,,,,,,,,,,,,,,,,,,,,,,,,,,,,,,,,,,,,,,,,,,,,,,,,
oud-pure-oud-barakat-60-ml-master-perfumer-collection-edp-spray-for-men-women,,,,,,,,,,,,,,,,,,,,,,,,,,,,,,,https://cdn.shopify.com/s/files/1/0626/6119/8023/files/Oud_Barakat-Infographics.jpg?v=1761128957,4,OUD PURE OUD BARAKAT 60 ML MASTER PERFUMER COLLECTION EDP SPRAY FOR MEN & WOMEN - Khadlaj Perfumes,,,,,,,,,,,,,,,,,,,,,,,,,,,,,,,,,,,,,,,,,,,,,,,,,,,,,,,,,,,
oud-pure-oud-barakat-60-ml-master-perfumer-collection-edp-spray-for-men-women,,,,,,,,,,,,,,,,,,,,,,,,,,,,,,,https://cdn.shopify.com/s/files/1/0626/6119/8023/files/Oud_Barakat-2.jpg?v=1761130065,5,OUD PURE OUD BARAKAT 60 ML MASTER PERFUMER COLLECTION EDP SPRAY FOR MEN & WOMEN - Khadlaj Perfumes,,,,,,,,,,,,,,,,,,,,,,,,,,,,,,,,,,,,,,,,,,,,,,,,,,,,,,,,,,,
oud-pure-oud-barakat-60-ml-master-perfumer-collection-edp-spray-for-men-women-copy,OUD PURE OUD JUMEIRAH 60 ML MASTER PERFUMER COLLECTION EDP SPRAY FOR MEN & WOMEN,"<p>Created by our Founder &amp; Master Perfumer, Mr. Mohamed Iqbal Abdul Sattar, Oud Pure Oud Jumeirah from the Master Perfumer Collection invites you to immerse yourself in true luxury. This sophisticated unisex fragrance captures the essence of Arabian elegance blended seamlessly with modern refinement.</p>
<p>The fragrance opens with the rich depth of Agarwood (Oud) paired with the warm spice of Saffron, setting an opulent and commanding tone. At its heart, a graceful fusion of Bulgarian Rose, Turkish Rose, and Vanilla unfolds, revealing floral warmth balanced by creamy sweetness.</p>
<p>As it evolves, the scent lingers into a sensual base of Pink Pepper, Indian Oud, and Amber, adding depth and character. Finally, the fragrance settles into a powerful base of Dehn Al Oudh, leaving a long-lasting, regal trail that is both bold and unforgettable.</p>
<p>Perfect for evening wear and special occasions, Oud Pure Oud Jumeirah is a true statement of class—crafted for those who appreciate the art of fine perfumery.</p>",Khadlaj-perfumes,Health & Beauty > Personal Care > Cosmetics > Perfumes & Colognes > Eaux de Parfum,PERFUME SPRAY,"Deals, Men, Perfume Spray, UNISEX, Women",true,Size,60 ML,,,,,,,,'6291107979595,1000.0,shopify,deny,manual,150.00,200.00,true,true,,,,,'6291107979595,https://cdn.shopify.com/s/files/1/0626/6119/8023/files/Oud_Jumeirah-3.jpg?v=1783940923,1,OUD PURE OUD JUMEIRAH 60 ML MASTER PERFUMER COLLECTION EDP SPRAY FOR MEN & WOMEN - Khadlaj Perfumes,false,,,479,,,,,,,,,,,,"<div class=""pyramid-section_lists""><h6 style=""font-weight:600;"">Top Notes</h6>
<p>Agarwood, Saffron </p>
</div>
<div class=""pyramid-section_lists""><h6 style=""font-weight:600;"">Middle Notes</h6>
<p>Bulgarian Rose, Turkish Rose, Vanilla</p>
</div>
<div class=""pyramid-section_lists""><h6 style=""font-weight:600;"">Base Notes</h6>
<p>Pink Pepper, Indian Oud, Amber</p>
</div>",,,,,,,,,,everyday; formal; special-occasion,,,saffron; rose; musk; amber; oriental,winter; fall; spring,unisex,,,,g,,,true,,,true,,,true,,,true,,,true,,,true,,,true,,,active
oud-pure-oud-barakat-60-ml-master-perfumer-collection-edp-spray-for-men-women-copy,,,,,,,,,,,,,,,,,,,,,,,,,,,,,,,https://cdn.shopify.com/s/files/1/0626/6119/8023/files/OudJumeirah-1.jpg?v=1761130599,2,OUD PURE OUD JUMEIRAH 60 ML MASTER PERFUMER COLLECTION EDP SPRAY FOR MEN & WOMEN - Khadlaj Perfumes,,,,,,,,,,,,,,,,,,,,,,,,,,,,,,,,,,,,,,,,,,,,,,,,,,,,,,,,,,,
oud-pure-oud-barakat-60-ml-master-perfumer-collection-edp-spray-for-men-women-copy,,,,,,,,,,,,,,,,,,,,,,,,,,,,,,,https://cdn.shopify.com/s/files/1/0626/6119/8023/files/Oud_Jumeirah-4.jpg?v=1761130844,3,OUD PURE OUD JUMEIRAH 60 ML MASTER PERFUMER COLLECTION EDP SPRAY FOR MEN & WOMEN - Khadlaj Perfumes,,,,,,,,,,,,,,,,,,,,,,,,,,,,,,,,,,,,,,,,,,,,,,,,,,,,,,,,,,,
oud-pure-oud-barakat-60-ml-master-perfumer-collection-edp-spray-for-men-women-copy,,,,,,,,,,,,,,,,,,,,,,,,,,,,,,,https://cdn.shopify.com/s/files/1/0626/6119/8023/files/Oud_Jumeirah-Infographics.jpg?v=1761130859,4,OUD PURE OUD JUMEIRAH 60 ML MASTER PERFUMER COLLECTION EDP SPRAY FOR MEN & WOMEN - Khadlaj Perfumes,,,,,,,,,,,,,,,,,,,,,,,,,,,,,,,,,,,,,,,,,,,,,,,,,,,,,,,,,,,
oud-pure-oud-barakat-60-ml-master-perfumer-collection-edp-spray-for-men-women-copy,,,,,,,,,,,,,,,,,,,,,,,,,,,,,,,https://cdn.shopify.com/s/files/1/0626/6119/8023/files/Oud_Jumeirah-2.jpg?v=1761130750,5,OUD PURE OUD JUMEIRAH 60 ML MASTER PERFUMER COLLECTION EDP SPRAY FOR MEN & WOMEN - Khadlaj Perfumes,,,,,,,,,,,,,,,,,,,,,,,,,,,,,,,,,,,,,,,,,,,,,,,,,,,,,,,,,,,
frash-sara-air-freshener-320ml-for-home-office-and-car,FRASH SARA AIR FRESHENER 320ML,"<p>Experience a refreshing burst of luxury with Frash Sara Air Freshener from the house of Khadlaj Perfumes. This 320 ML air freshener beautifully blends sophistication and serenity, transforming any space into an oasis of fragrance.</p>
<p>The scent opens with bright notes of Bergamot, Jasmine, and Berries, leading into a romantic heart of Rose and Geranium. The fragrance settles into a warm base of Musk and Amber, leaving behind a lingering aura of freshness and elegance.</p>
<p>Perfect for your home, car, or office, Frash Sara elevates every moment with its long-lasting, exquisite scent.</p>",Khadlaj Perfumes,Home & Garden > Decor > Home Fragrances > Air Fresheners,AIR FRESHENER,AIR FRESHNER,true,Size,320 ML,,,,,,,,'6298043070133,500.0,shopify,deny,manual,38.00,,true,true,,,,,'6298043070133,https://cdn.shopify.com/s/files/1/0626/6119/8023/files/Sara-1.jpg?v=1761544374,1,FRASH SARA AIR FRESHENER 320ML - Khadlaj Perfumes,false,"FRASH SARA AIR FRESHENER 320ML | Air Fresheners For Home, Office & Car",,,,,,,,,,,,,,"<div class=""pyramid-section_lists""><h6 style=""font-weight:600;"">Top Notes</h6>
<p>Bergamoit, Jasmine, Berries</p>
</div>
<div class=""pyramid-section_lists""><h6 style=""font-weight:600;"">Middle Notes</h6>
<p>Rose, Geranium</p>
</div>
<div class=""pyramid-section_lists""><h6 style=""font-weight:600;"">Base Notes</h6>
<p>Musk, Amber</p>
</div>",,,,,pink; geometric,,,,,,,,fruity; rose; musk; amber,,,,,,g,,,true,,,true,,,true,,,true,,,true,,,true,,,true,,,active
frash-sara-air-freshener-320ml-for-home-office-and-car,,,,,,,,,,,,,,,,,,,,,,,,,,,,,,,https://cdn.shopify.com/s/files/1/0626/6119/8023/files/Sara-3.jpg?v=1761544428,2,FRASH SARA AIR FRESHENER 320ML - Khadlaj Perfumes,,,,,,,,,,,,,,,,,,,,,,,,,,,,,,,,,,,,,,,,,,,,,,,,,,,,,,,,,,,
frash-sara-air-freshener-320ml-for-home-office-and-car,,,,,,,,,,,,,,,,,,,,,,,,,,,,,,,https://cdn.shopify.com/s/files/1/0626/6119/8023/files/Sara-2.jpg?v=1761544487,3,FRASH SARA AIR FRESHENER 320ML - Khadlaj Perfumes,,,,,,,,,,,,,,,,,,,,,,,,,,,,,,,,,,,,,,,,,,,,,,,,,,,,,,,,,,,
frash-sara-air-freshener-320ml-for-home-office-and-car,,,,,,,,,,,,,,,,,,,,,,,,,,,,,,,https://cdn.shopify.com/s/files/1/0626/6119/8023/files/Sara-4.jpg?v=1761544540,4,FRASH SARA AIR FRESHENER 320ML - Khadlaj Perfumes,,,,,,,,,,,,,,,,,,,,,,,,,,,,,,,,,,,,,,,,,,,,,,,,,,,,,,,,,,,
frash-sara-air-freshener-320ml-for-home-office-and-car,,,,,,,,,,,,,,,,,,,,,,,,,,,,,,,https://cdn.shopify.com/s/files/1/0626/6119/8023/files/Sara_Infographics.jpg?v=1761544553,5,FRASH SARA AIR FRESHENER 320ML - Khadlaj Perfumes,,,,,,,,,,,,,,,,,,,,,,,,,,,,,,,,,,,,,,,,,,,,,,,,,,,,,,,,,,,
frash-qissa-turquoise-air-freshener-320ml-multipurpose-for-home-and-office-use,FRASH QISSA TURQUOISE AIR FRESHENER 320ML,"<p>Refresh your surroundings with Frash Qissa Turquoise Air Freshener, a premium home fragrance from the house of Khadlaj Perfumes. This long-lasting air freshener blends marine freshness, woody depth, and citrus brightness to create a truly uplifting scent experience.</p>
<p>Whether for your home, car, or office, this luxury air freshener spray instantly eliminates odors and fills your space with a captivating aroma that lasts for hours.</p>",Khadlaj Perfumes,Home & Garden > Decor > Home Fragrances > Air Fresheners,AIR FRESHENER,AIR FRESHNER,true,Size,320 ML,,,,,,,,'6291107978994,500.0,shopify,deny,manual,35.00,,true,true,,,,,'6291107978994,https://cdn.shopify.com/s/files/1/0626/6119/8023/files/Qisaa-Turquoise-1.jpg?v=1761545495,1,FRASH QISSA TURQUOISE AIR FRESHENER 320ML - Khadlaj Perfumes,false,FRASH QISSA AIR FRESHENER 320ML | Multipurpose Air Fresheners For Home & Office,,,,,,,,,,,,,,"<div class=""pyramid-section_lists""><h6 style=""font-weight:600;"">Top Notes</h6>
<p>Marine Notes, Indian Sandalwood</p>
</div>
<div class=""pyramid-section_lists""><h6 style=""font-weight:600;"">Middle Notes</h6>
<p>Apple, Lemon, Patchouli</p>
</div>
<div class=""pyramid-section_lists""><h6 style=""font-weight:600;"">Base Notes</h6>
<p>Incense, Dry Amber, Vetivar, Ginger</p>
</div>",,,,,,,,,,,,,aquatic; sandalwood; citrus; patchouli; oriental,,,,,,g,,,true,,,true,,,true,,,true,,,true,,,true,,,true,,,active
frash-qissa-turquoise-air-freshener-320ml-multipurpose-for-home-and-office-use,,,,,,,,,,,,,,,,,,,,,,,,,,,,,,,https://cdn.shopify.com/s/files/1/0626/6119/8023/files/Qisaa-Turquoise-3.jpg?v=1761545594,2,FRASH QISSA TURQUOISE AIR FRESHENER 320ML - Khadlaj Perfumes,,,,,,,,,,,,,,,,,,,,,,,,,,,,,,,,,,,,,,,,,,,,,,,,,,,,,,,,,,,
frash-qissa-turquoise-air-freshener-320ml-multipurpose-for-home-and-office-use,,,,,,,,,,,,,,,,,,,,,,,,,,,,,,,https://cdn.shopify.com/s/files/1/0626/6119/8023/files/Qisaa-Turquoise-4.jpg?v=1761545652,3,FRASH QISSA TURQUOISE AIR FRESHENER 320ML - Khadlaj Perfumes,,,,,,,,,,,,,,,,,,,,,,,,,,,,,,,,,,,,,,,,,,,,,,,,,,,,,,,,,,,
frash-qissa-turquoise-air-freshener-320ml-multipurpose-for-home-and-office-use,,,,,,,,,,,,,,,,,,,,,,,,,,,,,,,https://cdn.shopify.com/s/files/1/0626/6119/8023/files/Qisaa-Turquoise-Infographics.jpg?v=1761545666,4,FRASH QISSA TURQUOISE AIR FRESHENER 320ML - Khadlaj Perfumes,,,,,,,,,,,,,,,,,,,,,,,,,,,,,,,,,,,,,,,,,,,,,,,,,,,,,,,,,,,
frash-qissa-eshq-air-freshener-320ml-mutlipurpose-for-home-and-office-use-online,FRASH QISSA ESHQ AIR FRESHENER 320ML,"<p>Immerse your surroundings in the captivating aroma of Frash Qissa Eshq, a luxurious air freshener from the house of Khadlaj Perfumes. Crafted to evoke elegance and warmth, this exquisite blend transforms any space into a haven of freshness and sophistication.</p>
<p>The fragrance opens with a vibrant burst of Passion Fruit, Peach, Jasmine, and Geranium, leading to a heart of Caramel, Bergamot, and White Musk that adds a creamy sweetness and refined allure. The scent settles beautifully into a base of Patchouli and Amberwood, leaving a long-lasting, sensual trail.</p>
<p>Perfect for your home, office, or car, Frash Qissa Eshq brings a touch of romance and opulence to every moment.</p>",Khadlaj Perfumes,Home & Garden > Decor > Home Fragrances > Air Fresheners,AIR FRESHENER,AIR FRESHNER,true,Size,320 ML,,,,,,,,'6291107978987,500.0,shopify,deny,manual,35.00,,true,true,,,,,'6291107978987,https://cdn.shopify.com/s/files/1/0626/6119/8023/files/Qisaa-Eshq-1.jpg?v=1761546490,1,FRASH QISSA ESHQ AIR FRESHENER 320ML - Khadlaj Perfumes,false,FRASH QISSA ESHQ AIR FRESHENER 320ML | Multipurpose Air Fresheners By Khadlaj,,,,,,,,,,,,,,"<div class=""pyramid-section_lists""><h6 style=""font-weight:600;"">Top Notes</h6>
<p>Passion Fruit, Peach, Jasmine, Geranium</p>
</div>
<div class=""pyramid-section_lists""><h6 style=""font-weight:600;"">Middle Notes</h6>
<p>Caramel, Bergamot, White Musk</p>
</div>
<div class=""pyramid-section_lists""><h6 style=""font-weight:600;"">Base Notes</h6>
<p>Patchouli, Amber Wood</p>
</div>",,,,,red,,,,,,,,fruity; jasmine; caramel; musk; patchouli,,,,,,g,,,true,,,true,,,true,,,true,,,true,,,true,,,true,,,active
frash-qissa-eshq-air-freshener-320ml-mutlipurpose-for-home-and-office-use-online,,,,,,,,,,,,,,,,,,,,,,,,,,,,,,,https://cdn.shopify.com/s/files/1/0626/6119/8023/files/Qisaa-Eshq-3.jpg?v=1761546555,2,FRASH QISSA ESHQ AIR FRESHENER 320ML - Khadlaj Perfumes,,,,,,,,,,,,,,,,,,,,,,,,,,,,,,,,,,,,,,,,,,,,,,,,,,,,,,,,,,,
frash-qissa-eshq-air-freshener-320ml-mutlipurpose-for-home-and-office-use-online,,,,,,,,,,,,,,,,,,,,,,,,,,,,,,,https://cdn.shopify.com/s/files/1/0626/6119/8023/files/Qisaa-Eshq-4.jpg?v=1761546631,3,FRASH QISSA ESHQ AIR FRESHENER 320ML - Khadlaj Perfumes,,,,,,,,,,,,,,,,,,,,,,,,,,,,,,,,,,,,,,,,,,,,,,,,,,,,,,,,,,,
frash-qissa-eshq-air-freshener-320ml-mutlipurpose-for-home-and-office-use-online,,,,,,,,,,,,,,,,,,,,,,,,,,,,,,,https://cdn.shopify.com/s/files/1/0626/6119/8023/files/Qissa-Eshq-infographics.jpg?v=1761546647,4,FRASH QISSA ESHQ AIR FRESHENER 320ML - Khadlaj Perfumes,,,,,,,,,,,,,,,,,,,,,,,,,,,,,,,,,,,,,,,,,,,,,,,,,,,,,,,,,,,
oud-muattar-qissa-40-g-copy,OUD MUATTAR OUD HIND 24 G,"<p>Experience the timeless essence of luxury with Oud Muattar Oud Hind, a premium incense blend from the house of Khadlaj Perfumes. Crafted with the finest Indian Oud, this rich and aromatic Muattar fills your space with an aura of warmth, depth, and spiritual tranquility.</p>
<p>Each piece is delicately infused with pure oud oils and traditional ingredients, offering a long-lasting, smoky, and woody fragrance that reflects the heritage of Arabian perfumery. Perfect for homes, offices, or special occasions, it creates an atmosphere of calmness and sophistication.</p>
<p>Oud Muattar Oud Hind — where tradition meets timeless elegance.</p>",Khadlaj-perfumes,Home & Garden > Decor > Home Fragrances > Incense,OUD MUATTAR,"Deals, OUD MUATTAR, UNISEX",true,Size,24 G,,,,,,,,,500.0,shopify,deny,manual,150.00,200.00,true,true,,,,,,https://cdn.shopify.com/s/files/1/0626/6119/8023/files/OudHind-1.jpg?v=1761552515,1,OUD MUATTAR OUD HIND 24 G - Khadlaj Perfumes,false,Oud Muattar Floral Aroma - Luxury Home Ambiance Oil,"Floral oud Muattar aroma for a luxury home ambiance. Elegant, long-lasting scent for premium living spaces.",592,,,,,,,,,,,,,,,,,,,,,,,,,woody,,,,,,g,,,true,,,true,,,true,,,true,,,true,,,true,,,true,,,active
oud-muattar-qissa-40-g-copy,,,,,,,,,,,,,,,,,,,,,,,,,,,,,,,https://cdn.shopify.com/s/files/1/0626/6119/8023/files/Oud_Hind-3.jpg?v=1761552515,2,OUD MUATTAR OUD HIND 24 G - Khadlaj Perfumes,,,,,,,,,,,,,,,,,,,,,,,,,,,,,,,,,,,,,,,,,,,,,,,,,,,,,,,,,,,
oud-muattar-qissa-40-g-copy,,,,,,,,,,,,,,,,,,,,,,,,,,,,,,,https://cdn.shopify.com/s/files/1/0626/6119/8023/files/Oud_Hind-2.jpg?v=1761552400,3,OUD MUATTAR OUD HIND 24 G - Khadlaj Perfumes,,,,,,,,,,,,,,,,,,,,,,,,,,,,,,,,,,,,,,,,,,,,,,,,,,,,,,,,,,,
oud-muattar-oud-hind-24-g-copy,OUD MUATTAR JUMEIRAH 24 G,"<p>Experience the essence of luxury with Oud Muattar Jumeirah, a premium incense blend from the house of Khadlaj Perfumes. Crafted with the finest ingredients, this exquisite Muattar captures the true spirit of Arabian elegance and sophistication.</p>
<p>Each piece unveils a mesmerizing fusion of rich oud, warm amber, and delicate floral undertones, creating an aura of timeless opulence. Designed to elevate your home ambiance, Oud Muattar Jumeirah fills your space with a long-lasting, soulful fragrance that lingers beautifully.</p>
<p>Perfect for moments of relaxation, prayer, or special gatherings. Iimmerse yourself in the luxurious world of Khadlaj Perfumes with Oud Muattar Jumeirah.</p>",Khadlaj-perfumes,Home & Garden > Decor > Home Fragrances > Incense,OUD MUATTAR,"Deals, OUD MUATTAR, UNISEX",true,Size,24 G,,,,,,,,'6291107979380,500.0,shopify,deny,manual,150.00,200.00,true,true,,,,,'6291107979380,https://cdn.shopify.com/s/files/1/0626/6119/8023/files/JumeirahOud-1.jpg?v=1761553417,1,OUD MUATTAR JUMEIRAH 24 G - Khadlaj Perfumes,false,Oud Muattar Floral Aroma - Luxury Home Ambiance Oil,"Floral oud Muattar aroma for a luxury home ambiance. Elegant, long-lasting scent for premium living spaces.",592,,,,,,,,,,,,,,,,,,,,,,,,,woody,,,,,,g,,,true,,,true,,,true,,,true,,,true,,,true,,,true,,,active
oud-muattar-oud-hind-24-g-copy,,,,,,,,,,,,,,,,,,,,,,,,,,,,,,,https://cdn.shopify.com/s/files/1/0626/6119/8023/files/Jumeirah_Oud-3.jpg?v=1761553417,2,OUD MUATTAR JUMEIRAH 24 G - Khadlaj Perfumes,,,,,,,,,,,,,,,,,,,,,,,,,,,,,,,,,,,,,,,,,,,,,,,,,,,,,,,,,,,
oud-muattar-oud-hind-24-g-copy,,,,,,,,,,,,,,,,,,,,,,,,,,,,,,,https://cdn.shopify.com/s/files/1/0626/6119/8023/files/Jumeirah_Oud-2.jpg?v=1761553417,3,OUD MUATTAR JUMEIRAH 24 G - Khadlaj Perfumes,,,,,,,,,,,,,,,,,,,,,,,,,,,,,,,,,,,,,,,,,,,,,,,,,,,,,,,,,,,
huroof-3-pieces-perfumes-collection-gift-set-for-men-and-women-online-shopping,HUROOF 3 PCS PERFUMES COLLECTION GIFT SET FOR MEN AND WOMEN,"<p>Discover the art of timeless fragrance with the Huroof 3 Pcs Perfume Collection Gift Set from Khadlaj Perfumes — an elegant ensemble crafted for both men and women.</p>
<p>This luxurious set includes:</p>
<p>Huroof Al Oud Eau de Parfum (100ml) – a captivating blend of rich oud and warm woody notes.</p>
<p>Huroof Al Oud Intense Eau de Parfum (100ml) – deeper, bolder, and more sensual for lasting impressions.</p>
<p>6ml Perfume Oil – concentrated essence for a long-lasting aromatic experience.</p>
<p>Perfect for gifting or personal indulgence, this exquisite collection celebrates sophistication, tradition, and modern allure — a true reflection of Khadlaj’s mastery in perfumery.</p>",Khadlaj-perfumes,Health & Beauty > Personal Care > Cosmetics > Perfumes & Colognes > Eaux de Parfum,PERFUME SPRAY,"giftset, Men, Perfume Spray, UNISEX, Women",true,Size,Gift Set,,,,,,,,'629110979663,2000.0,shopify,deny,manual,140.00,,true,true,,,,,'629110979663,https://cdn.shopify.com/s/files/1/0626/6119/8023/files/HuroofGiftBox-01.jpg?v=1761565289,1,HUROOF 3 PCS PERFUMES COLLECTION GIFT SET FOR MEN AND WOMEN - Khadlaj Perfumes,false,Gifting Ideas With Khadlaj Curated Gift Sets | For Men & Women Online,"Celebrate Eid with Khadlaj Eid Special Shukran 4-Piece Summer Gift Set - luxurious perfume gift set, gift sets for women, and perfume for men. Perfect for any occasion in UAE.",479,,,,,,,,,,,,,,,,,,,,,,special-occasion,,,fresh; woody; oriental; musk,summer; spring,unisex; male; female,,,,g,,,true,,,true,,,true,,,true,,,true,,,true,,,true,,,active
huroof-3-pieces-perfumes-collection-gift-set-for-men-and-women-online-shopping,,,,,,,,,,,,,,,,,,,,,,,,,,,,,,,https://cdn.shopify.com/s/files/1/0626/6119/8023/files/Huroof_Gift_Box-03.jpg?v=1761565347,2,HUROOF 3 PCS PERFUMES COLLECTION GIFT SET FOR MEN AND WOMEN - Khadlaj Perfumes,,,,,,,,,,,,,,,,,,,,,,,,,,,,,,,,,,,,,,,,,,,,,,,,,,,,,,,,,,,
huroof-3-pieces-perfumes-collection-gift-set-for-men-and-women-online-shopping,,,,,,,,,,,,,,,,,,,,,,,,,,,,,,,https://cdn.shopify.com/s/files/1/0626/6119/8023/files/Huroof_Gift_Box-04.jpg?v=1761565412,3,HUROOF 3 PCS PERFUMES COLLECTION GIFT SET FOR MEN AND WOMEN - Khadlaj Perfumes,,,,,,,,,,,,,,,,,,,,,,,,,,,,,,,,,,,,,,,,,,,,,,,,,,,,,,,,,,,
huroof-3-pieces-perfumes-collection-gift-set-for-men-and-women-online-shopping,,,,,,,,,,,,,,,,,,,,,,,,,,,,,,,https://cdn.shopify.com/s/files/1/0626/6119/8023/files/Huroof_Gift_Box-02.jpg?v=1761565458,4,HUROOF 3 PCS PERFUMES COLLECTION GIFT SET FOR MEN AND WOMEN - Khadlaj Perfumes,,,,,,,,,,,,,,,,,,,,,,,,,,,,,,,,,,,,,,,,,,,,,,,,,,,,,,,,,,,
khadlaj-onyx-gold-100-ml-eau-de-parfum-for-men-luxury-perfume-online-dubai-uae,KHADLAJ ONYX GOLD 100 ML EAU DE PARFUM FOR MEN,"<p>Khadlaj Onyx Gold Eau de Parfum is a bold and sophisticated fragrance crafted for those who appreciate depth, warmth, and refined luxury. This captivating scent opens with a vibrant blend of cardamom, bitter orange, and ginger, creating a fresh yet spicy introduction that immediately commands attention.</p>
<p>The heart reveals a rich and elegant fusion of dried fruits, white florals, sandalwood, and osmanthus, adding smoothness and complexity while balancing warmth with floral finesse. As the fragrance settles, a deep and sensual base of tonka bean, myrrh, vanilla, patchouli, and labdanum unfolds, leaving a long-lasting, resinous trail that exudes confidence and charm.</p>
<p>Perfect for evening wear and special occasions, Onyx Gold Eau de Parfum by Khadlaj Perfumes is a statement of luxury and timeless appeal, designed to leave an unforgettable impression.</p>",Khadlaj-perfumes,Health & Beauty > Personal Care > Cosmetics > Perfumes & Colognes > Eaux de Parfum,PERFUME SPRAY,"Deals, Men, Perfume Spray",true,Size,100 ML,,,,,,,,'6298043070140,1000.0,shopify,deny,manual,100.00,150.00,true,true,,,,,'6298043070140,https://cdn.shopify.com/s/files/1/0626/6119/8023/files/ONYX-03.jpg?v=1783939937,1,KHADLAJ ONYX GOLD 100 ML EAU DE PARFUM FOR MEN - Khadlaj Perfumes,false,KHADLAJ ONYX GOLD | Blended Luxury Perfume For Men Online,,,,,,,,,,,,,,"<div class=""pyramid-section_lists""><h6 style=""font-weight:600;"">Top Notes</h6>
<p>Rum, Cardamom, Bitter Orange, Ginger</p>
</div>
<div class=""pyramid-section_lists""><h6 style=""font-weight:600;"">Middle Notes</h6>
<p>Dried Fruits, White Florals, Sandalwood, Osmanthus</p>
</div>
<div class=""pyramid-section_lists""><h6 style=""font-weight:600;"">Base Notes</h6>
<p>Tonka Bean, Myrrh, Vanilla, Patchouli, Labdanum</p>
</div>",,,,,,,,,,everyday; casual; special-occasion; formal,,,spicy; woody; musk; lavender; vanilla,spring; fall; winter; summer,male,,,,g,,,true,,,true,,,true,,,true,,,true,,,true,,,true,,,active
khadlaj-onyx-gold-100-ml-eau-de-parfum-for-men-luxury-perfume-online-dubai-uae,,,,,,,,,,,,,,,,,,,,,,,,,,,,,,,https://cdn.shopify.com/s/files/1/0626/6119/8023/files/ONYX-01_b085642f-9033-4997-a1fd-4e97be2a8575.jpg?v=1762324228,2,KHADLAJ ONYX GOLD 100 ML EAU DE PARFUM FOR MEN - Khadlaj Perfumes,,,,,,,,,,,,,,,,,,,,,,,,,,,,,,,,,,,,,,,,,,,,,,,,,,,,,,,,,,,
khadlaj-onyx-gold-100-ml-eau-de-parfum-for-men-luxury-perfume-online-dubai-uae,,,,,,,,,,,,,,,,,,,,,,,,,,,,,,,https://cdn.shopify.com/s/files/1/0626/6119/8023/files/ONYX-04.jpg?v=1771045122,3,KHADLAJ ONYX GOLD 100 ML EAU DE PARFUM FOR MEN - Khadlaj Perfumes,,,,,,,,,,,,,,,,,,,,,,,,,,,,,,,,,,,,,,,,,,,,,,,,,,,,,,,,,,,
khadlaj-onyx-gold-100-ml-eau-de-parfum-for-men-luxury-perfume-online-dubai-uae,,,,,,,,,,,,,,,,,,,,,,,,,,,,,,,https://cdn.shopify.com/s/files/1/0626/6119/8023/files/ONYX_KV-1.png?v=1771045122,4,KHADLAJ ONYX GOLD 100 ML EAU DE PARFUM FOR MEN - Khadlaj Perfumes,,,,,,,,,,,,,,,,,,,,,,,,,,,,,,,,,,,,,,,,,,,,,,,,,,,,,,,,,,,
khadlaj-onyx-gold-100-ml-eau-de-parfum-for-men-luxury-perfume-online-dubai-uae,,,,,,,,,,,,,,,,,,,,,,,,,,,,,,,https://cdn.shopify.com/s/files/1/0626/6119/8023/files/OnyxGoldInfographics_new.jpg?v=1771045122,5,KHADLAJ ONYX GOLD 100 ML EAU DE PARFUM FOR MEN - Khadlaj Perfumes,,,,,,,,,,,,,,,,,,,,,,,,,,,,,,,,,,,,,,,,,,,,,,,,,,,,,,,,,,,
khadlaj-onyx-gold-100-ml-eau-de-parfum-for-men-luxury-perfume-online-dubai-uae,,,,,,,,,,,,,,,,,,,,,,,,,,,,,,,https://cdn.shopify.com/s/files/1/0626/6119/8023/files/OnyxGold.jpg?v=1771045123,6,KHADLAJ ONYX GOLD 100 ML EAU DE PARFUM FOR MEN - Khadlaj Perfumes,,,,,,,,,,,,,,,,,,,,,,,,,,,,,,,,,,,,,,,,,,,,,,,,,,,,,,,,,,,
khadlaj-onyx-gold-100-ml-eau-de-parfum-for-men-luxury-perfume-online-dubai-uae,,,,,,,,,,,,,,,,,,,,,,,,,,,,,,,https://cdn.shopify.com/s/files/1/0626/6119/8023/files/ONYX-02.jpg?v=1762324228,7,KHADLAJ ONYX GOLD 100 ML EAU DE PARFUM FOR MEN - Khadlaj Perfumes,,,,,,,,,,,,,,,,,,,,,,,,,,,,,,,,,,,,,,,,,,,,,,,,,,,,,,,,,,,
sawaar-vanille-blanc-100-ml-eau-de-parfum-spray-for-women,SAWAAR VANILLE BLANC 100 ML EXTRAIT DE PARFUM SPRAY FOR WOMEN,"<p>Discover Sawaar Vanille Blanc by Khadlaj Perfumes is an ode to refined femininity. An exquisite fragrance for women where delicate sweetness meets timeless sophistication.<br>The scent opens with a graceful blend of vanilla, powdered sugar, and crisp apple, creating a soft gourmand glow. At the heart, warm amber and elegant white florals melt into a smooth cashmere accord, enveloping the senses in effortless luxury.<br>As the perfume settles, creamy sandalwood, resinous benzoin, and rich vanilla form a sensual, long-lasting trail that exudes warmth and charm.<br>A fragrance crafted for women who appreciate elegance in every detail</p>",Khadlaj-perfumes,Health & Beauty > Personal Care > Cosmetics > Perfumes & Colognes > Eaux de Parfum,PERFUME SPRAY,"Deals, Perfume Spray, Women",true,Size,100 ML,,,,,,,,'6298043070768,650.0,shopify,deny,manual,130.00,200.00,true,true,,,,,'6298043070768,https://cdn.shopify.com/s/files/1/0626/6119/8023/files/SAWAAR-03.jpg?v=1783939807,1,SAWAAR VANILLE BLANC 100 ML EXTRAIT DE PARFUM SPRAY FOR WOMEN - Khadlaj Perfumes,false,KHADLAJ SAWAAR VANILLE BLANC 100 ML EAU DE PARFUM SPRAY FOR WOMEN ,,,,,,,,,,,,,,"<div class=""pyramid-section_lists""><h6 style=""font-weight:600;"">Top Notes</h6>
<p>Vanilla, Powdered Sugar, Apple</p>
</div>
<div class=""pyramid-section_lists""><h6 style=""font-weight:600;"">Middle Notes</h6>
<p>Amber, White Florals, Cashmere </p>
</div>
<div class=""pyramid-section_lists""><h6 style=""font-weight:600;"">Base Notes</h6>
<p>Sandalwood, Benzoin, Vanilla</p>
</div>",,,,,,,,,,everyday; casual; special-occasion; formal,,,vanilla,fall; winter; spring,female,,,,g,,,true,,,true,,,true,,,true,,,true,,,true,,,true,,,active
sawaar-vanille-blanc-100-ml-eau-de-parfum-spray-for-women,,,,,,,,,,,,,,,,,,,,,,,,,,,,,,,https://cdn.shopify.com/s/files/1/0626/6119/8023/files/SAWAAR-01.jpg?v=1764151092,2,SAWAAR VANILLE BLANC 100 ML EXTRAIT DE PARFUM SPRAY FOR WOMEN - Khadlaj Perfumes,,,,,,,,,,,,,,,,,,,,,,,,,,,,,,,,,,,,,,,,,,,,,,,,,,,,,,,,,,,
sawaar-vanille-blanc-100-ml-eau-de-parfum-spray-for-women,,,,,,,,,,,,,,,,,,,,,,,,,,,,,,,https://cdn.shopify.com/s/files/1/0626/6119/8023/files/SAWAAR-04.jpg?v=1764151317,3,SAWAAR VANILLE BLANC 100 ML EXTRAIT DE PARFUM SPRAY FOR WOMEN - Khadlaj Perfumes,,,,,,,,,,,,,,,,,,,,,,,,,,,,,,,,,,,,,,,,,,,,,,,,,,,,,,,,,,,
sawaar-vanille-blanc-100-ml-eau-de-parfum-spray-for-women,,,,,,,,,,,,,,,,,,,,,,,,,,,,,,,https://cdn.shopify.com/s/files/1/0626/6119/8023/files/SAWAAR-02.jpg?v=1764151236,4,SAWAAR VANILLE BLANC 100 ML EXTRAIT DE PARFUM SPRAY FOR WOMEN - Khadlaj Perfumes,,,,,,,,,,,,,,,,,,,,,,,,,,,,,,,,,,,,,,,,,,,,,,,,,,,,,,,,,,,
strawberry-shake-eau-de-parfum-spray-for-women-dubai-uae-online,KHADLAJ STRAWBERRY SHAKE 100 ML EAU DE PARFUM SPRAY FOR WOMEN,"<p>Khadlaj Strawberry Shake Eau de Parfum for Women is a deliciously playful and irresistibly charming fragrance that blends fruity sweetness with creamy elegance. The scent opens with a mouthwatering burst of strawberry, brightened by mandarin zest and a subtle hint of pink pepper, creating a lively and joyful introduction.</p>
<p>At the heart, a smooth and indulgent milk accord blends beautifully with jasmine, rose petals, and almond cream, adding a soft floral touch wrapped in creamy sweetness. The fragrance settles into a warm and comforting base of musk, vanilla, sandalwood, and dry amber, leaving a long-lasting trail that feels cozy, feminine, and addictive.</p>
<p>Perfect for everyday wear or special moments, Strawberry Shake by Khadlaj Perfumes is a delightful expression of youthful elegance and sweet sophistication, designed for women who love playful yet refined fragrances.</p>",Khadlaj-perfumes,Health & Beauty > Personal Care > Cosmetics > Perfumes & Colognes > Eaux de Parfum,PERFUME SPRAY,"Deals, Perfume Spray, Women",true,Size,100 ML,,,,,,,,'6298043070652,650.0,shopify,continue,manual,100.00,130.00,true,true,,,,,'6298043070652,https://cdn.shopify.com/s/files/1/0626/6119/8023/files/STRAWBERRY_SHAKE-03.jpg?v=1783939703,1,KHADLAJ STRAWBERRY SHAKE 100 ML EAU DE PARFUM SPRAY FOR WOMEN - Khadlaj Perfumes,false,,,,,,,,,,,,,,,"<div class=""pyramid-section_lists""><h6 style=""font-weight:600;"">Top Notes</h6>
<p>Strawberry, Mandarin Zest, Pink Pepper</p>
</div>
<div class=""pyramid-section_lists""><h6 style=""font-weight:600;"">Middle Notes</h6>
<p>Milk Accord, Jasmine, Rose Petals, Almond Cream</p>
</div>
<div class=""pyramid-section_lists""><h6 style=""font-weight:600;"">Base Notes</h6>
<p> Musk, Vanilla, Sandalwood, Dry Amber  </p>
</div>",,,,,pink,,,,,everyday; casual; special-occasion; formal,,,strawberry; jasmine; rose; vanilla; musk; sandalwood,fall; winter; spring; summer,female,,,,g,,,true,,,true,,,true,,,true,,,true,,,true,,,true,,,active
strawberry-shake-eau-de-parfum-spray-for-women-dubai-uae-online,,,,,,,,,,,,,,,,,,,,,,,,,,,,,,,https://cdn.shopify.com/s/files/1/0626/6119/8023/files/STRAWBERRYSHAKE-01.jpg?v=1764228377,2,KHADLAJ STRAWBERRY SHAKE 100 ML EAU DE PARFUM SPRAY FOR WOMEN - Khadlaj Perfumes,,,,,,,,,,,,,,,,,,,,,,,,,,,,,,,,,,,,,,,,,,,,,,,,,,,,,,,,,,,
strawberry-shake-eau-de-parfum-spray-for-women-dubai-uae-online,,,,,,,,,,,,,,,,,,,,,,,,,,,,,,,https://cdn.shopify.com/s/files/1/0626/6119/8023/files/STRAWBERRY_SHAKE-04.jpg?v=1764228532,3,KHADLAJ STRAWBERRY SHAKE 100 ML EAU DE PARFUM SPRAY FOR WOMEN - Khadlaj Perfumes,,,,,,,,,,,,,,,,,,,,,,,,,,,,,,,,,,,,,,,,,,,,,,,,,,,,,,,,,,,
strawberry-shake-eau-de-parfum-spray-for-women-dubai-uae-online,,,,,,,,,,,,,,,,,,,,,,,,,,,,,,,https://cdn.shopify.com/s/files/1/0626/6119/8023/files/STRAWBERRY_SHAKE-Infographics.jpg?v=1764228542,4,KHADLAJ STRAWBERRY SHAKE 100 ML EAU DE PARFUM SPRAY FOR WOMEN - Khadlaj Perfumes,,,,,,,,,,,,,,,,,,,,,,,,,,,,,,,,,,,,,,,,,,,,,,,,,,,,,,,,,,,
strawberry-shake-eau-de-parfum-spray-for-women-dubai-uae-online,,,,,,,,,,,,,,,,,,,,,,,,,,,,,,,https://cdn.shopify.com/s/files/1/0626/6119/8023/files/STRAWBERRY_SHAKE-02.jpg?v=1764228485,5,KHADLAJ STRAWBERRY SHAKE 100 ML EAU DE PARFUM SPRAY FOR WOMEN - Khadlaj Perfumes,,,,,,,,,,,,,,,,,,,,,,,,,,,,,,,,,,,,,,,,,,,,,,,,,,,,,,,,,,,
khadlaj-island-gift-set-for-him-her-edp-100-ml-body-spray-travel-size-edp-8-ml,"KHADLAJ ISLAND GIFT SET FOR HIM & HER (EDP 100 ML, BODY SPRAY & TRAVEL SIZE EDP 8 ML)","<p data-start=""43"" data-end=""320"">Experience a perfect blend of elegance and freshness with the <strong data-start=""105"" data-end=""132"">Khadlaj Island Gift Set</strong>, thoughtfully curated for both him and her. This versatile fragrance set captures a refined island-inspired aura, making it an ideal choice for everyday wear as well as special occasions.</p>
<p data-start=""322"" data-end=""630"">The set includes a <strong data-start=""341"" data-end=""365"">100 ml Extrait De Parfum</strong>, a refreshing <strong>200 ml</strong> <strong>Perfumed </strong><strong data-start=""380"" data-end=""394"">Body Spray</strong>, and a convenient <strong data-start=""413"" data-end=""437"">8 ml Travel Size EDP</strong>, allowing you to enjoy the signature scent wherever you go. Designed to complement both masculine and feminine preferences, this gift set reflects sophistication, balance, and timeless appeal.</p>
<p data-start=""632"" data-end=""876"">Beautifully packaged, the <strong data-start=""658"" data-end=""685"">Khadlaj Island Gift Set</strong> makes a perfect gifting option for celebrations, festive occasions, or as a luxurious personal indulgence—an expression of style and fragrance harmony from the house of <strong data-start=""855"" data-end=""875"">Khadlaj Perfumes</strong>.</p>",Khadlaj-perfumes,Health & Beauty > Personal Care > Cosmetics > Perfumes & Colognes > Eaux de Parfum,Gift Sets,"Men, Perfume Spray, UNISEX, Women",true,Size,Gift Set,,,,,,,,'6298043071055,2000.0,shopify,deny,manual,179.00,,true,true,,,,,'6298043071055,https://cdn.shopify.com/s/files/1/0626/6119/8023/files/Island2.jpg?v=1767168643,1,"KHADLAJ ISLAND GIFT SET FOR HIM & HER (EDP 100 ML, BODY SPRAY & TRAVEL SIZE EDP 8 ML) - Khadlaj Perfumes",false,,,479,,,,,,,,,,,,,,,,,,,,,,everyday; special-occasion; formal; casual,,,vanilla; fresh,spring; summer; winter; fall,unisex,,,,g,,,true,,,true,,,true,,,true,,,true,,,true,,,true,,,active
khadlaj-island-gift-set-for-him-her-edp-100-ml-body-spray-travel-size-edp-8-ml,,,,,,,,,,,,,,,,,,,,,,,,,,,,,,,https://cdn.shopify.com/s/files/1/0626/6119/8023/files/Island1.jpg?v=1767168752,2,"KHADLAJ ISLAND GIFT SET FOR HIM & HER (EDP 100 ML, BODY SPRAY & TRAVEL SIZE EDP 8 ML) - Khadlaj Perfumes",,,,,,,,,,,,,,,,,,,,,,,,,,,,,,,,,,,,,,,,,,,,,,,,,,,,,,,,,,,
khadlaj-island-gift-set-for-him-her-edp-100-ml-body-spray-travel-size-edp-8-ml,,,,,,,,,,,,,,,,,,,,,,,,,,,,,,,https://cdn.shopify.com/s/files/1/0626/6119/8023/files/Island4.jpg?v=1767168723,3,"KHADLAJ ISLAND GIFT SET FOR HIM & HER (EDP 100 ML, BODY SPRAY & TRAVEL SIZE EDP 8 ML) - Khadlaj Perfumes",,,,,,,,,,,,,,,,,,,,,,,,,,,,,,,,,,,,,,,,,,,,,,,,,,,,,,,,,,,
khadlaj-island-gift-set-for-him-her-edp-100-ml-body-spray-travel-size-edp-8-ml,,,,,,,,,,,,,,,,,,,,,,,,,,,,,,,https://cdn.shopify.com/s/files/1/0626/6119/8023/files/Island3.jpg?v=1767168724,4,"KHADLAJ ISLAND GIFT SET FOR HIM & HER (EDP 100 ML, BODY SPRAY & TRAVEL SIZE EDP 8 ML) - Khadlaj Perfumes",,,,,,,,,,,,,,,,,,,,,,,,,,,,,,,,,,,,,,,,,,,,,,,,,,,,,,,,,,,
khadlaj-island-gift-set-for-him-her-edp-100-ml-body-spray-travel-size-edp-8-ml-copy,"KHADLAJ CLOUD CANDY GIFT SET FOR WOMEN (EDP 100 ML, BODY SPRAY & PERFUME OIL ROLL ON 24 ML)","<p>Khadlaj Cloud Candy Gift Set for Women is a delightful expression of sweetness, elegance, and modern femininity. Designed for women who love playful yet sophisticated fragrances, this luxurious gift set offers a complete scent experience for every occasion.</p>
<p>The Extrait De Parfum (100 ml) envelops you in a soft, irresistible aroma that feels light, airy, and indulgent. The Body Spray (200 ml) adds a refreshing layer of fragrance, perfect for all-day freshness, while the Perfume Oil Roll-On (24 ml) delivers a concentrated touch of sweetness for on-the-go application and long-lasting allure.</p>
<p>Beautifully curated, the Cloud Candy Gift Set is ideal for gifting or personal indulgence, making it a perfect companion for both day and evening wear. Step into a world of charm and sweetness with this elegant fragrance trio from Khadlaj Perfumes.</p>",Khadlaj-perfumes,Health & Beauty > Personal Care > Cosmetics > Perfumes & Colognes > Eaux de Parfum,Gift Sets,"concentrated perfume oil, Perfume Spray, Women",true,Size,Gift Set,,,,,,,,'6298043071017,2000.0,shopify,deny,manual,169.00,,true,true,,,,,'6298043071017,https://cdn.shopify.com/s/files/1/0626/6119/8023/files/CloudCandy3.jpg?v=1767169755,1,"KHADLAJ CLOUD CANDY GIFT SET FOR WOMEN (EDP 100 ML, BODY SPRAY & PERFUME OIL ROLL ON 24 ML) - Khadlaj Perfumes",false,,,479,,,,,,,,,,,,,,,,,,,,,,everyday; special-occasion; formal; casual,,,marshmallow; vanilla; musk; fruity,spring; summer; winter; fall,female,,,,g,,,true,,,true,,,true,,,true,,,true,,,true,,,true,,,active
khadlaj-island-gift-set-for-him-her-edp-100-ml-body-spray-travel-size-edp-8-ml-copy,,,,,,,,,,,,,,,,,,,,,,,,,,,,,,,https://cdn.shopify.com/s/files/1/0626/6119/8023/files/CloudCandy1.jpg?v=1767169755,2,"KHADLAJ CLOUD CANDY GIFT SET FOR WOMEN (EDP 100 ML, BODY SPRAY & PERFUME OIL ROLL ON 24 ML) - Khadlaj Perfumes",,,,,,,,,,,,,,,,,,,,,,,,,,,,,,,,,,,,,,,,,,,,,,,,,,,,,,,,,,,
khadlaj-island-gift-set-for-him-her-edp-100-ml-body-spray-travel-size-edp-8-ml-copy,,,,,,,,,,,,,,,,,,,,,,,,,,,,,,,https://cdn.shopify.com/s/files/1/0626/6119/8023/files/CloudCandy4.jpg?v=1767169755,3,"KHADLAJ CLOUD CANDY GIFT SET FOR WOMEN (EDP 100 ML, BODY SPRAY & PERFUME OIL ROLL ON 24 ML) - Khadlaj Perfumes",,,,,,,,,,,,,,,,,,,,,,,,,,,,,,,,,,,,,,,,,,,,,,,,,,,,,,,,,,,
khadlaj-island-gift-set-for-him-her-edp-100-ml-body-spray-travel-size-edp-8-ml-copy,,,,,,,,,,,,,,,,,,,,,,,,,,,,,,,https://cdn.shopify.com/s/files/1/0626/6119/8023/files/CloudCandy2.jpg?v=1767169755,4,"KHADLAJ CLOUD CANDY GIFT SET FOR WOMEN (EDP 100 ML, BODY SPRAY & PERFUME OIL ROLL ON 24 ML) - Khadlaj Perfumes",,,,,,,,,,,,,,,,,,,,,,,,,,,,,,,,,,,,,,,,,,,,,,,,,,,,,,,,,,,
khadlaj-free-gift-only-for-promotion-purpose,free gift,,Khadlaj Perfumes,Luggage & Bags > Cosmetic & Toiletry Bags > Makeup Bags,,gift,true,Size,100 ML,,,,,,,,,0.0,shopify,deny,manual,0.00,,false,true,,,,,,https://cdn.shopify.com/s/files/1/0626/6119/8023/files/Pouch.1_3.jpg?v=1768375948,1,free gift - Khadlaj Perfumes,false,khadlaj free gift only for promotion purpose,,108,,,,,,,,,,,,,,,,,,,,,,,,,,,,,,,g,,,true,,,true,,,true,,,true,,,true,,,true,,,true,,,unlisted
khadlaj-free-gift-only-for-promotion-purpose,,,,,,,,,,,,,,,,,,,,,,,,,,,,,,,https://cdn.shopify.com/s/files/1/0626/6119/8023/files/PouchBlack.jpg?v=1768375948,2,free gift - Khadlaj Perfumes,,,,,,,,,,,,,,,,,,,,,,,,,,,,,,,,,,,,,,,,,,,,,,,,,,,,,,,,,,,
nuha-bon-bon-strawberry-vanilla-ice-cream-gourmand-perfume-for-women-online,NUHA BON BON 85 ML EAU DA PARFUM SPRAY FOR WOMEN,"<p>Khadlaj Nuha Bon Bon Eau de Parfum Spray for Women is a delightful gourmand fragrance that captures the joy of sweet indulgence and playful femininity. The scent opens with a deliciously creamy blend of strawberry, milk, and peach, creating a soft, mouth-watering introduction that feels comforting yet irresistible.</p>
<p>At the heart, a dreamy combination of orange blossom and ice cream adds a smooth, floral-sweet charm, enhancing the fragrance’s cheerful and youthful character. The scent settles into a warm and sensual base of vanilla absolute, leaving behind a long-lasting, cozy trail that feels both elegant and addictive.</p>
<p>Perfect for everyday wear and special moments alike, Nuha Bon Bon by Khadlaj Perfumes is a sweet expression of happiness, femininity, and modern charm crafted for women who love playful, creamy, and comforting fragrances.</p>",Khadlaj-perfumes,Health & Beauty > Personal Care > Cosmetics > Perfumes & Colognes > Eaux de Parfum,PERFUME SPRAY,"30% offer, Deals",true,Size,85 ML,,,,,,,,'6298043070317,650.0,shopify,deny,manual,65.00,85.00,true,true,,,,,'6298043070317,https://cdn.shopify.com/s/files/1/0626/6119/8023/files/NUHA_BON_BON-03.jpg?v=1783939633,1,NUHA BON BON 85 ML EAU DA PARFUM SPRAY FOR WOMEN - Khadlaj Perfumes,false,Bon Bon Strawberry Vanilla Ice Cream Gourmand Perfume For Women Online,,479,,,,,,,,,,,,"<div class=""pyramid-section_lists""><h6 style=""font-weight:600;"">Top Notes</h6>
<p>Strawberry, Milk, Peach</p>
</div>
<div class=""pyramid-section_lists""><h6 style=""font-weight:600;"">Middle Notes</h6>
<p>Orange Blossom, Ice cream</p>
</div>
<div class=""pyramid-section_lists""><h6 style=""font-weight:600;"">Base Notes</h6>
<p>Vanilla Absolute</p>
</div>",,,,,,,,,,everyday; formal; casual; special-occasion,,,vanilla; strawberry; citrus; fresh,winter; fall; spring; summer,female,,,,g,,,true,,,true,,,true,,,true,,,true,,,true,,,true,,,active
nuha-bon-bon-strawberry-vanilla-ice-cream-gourmand-perfume-for-women-online,,,,,,,,,,,,,,,,,,,,,,,,,,,,,,,https://cdn.shopify.com/s/files/1/0626/6119/8023/files/NUHA_BON_BON-04.jpg?v=1768477706,2,NUHA BON BON 85 ML EAU DA PARFUM SPRAY FOR WOMEN - Khadlaj Perfumes,,,,,,,,,,,,,,,,,,,,,,,,,,,,,,,,,,,,,,,,,,,,,,,,,,,,,,,,,,,
nuha-bon-bon-strawberry-vanilla-ice-cream-gourmand-perfume-for-women-online,,,,,,,,,,,,,,,,,,,,,,,,,,,,,,,https://cdn.shopify.com/s/files/1/0626/6119/8023/files/NUHABONBON-01.jpg?v=1768477611,3,NUHA BON BON 85 ML EAU DA PARFUM SPRAY FOR WOMEN - Khadlaj Perfumes,,,,,,,,,,,,,,,,,,,,,,,,,,,,,,,,,,,,,,,,,,,,,,,,,,,,,,,,,,,
nuha-bon-bon-strawberry-vanilla-ice-cream-gourmand-perfume-for-women-online,,,,,,,,,,,,,,,,,,,,,,,,,,,,,,,https://cdn.shopify.com/s/files/1/0626/6119/8023/files/NUHA_BON_BON-infographics.jpg?v=1768477767,4,NUHA BON BON 85 ML EAU DA PARFUM SPRAY FOR WOMEN - Khadlaj Perfumes,,,,,,,,,,,,,,,,,,,,,,,,,,,,,,,,,,,,,,,,,,,,,,,,,,,,,,,,,,,
nuha-bon-bon-strawberry-vanilla-ice-cream-gourmand-perfume-for-women-online,,,,,,,,,,,,,,,,,,,,,,,,,,,,,,,https://cdn.shopify.com/s/files/1/0626/6119/8023/files/NUHA_BON_BON-02.jpg?v=1768477758,5,NUHA BON BON 85 ML EAU DA PARFUM SPRAY FOR WOMEN - Khadlaj Perfumes,,,,,,,,,,,,,,,,,,,,,,,,,,,,,,,,,,,,,,,,,,,,,,,,,,,,,,,,,,,
khadlaj-onyx-silver-100-ml-eau-de-parfum-for-men-and-women-online-dubai-uae,KHADLAJ ONYX SILVER 100 ML EAU DE PARFUM FOR MEN AND WOMEN,"<p>Khadlaj Onyx Silver EDP for Men &amp; Women is a bold yet elegant unisex perfume crafted for those who appreciate timeless luxury. The fragrance opens with fresh citrusy bergamot layered with spicy ginger and black pepper. At its heart, aromatic petitgrain and cardamom add warmth and character, while the base of patchouli, labdanum, benzoin, and tonka beans delivers a deep, long-lasting trail. Perfect for daily wear or special occasions, Onyx Silver reflects confidence, style, and refined taste.</p>",Khadlaj-perfumes,Health & Beauty > Personal Care > Cosmetics > Perfumes & Colognes > Eaux de Parfum,PERFUME SPRAY,"Deals, Men, Perfume Spray, UNISEX, Women",true,Size,100 ML,,,,,,,,'6298043071161,1000.0,shopify,deny,manual,100.00,150.00,true,true,,,,,'6298043071161,https://cdn.shopify.com/s/files/1/0626/6119/8023/files/OnyxSilver3.jpg?v=1783939577,1,KHADLAJ ONYX SILVER 100 ML EAU DE PARFUM FOR MEN AND WOMEN - Khadlaj Perfumes,false,KHADLAJ ONYX SILVER | Blended Luxury Perfume For Men & Women Online,,,,,,,,,,,,,,"<div class=""pyramid-section_lists""><h6 style=""font-weight:600;"">Top Notes</h6>
<p>Bergamot, Ginger, Black Pepper</p>
</div>
<div class=""pyramid-section_lists""><h6 style=""font-weight:600;"">Middle Notes</h6>
<p>Petitgrain, Cardamom</p>
</div>
<div class=""pyramid-section_lists""><h6 style=""font-weight:600;"">Base Notes</h6>
<p>Patchouli, Labdanum, Benzoin, Tonka Beans</p>
</div>",,,,,,,,,,everyday; casual; special-occasion; formal,,,spicy; citrus; patchouli,spring; fall; winter; summer,unisex,,,,g,,,true,,,true,,,true,,,true,,,true,,,true,,,true,,,active
khadlaj-onyx-silver-100-ml-eau-de-parfum-for-men-and-women-online-dubai-uae,,,,,,,,,,,,,,,,,,,,,,,,,,,,,,,https://cdn.shopify.com/s/files/1/0626/6119/8023/files/OnyxSilver5.jpg?v=1769498883,2,KHADLAJ ONYX SILVER 100 ML EAU DE PARFUM FOR MEN AND WOMEN - Khadlaj Perfumes,,,,,,,,,,,,,,,,,,,,,,,,,,,,,,,,,,,,,,,,,,,,,,,,,,,,,,,,,,,
khadlaj-onyx-silver-100-ml-eau-de-parfum-for-men-and-women-online-dubai-uae,,,,,,,,,,,,,,,,,,,,,,,,,,,,,,,https://cdn.shopify.com/s/files/1/0626/6119/8023/files/Infographics_3.jpg?v=1769500010,3,KHADLAJ ONYX SILVER 100 ML EAU DE PARFUM FOR MEN AND WOMEN - Khadlaj Perfumes,,,,,,,,,,,,,,,,,,,,,,,,,,,,,,,,,,,,,,,,,,,,,,,,,,,,,,,,,,,
khadlaj-onyx-silver-100-ml-eau-de-parfum-for-men-and-women-online-dubai-uae,,,,,,,,,,,,,,,,,,,,,,,,,,,,,,,https://cdn.shopify.com/s/files/1/0626/6119/8023/files/OnyxSilver2.jpg?v=1769499006,4,KHADLAJ ONYX SILVER 100 ML EAU DE PARFUM FOR MEN AND WOMEN - Khadlaj Perfumes,,,,,,,,,,,,,,,,,,,,,,,,,,,,,,,,,,,,,,,,,,,,,,,,,,,,,,,,,,,
khadlaj-onyx-silver-100-ml-eau-de-parfum-for-men-and-women-online-dubai-uae,,,,,,,,,,,,,,,,,,,,,,,,,,,,,,,https://cdn.shopify.com/s/files/1/0626/6119/8023/files/OnyxSilver1.jpg?v=1769502676,5,KHADLAJ ONYX SILVER 100 ML EAU DE PARFUM FOR MEN AND WOMEN - Khadlaj Perfumes,,,,,,,,,,,,,,,,,,,,,,,,,,,,,,,,,,,,,,,,,,,,,,,,,,,,,,,,,,,
oud-muattar-jumeirah-24-g-copy,OUD MUATTAR KUWAITI 60 G,"<p>Experience the richness of authentic Bakhoor in Kuwait and UAE with Oud Muattar Kuwaiti 60g by Khadlaj Perfumes. Crafted from premium oud wood chips infused with high-quality fragrance oils, this traditional Arabic bakhoor delivers a deep, warm, and long-lasting aroma that transforms your home into a luxurious sanctuary.</p>
<p>Perfect for daily use, special occasions, majlis gatherings, and gifting, this Kuwaiti-style bakhoor blends intense woody oud with subtle oriental sweetness, creating a sophisticated scent profile loved across the GCC region. When burned on charcoal or an electric incense burner, it releases a smooth, lingering fragrance that perfumes rooms, clothing, and curtains beautifully.</p>",Khadlaj-perfumes,Home & Garden > Decor > Home Fragrances > Incense,OUD MUATTAR,"OUD MUATTAR, UNISEX",true,Size,60 G,,,,,,,,'6291107977287,1000.0,shopify,deny,manual,50.00,,true,true,,,,,'6291107977287,https://cdn.shopify.com/s/files/1/0626/6119/8023/files/CopyofOudMuattarKuwaiti.1.png?v=1783939555,1,OUD MUATTAR KUWAITI 60 G - Khadlaj Perfumes,false,Oud Muattar Floral Aroma - Luxury Home Ambiance Oil,"Floral oud Muattar aroma for a luxury home ambiance. Elegant, long-lasting scent for premium living spaces.",592,,,,,,,,,,,,,,,,,,,,,,,,,woody; oriental,,,,,,g,,,true,,,true,,,true,,,true,,,true,,,true,,,true,,,active
oud-muattar-jumeirah-24-g-copy,,,,,,,,,,,,,,,,,,,,,,,,,,,,,,,https://cdn.shopify.com/s/files/1/0626/6119/8023/files/CopyofOudMuattarKuwaiti.4_d17eb7b5-4810-4d9c-be13-3397010d78bb.png?v=1771069657,2,OUD MUATTAR KUWAITI 60 G - Khadlaj Perfumes,,,,,,,,,,,,,,,,,,,,,,,,,,,,,,,,,,,,,,,,,,,,,,,,,,,,,,,,,,,
oud-muattar-bahraini-60-g,OUD MUATTAR BAHRAINI 60 G,"<p>Experience the timeless richness of Arabian tradition with Oud Muattar Bahraini 60g by Khadlaj Perfumes. Crafted with premium-quality oud chips infused in luxurious oriental fragrance oils, this exquisite muattar fills your space with a deep, warm, and long-lasting aroma that embodies elegance and heritage.</p>
<p>Oud Muattar Bahraini releases a captivating blend of rich woody notes, subtle sweetness, and refined oriental accords, creating an inviting ambiance perfect for homes, majlis gatherings, special occasions, and daily indulgence. Designed for use with traditional charcoal burners or electric bakhoor burners, it delivers a smooth, lingering scent that enhances every moment.</p>
<p>Beautifully presented and crafted with precision, this 60g pack is ideal for personal use or as a thoughtful gift for loved ones who appreciate authentic Arabian perfumery.</p>",Khadlaj-perfumes,Home & Garden > Decor > Home Fragrances > Incense,OUD MUATTAR,"OUD MUATTAR, UNISEX",true,Size,60 G,,,,,,,,'6291107977294,1000.0,shopify,deny,manual,50.00,,true,true,,,,,'6291107977294,https://cdn.shopify.com/s/files/1/0626/6119/8023/files/OudMuattarBahraini.1_1.png?v=1783939522,1,OUD MUATTAR BAHRAINI 60 G - Khadlaj Perfumes,false,Oud Muattar Floral Aroma - Luxury Home Ambiance Oil,"Floral oud Muattar aroma for a luxury home ambiance. Elegant, long-lasting scent for premium living spaces.",592,,,,,,,,,,,,,,,,,,,,,,,,,woody; oriental,,,,,,g,,,true,,,true,,,true,,,true,,,true,,,true,,,true,,,active
oud-muattar-bahraini-60-g,,,,,,,,,,,,,,,,,,,,,,,,,,,,,,,https://cdn.shopify.com/s/files/1/0626/6119/8023/files/OudMuattarBahraini.4_1.png?v=1771070723,2,OUD MUATTAR BAHRAINI 60 G - Khadlaj Perfumes,,,,,,,,,,,,,,,,,,,,,,,,,,,,,,,,,,,,,,,,,,,,,,,,,,,,,,,,,,,
oud-muattar-bahraini-60-g,,,,,,,,,,,,,,,,,,,,,,,,,,,,,,,https://cdn.shopify.com/s/files/1/0626/6119/8023/files/Copy_of_OudMuattarBahraini.3.png?v=1771070678,3,OUD MUATTAR BAHRAINI 60 G - Khadlaj Perfumes,,,,,,,,,,,,,,,,,,,,,,,,,,,,,,,,,,,,,,,,,,,,,,,,,,,,,,,,,,,
oud-muattar-bahraini-60-g,,,,,,,,,,,,,,,,,,,,,,,,,,,,,,,https://cdn.shopify.com/s/files/1/0626/6119/8023/files/OudMuattarBahraini.2_1.png?v=1771070458,4,OUD MUATTAR BAHRAINI 60 G - Khadlaj Perfumes,,,,,,,,,,,,,,,,,,,,,,,,,,,,,,,,,,,,,,,,,,,,,,,,,,,,,,,,,,,
panache-angel-dust-100-ml-extrait-de-parfum-spray-for-women-shop-online-dubai-uae,PANACHE ANGEL DUST 100 ML EXTRAIT DE PARFUM SPRAY FOR WOMEN,"<p>Indulge in irresistible elegance with Panache Angel Dust Extrait De Parfum 100ml for Women from the house of Khadlaj Perfumes is a captivating fragrance that embodies sensuality, warmth, and modern femininity. Crafted in an intense extrait concentration, this perfume delivers exceptional longevity and a rich, lingering sillage.</p>
<p>The fragrance opens with a vibrant burst of mandarin, creamy vanilla, and juicy redcurrant, creating a sweet yet sparkling introduction. At its heart, a sophisticated blend of tuberose, smooth sandalwood, and a hint of warm rum adds depth and character, evoking confidence and allure. The dry down is luxuriously addictive, unfolding into vanilla, whipped cream, benzoin, and soft musk, leaving a creamy, velvety trail that enchants long after application.</p>
<p>Panache Angel Dust is perfect for evening wear, special occasions, or whenever you want to make a memorable statement. Elegant, feminine, and indulgent — this fragrance wraps you in a cloud of sweet sophistication.</p>",Khadlaj-perfumes,Health & Beauty > Personal Care > Cosmetics > Perfumes & Colognes > Eaux de Parfum,PERFUME SPRAY,"Deals, Perfume Spray, Women",true,Size,100 ML,,,,,,,,'6298043070829,750.0,shopify,deny,manual,125.00,200.00,true,true,,,,,'6298043070829,https://cdn.shopify.com/s/files/1/0626/6119/8023/files/Panache_1_jpg_c97c705a-aebf-4bf9-a621-f11b565e765d.jpg?v=1783939496,1,PANACHE ANGEL DUST 100 ML EXTRAIT DE PARFUM SPRAY FOR WOMEN - Khadlaj Perfumes,false,,,,,,,,,,,,,,,"<div class=""pyramid-section_lists""><h6 style=""font-weight:600;"">Top Notes</h6>
<p>Mandarin, Vanilla, Redcurrant</p>
</div>
<div class=""pyramid-section_lists""><h6 style=""font-weight:600;"">Middle Notes</h6>
<p>Tuberose, Sandalwood, Rum </p>
</div>
<div class=""pyramid-section_lists""><h6 style=""font-weight:600;"">Base Notes</h6>
<p>Vanilla, Whipped Cream, Benzoin, Musk</p>
</div>",,,,,clear,,,,,everyday; casual; special-occasion; formal,,,fruity; vanilla; sandalwood; musk,fall; winter; spring; summer,female,,,,g,,,true,,,true,,,true,,,true,,,true,,,true,,,true,,,active
panache-angel-dust-100-ml-extrait-de-parfum-spray-for-women-shop-online-dubai-uae,,,,,,,,,,,,,,,,,,,,,,,,,,,,,,,https://cdn.shopify.com/s/files/1/0626/6119/8023/files/Panache_2_jpg_0bc7a1f3-8af9-4188-98f1-c58151159f55.jpg?v=1771333283,2,PANACHE ANGEL DUST 100 ML EXTRAIT DE PARFUM SPRAY FOR WOMEN - Khadlaj Perfumes,,,,,,,,,,,,,,,,,,,,,,,,,,,,,,,,,,,,,,,,,,,,,,,,,,,,,,,,,,,
panache-angel-dust-100-ml-extrait-de-parfum-spray-for-women-shop-online-dubai-uae,,,,,,,,,,,,,,,,,,,,,,,,,,,,,,,https://cdn.shopify.com/s/files/1/0626/6119/8023/files/Panache_4_jpg_9a48384b-07d9-4332-9446-3afd35eb42ac.jpg?v=1771334327,3,PANACHE ANGEL DUST 100 ML EXTRAIT DE PARFUM SPRAY FOR WOMEN - Khadlaj Perfumes,,,,,,,,,,,,,,,,,,,,,,,,,,,,,,,,,,,,,,,,,,,,,,,,,,,,,,,,,,,
panache-angel-dust-100-ml-extrait-de-parfum-spray-for-women-shop-online-dubai-uae,,,,,,,,,,,,,,,,,,,,,,,,,,,,,,,https://cdn.shopify.com/s/files/1/0626/6119/8023/files/Panache_3_jpg_19db982d-96d8-4fa7-ba53-085c0d14af9c.jpg?v=1771334327,4,PANACHE ANGEL DUST 100 ML EXTRAIT DE PARFUM SPRAY FOR WOMEN - Khadlaj Perfumes,,,,,,,,,,,,,,,,,,,,,,,,,,,,,,,,,,,,,,,,,,,,,,,,,,,,,,,,,,,
panache-angel-dust-100-ml-extrait-de-parfum-spray-for-women-shop-online-dubai-uae,,,,,,,,,,,,,,,,,,,,,,,,,,,,,,,https://cdn.shopify.com/s/files/1/0626/6119/8023/files/Infographics-Panache_jpg.jpg?v=1771334520,5,PANACHE ANGEL DUST 100 ML EXTRAIT DE PARFUM SPRAY FOR WOMEN - Khadlaj Perfumes,,,,,,,,,,,,,,,,,,,,,,,,,,,,,,,,,,,,,,,,,,,,,,,,,,,,,,,,,,,
bakhoor-fazaa-120gm-premium-bakhoors-shopping-online-dubai-uae,BAKHOOR FAZAA 120 G,"<p>Elevate your home fragrance experience with Bakhoor Fazaa, a premium creation from the house of Khadlaj Perfumes. Crafted with the finest aromatic ingredients, this exquisite bakhoor releases a rich, captivating aroma that reflects the true essence of Arabian luxury.</p>
<p>Bakhoor Fazaa unfolds with deep woody accords, warm oriental notes, and subtle hints of sweetness that fill your space with a long-lasting and inviting fragrance. Perfect for daily use, special gatherings, and festive occasions, it creates an atmosphere of warmth, elegance, and sophistication.</p>
<p>Designed for use with traditional charcoal burners or modern electric bakhoor burners, this pack delivers smooth, consistent fragrance diffusion, keeping your home beautifully scented for hours.</p>
<p>Beautifully presented and thoughtfully blended, Bakhoor Fazaa is ideal for personal indulgence or as a luxurious gift for loved ones who appreciate authentic Middle Eastern perfumery.</p>
<p>Experience the art of fine bakhoor with Khadlaj Perfumes — where tradition meets timeless elegance.</p>",Khadlaj-perfumes,Home & Garden > Decor > Home Fragrances > Incense,BAKHOOR,"Bakhoor, Unisex",true,Size,120 G,,,,,,,,'6298043071345,650.0,shopify,deny,manual,90.00,,true,true,,,,,'6298043071345,https://cdn.shopify.com/s/files/1/0626/6119/8023/files/Fazaa.1.jpg?v=1783939470,1,BAKHOOR FAZAA 120 G - Khadlaj Perfumes,false,"Floral, Woody Scent | Premium Bakhoors Shopping Online Dubai UAE",,3686,,,,,,,,,,,,,,,,,gold; beige,,,,,,,,,,,,,,g,,,true,,,true,,,true,,,true,,,true,,,true,,,true,,,active
bakhoor-fazaa-120gm-premium-bakhoors-shopping-online-dubai-uae,,,,,,,,,,,,,,,,,,,,,,,,,,,,,,,https://cdn.shopify.com/s/files/1/0626/6119/8023/files/Fazaa.4.jpg?v=1771484036,2,BAKHOOR FAZAA 120 G - Khadlaj Perfumes,,,,,,,,,,,,,,,,,,,,,,,,,,,,,,,,,,,,,,,,,,,,,,,,,,,,,,,,,,,
bakhoor-fazaa-120gm-premium-bakhoors-shopping-online-dubai-uae,,,,,,,,,,,,,,,,,,,,,,,,,,,,,,,https://cdn.shopify.com/s/files/1/0626/6119/8023/files/Fazaa.3.jpg?v=1771483994,3,BAKHOOR FAZAA 120 G - Khadlaj Perfumes,,,,,,,,,,,,,,,,,,,,,,,,,,,,,,,,,,,,,,,,,,,,,,,,,,,,,,,,,,,
bakhoor-fazaa-120gm-premium-bakhoors-shopping-online-dubai-uae,,,,,,,,,,,,,,,,,,,,,,,,,,,,,,,https://cdn.shopify.com/s/files/1/0626/6119/8023/files/Fazaa.2.jpg?v=1771484017,4,BAKHOOR FAZAA 120 G - Khadlaj Perfumes,,,,,,,,,,,,,,,,,,,,,,,,,,,,,,,,,,,,,,,,,,,,,,,,,,,,,,,,,,,
bakhoor-izz-120-g,BAKHOOR IZZ 120 G,"<p>Inspired by the deep-rooted traditions of Arabian hospitality, Bakhoor IZZ by Khadlaj Perfumes is a tribute to the timeless art of perfuming homes and gatherings. Crafted with carefully selected aromatic woods and infused with luxurious oriental essences, this premium bakhoor embodies dignity, warmth, and noble elegance.</p>
<p>As the bakhoor gently burns, it releases waves of rich woody notes blended with soft sweetness and deep oriental accords, filling the space with a scent that lingers gracefully. The aroma evokes the spirit of majlis gatherings, festive celebrations, and cherished family moments — where fragrance becomes a symbol of welcome and honor.</p>
<p>Perfect for use with traditional charcoal burners or electric incense burners, Bakhoor IZZ transforms every home into a haven of serenity and refined Arabian charm. Beautifully presented and masterfully blended, it is also an exquisite gift that reflects generosity and prestige.</p>
<p>Let your home speak the language of heritage, hospitality, and timeless Arabian luxury with Bakhoor IZZ by Khadlaj Perfumes.</p>",Khadlaj-perfumes,Home & Garden > Decor > Home Fragrances > Incense,BAKHOOR,"Bakhoor, Unisex",true,Size,120 G,,,,,,,,'6298043071338,650.0,shopify,deny,manual,90.00,,true,true,,,,,'6298043071338,https://cdn.shopify.com/s/files/1/0626/6119/8023/files/bakhoor.1.jpg?v=1783939423,1,BAKHOOR IZZ 120 G - Khadlaj Perfumes,false,"Floral, Woody Scent | Premium Bakhoor IZZ  BY KHADLAJ Shopping Online Dubai UAE",,3686,,,,,,,,,,,,,,,,,gold,,,,,,,,,,,,,,g,,,true,,,true,,,true,,,true,,,true,,,true,,,true,,,active
bakhoor-izz-120-g,,,,,,,,,,,,,,,,,,,,,,,,,,,,,,,https://cdn.shopify.com/s/files/1/0626/6119/8023/files/Bakhoor.4.jpg?v=1771485596,2,BAKHOOR IZZ 120 G - Khadlaj Perfumes,,,,,,,,,,,,,,,,,,,,,,,,,,,,,,,,,,,,,,,,,,,,,,,,,,,,,,,,,,,
bakhoor-izz-120-g,,,,,,,,,,,,,,,,,,,,,,,,,,,,,,,https://cdn.shopify.com/s/files/1/0626/6119/8023/files/Bakhoor.2.jpg?v=1771485596,3,BAKHOOR IZZ 120 G - Khadlaj Perfumes,,,,,,,,,,,,,,,,,,,,,,,,,,,,,,,,,,,,,,,,,,,,,,,,,,,,,,,,,,,
bakhoor-izz-120-g,,,,,,,,,,,,,,,,,,,,,,,,,,,,,,,https://cdn.shopify.com/s/files/1/0626/6119/8023/files/Bakhoor.3.jpg?v=1771485596,4,BAKHOOR IZZ 120 G - Khadlaj Perfumes,,,,,,,,,,,,,,,,,,,,,,,,,,,,,,,,,,,,,,,,,,,,,,,,,,,,,,,,,,,
oud-muattar-oud-al-rawda-40-g,OUD MUATTAR OUD AL RAWDA 40 G,"<p>Immerse your space in the refined elegance of Oud Muattar Oud Al Rawda 40g, a distinguished creation from Khadlaj Perfumes. Crafted with premium oud chips infused in luxurious oriental oils, this exquisite muattar releases a captivating aroma that reflects the depth and heritage of Arabian perfumery.</p>
<p>The fragrance opens with a radiant blend of aldehydes, delicate florals, and precious saffron, creating a bright yet opulent introduction. At its heart, a warm fusion of pepper, rose, and rich spicy accords unfolds, adding depth and character. The scent settles into a powerful and long-lasting base of cedarwood, soft musk, and earthy patchouli, leaving behind a refined and comforting trail.</p>
<p>When gently heated on charcoal or an electric burner, Oud Al Rawda fills your home, majlis, or special gathering with an atmosphere of warmth, sophistication, and tradition. Its balanced composition makes it perfect for daily use as well as festive occasions.</p>
<p>Beautifully presented in a 40g pack, Oud Muattar Oud Al Rawda is ideal for personal indulgence or as a thoughtful gift for those who appreciate authentic Middle Eastern fragrances.</p>
<p>Elevate your home fragrance ritual with the timeless essence of Oud Al Rawda.</p>",khadlaj-perfumes,Home & Garden > Decor > Home Fragrances > Incense,OUD MUATTAR,"OUD MUATTAR, UNISEX",true,Size,40 G,,,,,,,,'6291107975542,250.0,shopify,deny,manual,35.00,,true,true,,,,,'6291107975542,https://cdn.shopify.com/s/files/1/0626/6119/8023/files/OUD_MUATTAR_OUD_AL_RAWDA.jpg?v=1783939385,1,OUD MUATTAR OUD AL RAWDA 40 G - Khadlaj Perfumes,false,Oud Muattar AL RAWDA PATCHOULI  MUSKY Aroma - Luxury Home Ambiance By Khadlaj,,592,,,,,,,,,,,,"<div class=""pyramid-section_lists""><h6 style=""font-weight:600;"">Top Notes</h6>
<p>Aldehyde, Floral, Saffron</p>
</div>
<div class=""pyramid-section_lists""><h6 style=""font-weight:600;"">Middle Notes</h6>
<p>Pepper, Rose, Spicy</p>
</div>
<div class=""pyramid-section_lists""><h6 style=""font-weight:600;"">Base Notes</h6>
<p>Cedarwood, Musky, Patchouli</p>
</div>",,,,,,,,,,,,,,,,,,,g,,,true,,,true,,,true,,,true,,,true,,,true,,,true,,,active
oud-muattar-oud-al-rawda-40-g,,,,,,,,,,,,,,,,,,,,,,,,,,,,,,,https://cdn.shopify.com/s/files/1/0626/6119/8023/files/1_026e66d8-e78a-4b25-90a5-59c98b72e23a.jpg?v=1772091754,2,OUD MUATTAR OUD AL RAWDA 40 G - Khadlaj Perfumes,,,,,,,,,,,,,,,,,,,,,,,,,,,,,,,,,,,,,,,,,,,,,,,,,,,,,,,,,,,
oud-muattar-oud-al-rawda-40-g,,,,,,,,,,,,,,,,,,,,,,,,,,,,,,,https://cdn.shopify.com/s/files/1/0626/6119/8023/files/2_635fc15b-c7d6-4a21-a5df-6af1e6aac6ba.jpg?v=1772091740,3,OUD MUATTAR OUD AL RAWDA 40 G - Khadlaj Perfumes,,,,,,,,,,,,,,,,,,,,,,,,,,,,,,,,,,,,,,,,,,,,,,,,,,,,,,,,,,,
la-fede-intoxicate-blue-elixir-100-ml-eau-de-parfume-spray-for-men-copy,LA FEDE INTOXICATE MYSTIQUE 100 ML EXTRAIT DE PARFUM SPRAY FOR MEN,"<p>Step into an aura of power and mystery with La Fede Intoxicate Mystique Extrait De Parfum 100ml for Men, a bold and sophisticated creation from Khadlaj Perfumes. Crafted in an intense extrait concentration, this fragrance delivers exceptional longevity, depth, and a commanding presence.</p>
<p>The scent opens with a refined fusion of bergamot and musk, offering a fresh yet sensual introduction that immediately captures attention. At its heart, an elegant blend of geranium accord and guaiac wood unfolds, creating a rich woody-floral balance that exudes strength and confidence.</p>
<p>The fragrance settles into a warm and captivating base of Siam benzoin, creamy vanilla, and balsamic accords, leaving behind a smooth, resinous trail that lingers long after application.</p>
<p>La Fede Intoxicate Mystique is designed for the modern gentleman who appreciates depth, elegance, and understated power. Perfect for evening wear, formal occasions, or moments when you want to leave a lasting impression.</p>",Khadlaj-perfumes,Health & Beauty > Personal Care > Cosmetics > Perfumes & Colognes > Eaux de Parfum,PERFUME SPRAY,"Deals, Men, Perfume Spray",true,Size,100 ML,,,,,,,,'6298043071598,1000.0,shopify,deny,manual,130.00,180.00,true,true,,,,,'6298043071598,https://cdn.shopify.com/s/files/1/0626/6119/8023/files/IntoxicateMystique.3.png?v=1783939357,1,LA FEDE INTOXICATE MYSTIQUE 100 ML EXTRAIT DE PARFUM SPRAY FOR MEN - Khadlaj Perfumes,false,,,479,,,,,,,,,,,,"<div class=""pyramid-section_lists""><h6 style=""font-weight:600;"">Top Notes</h6>
<p>Bergamot, Musk</p>
</div>
<div class=""pyramid-section_lists""><h6 style=""font-weight:600;"">Middle Notes</h6>
<p>Geranium Accord, Guaiac Wood</p>
</div>
<div class=""pyramid-section_lists""><h6 style=""font-weight:600;"">Base Notes</h6>
<p> Siam Benzoin, Vanilla, Balsam</p>
</div>",,,,,,,,,,everyday; casual; formal; special-occasion,,,fresh; woody; vanilla; musk,fall; spring; summer; winter,male,,,,g,,,true,,,true,,,true,,,true,,,true,,,true,,,true,,,active
la-fede-intoxicate-blue-elixir-100-ml-eau-de-parfume-spray-for-men-copy,,,,,,,,,,,,,,,,,,,,,,,,,,,,,,,https://cdn.shopify.com/s/files/1/0626/6119/8023/files/IntoxicateMystique.4.png?v=1772518819,2,LA FEDE INTOXICATE MYSTIQUE 100 ML EXTRAIT DE PARFUM SPRAY FOR MEN - Khadlaj Perfumes,,,,,,,,,,,,,,,,,,,,,,,,,,,,,,,,,,,,,,,,,,,,,,,,,,,,,,,,,,,
la-fede-intoxicate-blue-elixir-100-ml-eau-de-parfume-spray-for-men-copy,,,,,,,,,,,,,,,,,,,,,,,,,,,,,,,https://cdn.shopify.com/s/files/1/0626/6119/8023/files/IntoxicateMystique.2.png?v=1772518819,3,LA FEDE INTOXICATE MYSTIQUE 100 ML EXTRAIT DE PARFUM SPRAY FOR MEN - Khadlaj Perfumes,,,,,,,,,,,,,,,,,,,,,,,,,,,,,,,,,,,,,,,,,,,,,,,,,,,,,,,,,,,
la-fede-intoxicate-blue-elixir-100-ml-eau-de-parfume-spray-for-men-copy,,,,,,,,,,,,,,,,,,,,,,,,,,,,,,,https://cdn.shopify.com/s/files/1/0626/6119/8023/files/Infographics-IntoxicateMystique_jpg.jpg?v=1772518253,4,LA FEDE INTOXICATE MYSTIQUE 100 ML EXTRAIT DE PARFUM SPRAY FOR MEN - Khadlaj Perfumes,,,,,,,,,,,,,,,,,,,,,,,,,,,,,,,,,,,,,,,,,,,,,,,,,,,,,,,,,,,
la-fede-intoxicate-blue-elixir-100-ml-eau-de-parfume-spray-for-men-copy,,,,,,,,,,,,,,,,,,,,,,,,,,,,,,,https://cdn.shopify.com/s/files/1/0626/6119/8023/files/IntoxicateMystique.1.png?v=1772518099,5,LA FEDE INTOXICATE MYSTIQUE 100 ML EXTRAIT DE PARFUM SPRAY FOR MEN - Khadlaj Perfumes,,,,,,,,,,,,,,,,,,,,,,,,,,,,,,,,,,,,,,,,,,,,,,,,,,,,,,,,,,,
khadlaj-icon-100-ml-eau-de-parfum-spray-for-men,KHADLAJ ICON 100 ML EAU DE PARFUM SPRAY FOR MEN,"<p>Make a statement with Khadlaj Icon Eau De Parfum Spray for Men, a bold fragrance that reflects strength, charisma, and timeless style. Created by Khadlaj Perfumes, this captivating scent combines refreshing citrus notes with deep aromatic and woody accords to create a truly unforgettable experience.</p>
<p>The fragrance begins with the sparkling freshness of bergamot, awakening the senses with vibrant energy. The heart introduces an aromatic blend of lavender, incense, and labdanum, adding richness and sophistication. As the scent evolves, warm amber suede and sandalwood create a smooth and masculine base that leaves an enduring impression.</p>
<p>Perfect for men who want to project confidence and elegance, Khadlaj Icon is ideal for work, special occasions, or evening wear.</p>",Khadlaj-perfumes,Health & Beauty > Personal Care > Cosmetics > Perfumes & Colognes > Eaux de Parfum,PERFUME SPRAY,"Deals, Men, Perfume Spray",true,Size,100 ML,,,,,,,,'6298043071215,650.0,shopify,deny,manual,100.00,150.00,true,true,,,,,'6298043071215,https://cdn.shopify.com/s/files/1/0626/6119/8023/files/Icon.1.jpg?v=1783939329,1,KHADLAJ ICON 100 ML EAU DE PARFUM SPRAY FOR MEN - Khadlaj Perfumes,false,,"Khadlaj Ria blends fruity, sweet, and floral musk notes, creating a luxurious perfume for women who enjoy elegant and feminine scents.",,,,,,,,,,,,,"<div class=""pyramid-section_lists""><h6 style=""font-weight:600;"">Top Notes</h6>
<p>Bergamot</p>
</div>
<div class=""pyramid-section_lists""><h6 style=""font-weight:600;"">Middle Notes</h6>
<p>Lavender, Incense Labdanum</p>
</div>
<div class=""pyramid-section_lists""><h6 style=""font-weight:600;"">Base Notes</h6>
<p>Amber, Suede Sandalwood</p>
</div>",,,,,,,,,,everyday; casual; special-occasion; formal,,,citrus; lavender; amber; sandalwood,summer; spring; fall,female,,,,g,,,true,,,true,,,true,,,true,,,true,,,true,,,true,,,active
khadlaj-icon-100-ml-eau-de-parfum-spray-for-men,,,,,,,,,,,,,,,,,,,,,,,,,,,,,,,https://cdn.shopify.com/s/files/1/0626/6119/8023/files/Icon.4.jpg?v=1783941375,2,KHADLAJ ICON 100 ML EAU DE PARFUM SPRAY FOR MEN - Khadlaj Perfumes,,,,,,,,,,,,,,,,,,,,,,,,,,,,,,,,,,,,,,,,,,,,,,,,,,,,,,,,,,,
khadlaj-icon-100-ml-eau-de-parfum-spray-for-men,,,,,,,,,,,,,,,,,,,,,,,,,,,,,,,https://cdn.shopify.com/s/files/1/0626/6119/8023/files/Icon.3.jpg?v=1773206615,3,KHADLAJ ICON 100 ML EAU DE PARFUM SPRAY FOR MEN - Khadlaj Perfumes,,,,,,,,,,,,,,,,,,,,,,,,,,,,,,,,,,,,,,,,,,,,,,,,,,,,,,,,,,,
khadlaj-icon-100-ml-eau-de-parfum-spray-for-men,,,,,,,,,,,,,,,,,,,,,,,,,,,,,,,https://cdn.shopify.com/s/files/1/0626/6119/8023/files/Icon-infographics_jpg.jpg?v=1773206133,4,KHADLAJ ICON 100 ML EAU DE PARFUM SPRAY FOR MEN - Khadlaj Perfumes,,,,,,,,,,,,,,,,,,,,,,,,,,,,,,,,,,,,,,,,,,,,,,,,,,,,,,,,,,,
khadlaj-icon-100-ml-eau-de-parfum-spray-for-men,,,,,,,,,,,,,,,,,,,,,,,,,,,,,,,https://cdn.shopify.com/s/files/1/0626/6119/8023/files/Icon.2.jpg?v=1773206615,5,KHADLAJ ICON 100 ML EAU DE PARFUM SPRAY FOR MEN - Khadlaj Perfumes,,,,,,,,,,,,,,,,,,,,,,,,,,,,,,,,,,,,,,,,,,,,,,,,,,,,,,,,,,,
khadlaj-maya-20-ml-alcohol-free-perfume-attars-online-dubai-uae,KHADLAJ MAYA 20 ML,"<p>Indulge in the elegance of Khadlaj Maya Concentrated Perfume Oil, a captivating fragrance crafted to enchant the senses with its delicate yet vibrant composition. This exquisite concentrated perfume oil opens with a refreshing burst of citrus and floral sweetness, creating an inviting and uplifting first impression.</p>
<p>At its heart, a luscious blend of fruity and creamy notes unfolds, adding warmth and depth while maintaining a soft, feminine allure. The fragrance settles into a smooth and sensual base, leaving a lasting trail of sophistication and charm.</p>
<p>Perfect for everyday wear or special occasions, Maya Perfume Oil is designed for those who appreciate refined and long-lasting fragrances.</p>",Khadlaj-perfumes,Health & Beauty > Personal Care > Cosmetics > Perfumes & Colognes > Perfume Oils,CPO,"concentrated perfume oil, CPO, Deals, Women",true,Size,20 ML,,,,,,,,'6298043070935,500.0,shopify,deny,manual,50.00,75.00,true,true,,,,,'6298043070935,https://cdn.shopify.com/s/files/1/0626/6119/8023/files/MAYA-02_c3c2b911-f853-426f-9a0f-01e3775ce526.jpg?v=1783939303,1,KHADLAJ MAYA 20 ML - Khadlaj Perfumes,false,"Fruity, Musk & Vanilla Fragrance | Alcohol-Free Perfume Oil Online",,479,,,,,,,,,,,,"<div class=""pyramid-section_lists""><h6 style=""font-weight:600;"">Top Notes</h6>
<p>Bergamot, Peony, Lychee</p>
</div>
<div class=""pyramid-section_lists""><h6 style=""font-weight:600;"">Middle Notes</h6>
<p>Pineapple, Peach, Vanilla</p>
</div>
<div class=""pyramid-section_lists""><h6 style=""font-weight:600;"">Base Notes</h6>
<p>Musk, Sandal</p>
</div>",,,,,,,,,,everyday; formal; special-occasion; casual,,,citrus; fruity; musk; vanilla; sandalwood,fall; spring; summer,female,,,,g,,,true,,,true,,,true,,,true,,,true,,,true,,,true,,,active
khadlaj-maya-20-ml-alcohol-free-perfume-attars-online-dubai-uae,,,,,,,,,,,,,,,,,,,,,,,,,,,,,,,https://cdn.shopify.com/s/files/1/0626/6119/8023/files/MAYA-03_ddf6195d-5379-4765-a409-9221dc57fbe9.jpg?v=1774346823,2,KHADLAJ MAYA 20 ML - Khadlaj Perfumes,,,,,,,,,,,,,,,,,,,,,,,,,,,,,,,,,,,,,,,,,,,,,,,,,,,,,,,,,,,
khadlaj-maya-20-ml-alcohol-free-perfume-attars-online-dubai-uae,,,,,,,,,,,,,,,,,,,,,,,,,,,,,,,https://cdn.shopify.com/s/files/1/0626/6119/8023/files/Maya-infographics.jpg?v=1774346001,3,KHADLAJ MAYA 20 ML - Khadlaj Perfumes,,,,,,,,,,,,,,,,,,,,,,,,,,,,,,,,,,,,,,,,,,,,,,,,,,,,,,,,,,,
khadlaj-maya-20-ml-alcohol-free-perfume-attars-online-dubai-uae,,,,,,,,,,,,,,,,,,,,,,,,,,,,,,,https://cdn.shopify.com/s/files/1/0626/6119/8023/files/MAYA-01_2bb30413-8f48-40c8-b0b8-86b7127b76c0.jpg?v=1774346823,4,KHADLAJ MAYA 20 ML - Khadlaj Perfumes,,,,,,,,,,,,,,,,,,,,,,,,,,,,,,,,,,,,,,,,,,,,,,,,,,,,,,,,,,,
ihthraam-extrait-de-parfum-spray-oriental-unisex-fragrance,KHADLAJ IHTHIRAAM 60 ML EXTRAIT DE PARFUM SPRAY FOR MEN & WOMEN,"<p>Experience refined elegance with Khadlaj Ihthiraam, a luxurious extrait de parfum crafted for both men and women who appreciate depth, sophistication, and long-lasting performance. This premium fragrance blends vibrant freshness with rich oriental warmth, making it perfect for both everyday wear and special occasions.</p>
<p>The scent opens with a captivating burst of bergamot, pink pepper, and honey, creating a fresh yet subtly sweet introduction that instantly uplifts the senses. As the fragrance evolves, a heart of aromatic accords, jasmine, orange blossom, African oud, rosemary, and cashmere oud unfolds, adding a beautifully balanced layer of floral, woody, and herbal richness.</p>
<p>In the base, raspberry, ambroxan, sandalwood, vetiver, musk, and amber come together to deliver a smooth, warm, and long-lasting finish that leaves a memorable trail wherever you go.</p>
<p>Elevate your fragrance game with <strong data-start=""1332"" data-end=""1358"">Khadlaj Ihthiraam 60ML</strong>, a signature scent designed to leave a lasting impression.</p>",Khadlaj-perfumes,Health & Beauty > Personal Care > Cosmetics > Perfumes & Colognes > Eaux de Parfum,PERFUME SPRAY,"Deals, Men, Perfume Spray, UNISEX, Women",true,Size,60 ML,,,,,,,,'6298043072229,850.0,shopify,deny,manual,95.00,130.00,true,true,,,,,'6298043072229,https://cdn.shopify.com/s/files/1/0626/6119/8023/files/Ihthiraam-3.jpg?v=1783939279,1,KHADLAJ IHTHIRAAM 60 ML EXTRAIT DE PARFUM SPRAY FOR MEN & WOMEN - Khadlaj Perfumes,false,KHADLAJ IHTHIRAAM EXTRAIT DE PARFUM ORIENTAL UNISEX SPRAY,,,,,,,,,,,,,,"<div class=""pyramid-section_lists""><h6 style=""font-weight:600;"">Top Notes</h6>
<p>Bergamot, Pink Pepper, Honey</p>
</div>
<div class=""pyramid-section_lists""><h6 style=""font-weight:600;"">Middle Notes</h6>
<p>Aromatic Accord, Jasmine, Orange Blossom, African Oud, Rosemary, Cashmere Oud </p>
</div>
<div class=""pyramid-section_lists""><h6 style=""font-weight:600;"">Base Notes</h6>
<p>Raspberry, Ambroxan, Sandalwood, Vetiver, Musk, Amber</p>
</div>",,,,,,,,,,everyday; casual; special-occasion; formal,,,jasmine; oriental; amber; musk,fall; winter; spring; summer,female; male; unisex,,,,g,,,true,,,true,,,true,,,true,,,true,,,true,,,true,,,active
ihthraam-extrait-de-parfum-spray-oriental-unisex-fragrance,,,,,,,,,,,,,,,,,,,,,,,,,,,,,,,https://cdn.shopify.com/s/files/1/0626/6119/8023/files/Ihthiraam-4.jpg?v=1775636549,2,KHADLAJ IHTHIRAAM 60 ML EXTRAIT DE PARFUM SPRAY FOR MEN & WOMEN - Khadlaj Perfumes,,,,,,,,,,,,,,,,,,,,,,,,,,,,,,,,,,,,,,,,,,,,,,,,,,,,,,,,,,,
ihthraam-extrait-de-parfum-spray-oriental-unisex-fragrance,,,,,,,,,,,,,,,,,,,,,,,,,,,,,,,https://cdn.shopify.com/s/files/1/0626/6119/8023/files/Ihthiraam-1.jpg?v=1775635386,3,KHADLAJ IHTHIRAAM 60 ML EXTRAIT DE PARFUM SPRAY FOR MEN & WOMEN - Khadlaj Perfumes,,,,,,,,,,,,,,,,,,,,,,,,,,,,,,,,,,,,,,,,,,,,,,,,,,,,,,,,,,,
ihthraam-extrait-de-parfum-spray-oriental-unisex-fragrance,,,,,,,,,,,,,,,,,,,,,,,,,,,,,,,https://cdn.shopify.com/s/files/1/0626/6119/8023/files/Ihthiraam-2.jpg?v=1775636549,4,KHADLAJ IHTHIRAAM 60 ML EXTRAIT DE PARFUM SPRAY FOR MEN & WOMEN - Khadlaj Perfumes,,,,,,,,,,,,,,,,,,,,,,,,,,,,,,,,,,,,,,,,,,,,,,,,,,,,,,,,,,,
ihthraam-extrait-de-parfum-spray-oriental-unisex-fragrance,,,,,,,,,,,,,,,,,,,,,,,,,,,,,,,https://cdn.shopify.com/s/files/1/0626/6119/8023/files/Ihthiraam-3Infographics.jpg_1.jpg?v=1775635444,5,KHADLAJ IHTHIRAAM 60 ML EXTRAIT DE PARFUM SPRAY FOR MEN & WOMEN - Khadlaj Perfumes,,,,,,,,,,,,,,,,,,,,,,,,,,,,,,,,,,,,,,,,,,,,,,,,,,,,,,,,,,,
khadlaj-qarar-unisex-bold-oriental-extrait-de-parfum,KHADLAJ QARAR 60 ML EXTRAIT DE PARFUM SPRAY FOR MEN & WOMEN,"<p>Experience the allure of bold sophistication with <strong>Khadlaj Qarar Extrait de Parfum</strong>, a luxurious unisex fragrance created for those who appreciate warmth, depth, and lasting elegance. Blending sparkling citrus, sweet honey, aromatic woods, and rich amber nuances, Qarar delivers a distinctive scent trail that feels both refined and memorable.</p>
<p>The fragrance opens with an uplifting fusion of bergamot and pink pepper, softened by the golden sweetness of honey. This vibrant introduction creates a bright yet inviting first impression, balancing freshness with a subtle spicy warmth.</p>
<p>At its heart, aromatic accords unfold alongside jasmine and orange blossom, bringing a smooth floral character to the composition. Oud, African rosemary, and cashmere wood add a deeper, more sophisticated dimension, creating an elegant woody heart with a soft, enveloping texture.</p>
<p>As the fragrance settles, raspberry adds a delicate fruity touch over a warm base of ambroxan, sandalwood, vetiver, musk, and amber. The result is a rich, sensual, and long-lasting finish that leaves an irresistible impression on the skin.</p>
<p>Perfect for both men and women, Khadlaj Qarar is ideal for evenings, special occasions, and anyone seeking a signature scent with confidence and character. Its extrait de parfum concentration offers excellent longevity and projection, making it a captivating addition to any fragrance collection.</p>",Khadlaj-perfumes,Health & Beauty > Personal Care > Cosmetics > Perfumes & Colognes > Eaux de Parfum,PERFUME SPRAY,"Deals, Men, Perfume Spray, UNISEX, Women",true,Size,60 ML,,,,,,,,'6298043071628,850.0,shopify,deny,manual,95.00,130.00,true,true,,,,,'6298043071628,https://cdn.shopify.com/s/files/1/0626/6119/8023/files/Qarar-3.jpg?v=1783939057,1,KHADLAJ QARAR 60 ML EXTRAIT DE PARFUM SPRAY FOR MEN & WOMEN - Khadlaj Perfumes,false,KHADLAJ  QARAR UNISEX BOLD ORIENTAL UNISEX EXTRAIT DE PARFUM,,,,,,,,,,,,,,"<div class=""pyramid-section_lists"">
  <h6 style=""font-weight:600;"">Top Notes</h6>
  <p>Bergamot, Pink Pepper, Honey</p>
</div>

<div class=""pyramid-section_lists"">
  <h6 style=""font-weight:600;"">Middle Notes</h6>
  <p>Aromatic Accords, Jasmine, Orange Blossom, Oud, African Rosemary, Cashmere Wood</p>
</div>

<div class=""pyramid-section_lists"">
  <h6 style=""font-weight:600;"">Base Notes</h6>
  <p>Raspberry, Ambroxan, Sandalwood, Vetiver, Musk, Amber</p>
</div>",,,,,white; clear,spray,citrus; woody; spicy; floral; herbal,,glass; metal; paper,everyday; casual; special-occasion; formal,citrus; aromatic; woody; musky; balsamic,liquid,jasmine; oriental; amber; musk,fall; winter; spring; summer,female; male; unisex,,,,g,,,true,,,true,,,true,,,true,,,true,,,true,,,true,,,active
khadlaj-qarar-unisex-bold-oriental-extrait-de-parfum,,,,,,,,,,,,,,,,,,,,,,,,,,,,,,,https://cdn.shopify.com/s/files/1/0626/6119/8023/files/Qarar-1.jpg?v=1775636739,2,KHADLAJ QARAR 60 ML EXTRAIT DE PARFUM SPRAY FOR MEN & WOMEN - Khadlaj Perfumes,,,,,,,,,,,,,,,,,,,,,,,,,,,,,,,,,,,,,,,,,,,,,,,,,,,,,,,,,,,
khadlaj-qarar-unisex-bold-oriental-extrait-de-parfum,,,,,,,,,,,,,,,,,,,,,,,,,,,,,,,https://cdn.shopify.com/s/files/1/0626/6119/8023/files/Qarar-4.jpg?v=1775637258,3,KHADLAJ QARAR 60 ML EXTRAIT DE PARFUM SPRAY FOR MEN & WOMEN - Khadlaj Perfumes,,,,,,,,,,,,,,,,,,,,,,,,,,,,,,,,,,,,,,,,,,,,,,,,,,,,,,,,,,,
khadlaj-qarar-unisex-bold-oriental-extrait-de-parfum,,,,,,,,,,,,,,,,,,,,,,,,,,,,,,,https://cdn.shopify.com/s/files/1/0626/6119/8023/files/Qarar-2.jpg?v=1775637258,4,KHADLAJ QARAR 60 ML EXTRAIT DE PARFUM SPRAY FOR MEN & WOMEN - Khadlaj Perfumes,,,,,,,,,,,,,,,,,,,,,,,,,,,,,,,,,,,,,,,,,,,,,,,,,,,,,,,,,,,
the-gourmand-collection-by-khadlaj-discovery-set-for-women,THE GOURMAND COLLECTION BY KHADLAJ DISCOVERY SET FOR WOMEN,"<p>Discover pure indulgence with The Gourmand Collection by Khadlaj Perfumes – Discovery Set for Women, a thoughtfully curated selection of Khadlaj’s most loved gourmand fragrances. This exclusive set features Cream Velvet, Nafais Sharq, Cloud Candy, Fursan, Caffè Latte, and Empire Victor, each offering a unique blend of sweet, creamy, and captivating notes.<br></p>
<p>Designed for fragrance lovers who enjoy rich and comforting scent profiles, this discovery set is perfect for sampling multiple signature aromas before choosing your favorite. Ideal for personal use or as a sophisticated gift, it brings together elegance, variety, and long-lasting appeal in one collection.<br>Key Features:</p>
<ul>
<li>Includes 6 best-selling gourmand fragrances</li>
<li>A mix of sweet, creamy, and warm scent profiles</li>
<li>Perfect for gifting or personal exploration</li>
<li>Travel-friendly and convenient</li>
</ul>
<p><br>Experience the art of gourmand perfumery with Khadlaj’s signature creations, all in one luxurious set.</p>",Khadlaj-perfumes,Health & Beauty > Personal Care > Cosmetics > Perfumes & Colognes > Eaux de Parfum,Gift Sets,"Deals, giftset, luxurygiftset, Perfume Spray, Women",true,Size,100 ML,,,,,,,,'6291107979885,1200.0,shopify,deny,manual,115.00,150.00,true,true,,,,,'6291107979885,https://cdn.shopify.com/s/files/1/0626/6119/8023/files/TheGourmandCollection-1_4e12f62b-1669-4513-9c53-0515dde14336.jpg?v=1776146949,1,THE GOURMAND COLLECTION BY KHADLAJ DISCOVERY SET FOR WOMEN - Khadlaj Perfumes,false,The Gourmand Collection | Best Women Perfumes | Discovery Sets By Khadlaj,"Discover pure indulgence with The Gourmand Collection by Khadlaj Perfumes – Discovery Set for Women, a thoughtfully curated selection of Khadlaj’s most loved gourmand fragrances. This exclusive set features Cream Velvet, Nafais Sharq, Cloud Candy, Fursan, Caffè Latte, and Empire Victor, each offering a unique blend of sweet, creamy, and captivating notes.
",479,,,,,,,,,,,,,,,,,,,,,,casual; special-occasion; formal; everyday,,,vanilla; musk; marshmallow; fresh; coffee; caramel,fall; winter; spring; summer,female,,,,g,,,true,,,true,,,true,,,true,,,true,,,true,,,true,,,active
the-gourmand-collection-by-khadlaj-discovery-set-for-women,,,,,,,,,,,,,,,,,,,,,,,,,,,,,,,https://cdn.shopify.com/s/files/1/0626/6119/8023/files/TheGourmandCollection-3_36392120-d1dc-489b-8fff-992c3945e6e1.jpg?v=1776147258,2,THE GOURMAND COLLECTION BY KHADLAJ DISCOVERY SET FOR WOMEN - Khadlaj Perfumes,,,,,,,,,,,,,,,,,,,,,,,,,,,,,,,,,,,,,,,,,,,,,,,,,,,,,,,,,,,
the-gourmand-collection-by-khadlaj-discovery-set-for-women,,,,,,,,,,,,,,,,,,,,,,,,,,,,,,,https://cdn.shopify.com/s/files/1/0626/6119/8023/files/TheGourmandCollection-2_52a94bd5-b24f-4e19-a2c3-4011791f16dc.jpg?v=1776147258,3,THE GOURMAND COLLECTION BY KHADLAJ DISCOVERY SET FOR WOMEN - Khadlaj Perfumes,,,,,,,,,,,,,,,,,,,,,,,,,,,,,,,,,,,,,,,,,,,,,,,,,,,,,,,,,,,
the-gourmand-collection-by-khadlaj-discovery-set-for-women,,,,,,,,,,,,,,,,,,,,,,,,,,,,,,,https://cdn.shopify.com/s/files/1/0626/6119/8023/files/TheGourmandCollection-4_b312994b-4740-40ef-b26d-52e29e7b094a.jpg?v=1776146949,4,THE GOURMAND COLLECTION BY KHADLAJ DISCOVERY SET FOR WOMEN - Khadlaj Perfumes,,,,,,,,,,,,,,,,,,,,,,,,,,,,,,,,,,,,,,,,,,,,,,,,,,,,,,,,,,,
khadlaj-special-mukhalat-perfume-oils-discovery-set-for-men-and-women,KHADLAJ SPECIAL MUKHALAT PERFUME OILS - DISCOVERY SET FOR MEN & WOMEN,"<section class=""text-token-text-primary w-full focus:outline-none [--shadow-height:45px] has-data-writing-block:pointer-events-none has-data-writing-block:-mt-(--shadow-height) has-data-writing-block:pt-(--shadow-height) [&amp;:has([data-writing-block])&gt;*]:pointer-events-auto [content-visibility:auto] supports-[content-visibility:auto]:[contain-intrinsic-size:auto_100lvh] R6Vx5W_threadScrollVars scroll-mb-[calc(var(--scroll-root-safe-area-inset-bottom,0px)+var(--thread-response-height))] scroll-mt-[calc(var(--header-height)+min(200px,max(70px,20svh)))]"" dir=""auto"" data-turn-id=""request-69dc97bc-7360-832c-9ac0-7c7f02ce1444-3"" data-testid=""conversation-turn-18"" data-scroll-anchor=""false"" data-turn=""assistant"">
<div class=""text-base my-auto mx-auto pb-10 [--thread-content-margin:var(--thread-content-margin-xs,calc(var(--spacing)*4))] @w-sm/main:[--thread-content-margin:var(--thread-content-margin-sm,calc(var(--spacing)*6))] @w-lg/main:[--thread-content-margin:var(--thread-content-margin-lg,calc(var(--spacing)*16))] px-(--thread-content-margin)"">
<div class=""[--thread-content-max-width:40rem] @w-lg/main:[--thread-content-max-width:48rem] mx-auto max-w-(--thread-content-max-width) flex-1 group/turn-messages focus-visible:outline-hidden relative flex w-full min-w-0 flex-col agent-turn"">
<div class=""flex max-w-full flex-col gap-4 grow"">
<div data-message-author-role=""assistant"" data-message-id=""6a9ef32b-9924-490c-a90e-b8e8b03b57eb"" dir=""auto"" data-message-model-slug=""gpt-5-3"" class=""min-h-8 text-message relative flex w-full flex-col items-end gap-2 text-start break-words whitespace-normal outline-none keyboard-focused:focus-ring [.text-message+&amp;]:mt-1"" data-turn-start-message=""true"" tabindex=""0"">
<div class=""flex w-full flex-col gap-1 empty:hidden"">
<div class=""markdown prose dark:prose-invert w-full wrap-break-word light markdown-new-styling"">
<p data-start=""75"" data-end=""389"">Experience the art of traditional perfumery with the Khadlaj Special Mukhalat Perfume Oils Discovery Set, thoughtfully curated for both men and women. This elegant collection features a variety of rich, long-lasting mukhalat blends, combining exotic ingredients such as oud, musk, florals, and warm oriental notes.</p>
<p data-start=""391"" data-end=""695"">Each oil in this set offers a unique scent profile, allowing you to explore different moods and occasions, from deep and woody to soft and sensual. Perfect for personal use or as a sophisticated gift, this discovery set is ideal for those who appreciate concentrated perfume oils with lasting performance.</p>
<p data-start=""697"" data-end=""862"" data-is-last-node="""" data-is-only-node="""">Crafted with attention to detail, Khadlaj’s mukhalat oils deliver a luxurious fragrance experience in every drop, making it easy to find your perfect signature scent.</p>
</div>
</div>
</div>
</div>
<div class=""z-0 flex min-h-[46px] justify-start""><br></div>
<div class=""mt-3 w-full empty:hidden"">
<div class=""text-center""><br></div>
</div>
</div>
</div>
</section>
<div aria-hidden=""true"" class=""pointer-events-none -mt-px h-px translate-y-[calc(var(--scroll-root-safe-area-inset-bottom)-14*var(--spacing))]""><br></div>",Khadlaj-perfumes,Health & Beauty > Personal Care > Cosmetics > Perfumes & Colognes > Perfume Sample & Discovery Sets,Gift Sets,"giftset, luxurygiftset, Perfume Spray, Women",true,Size,100 ML,,,,,,,,'6291107979427,1000.0,shopify,deny,manual,120.00,,true,true,,,,,'6291107979427,https://cdn.shopify.com/s/files/1/0626/6119/8023/files/KhadlajSpecial-1_026d234f-e548-4f74-aabb-a497d6153248.jpg?v=1776148221,1,KHADLAJ SPECIAL MUKHALAT PERFUME OILS - DISCOVERY SET FOR MEN & WOMEN - Khadlaj Perfumes,false,Khadlaj Special Mukhalat | Best Perfume Oils For Him & Her | Discovery Sets,"Experience the art of traditional perfumery with the Khadlaj Special Mukhalat Perfume Oils Discovery Set, thoughtfully curated for both men and women. This elegant collection features a variety of rich, long-lasting mukhalat blends, combining exotic ingredients such as oud, musk, florals, and warm oriental notes.
",479,,,,,,,,,,,,,,,,,,,,,,casual; special-occasion; formal; everyday,,,woody; musk; vanilla; fresh; oriental; spicy,fall; winter; spring; summer,unisex,,,,g,,,true,,,true,,,true,,,true,,,true,,,true,,,true,,,active
khadlaj-special-mukhalat-perfume-oils-discovery-set-for-men-and-women,,,,,,,,,,,,,,,,,,,,,,,,,,,,,,,https://cdn.shopify.com/s/files/1/0626/6119/8023/files/KhadlajSpecial-2_28780ba7-e351-4765-99fa-6f064ac6a842.jpg?v=1776148221,2,KHADLAJ SPECIAL MUKHALAT PERFUME OILS - DISCOVERY SET FOR MEN & WOMEN - Khadlaj Perfumes,,,,,,,,,,,,,,,,,,,,,,,,,,,,,,,,,,,,,,,,,,,,,,,,,,,,,,,,,,,
khadlaj-special-mukhalat-perfume-oils-discovery-set-for-men-and-women,,,,,,,,,,,,,,,,,,,,,,,,,,,,,,,https://cdn.shopify.com/s/files/1/0626/6119/8023/files/KhadlajSpecial-3_2473ec8c-22e9-4cc7-a027-e237682d3c44.jpg?v=1776148221,3,KHADLAJ SPECIAL MUKHALAT PERFUME OILS - DISCOVERY SET FOR MEN & WOMEN - Khadlaj Perfumes,,,,,,,,,,,,,,,,,,,,,,,,,,,,,,,,,,,,,,,,,,,,,,,,,,,,,,,,,,,
khadlaj-special-mukhalat-perfume-oils-discovery-set-for-men-and-women,,,,,,,,,,,,,,,,,,,,,,,,,,,,,,,https://cdn.shopify.com/s/files/1/0626/6119/8023/files/Khadlajspecial-4_edc479bd-a643-4a70-b9b9-b67884cb3ad4.jpg?v=1776148221,4,KHADLAJ SPECIAL MUKHALAT PERFUME OILS - DISCOVERY SET FOR MEN & WOMEN - Khadlaj Perfumes,,,,,,,,,,,,,,,,,,,,,,,,,,,,,,,,,,,,,,,,,,,,,,,,,,,,,,,,,,,
zayaan-silver-fresh-aquatic-spicy-woody-eau-de-parfum-for-men,ZAYAAN SILVER 100 ML EAU DE PARFUM FOR MEN,"<p>Elevate your everyday style with Zayaan Silver Eau De Parfum, a modern fragrance crafted for men who appreciate freshness with a refined edge. This versatile scent opens with a vibrant burst of grapefruit, marine accord, mint, and pink pepper, delivering an energizing and crisp first impression.</p>
<p>At the heart, a balanced blend of lavender, bay leaf, orange blossom, and cinnamon adds aromatic depth with a subtle spicy warmth, creating a confident and sophisticated character. As the fragrance settles, rich base notes of vanilla, tonka bean, sandalwood, and patchouli provide a smooth, long-lasting finish with a warm and masculine appeal.</p>
<p>Perfect for both day and evening wear, Zayaan Silver offers a refreshing yet elegant scent profile that leaves a lasting impression. An excellent choice for men seeking a signature fragrance that combines freshness, spice, and depth in one refined composition.</p>",Khadlaj-perfumes,Health & Beauty > Personal Care > Cosmetics > Perfumes & Colognes > Eaux de Parfum,PERFUME SPRAY,"Deals, Men, Perfume Spray",true,Size,100 ML,,,,,,,,'6298043070058,1000.0,shopify,continue,manual,130.00,150.00,true,true,,,,,'6298043070058,https://cdn.shopify.com/s/files/1/0626/6119/8023/files/Zayan_Silver-3.jpg?v=1783936580,1,ZAYAAN SILVER 100 ML EAU DE PARFUM FOR MEN - Khadlaj Perfumes,false,Zayaan Silver Fresh Aquatic Spicy Woody Perfume for Men Online,,,,,,,,,,,,,,"<div class=""pyramid-section_lists""><h6 style=""font-weight:600;"">Top Notes</h6>
<p> Grapefruit, Marine Accord, Mint, Pink Pepper</p>
</div>
<div class=""pyramid-section_lists""><h6 style=""font-weight:600;"">Middle Notes</h6>
<p>Lavender, Bay leaf, Orange Blossom, Cinnamon</p>
</div>
<div class=""pyramid-section_lists""><h6 style=""font-weight:600;"">Base Notes</h6>
<p> Vanilla, Tonka Bean, Sandalwood, Patchouli</p>
</div>",,,,,black,,,,,everyday; casual; special-occasion; formal,aquatic; spicy; fresh; woody,,caramel; sandalwood; floral; fruity,summer; spring; fall,male,,,,g,,,true,,,true,,,true,,,true,,,true,,,true,,,true,,,active
zayaan-silver-fresh-aquatic-spicy-woody-eau-de-parfum-for-men,,,,,,,,,,,,,,,,,,,,,,,,,,,,,,,https://cdn.shopify.com/s/files/1/0626/6119/8023/files/Zayan_Silver-2.jpg?v=1776430448,2,ZAYAAN SILVER 100 ML EAU DE PARFUM FOR MEN - Khadlaj Perfumes,,,,,,,,,,,,,,,,,,,,,,,,,,,,,,,,,,,,,,,,,,,,,,,,,,,,,,,,,,,
zayaan-silver-fresh-aquatic-spicy-woody-eau-de-parfum-for-men,,,,,,,,,,,,,,,,,,,,,,,,,,,,,,,https://cdn.shopify.com/s/files/1/0626/6119/8023/files/ZayanSilver-1.jpg?v=1776430327,3,ZAYAAN SILVER 100 ML EAU DE PARFUM FOR MEN - Khadlaj Perfumes,,,,,,,,,,,,,,,,,,,,,,,,,,,,,,,,,,,,,,,,,,,,,,,,,,,,,,,,,,,
zayaan-silver-fresh-aquatic-spicy-woody-eau-de-parfum-for-men,,,,,,,,,,,,,,,,,,,,,,,,,,,,,,,https://cdn.shopify.com/s/files/1/0626/6119/8023/files/Zayaan_Silver-infographics_jpg.jpg?v=1776687248,4,ZAYAAN SILVER 100 ML EAU DE PARFUM FOR MEN - Khadlaj Perfumes,,,,,,,,,,,,,,,,,,,,,,,,,,,,,,,,,,,,,,,,,,,,,,,,,,,,,,,,,,,
khadlaj-cream-velvet-gift-set-for-women-edp-100ml-body-mist-spray-250ml-perfume-oil-24ml,"KHADLAJ PERFUMES CREAM VELVET GIFT SET FOR WOMEN (EDP 100ML, BODY MIST SPRAY 250ML & PERFUME OIL 24ML)","<h2 data-section-id=""nb3x6n"" data-start=""0"" data-end=""42"">Khadlaj Cream Velvet Gift Set for Women</h2>
<p data-start=""44"" data-end=""440"">Indulge in the irresistible charm of gourmand luxury with the <span class=""hover:entity-accent entity-underline inline cursor-pointer align-baseline""><span class=""whitespace-normal"">Khadlaj Perfumes</span></span> Cream Velvet Gift Set a beautifully curated fragrance collection designed for women who adore soft, creamy, and captivating scents. This elegant set layers sweetness and sophistication together, creating a long-lasting fragrance experience that feels warm, feminine, and effortlessly luxurious.</p>
<p data-start=""442"" data-end=""728"">Opening with delicious notes of buttery caramel, Cream Velvet melts into a heart of golden honey, tonka bean, and delicate jasmine, before settling into a sensual base of vanilla, musk, and amber. The result is a velvety fragrance trail that is comforting, addictive, and unforgettable.</p>
<p data-start=""730"" data-end=""907"">Perfect for gifting or personal indulgence, this premium set allows you to enjoy the signature Cream Velvet scent in multiple luxurious forms for all-day layering and longevity.</p>
<h3 data-section-id=""w6zaod"" data-start=""909"" data-end=""931"">Gift Set Includes:</h3>
<ul data-start=""932"" data-end=""1047"">
<li data-section-id=""1hqwr1i"" data-start=""932"" data-end=""970"">Cream Velvet Eau De Parfum – 100ML</li>
<li data-section-id=""1n7082f"" data-start=""971"" data-end=""1011"">Cream Velvet Body Mist Spray – 250ML</li>
<li data-section-id=""1n5xjd6"" data-start=""1012"" data-end=""1047"">Cream Velvet Perfume Oil – 24ML</li>
</ul>",Khadlaj-perfumes,Health & Beauty > Personal Care > Cosmetics > Perfumes & Colognes > Eaux de Parfum,Gift Sets,"Perfume Spray, Women",true,Size,Gift Set,,,,,,,,,2000.0,shopify,deny,manual,160.00,,true,true,,,,,'6298043071048,https://cdn.shopify.com/s/files/1/0626/6119/8023/files/CreamVelvet-1.jpg?v=1779352383,1,"KHADLAJ PERFUMES CREAM VELVET GIFT SET FOR WOMEN (EDP 100ML, BODY MIST SPRAY 250ML & PERFUME OIL 24ML) - Khadlaj Perfumes",false,KHADLAJ PERFUMES CREAM VELVET GIFT SET FOR WOMEN,,479,,,,,,,,,,,,,,,,,,,,,,everyday; special-occasion; formal; casual,,,vanilla; fresh,spring; summer; winter; fall,unisex,,,,g,,,true,,,true,,,true,,,true,,,true,,,true,,,true,,,active
khadlaj-cream-velvet-gift-set-for-women-edp-100ml-body-mist-spray-250ml-perfume-oil-24ml,,,,,,,,,,,,,,,,,,,,,,,,,,,,,,,https://cdn.shopify.com/s/files/1/0626/6119/8023/files/CreamVelvet-4.jpg?v=1779352383,2,"KHADLAJ PERFUMES CREAM VELVET GIFT SET FOR WOMEN (EDP 100ML, BODY MIST SPRAY 250ML & PERFUME OIL 24ML) - Khadlaj Perfumes",,,,,,,,,,,,,,,,,,,,,,,,,,,,,,,,,,,,,,,,,,,,,,,,,,,,,,,,,,,
khadlaj-cream-velvet-gift-set-for-women-edp-100ml-body-mist-spray-250ml-perfume-oil-24ml,,,,,,,,,,,,,,,,,,,,,,,,,,,,,,,https://cdn.shopify.com/s/files/1/0626/6119/8023/files/CreamVelvet-3.jpg?v=1779352383,3,"KHADLAJ PERFUMES CREAM VELVET GIFT SET FOR WOMEN (EDP 100ML, BODY MIST SPRAY 250ML & PERFUME OIL 24ML) - Khadlaj Perfumes",,,,,,,,,,,,,,,,,,,,,,,,,,,,,,,,,,,,,,,,,,,,,,,,,,,,,,,,,,,
khadlaj-cream-velvet-gift-set-for-women-edp-100ml-body-mist-spray-250ml-perfume-oil-24ml,,,,,,,,,,,,,,,,,,,,,,,,,,,,,,,https://cdn.shopify.com/s/files/1/0626/6119/8023/files/CreamVelvet-2.jpg?v=1779352384,4,"KHADLAJ PERFUMES CREAM VELVET GIFT SET FOR WOMEN (EDP 100ML, BODY MIST SPRAY 250ML & PERFUME OIL 24ML) - Khadlaj Perfumes",,,,,,,,,,,,,,,,,,,,,,,,,,,,,,,,,,,,,,,,,,,,,,,,,,,,,,,,,,,
khadlaj-perfumes-nafais-sharq-gift-set,"KHADLAJ PERFUMES NAFAIS SHARQ GIFT SET FOR WOMEN (EDP 100ML, BODY MIST SPRAY 250ML & PERFUME OIL 24ML)","<h2 data-section-id=""8t5nxw"" data-start=""0"" data-end=""42"">Khadlaj Nafais Sharq Gift Set for Women</h2>
<p data-start=""44"" data-end=""429"">Experience the elegance of oriental luxury with the Khadlaj Perfumes Nafais Sharq Gift Set — a sophisticated fragrance collection crafted for women who appreciate rich florals, warm woods, and timeless Arabian allure. Designed to leave a graceful and memorable impression, this luxurious set offers a complete scent layering experience for everyday glamour and special occasions alike.</p>
<p data-start=""431"" data-end=""745"">Nafais Sharq opens with radiant fruity and floral accords that instantly captivate the senses, leading into a heart of exotic blossoms and soft spices. The fragrance settles into a sensual base of amber, musk, and precious woods, creating a warm and enchanting trail that embodies feminine elegance and confidence.</p>
<p data-start=""747"" data-end=""916"">Beautifully presented, this premium gift set combines fragrance, body mist, and concentrated perfume oil for enhanced longevity and a luxurious all-day scent experience.</p>
<h3 data-section-id=""w6zaod"" data-start=""918"" data-end=""940"">Gift Set Includes:</h3>
<ul data-start=""941"" data-end=""1056"">
<li data-section-id=""g2gril"" data-start=""941"" data-end=""979"">Nafais Sharq Eau De Parfum – 100ML</li>
<li data-section-id=""8sxmrg"" data-start=""980"" data-end=""1020"">Nafais Sharq Body Mist Spray – 250ML</li>
<li data-section-id=""lajq9t"" data-start=""1021"" data-end=""1056"">Nafais Sharq Perfume Oil – 24ML</li>
</ul>",Khadlaj-perfumes,Health & Beauty > Personal Care > Cosmetics > Perfumes & Colognes > Eaux de Parfum,Gift Sets,"Perfume Spray, Women",true,Size,Gift Set,,,,,,,,,2000.0,shopify,deny,manual,150.00,,true,true,,,,,'6298043071031,https://cdn.shopify.com/s/files/1/0626/6119/8023/files/Nafais-Sharq-1.jpg?v=1779352739,1,"KHADLAJ PERFUMES NAFAIS SHARQ GIFT SET FOR WOMEN (EDP 100ML, BODY MIST SPRAY 250ML & PERFUME OIL 24ML) - Khadlaj Perfumes",false,KHADLAJ PERFUMES CREAM VELVET GIFT SET FOR WOMEN,,479,,,,,,,,,,,,,,,,,,,,,,everyday; special-occasion; formal; casual,,,vanilla; fresh,spring; summer; winter; fall,unisex,,,,g,,,true,,,true,,,true,,,true,,,true,,,true,,,true,,,active
khadlaj-perfumes-nafais-sharq-gift-set,,,,,,,,,,,,,,,,,,,,,,,,,,,,,,,https://cdn.shopify.com/s/files/1/0626/6119/8023/files/Nafais-Sharq-3.jpg?v=1779352739,2,"KHADLAJ PERFUMES NAFAIS SHARQ GIFT SET FOR WOMEN (EDP 100ML, BODY MIST SPRAY 250ML & PERFUME OIL 24ML) - Khadlaj Perfumes",,,,,,,,,,,,,,,,,,,,,,,,,,,,,,,,,,,,,,,,,,,,,,,,,,,,,,,,,,,
khadlaj-perfumes-nafais-sharq-gift-set,,,,,,,,,,,,,,,,,,,,,,,,,,,,,,,https://cdn.shopify.com/s/files/1/0626/6119/8023/files/Nafais-Sharq-2.jpg?v=1779352739,3,"KHADLAJ PERFUMES NAFAIS SHARQ GIFT SET FOR WOMEN (EDP 100ML, BODY MIST SPRAY 250ML & PERFUME OIL 24ML) - Khadlaj Perfumes",,,,,,,,,,,,,,,,,,,,,,,,,,,,,,,,,,,,,,,,,,,,,,,,,,,,,,,,,,,
khadlaj-perfumes-nafais-sharq-gift-set,,,,,,,,,,,,,,,,,,,,,,,,,,,,,,,https://cdn.shopify.com/s/files/1/0626/6119/8023/files/Nafais-Sharq-4.jpg?v=1779352739,4,"KHADLAJ PERFUMES NAFAIS SHARQ GIFT SET FOR WOMEN (EDP 100ML, BODY MIST SPRAY 250ML & PERFUME OIL 24ML) - Khadlaj Perfumes",,,,,,,,,,,,,,,,,,,,,,,,,,,,,,,,,,,,,,,,,,,,,,,,,,,,,,,,,,,
special-edition-shiyaaka-sky-100-ml,SPECIAL EDITION SHIYAAKA SKY 100 ML EAU DE PARFUM,"<p>Shiyaaka Sky is a refined expression of freshness and modern sophistication, crafted for those who embrace confidence, freedom, and effortless elegance.</p>
<p>The fragrance opens with a vibrant burst of bergamot, mandarin, and verbena, creating a crisp and uplifting introduction that feels as refreshing as a clear summer sky. At its heart, a luminous blend of neroli, geranium, orange blossom, and green notes unfolds, bringing a clean floral character balanced by natural freshness and airy vitality.</p>
<p>As the scent settles, ambroxan, vetiver, musk, and sandalwood create a smooth and sophisticated foundation. The result is a lasting trail that is clean, woody, and subtly sensual, leaving an unforgettable impression of understated luxury.</p>
<p>Fragrance Family: Fresh Aromatic Woody</p>
<p>Olfactory Profile: Bright • Airy • Elegant • Modern</p>
<p>Shiyaaka Sky captures the feeling of limitless horizons and endless possibilities—a fragrance that embodies freshness elevated to a new level of sophistication.</p>",Khadlaj-perfumes,Health & Beauty > Personal Care > Cosmetics > Perfumes & Colognes > Eaux de Parfum,PERFUME SPRAY,"Men, Perfume Spray",true,Size,100 ML,,,,,,,,'6298043072694,1000.0,shopify,continue,manual,120.00,150.00,true,true,,,,,'6298043072694,https://cdn.shopify.com/s/files/1/0626/6119/8023/files/SPECIAL_EDITION_SHIYAAKA_SKY.png?v=1783938999,1,SPECIAL EDITION SHIYAAKA SKY 100 ML EAU DE PARFUM - Khadlaj Perfumes,false,KHADLAJ SHIYAAKA SKY | SPECIAL EDITION Luxury Perfume For Men Online,Shop Khadlaj Shiyaaka Sky 100 ml Eau de Parfum - premium perfume for men eau de parfum ,,,,,,,,,,,,,"<div class=""pyramid-section_lists""><h6 style=""font-weight:600;"">Top Notes</h6>
<p>Bergamot, Mandarin, Verbena</p>
</div>

<div class=""pyramid-section_lists""><h6 style=""font-weight:600;"">Heart Notes</h6>
<p>Neroli, Geranium, Orange Blossom, Green Notes</p>
</div>

<div class=""pyramid-section_lists""><h6 style=""font-weight:600;"">Base Notes</h6>
<p>Ambroxan, Vetiver, Musk, Sandalwood</p>
</div>",,,,,,,,,,everyday; casual; special-occasion; formal,,,fresh; woody,,male,,,,g,,,true,,,true,,,true,,,true,,,true,,,true,,,true,,,active
special-edition-shiyaaka-sky-100-ml,,,,,,,,,,,,,,,,,,,,,,,,,,,,,,,https://cdn.shopify.com/s/files/1/0626/6119/8023/files/Screenshot_2026-06-12_154715.png?v=1781264869,2,SPECIAL EDITION SHIYAAKA SKY 100 ML EAU DE PARFUM - Khadlaj Perfumes,,,,,,,,,,,,,,,,,,,,,,,,,,,,,,,,,,,,,,,,,,,,,,,,,,,,,,,,,,,
special-edition-shiyaaka-sky-100-ml,,,,,,,,,,,,,,,,,,,,,,,,,,,,,,,https://cdn.shopify.com/s/files/1/0626/6119/8023/files/Screenshot_2026-06-12_154730.png?v=1781264869,3,SPECIAL EDITION SHIYAAKA SKY 100 ML EAU DE PARFUM - Khadlaj Perfumes,,,,,,,,,,,,,,,,,,,,,,,,,,,,,,,,,,,,,,,,,,,,,,,,,,,,,,,,,,,
special-edition-shiyaaka-sky-100-ml,,,,,,,,,,,,,,,,,,,,,,,,,,,,,,,https://cdn.shopify.com/s/files/1/0626/6119/8023/files/skynotes_jpg.jpg?v=1781264809,4,SPECIAL EDITION SHIYAAKA SKY 100 ML EAU DE PARFUM - Khadlaj Perfumes,,,,,,,,,,,,,,,,,,,,,,,,,,,,,,,,,,,,,,,,,,,,,,,,,,,,,,,,,,,
special-edition-shiyaaka-sky-100-ml,,,,,,,,,,,,,,,,,,,,,,,,,,,,,,,https://cdn.shopify.com/s/files/1/0626/6119/8023/files/Screenshot_2026-06-12_154835.png?v=1781264927,5,SPECIAL EDITION SHIYAAKA SKY 100 ML EAU DE PARFUM - Khadlaj Perfumes,,,,,,,,,,,,,,,,,,,,,,,,,,,,,,,,,,,,,,,,,,,,,,,,,,,,,,,,,,,
khadlaj-saraya-60-ml-extrait-de-parfum-spray-for-men-women,KHADLAJ SARAYA 60 ML EXTRAIT DE PARFUM SPRAY FOR MEN & WOMEN,"<p class=""isSelectedEnd""><strong><span>Saraya</span></strong><span> is a sophisticated extrait de parfum that blends aromatic freshness with modern woody depth, creating a fragrance that is both distinctive and effortlessly elegant. Designed for both men and women, it captures the perfect balance between vibrant energy and refined warmth.</span></p>
<p class=""isSelectedEnd""><span>The fragrance opens with an invigorating combination of </span><strong><span>Thai basil</span></strong><span> and </span><strong><span>pink pepper</span></strong><span>, delivering a fresh, aromatic burst accented by a subtle spicy sparkle. This dynamic introduction immediately awakens the senses, creating an air of confidence and intrigue.</span></p>
<p class=""isSelectedEnd""><span>At its heart, </span><strong><span>Georgywood</span></strong><span> and </span><strong><span>clary sage</span></strong><span> come together to create a contemporary woody-aromatic accord. The crisp herbal nuances of clary sage blend seamlessly with the smooth, sophisticated character of Georgywood, adding depth, elegance, and modern appeal.</span></p>
<p class=""isSelectedEnd""><span>As the fragrance settles, a rich base of </span><strong><span>mineral amber</span></strong><span>, </span><strong><span>Haitian vetiver</span></strong><span>, and </span><strong><span>soft patchouli</span></strong><span> emerges. Warm, earthy, and subtly mineralic, these notes provide a long-lasting trail that is both comforting and captivating, leaving an impression of understated luxury.</span></p>
<p class=""isSelectedEnd""><strong><span>Fragrance Family:</span></strong><span> Woody Aromatic Amber</span></p>
<p class=""isSelectedEnd""><strong><span>Olfactory Profile:</span></strong><span> Fresh • Spicy • Woody • Sophisticated</span></p>
<p><strong><span>Saraya</span></strong><span> is a fragrance that embodies contemporary elegance and quiet confidence, wrapping the wearer in a refined blend of aromatic freshness, smooth woods, and warm ambery depth with every spray.</span></p>",Khadlaj-perfumes,Health & Beauty > Personal Care > Cosmetics > Perfumes & Colognes > Eaux de Parfum,PERFUME SPRAY,"Deals, Men, Perfume Spray, UNISEX, Women",true,Size,60 ML,,,,,,,,'6298043072380,850.0,shopify,deny,manual,95.00,130.00,true,true,,,,,'6298043072380,https://cdn.shopify.com/s/files/1/0626/6119/8023/files/saraya_3.png?v=1783938953,1,KHADLAJ SARAYA 60 ML EXTRAIT DE PARFUM SPRAY FOR MEN & WOMEN - Khadlaj Perfumes,false,KHADLAJ SARAYA UNISEX EXTRAIT DE PARFUM,,,,,,,,,,,,,,"<div class=""pyramid-section_lists""><h6 style=""font-weight:600;"">Top Notes</h6>
<p>Thai Basil, Pink Pepper</p>
</div>

<div class=""pyramid-section_lists""><h6 style=""font-weight:600;"">Heart Notes</h6>
<p>Georgywood, Clary Sage</p>
</div>

<div class=""pyramid-section_lists""><h6 style=""font-weight:600;"">Base Notes</h6>
<p>Mineral Amber, Vetiver Haiti, Soft Patchouli</p>
</div>",,,,,,,,,,everyday; casual; special-occasion; formal,fresh; spicy; woody; aromatic,,jasmine; oriental; amber; musk,fall; winter; spring; summer,female; male; unisex,,,,g,,,true,,,true,,,true,,,true,,,true,,,true,,,true,,,active
khadlaj-saraya-60-ml-extrait-de-parfum-spray-for-men-women,,,,,,,,,,,,,,,,,,,,,,,,,,,,,,,https://cdn.shopify.com/s/files/1/0626/6119/8023/files/saraya_1.png?v=1781332291,2,KHADLAJ SARAYA 60 ML EXTRAIT DE PARFUM SPRAY FOR MEN & WOMEN - Khadlaj Perfumes,,,,,,,,,,,,,,,,,,,,,,,,,,,,,,,,,,,,,,,,,,,,,,,,,,,,,,,,,,,
khadlaj-saraya-60-ml-extrait-de-parfum-spray-for-men-women,,,,,,,,,,,,,,,,,,,,,,,,,,,,,,,https://cdn.shopify.com/s/files/1/0626/6119/8023/files/saraya_1.jpg?v=1781332291,3,KHADLAJ SARAYA 60 ML EXTRAIT DE PARFUM SPRAY FOR MEN & WOMEN - Khadlaj Perfumes,,,,,,,,,,,,,,,,,,,,,,,,,,,,,,,,,,,,,,,,,,,,,,,,,,,,,,,,,,,
khadlaj-saraya-60-ml-extrait-de-parfum-spray-for-men-women,,,,,,,,,,,,,,,,,,,,,,,,,,,,,,,https://cdn.shopify.com/s/files/1/0626/6119/8023/files/saraya_2.png?v=1781332291,4,KHADLAJ SARAYA 60 ML EXTRAIT DE PARFUM SPRAY FOR MEN & WOMEN - Khadlaj Perfumes,,,,,,,,,,,,,,,,,,,,,,,,,,,,,,,,,,,,,,,,,,,,,,,,,,,,,,,,,,,
la-fede-aura-vanilla-milk-100-ml-edp-spray-for-women,LA FEDE AURA VANILLA MILK 100 ML EDP SPRAY FOR WOMEN,"<p>Aura Vanilla Milk is a delicate embrace of comfort and elegance, blending creamy sweetness with soft florals and warm woods to create a fragrance that feels both comforting and captivating.</p>
<p>The scent opens with a sparkling fusion of mandarin, bergamot, and pink pepper, offering a bright and subtly spicy introduction that instantly uplifts the senses. As it unfolds, a graceful bouquet of freesia, lily, lavender, and jasmine emerges, filling the heart with a soft floral sophistication that is fresh, airy, and beautifully balanced.</p>
<p>In the base, sandalwood, amber, vetiver, and musk come together to create a smooth, velvety finish. Warm and enveloping, these notes leave behind a gentle trail of sensuality and refinement, enhancing the fragrance's creamy character and lasting allure.</p>
<p>Fragrance Family: Floral Musky Woody</p>
<p>Olfactory Profile: Creamy • Soft • Elegant • Comforting</p>
<p>Aura Vanilla Milk is a fragrance that wraps you in effortless warmth and sophistication, capturing the feeling of silky softness and timeless femininity in every spray.</p>",Khadlaj Perfumes,Health & Beauty > Personal Care > Cosmetics > Perfumes & Colognes > Eaux de Parfum,PERFUME SPRAY,"Deals, Perfume Spray, Women",true,Size,100 ML,,,,,,,,'6298043072564,850.0,shopify,deny,manual,55.00,70.00,true,true,,,,,'6298043072564,https://cdn.shopify.com/s/files/1/0626/6119/8023/files/LA_FEDE_AURA_VANILLA_MILK_100_ML.png?v=1783938923,1,LA FEDE AURA VANILLA MILK 100 ML EDP SPRAY FOR WOMEN - Khadlaj Perfumes,false,,,479,,,,,,,,,,,,"<div class=""pyramid-section_lists""><h6 style=""font-weight:600;"">Top Notes</h6>
<p>Mandarin, Bergamot, Pink Pepper</p>
</div>

<div class=""pyramid-section_lists""><h6 style=""font-weight:600;"">Heart Notes</h6>
<p>Freesia, Lily, Lavender, Jasmine</p>
</div>

<div class=""pyramid-section_lists""><h6 style=""font-weight:600;"">Base Notes</h6>
<p>Sandalwood, Amber, Vetiver, Musk</p>
</div>",,,,,white; clear,spray,citrus; floral; woody; vanilla,,glass; metal; paper,everyday,citrus; floral; woody; musky,spray; liquid,,,female,,,,g,,,true,,,true,,,true,,,true,,,true,,,true,,,true,,,active
la-fede-aura-vanilla-milk-100-ml-edp-spray-for-women,,,,,,,,,,,,,,,,,,,,,,,,,,,,,,,https://cdn.shopify.com/s/files/1/0626/6119/8023/files/AURAVAN_1.png?v=1781349458,2,LA FEDE AURA VANILLA MILK 100 ML EDP SPRAY FOR WOMEN - Khadlaj Perfumes,,,,,,,,,,,,,,,,,,,,,,,,,,,,,,,,,,,,,,,,,,,,,,,,,,,,,,,,,,,
la-fede-aura-vanilla-milk-100-ml-edp-spray-for-women,,,,,,,,,,,,,,,,,,,,,,,,,,,,,,,https://cdn.shopify.com/s/files/1/0626/6119/8023/files/AURAVAN_2.png?v=1781349458,3,LA FEDE AURA VANILLA MILK 100 ML EDP SPRAY FOR WOMEN - Khadlaj Perfumes,,,,,,,,,,,,,,,,,,,,,,,,,,,,,,,,,,,,,,,,,,,,,,,,,,,,,,,,,,,
la-fede-aura-vanilla-milk-100-ml-edp-spray-for-women,,,,,,,,,,,,,,,,,,,,,,,,,,,,,,,https://cdn.shopify.com/s/files/1/0626/6119/8023/files/AURAVAN_3.png?v=1781349458,4,LA FEDE AURA VANILLA MILK 100 ML EDP SPRAY FOR WOMEN - Khadlaj Perfumes,,,,,,,,,,,,,,,,,,,,,,,,,,,,,,,,,,,,,,,,,,,,,,,,,,,,,,,,,,,
la-fede-aura-vanilla-milk-100-ml-edp-spray-for-women,,,,,,,,,,,,,,,,,,,,,,,,,,,,,,,https://cdn.shopify.com/s/files/1/0626/6119/8023/files/AURAVAN_1.jpg?v=1781349458,5,LA FEDE AURA VANILLA MILK 100 ML EDP SPRAY FOR WOMEN - Khadlaj Perfumes,,,,,,,,,,,,,,,,,,,,,,,,,,,,,,,,,,,,,,,,,,,,,,,,,,,,,,,,,,,
la-fede-aura-vanilla-milk-100-ml-edp-spray-for-women,,,,,,,,,,,,,,,,,,,,,,,,,,,,,,,https://cdn.shopify.com/s/files/1/0626/6119/8023/files/AURAVAN_5.png?v=1781349458,6,LA FEDE AURA VANILLA MILK 100 ML EDP SPRAY FOR WOMEN - Khadlaj Perfumes,,,,,,,,,,,,,,,,,,,,,,,,,,,,,,,,,,,,,,,,,,,,,,,,,,,,,,,,,,,
karus-gold-absolu-100-ml-edp-spray,KARUS GOLD ABSOLU 100 ML EDP SPRAY,"<p class=""isSelectedEnd""><span>Step into a world of refined luxury with </span><strong><span>KARUS GOLD ABSOLU </span></strong><span>by Khadlaj Perfumes, a sophisticated fragrance that blends sparkling fruits, indulgent sweetness, soft florals, and elegant woods. Designed for those who appreciate a scent with modern character and lasting charm, this composition captures the essence of confidence in every spray.</span></p>
<p class=""isSelectedEnd""><strong><span>Top Notes – Blackcurrant, Candied Lemon, Bergamot</span></strong></p>
<p class=""isSelectedEnd""><span>The fragrance opens with a vibrant burst of blackcurrant, candied lemon, and bergamot. Juicy blackcurrant adds a rich fruity touch, while candied lemon brings a smooth citrus sweetness. Bergamot completes the opening with a fresh, radiant lift that feels bright and inviting.</span></p>
<p class=""isSelectedEnd""><strong><span>Heart Notes – Praline, Magnolia, Violet</span></strong></p>
<p class=""isSelectedEnd""><span>At the heart, a delicious praline accord adds warmth and indulgence, balanced by the graceful floral beauty of magnolia and violet. This elegant blend creates a soft, refined character that feels both comforting and captivating.</span></p>
<p class=""isSelectedEnd""><strong><span>Base Notes – Musk, Vetiver</span></strong></p>
<p class=""isSelectedEnd""><span>As the fragrance settles, musk and vetiver leave behind a clean, smooth, and sophisticated trail. The softness of musk is enhanced by the earthy, woody depth of vetiver, giving KARUS GOLD ABSOLU a balanced finish that lingers beautifully on the skin.</span></p>
<p class=""isSelectedEnd""><strong><span>Craftsmanship in a Bottle:</span></strong><span> Encased in a sleek and elegant bottle, KARUS GOLD ABSOLU reflects the refined craftsmanship and contemporary spirit of Khadlaj Perfumes. Its luxurious presentation complements the fragrance within, making it a distinctive addition to any collection.</span></p>
<p class=""isSelectedEnd""><strong><span>Embrace Golden Sophistication:</span></strong><span> KARUS GOLD ABSOLU is more than a fragrance; it is an expression of polished confidence and effortless elegance. Suitable for special occasions, evening wear, or making everyday moments feel more luxurious, it is crafted to leave a memorable impression.</span></p>
<p><strong><span>Leave Your Signature Trail:</span></strong><span> With its radiant fruit notes, sweet praline heart, delicate florals, and smooth musky-woody base, KARUS GOLD ABSOLU invites you to embrace your individuality with confidence. Wear it as your signature and make every moment feel unforgettable.</span></p>
<p> </p>",Khadlaj-perfumes,Health & Beauty > Personal Care > Cosmetics > Perfumes & Colognes,PERFUME SPRAY,,true,Size,100 ML,,,,,,,,'6298043072458,1000.0,shopify,continue,manual,150.00,,true,true,,,,,'6298043072458,https://cdn.shopify.com/s/files/1/0626/6119/8023/files/Karus_Gold_Absolu.png?v=1786349760,1,Karus Gold Absolu,false,Karus Gold Absolu 100ml | Buy Perfume Online | Khadlaj Perfumes,"Looking to buy perfume online? Khadlaj Perfumes offers Karus Blu Spice EDP – a vibrant, long-lasting scent for men. Shop your signature fragrance today!",479,,,,,,,,,,,,"<div class=""pyramid-section_lists"">
  <h6 style=""font-weight:600;"">Top Notes</h6>
  <p>Blackcurrant, Candied Lemon, Bergamot</p>
</div>

<div class=""pyramid-section_lists"">
  <h6 style=""font-weight:600;"">Middle Notes</h6>
  <p>Praline, Magnolia, Violet</p>
</div>

<div class=""pyramid-section_lists"">
  <h6 style=""font-weight:600;"">Base Notes</h6>
  <p>Musk, Vetiver</p>
</div>",,,,,,,,,,,,,,,,,,,g,,,true,,,true,,,true,,,true,,,true,,,true,,,true,,,active
karus-gold-absolu-100-ml-edp-spray,,,,,,,,,,,,,,,,,,,,,,,,,,,,,,,https://cdn.shopify.com/s/files/1/0626/6119/8023/files/Karus_Gold_Absolu_still_02.png?v=1783490081,2,KARUS GOLD ABSOLU 100 ML EDP SPRAY - Khadlaj Perfumes,,,,,,,,,,,,,,,,,,,,,,,,,,,,,,,,,,,,,,,,,,,,,,,,,,,,,,,,,,,
karus-gold-absolu-100-ml-edp-spray,,,,,,,,,,,,,,,,,,,,,,,,,,,,,,,https://cdn.shopify.com/s/files/1/0626/6119/8023/files/extra_visual_complimenting_the_overall_theme.png?v=1783490080,3,KARUS GOLD ABSOLU 100 ML EDP SPRAY - Khadlaj Perfumes,,,,,,,,,,,,,,,,,,,,,,,,,,,,,,,,,,,,,,,,,,,,,,,,,,,,,,,,,,,
karus-gold-absolu-100-ml-edp-spray,,,,,,,,,,,,,,,,,,,,,,,,,,,,,,,https://cdn.shopify.com/s/files/1/0626/6119/8023/files/Karus_Gold_Absolu_still_03.png?v=1783490082,4,KARUS GOLD ABSOLU 100 ML EDP SPRAY - Khadlaj Perfumes,,,,,,,,,,,,,,,,,,,,,,,,,,,,,,,,,,,,,,,,,,,,,,,,,,,,,,,,,,,
karus-gold-absolu-100-ml-edp-spray,,,,,,,,,,,,,,,,,,,,,,,,,,,,,,,https://cdn.shopify.com/s/files/1/0626/6119/8023/files/karus.jpg_1_fc8f8b22-1f61-4aea-b29f-e8a0bc6fff0c.jpg?v=1783431697,5,KARUS GOLD ABSOLU 100 ML EDP SPRAY - Khadlaj Perfumes,,,,,,,,,,,,,,,,,,,,,,,,,,,,,,,,,,,,,,,,,,,,,,,,,,,,,,,,,,,
oud-muattar-mubakhar-200g,OUD MUATTAR MUBAKHAR 200G,"<p class=""isSelectedEnd""><span>Experience the richness of Arabian tradition with Oud Muattar Mubakhar, a luxurious incense blend from the house of Khadlaj Perfumes. Expertly crafted with premium ingredients, this exquisite Muattar embodies elegance, warmth, and timeless sophistication.</span></p>
<p class=""isSelectedEnd""><span>Each piece releases a captivating fusion of rich oud, warm woody accords, and delicate aromatic undertones, creating an inviting atmosphere of pure luxury. Designed to enhance your surroundings, Oud Muattar Mubakhar fills your home with a deep, long-lasting fragrance that lingers beautifully.</span></p>
<p><span>Perfect for moments of relaxation, prayer, welcoming guests, or special gatherings. Immerse yourself in the enchanting world of Khadlaj Perfumes with Oud Muattar Mubakhar.</span></p>",Khadlaj Perfumes,Home & Garden > Decor > Home Fragrances > Incense,OUD MUATTAR,"Deals, OUD MUATTAR",true,Size,200 G,,,,,,,,'6291107974125,500.0,shopify,deny,manual,55.00,80.00,true,true,,,,,'6291107974125,https://cdn.shopify.com/s/files/1/0626/6119/8023/files/OudMuattar_jpg.png?v=1784271987,1,OUD MUATTAR MUBAKHAR 200G - Khadlaj Perfumes,false,,,3686,,,,,,,,,,,,,,,,,clear,,,resin,glass; metal,,,,,,,reusable,,,g,,,true,,,true,,,true,,,true,,,true,,,true,,,true,,,active
aruba-night-under-stars-100-ml-edp-spray-for-women,ARUBA NIGHT UNDER STARS 100 ML EDP SPRAY FOR WOMEN,"<h2><span>ARUBA NIGHT UNDER STARS</span></h2>
<p class=""isSelectedEnd""><strong><span>100 ML Eau de Parfum Spray for Women</span></strong></p>
<p class=""isSelectedEnd""><span>Step into an enchanting evening with </span><strong><span>Aruba Night Under Stars</span></strong><span>, a luminous fragrance inspired by moonlit skies, warm island breezes, and unforgettable moments. Elegant, feminine, and irresistibly captivating, this Eau de Parfum surrounds the wearer with a sophisticated blend of sparkling fruits, delicate florals, and sensual woods.</span></p>
<p class=""isSelectedEnd""><span>The fragrance opens with the radiant freshness of </span><strong><span>mandarin, juicy pear, and bergamot</span></strong><span>, creating a bright and uplifting introduction. At its heart, a graceful floral bouquet of </span><strong><span>jasmine, rose, and orange blossom</span></strong><span> adds timeless elegance and refined femininity. As the scent settles, rich </span><strong><span>amber, creamy vanilla, and smooth sandalwood</span></strong><span> leave a warm, velvety trail that lingers beautifully on the skin.</span></p>
<p class=""isSelectedEnd""><span>Designed for the woman who shines with confidence and grace, </span><strong><span>Aruba Night Under Stars</span></strong><span> is the perfect companion for romantic evenings, special occasions, and moments that deserve to be remembered.</span></p>
<p><strong><span>Top Notes:</span></strong><span> Mandarin, Pear, Bergamot</span><br><strong><span>Heart Notes:</span></strong><span> Jasmine, Rose, Orange Blossom</span><br><strong><span>Base Notes:</span></strong><span> Amber, Vanilla, Sandalwood</span></p>",Khadlaj Perfumes,Health & Beauty > Personal Care > Cosmetics > Perfumes & Colognes > Eaux de Parfum,PERFUME SPRAY,"Perfume Spray, Women",false,Size,100 ML,,,,,,,,,1000.0,shopify,deny,manual,0.00,,true,true,,,,,,https://cdn.shopify.com/s/files/1/0626/6119/8023/files/Aruba_Night_Under_Stars.png?v=1785915629,1,Aruba Night Under Stars,false,,,479,,,,,,,,,,,,,,,,,,,,,,,,,,,female,,,,g,,,true,,,true,,,true,,,true,,,true,,,true,,,true,,,draft
aruba-night-under-stars-100-ml-edp-spray-for-women,,,,,,,,,,,,,,,,,,,,,,,,,,,,,,,https://cdn.shopify.com/s/files/1/0626/6119/8023/files/Screenshot2026-08-05113649.png?v=1785915546,2,ARUBA NIGHT UNDER STARS 100 ML EDP SPRAY FOR WOMEN - Khadlaj Perfumes,,,,,,,,,,,,,,,,,,,,,,,,,,,,,,,,,,,,,,,,,,,,,,,,,,,,,,,,,,,
aruba-night-under-stars-100-ml-edp-spray-for-women,,,,,,,,,,,,,,,,,,,,,,,,,,,,,,,https://cdn.shopify.com/s/files/1/0626/6119/8023/files/Aruba_Night_Under_Stars1.png?v=1785915725,3,Aruba Night Under Stars1,,,,,,,,,,,,,,,,,,,,,,,,,,,,,,,,,,,,,,,,,,,,,,,,,,,,,,,,,,,
aruba-night-under-stars-100-ml-edp-spray-for-women,,,,,,,,,,,,,,,,,,,,,,,,,,,,,,,https://cdn.shopify.com/s/files/1/0626/6119/8023/files/Aruba_Night_Under_Stars4.png?v=1785915776,4,Aruba Night Under Stars4,,,,,,,,,,,,,,,,,,,,,,,,,,,,,,,,,,,,,,,,,,,,,,,,,,,,,,,,,,,
aruba-night-under-stars-100-ml-edp-spray-for-women,,,,,,,,,,,,,,,,,,,,,,,,,,,,,,,https://cdn.shopify.com/s/files/1/0626/6119/8023/files/Aruba_Night_Under_Stars3.png?v=1785915750,5,Aruba Night Under Stars3,,,,,,,,,,,,,,,,,,,,,,,,,,,,,,,,,,,,,,,,,,,,,,,,,,,,,,,,,,,
aruba-night-under-stars-100-ml-edp-spray-for-women,,,,,,,,,,,,,,,,,,,,,,,,,,,,,,,https://cdn.shopify.com/s/files/1/0626/6119/8023/files/Screenshot2026-08-05113804.png?v=1785915547,6,ARUBA NIGHT UNDER STARS 100 ML EDP SPRAY FOR WOMEN - Khadlaj Perfumes,,,,,,,,,,,,,,,,,,,,,,,,,,,,,,,,,,,,,,,,,,,,,,,,,,,,,,,,,,,
sueno-100ml-extrait-de-parfum-for-women,SUENO 100ML EXTRAIT DE PARFUM FOR WOMEN,"<h2><span>SUENO 100ML EXTRAIT DE PARFUM FOR WOMEN</span></h2>
<p class=""isSelectedEnd""><span>Step into a captivating world of sweetness and elegance with </span><strong><span>SUENO Extrait de Parfum</span></strong><span>, an enchanting fragrance for women by Khadlaj Perfumes. Created for the woman who embraces her femininity with confidence, SUENO delivers a delightful blend of juicy fruits, delicate florals, and warm gourmand notes.</span></p>
<p class=""isSelectedEnd""><span>The fragrance opens with the irresistible freshness of </span><strong><span>raspberry</span></strong><span>, creating a vibrant and playful introduction. At its heart, an elegant bouquet of </span><strong><span>lily of the valley and orange blossom</span></strong><span> unfolds, adding a soft, luminous floral character. The scent settles into a warm and indulgent base of </span><strong><span>vanilla, musk, and cooked sugar</span></strong><span>, leaving behind a creamy, sweet, and sensual trail.</span></p>
<p class=""isSelectedEnd""><span>Rich, feminine, and beautifully addictive, SUENO is an ideal fragrance for everyday elegance, romantic evenings, and memorable occasions.</span></p>
<h3><span>FRAGRANCE NOTES</span></h3>
<p class=""isSelectedEnd""><strong><span>TOP NOTE</span></strong><br><span>Raspberry</span></p>
<p class=""isSelectedEnd""><strong><span>HEART NOTES</span></strong><br><span>Lily of the Valley, Orange Blossom</span></p>
<p class=""isSelectedEnd""><strong><span>BASE NOTES</span></strong><br><span>Vanilla, Musk, Cooked Sugar</span></p>
<p><strong><span>Fragrance Type:</span></strong><span> Extrait de Parfum</span><br><strong><span>Size:</span></strong><span> 100ml</span><br><strong><span>Gender:</span></strong><span> Women</span></p>",Khadlaj Perfumes,Health & Beauty > Personal Care > Cosmetics > Perfumes & Colognes > Perfume Extracts,PERFUME SPRAY,"Perfume Spray, Women",false,Size,100 ML,,,,,,,,,500.0,shopify,deny,manual,0.00,,true,true,,,,,,https://cdn.shopify.com/s/files/1/0626/6119/8023/files/SUENO_100ML_EXTRAIT_DE_PARFUM_FOR_WOMEN.png?v=1785934903,1,SUENO 100ML EXTRAIT DE PARFUM FOR WOMEN,false,,,479,,,,,,,,,,,,,,,,,,bottle,fruity; floral; vanilla,,,everyday; special-occasion,gourmand; floral; fruity,spray,,,female,,,,g,,,true,,,true,,,true,,,true,,,true,,,true,,,true,,,draft
sueno-100ml-extrait-de-parfum-for-women,,,,,,,,,,,,,,,,,,,,,,,,,,,,,,,https://cdn.shopify.com/s/files/1/0626/6119/8023/files/ScreenshoSUENO_100ML_EXTRAIT_DE_PARFUM_FOR_WOMENt2026-08-05165951.png?v=1785934940,2,SUENO 100ML EXTRAIT DE PARFUM FOR WOMEN,,,,,,,,,,,,,,,,,,,,,,,,,,,,,,,,,,,,,,,,,,,,,,,,,,,,,,,,,,,
sueno-100ml-extrait-de-parfum-for-women,,,,,,,,,,,,,,,,,,,,,,,,,,,,,,,https://cdn.shopify.com/s/files/1/0626/6119/8023/files/SUENO_100ML_EXTRAIT_DE_PARFUM_FOR_WOMEN_ce2f7dd6-af7a-4e73-9de7-48dd0b873046.png?v=1785935047,3,SUENO 100ML EXTRAIT DE PARFUM FOR WOMEN,,,,,,,,,,,,,,,,,,,,,,,,,,,,,,,,,,,,,,,,,,,,,,,,,,,,,,,,,,,
khadlaj-island-sun-100-ml-extrait-de-parfum,KHADLAJ ISLAND SUN 100 ML EXTRAIT DE PARFUM,"<p class=""isSelectedEnd""><span style=""color: rgb(255, 42, 0);""><strong>Pre-Order Notice:</strong> This item is currently available for <strong>pre-order</strong> and is expected to be dispatched during the <strong>first week of September</strong>.</span></p>
<p><span style=""color: rgb(255, 42, 0);"">We recommend placing your pre-order <strong>separately from other available items</strong>. Combining pre-order and in-stock products in the same order may delay the processing and dispatch of your available items, as the full order may be held until the pre-order item is ready to ship.</span></p>
<p><strong>KHADLAJ ISLAND SUN 100 ML EXTRAIT DE PARFUM</strong></p>
<p>Escape into a radiant world of tropical warmth with ISLAND SUN by Khadlaj Perfumes, a vibrant Extrait de Parfum inspired by sun-soaked shores, exotic fruits, and effortless elegance. Fresh, juicy, and beautifully sensual, this fragrance captures the feeling of an endless summer in every spray.</p>
<p><strong>Top Notes – Mango, Coconut, Lime, Lemon</strong><br>The fragrance opens with a mouthwatering burst of ripe mango and creamy coconut, brightened by the sparkling freshness of lime and lemon. This lively tropical introduction is refreshing, uplifting, and instantly captivating.</p>
<p><strong>Heart Notes – Pink Pepper, Jasmine, Orange Blossom</strong><br>At the heart, delicate jasmine and luminous orange blossom unfold with elegant floral richness, while pink pepper adds a subtle spicy sparkle that gives the composition a modern and sophisticated character.</p>
<p><strong>Base Notes – Musk, Tonka Bean, Precious Woods</strong><br>As the fragrance settles, smooth musk blends with the warm sweetness of tonka bean and refined precious woods, creating a sensual and comforting trail with lasting depth.</p>
<p><strong>A Tropical Escape in Every Spray:</strong><br>ISLAND SUN is crafted for those who love bright, exotic fragrances with an elegant and luxurious finish. Its blend of juicy tropical fruits, radiant florals, and warm woody notes makes it a perfect companion for sunny days, holidays, special occasions, or whenever you want to carry the spirit of summer with you.</p>
<p><strong>Experience the Glow of ISLAND SUN:</strong><br>Fresh yet sensual, playful yet sophisticated, KHADLAJ ISLAND SUN leaves behind an irresistible signature that evokes golden sunlight, tropical breezes, and unforgettable moments.</p>",Khadlaj Perfumes,Health & Beauty > Personal Care > Cosmetics > Perfumes & Colognes > Perfume Extracts,PERFUME SPRAY,"Perfume Spray, UNISEX",true,Size,100 ML,,,,,,,,'6298043073080,650.0,shopify,continue,manual,165.00,,true,true,,,,,'6298043073080,https://cdn.shopify.com/s/files/1/0626/6119/8023/files/KHADLAJ_ISLAND_SUN_100_ML_EXTRAIT_DE_PARFUM.png?v=1787209397,1,"KHADLAJ ISLAND SUN 100 ML EXTRAIT DE PARFUM
",false,,,479,,,,,,,,,,,,,,,,,,,,,,,,,,,,,,,g,,,true,,,true,,,true,,,true,,,true,,,true,,,true,,,active
khadlaj-island-sun-100-ml-extrait-de-parfum,,,,,,,,,,,,,,,,,,,,,,,,,,,,,,,https://cdn.shopify.com/s/files/1/0626/6119/8023/files/island-sun-grid_05.png?v=1787209791,2,KHADLAJ ISLAND SUN 100 ML EXTRAIT DE PARFUM - Khadlaj Perfumes,,,,,,,,,,,,,,,,,,,,,,,,,,,,,,,,,,,,,,,,,,,,,,,,,,,,,,,,,,,
khadlaj-island-sun-100-ml-extrait-de-parfum,,,,,,,,,,,,,,,,,,,,,,,,,,,,,,,https://cdn.shopify.com/s/files/1/0626/6119/8023/files/KHADLAJ_ISLAND_SUN_100_ML_EXTRAIT_DE_PARFUM1.png?v=1787209506,3,"KHADLAJ ISLAND SUN 100 ML EXTRAIT DE PARFUM
",,,,,,,,,,,,,,,,,,,,,,,,,,,,,,,,,,,,,,,,,,,,,,,,,,,,,,,,,,,
khadlaj-island-sun-100-ml-extrait-de-parfum,,,,,,,,,,,,,,,,,,,,,,,,,,,,,,,https://cdn.shopify.com/s/files/1/0626/6119/8023/files/KHADLAJ_ISLAND_SUN_100_ML_EXTRAIT_DE_PARFUM3.png?v=1787209585,4,"KHADLAJ ISLAND SUN 100 ML EXTRAIT DE PARFUM
",,,,,,,,,,,,,,,,,,,,,,,,,,,,,,,,,,,,,,,,,,,,,,,,,,,,,,,,,,,
khadlaj-island-sun-100-ml-extrait-de-parfum,,,,,,,,,,,,,,,,,,,,,,,,,,,,,,,https://cdn.shopify.com/s/files/1/0626/6119/8023/files/WhatsApp_Image_2026-08-06_at_12.31.24_PM_1.jpg?v=1787571759,5,KHADLAJ ISLAND SUN 100 ML EXTRAIT DE PARFUM - Khadlaj Perfumes,,,,,,,,,,,,,,,,,,,,,,,,,,,,,,,,,,,,,,,,,,,,,,,,,,,,,,,,,,,
khadlaj-muse-100-ml-eau-de-parfum-spray-for-women,KHADLAJ MUSE 100 ML EAU DE PARFUM SPRAY FOR WOMEN,"<p class=""isSelectedEnd""><span style=""color: rgb(255, 42, 0);""><strong>Pre-Order Notice:</strong> This item is currently available for <strong>pre-order</strong> and is expected to be dispatched during the <strong>first week of September</strong>.</span></p>
<p><span style=""color: rgb(255, 42, 0);"">We recommend placing your pre-order <strong>separately from other available items</strong>. Combining pre-order and in-stock products in the same order may delay the processing and dispatch of your available items, as the full order may be held until the pre-order item is ready to ship.</span></p>
<p><strong>KHADLAJ MUSE 100 ML EAU DE PARFUM</strong></p>
<p>Discover the refined elegance of MUSE by Khadlaj Perfumes, a sophisticated Eau de Parfum that blends luminous florals, creamy accords, and warm gourmand notes into an irresistibly smooth composition. Elegant, comforting, and captivating, MUSE is crafted for those who appreciate a fragrance with graceful depth and lasting charm.</p>
<p><strong>Top Notes – Orange Blossom, Bergamot, Almond</strong><br>The fragrance opens with the radiant freshness of bergamot and delicate orange blossom, beautifully complemented by the soft, nutty richness of almond. This inviting introduction creates a bright yet creamy first impression.</p>
<p><strong>Heart Notes – Orris, Jasmine, Cream Accord</strong><br>At the heart, elegant orris and jasmine unfold into a luxurious floral bouquet, enriched by a smooth cream accord. The result is a velvety and sophisticated character that gives the fragrance its distinctive softness.</p>
<p><strong>Base Notes – Vanilla, Tonka Bean, Amber, White Musk</strong><br>The composition settles into a warm and sensual base of creamy vanilla and tonka bean, wrapped in glowing amber and clean white musk. This comforting foundation leaves behind a smooth, elegant, and long-lasting trail.</p>
<p><strong>Elegance in Every Spray:</strong><br>MUSE is a beautifully balanced fragrance where fresh citrus, delicate florals, creamy nuances, and warm sweetness come together in perfect harmony. Its refined character makes it ideal for everyday elegance as well as special occasions.</p>
<p><strong>Embrace Your Inspiration:</strong><br>Soft, sophisticated, and effortlessly alluring, KHADLAJ MUSE is more than a fragrance it is an expression of confidence, elegance, and timeless beauty.</p>",Khadlaj Perfumes,Health & Beauty > Personal Care > Cosmetics > Perfumes & Colognes > Eaux de Parfum,PERFUME SPRAY,"Perfume Spray, Women",true,Size,100 ML,,,,,,,,'6298043072748,650.0,shopify,continue,manual,165.00,,true,true,,,,,'6298043072748,https://cdn.shopify.com/s/files/1/0626/6119/8023/files/KHADLAJ_MUSE_100_ML_EAU_DE_PARFUM_SPRAY_FOR_WOMEN.jpg?v=1787392792,1,KHADLAJ MUSE 100 ML EAU DE PARFUM SPRAY FOR WOMEN,false,,,479,,,,,,,,,,,,,,,,,,bottle; spray,floral,,glass,everyday; special-occasion,floral,spray,,,female,,,,g,,,true,,,true,,,true,,,true,,,true,,,true,,,true,,,active
khadlaj-muse-100-ml-eau-de-parfum-spray-for-women,,,,,,,,,,,,,,,,,,,,,,,,,,,,,,,https://cdn.shopify.com/s/files/1/0626/6119/8023/files/muse-grid-_04.png?v=1787392872,2,KHADLAJ MUSE 100 ML EAU DE PARFUM SPRAY FOR WOMEN - Khadlaj Perfumes,,,,,,,,,,,,,,,,,,,,,,,,,,,,,,,,,,,,,,,,,,,,,,,,,,,,,,,,,,,
khadlaj-muse-100-ml-eau-de-parfum-spray-for-women,,,,,,,,,,,,,,,,,,,,,,,,,,,,,,,https://cdn.shopify.com/s/files/1/0626/6119/8023/files/muse-grid-_05.png?v=1787392908,3,KHADLAJ MUSE 100 ML EAU DE PARFUM SPRAY FOR WOMEN - Khadlaj Perfumes,,,,,,,,,,,,,,,,,,,,,,,,,,,,,,,,,,,,,,,,,,,,,,,,,,,,,,,,,,,
khadlaj-muse-100-ml-eau-de-parfum-spray-for-women,,,,,,,,,,,,,,,,,,,,,,,,,,,,,,,https://cdn.shopify.com/s/files/1/0626/6119/8023/files/Muse-1.jpg_2_1.jpg?v=1787393209,4,KHADLAJ MUSE 100 ML EAU DE PARFUM SPRAY FOR WOMEN - Khadlaj Perfumes,,,,,,,,,,,,,,,,,,,,,,,,,,,,,,,,,,,,,,,,,,,,,,,,,,,,,,,,,,,
khadlaj-muse-100-ml-eau-de-parfum-spray-for-women,,,,,,,,,,,,,,,,,,,,,,,,,,,,,,,https://cdn.shopify.com/s/files/1/0626/6119/8023/files/Muse-4.jpg_1_1.jpg?v=1787392648,5,KHADLAJ MUSE 100 ML EAU DE PARFUM SPRAY FOR WOMEN - Khadlaj Perfumes,,,,,,,,,,,,,,,,,,,,,,,,,,,,,,,,,,,,,,,,,,,,,,,,,,,,,,,,,,,
khadlaj-muse-100-ml-eau-de-parfum-spray-for-women,,,,,,,,,,,,,,,,,,,,,,,,,,,,,,,https://cdn.shopify.com/s/files/1/0626/6119/8023/files/Muse-3.jpg_3_1.jpg?v=1787392648,6,KHADLAJ MUSE 100 ML EAU DE PARFUM SPRAY FOR WOMEN - Khadlaj Perfumes,,,,,,,,,,,,,,,,,,,,,,,,,,,,,,,,,,,,,,,,,,,,,,,,,,,,,,,,,,,
khadlaj-muse-100-ml-eau-de-parfum-spray-for-women,,,,,,,,,,,,,,,,,,,,,,,,,,,,,,,https://cdn.shopify.com/s/files/1/0626/6119/8023/files/Screenshot_2026-08-22_135755.png?v=1787392690,7,KHADLAJ MUSE 100 ML EAU DE PARFUM SPRAY FOR WOMEN - Khadlaj Perfumes,,,,,,,,,,,,,,,,,,,,,,,,,,,,,,,,,,,,,,,,,,,,,,,,,,,,,,,,,,,
karus,Karus,,Khadlaj Perfumes,Health & Beauty > Personal Care > Cosmetics > Perfumes & Colognes > Perfume Sample & Discovery Sets,,,false,Size,100 ML,,,,,,,,,0.0,shopify,deny,manual,0.00,,true,true,,,,,,https://cdn.shopify.com/s/files/1/0626/6119/8023/files/BUNDLEOFFERkarusBG.png?v=1789016927,1,,false,,,479,,,,,,,,,,,,,,,,,,,,,,,,,,,,,,,g,,,true,,,true,,,true,,,true,,,true,,,true,,,true,,,draft
panache,Panache,,Khadlaj Perfumes,Health & Beauty > Personal Care > Cosmetics > Perfumes & Colognes > Perfume Extracts,,,false,Size,100 ML,,,,,,,,,0.0,shopify,deny,manual,0.00,,true,true,,,,,,https://cdn.shopify.com/s/files/1/0626/6119/8023/files/BUNDLEOFFERpanacheBG.png?v=1789016927,1,,false,,,479,,,,,,,,,,,,,,,,,,,,,,,,,,,,,,,g,,,true,,,true,,,true,,,true,,,true,,,true,,,true,,,draft
sky,Sky,,Khadlaj Perfumes,Health & Beauty > Personal Care > Cosmetics > Perfumes & Colognes > Perfume Sample & Discovery Sets,,,false,Size,100 ML,,,,,,,,,0.0,shopify,deny,manual,0.00,,true,true,,,,,,https://cdn.shopify.com/s/files/1/0626/6119/8023/files/BUNDLEOFFERskyBG.png?v=1789016927,1,,false,,,479,,,,,,,,,,,,,,,,,,,,,,,,,,,,,,,g,,,true,,,true,,,true,,,true,,,true,,,true,,,true,,,draft
